batter,bowler,balls,runs,dismissals,matches,sr
A Ashish Reddy,A Nehra,16,14,2,3,87.5
A Ashish Reddy,AB Dinda,14,18,0,3,128.57
A Ashish Reddy,AD Mathews,24,50,0,3,208.33
A Ashish Reddy,AD Russell,6,8,0,2,133.33
A Ashish Reddy,Azhar Mahmood,6,4,0,2,66.67
A Ashish Reddy,CH Morris,10,22,0,3,220.0
A Ashish Reddy,DJ Bravo,26,48,2,4,184.62
A Ashish Reddy,Harbhajan Singh,16,22,0,2,137.5
A Ashish Reddy,JEC Franklin,6,6,0,2,100.0
A Ashish Reddy,KA Pollard,6,6,2,2,100.0
A Ashish Reddy,KK Cooper,10,16,0,2,160.0
A Ashish Reddy,M Kartik,16,12,0,2,75.0
A Ashish Reddy,M Morkel,10,10,2,3,100.0
A Ashish Reddy,MG Johnson,6,14,0,2,233.33
A Ashish Reddy,MR Marsh,6,6,0,2,100.0
A Ashish Reddy,MS Gony,8,10,0,2,125.0
A Ashish Reddy,P Kumar,8,12,0,2,150.0
A Ashish Reddy,PV Tambe,8,6,0,2,75.0
A Ashish Reddy,Parvez Rasool,18,36,0,2,200.0
A Ashish Reddy,R Vinay Kumar,20,28,4,4,140.0
A Ashish Reddy,RJ Peterson,10,14,0,2,140.0
A Ashish Reddy,SL Malinga,8,6,0,2,75.0
A Ashish Reddy,SMSM Senanayake,8,6,2,2,75.0
A Ashish Reddy,SR Watson,10,6,2,3,60.0
A Ashish Reddy,STR Binny,8,8,2,2,100.0
A Ashish Reddy,SW Tait,8,20,0,2,250.0
A Ashish Reddy,Sandeep Sharma,6,26,0,2,433.33
A Ashish Reddy,TG Southee,8,18,0,2,225.0
A Ashish Reddy,UT Yadav,18,40,0,3,222.22
A Ashish Reddy,YS Chahal,14,26,0,2,185.71
A Badoni,A Zampa,6,4,2,2,66.67
A Badoni,AD Russell,26,44,0,3,169.23
A Badoni,AR Patel,22,22,0,4,100.0
A Badoni,AS Joseph,8,10,0,2,125.0
A Badoni,AS Roy,22,44,2,3,200.0
A Badoni,Akash Madhwal,8,0,2,2,0.0
A Badoni,Arshdeep Singh,38,42,2,6,110.53
A Badoni,Azmatullah Omarzai,42,90,0,3,214.29
A Badoni,B Kumar,8,8,0,3,100.0
A Badoni,C Bosch,12,12,0,2,100.0
A Badoni,C Sakariya,8,26,2,2,325.0
A Badoni,CV Varun,38,40,2,4,105.26
A Badoni,DJ Bravo,8,10,0,2,125.0
A Badoni,DJ Willey,8,12,0,2,150.0
A Badoni,DL Chahar,20,54,0,4,270.0
A Badoni,G Coetzee,10,10,0,2,100.0
A Badoni,GJ Maxwell,12,10,0,4,83.33
A Badoni,Gurnoor Brar,8,22,0,2,275.0
A Badoni,HH Pandya,28,40,0,5,142.86
A Badoni,HV Patel,18,22,0,4,122.22
A Badoni,Harpreet Brar,6,4,0,2,66.67
A Badoni,Harshit Rana,14,14,0,2,100.0
A Badoni,I Sharma,18,20,0,3,111.11
A Badoni,J Overton,10,26,0,2,260.0
A Badoni,JD Unadkat,12,8,0,3,66.67
A Badoni,JJ Bumrah,10,6,0,2,60.0
A Badoni,JR Hazlewood,22,14,4,4,63.64
A Badoni,K Rabada,16,16,2,3,100.0
A Badoni,KH Pandya,16,24,0,2,150.0
A Badoni,KK Ahmed,10,24,0,3,240.0
A Badoni,KV Sharma,24,56,0,3,233.33
A Badoni,Kartik Tyagi,20,36,0,3,180.0
A Badoni,Kuldeep Yadav,28,26,2,5,92.86
A Badoni,LH Ferguson,28,46,0,3,164.29
A Badoni,M Jansen,48,88,0,5,183.33
A Badoni,M Pathirana,22,20,0,3,90.91
A Badoni,M Prasidh Krishna,16,6,2,3,37.5
A Badoni,M Theekshana,36,70,0,3,194.44
A Badoni,MA Starc,12,14,0,4,116.67
A Badoni,MJ Santner,16,30,0,2,187.5
A Badoni,MM Ali,14,12,0,3,85.71
A Badoni,MM Sharma,24,46,2,4,191.67
A Badoni,MP Stoinis,14,8,0,3,57.14
A Badoni,Mohammed Shami,22,32,0,4,145.45
A Badoni,Mohammed Siraj,42,42,0,6,100.0
A Badoni,Mukesh Choudhary,6,14,0,2,233.33
A Badoni,Mukesh Kumar,48,86,2,4,179.17
A Badoni,N Thushara,6,8,0,2,133.33
A Badoni,Navdeep Saini,12,30,0,2,250.0
A Badoni,Noor Ahmad,12,14,0,4,116.67
A Badoni,PJ Cummins,14,20,0,4,142.86
A Badoni,PP Chawla,8,4,0,3,50.0
A Badoni,PVD Chameera,8,16,0,2,200.0
A Badoni,PWH de Silva,26,28,0,3,107.69
A Badoni,R Ashwin,16,22,0,3,137.5
A Badoni,R Sai Kishore,8,22,2,3,275.0
A Badoni,R Shepherd,28,58,0,3,207.14
A Badoni,RA Jadeja,20,18,2,4,90.0
A Badoni,RD Chahar,18,24,0,2,133.33
A Badoni,RP Meredith,8,18,2,2,225.0
A Badoni,RS Hangargekar,6,10,0,2,166.67
A Badoni,Rashid Khan,60,62,2,6,103.33
A Badoni,Rasikh Salam,6,10,2,2,166.67
A Badoni,SM Curran,28,36,2,4,128.57
A Badoni,SN Thakur,6,20,0,2,333.33
A Badoni,SP Narine,96,84,6,7,87.5
A Badoni,Sandeep Sharma,24,42,0,3,175.0
A Badoni,Shivang Kumar,10,12,0,2,120.0
A Badoni,Suyash Sharma,24,36,0,3,150.0
A Badoni,T Natarajan,40,76,2,4,190.0
A Badoni,T Stubbs,6,4,2,2,66.67
A Badoni,TA Boult,26,14,6,6,53.85
A Badoni,TG Southee,12,6,0,2,50.0
A Badoni,TU Deshpande,38,46,4,3,121.05
A Badoni,V Puthur,8,10,0,2,125.0
A Badoni,VG Arora,10,18,0,3,180.0
A Badoni,VR Aaron,6,4,2,2,66.67
A Badoni,Vijaykumar Vyshak,36,86,2,3,238.89
A Badoni,WD Parnell,10,14,2,2,140.0
A Badoni,WG Jacks,6,6,0,2,100.0
A Badoni,Washington Sundar,14,18,0,3,128.57
A Badoni,XC Bartlett,10,24,0,2,240.0
A Badoni,YS Chahal,38,36,6,5,94.74
A Chopra,DP Vijaykumar,10,2,0,2,20.0
A Chopra,DW Steyn,8,2,2,2,25.0
A Chopra,GD McGrath,8,4,0,2,50.0
A Chopra,Harmeet Singh,14,8,0,2,57.14
A Chopra,PJ Sangwan,18,12,2,2,66.67
A Chopra,PP Ojha,12,6,2,2,50.0
A Chopra,RP Singh,10,18,0,2,180.0
A Chopra,SB Bangar,8,18,0,2,225.0
A Chopra,SB Styris,14,10,0,3,71.43
A Chopra,SM Pollock,8,2,0,2,25.0
A Chopra,VY Mahesh,8,10,0,2,125.0
A Chopra,Y Venugopal Rao,12,6,0,2,50.0
A Choudhary,AJ Tye,6,4,0,2,66.67
A Choudhary,Basil Thampi,8,16,0,2,200.0
A Choudhary,JP Faulkner,10,10,0,2,100.0
A Choudhary,MM Sharma,8,4,2,2,50.0
A Dananjaya,Mohammed Shami,6,4,0,2,66.67
A Flintoff,A Nehra,8,6,2,2,75.0
A Flintoff,DJ Bravo,12,26,0,2,216.67
A Flintoff,DL Vettori,12,8,0,2,66.67
A Flintoff,DW Steyn,14,28,0,2,200.0
A Flintoff,Harbhajan Singh,10,4,2,2,40.0
A Flintoff,KP Pietersen,8,12,0,2,150.0
A Flintoff,MK Tiwary,6,6,0,2,100.0
A Flintoff,PJ Sangwan,6,12,0,2,200.0
A Flintoff,SL Malinga,6,0,0,2,0.0
A Flintoff,ST Jayasuriya,8,14,0,2,175.0
A Flintoff,Z Khan,8,2,0,2,25.0
A Kamboj,Akash Madhwal,6,10,0,2,166.67
A Kamboj,B Kumar,8,8,0,2,100.0
A Kamboj,HV Patel,6,4,0,2,66.67
A Kamboj,JA Duffy,10,24,0,2,240.0
A Kamboj,M Prasidh Krishna,8,24,0,2,300.0
A Kamboj,N Burger,8,10,0,2,125.0
A Kamboj,Nithish Kumar Reddy,6,18,0,2,300.0
A Kamboj,PP Hinge,6,4,0,2,66.67
A Kamboj,Rashid Khan,8,14,2,2,175.0
A Kamboj,Ravi Bishnoi,6,0,0,2,0.0
A Kamboj,Sandeep Sharma,6,4,0,2,66.67
A Kamboj,VG Arora,6,6,0,2,100.0
A Kumble,DJ Bravo,6,10,0,2,166.67
A Kumble,IK Pathan,12,12,0,4,100.0
A Kumble,M Muralitharan,6,0,0,2,0.0
A Kumble,PP Chawla,8,2,0,2,25.0
A Kumble,R McLaren,6,2,0,2,33.33
A Kumble,RA Jadeja,6,4,0,2,66.67
A Kumble,SK Warne,6,10,0,2,166.67
A Kumble,VRV Singh,6,4,0,2,66.67
A Manohar,A Mishra,6,2,2,2,33.33
A Manohar,A Zampa,8,14,2,2,175.0
A Manohar,AR Patel,24,24,0,2,100.0
A Manohar,Avesh Khan,8,20,0,2,250.0
A Manohar,B Kumar,22,32,2,3,145.45
A Manohar,C Green,6,26,0,2,433.33
A Manohar,HH Pandya,14,26,0,2,185.71
A Manohar,I Sharma,6,4,0,2,66.67
A Manohar,JDS Neesham,14,20,0,2,142.86
A Manohar,JJ Bumrah,24,32,0,2,133.33
A Manohar,JP Behrendorff,8,8,0,2,100.0
A Manohar,K Kartikeya,6,2,2,3,33.33
A Manohar,KK Ahmed,20,4,2,3,20.0
A Manohar,KR Sen,6,10,2,3,166.67
A Manohar,Kuldeep Yadav,38,26,2,4,68.42
A Manohar,M Jansen,12,14,0,2,116.67
A Manohar,M Theekshana,12,6,2,2,50.0
A Manohar,MJ Santner,24,10,0,2,41.67
A Manohar,Mukesh Choudhary,12,18,0,2,150.0
A Manohar,Mukesh Kumar,6,4,0,2,66.67
A Manohar,PP Chawla,20,38,0,3,190.0
A Manohar,PVD Chameera,6,10,0,2,166.67
A Manohar,R Ashwin,16,14,0,2,87.5
A Manohar,R Shepherd,12,8,2,2,66.67
A Manohar,RP Meredith,8,14,2,2,175.0
A Manohar,T Natarajan,8,22,0,2,275.0
A Manohar,T Stubbs,6,8,2,2,133.33
A Manohar,TA Boult,22,50,2,3,227.27
A Manohar,UT Yadav,10,26,0,2,260.0
A Manohar,Umran Malik,12,18,2,3,150.0
A Manohar,YS Chahal,24,46,2,3,191.67
A Mhatre,AR Patel,18,26,0,2,144.44
A Mhatre,AS Roy,12,12,0,2,100.0
A Mhatre,Arshad Khan,12,56,0,2,466.67
A Mhatre,Arshdeep Singh,14,16,0,3,114.29
A Mhatre,Ashwani Kumar,8,34,0,2,425.0
A Mhatre,B Kumar,28,76,2,3,271.43
A Mhatre,C Green,10,40,0,2,400.0
A Mhatre,DL Chahar,16,26,2,2,162.5
A Mhatre,JD Unadkat,10,18,0,2,180.0
A Mhatre,KH Pandya,22,30,0,2,136.36
A Mhatre,KT Maphaka,10,20,0,2,200.0
A Mhatre,Kuldeep Yadav,12,28,0,2,233.33
A Mhatre,L Ngidi,28,36,2,3,128.57
A Mhatre,M Jansen,28,38,2,3,135.71
A Mhatre,M Prasidh Krishna,8,0,2,2,0.0
A Mhatre,MJ Santner,6,4,0,2,66.67
A Mhatre,MP Stoinis,8,26,0,2,325.0
A Mhatre,Mohammed Shami,16,20,0,2,125.0
A Mhatre,Mohammed Siraj,14,12,0,2,85.71
A Mhatre,Mukesh Kumar,10,6,0,2,60.0
A Mhatre,Nithish Kumar Reddy,10,6,2,2,60.0
A Mhatre,PJ Cummins,10,20,2,2,200.0
A Mhatre,PP Hinge,12,44,0,2,366.67
A Mhatre,R Shepherd,10,34,0,2,340.0
A Mhatre,Suyash Sharma,16,24,0,2,150.0
A Mhatre,T Natarajan,14,30,0,2,214.29
A Mhatre,TU Deshpande,22,42,2,2,190.91
A Mhatre,VG Arora,16,24,4,3,150.0
A Mhatre,Vijaykumar Vyshak,20,36,2,2,180.0
A Mhatre,XC Bartlett,10,28,0,2,280.0
A Mhatre,YS Chahal,18,16,0,2,88.89
A Mhatre,Yash Dayal,14,16,0,2,114.29
A Mhatre,Yudhvir Singh,8,24,0,2,300.0
A Mishra,AB Agarkar,8,6,0,3,75.0
A Mishra,AB Dinda,28,36,0,4,128.57
A Mishra,AD Mathews,16,12,0,2,75.0
A Mishra,AG Murtaza,6,6,0,2,100.0
A Mishra,AN Ahmed,8,6,0,2,75.0
A Mishra,Azhar Mahmood,8,14,0,2,175.0
A Mishra,BA Stokes,8,4,0,2,50.0
A Mishra,CH Morris,10,6,0,2,60.0
A Mishra,CRD Fernando,8,6,2,2,75.0
A Mishra,DE Bollinger,10,4,2,2,40.0
A Mishra,DJ Bravo,18,18,0,4,100.0
A Mishra,DS Kulkarni,6,4,0,3,66.67
A Mishra,GB Hogg,12,2,2,2,16.67
A Mishra,HH Pandya,6,8,0,3,133.33
A Mishra,HV Patel,28,22,2,2,78.57
A Mishra,Harbhajan Singh,30,26,0,7,86.67
A Mishra,I Sharma,6,2,0,2,33.33
A Mishra,IK Pathan,12,14,0,3,116.67
A Mishra,Imran Tahir,6,2,2,2,33.33
A Mishra,Iqbal Abdulla,18,26,0,2,144.44
A Mishra,J Theron,8,6,0,2,75.0
A Mishra,JD Unadkat,14,36,0,3,257.14
A Mishra,JH Kallis,14,14,0,2,100.0
A Mishra,JJ Bumrah,10,2,2,3,20.0
A Mishra,JO Holder,20,22,0,3,110.0
A Mishra,JP Duminy,6,24,0,2,400.0
A Mishra,JP Faulkner,6,0,2,3,0.0
A Mishra,KA Pollard,20,8,2,3,40.0
A Mishra,KK Cooper,12,6,0,2,50.0
A Mishra,KV Sharma,30,12,0,3,40.0
A Mishra,L Ablish,6,6,0,2,100.0
A Mishra,L Balaji,28,46,0,5,164.29
A Mishra,M Morkel,22,24,0,3,109.09
A Mishra,MA Starc,6,2,2,2,33.33
A Mishra,MM Patel,34,64,2,7,188.24
A Mishra,MR Marsh,14,16,2,3,114.29
A Mishra,Mohammed Siraj,6,10,0,2,166.67
A Mishra,P Negi,12,18,2,3,150.0
A Mishra,PP Chawla,8,6,0,3,75.0
A Mishra,PP Ojha,12,4,0,2,33.33
A Mishra,PWH de Silva,10,0,0,2,0.0
A Mishra,R Ashwin,24,10,2,3,41.67
A Mishra,R Sharma,10,10,0,3,100.0
A Mishra,RP Singh,6,4,0,3,66.67
A Mishra,SC Ganguly,30,28,0,2,93.33
A Mishra,SK Trivedi,30,28,2,3,93.33
A Mishra,SK Warne,8,4,0,2,50.0
A Mishra,SL Malinga,28,10,4,5,35.71
A Mishra,SR Watson,24,14,0,3,58.33
A Mishra,STR Binny,12,4,0,2,33.33
A Mishra,Sandeep Sharma,6,4,0,2,66.67
A Mishra,TS Mills,8,8,0,2,100.0
A Mishra,UT Yadav,10,12,0,3,120.0
A Mishra,VR Aaron,12,4,0,2,33.33
A Mithun,DL Vettori,6,10,0,2,166.67
A Mithun,PC Valthaty,6,6,0,2,100.0
A Mithun,RJ Harris,12,24,2,3,200.0
A Mithun,SK Raina,8,18,0,2,225.0
A Mukund,A Chandila,8,10,0,2,125.0
A Mukund,JP Faulkner,12,6,0,2,50.0
A Mukund,SK Trivedi,6,2,2,2,33.33
A Mukund,SR Watson,14,18,0,2,128.57
A Nehra,AD Russell,6,2,0,2,33.33
A Nehra,Harmeet Singh,12,14,0,2,116.67
A Nehra,IK Pathan,18,2,2,4,11.11
A Nehra,MR Marsh,8,10,0,2,125.0
A Nehra,R Sharma,6,14,0,2,233.33
A Nehra,S Sreesanth,6,2,0,2,33.33
A Nehra,SL Malinga,6,0,2,3,0.0
A Nehra,STR Binny,8,14,0,2,175.0
A Nehra,SW Tait,8,4,0,2,50.0
A Nehra,WPUJC Vaas,6,6,0,2,100.0
A Nortje,HV Patel,8,14,0,2,175.0
A Nortje,M Theekshana,6,0,0,2,0.0
A Nortje,MM Sharma,6,4,0,2,66.67
A Nortje,Mohammed Siraj,6,12,0,2,200.0
A Nortje,RP Meredith,6,10,2,2,166.67
A Nortje,Rashid Khan,6,2,0,2,33.33
A Nortje,Simarjeet Singh,6,2,0,2,33.33
A Nortje,T Natarajan,14,6,4,4,42.86
A Nortje,WD Parnell,12,18,0,2,150.0
A Raghuvanshi,A Nortje,14,32,2,2,228.57
A Raghuvanshi,AJ Hosein,22,30,2,2,136.36
A Raghuvanshi,AM Ghazanfar,8,20,0,2,250.0
A Raghuvanshi,AR Patel,30,34,2,4,113.33
A Raghuvanshi,Abhishek Sharma,18,32,0,4,177.78
A Raghuvanshi,Arshdeep Singh,22,18,0,3,81.82
A Raghuvanshi,Ashwani Kumar,6,14,0,2,233.33
A Raghuvanshi,Avesh Khan,28,56,2,4,200.0
A Raghuvanshi,B Kumar,12,12,0,2,100.0
A Raghuvanshi,DL Chahar,10,28,0,2,280.0
A Raghuvanshi,DS Rathi,8,6,0,2,75.0
A Raghuvanshi,E Malinga,36,52,2,4,144.44
A Raghuvanshi,GJ Maxwell,10,4,0,2,40.0
A Raghuvanshi,HH Pandya,10,10,4,3,100.0
A Raghuvanshi,HV Patel,22,34,0,3,154.55
A Raghuvanshi,Harsh Dubey,24,22,0,3,91.67
A Raghuvanshi,I Sharma,6,14,0,2,233.33
A Raghuvanshi,JA Duffy,18,36,0,2,200.0
A Raghuvanshi,JC Archer,20,14,2,3,70.0
A Raghuvanshi,JD Unadkat,20,40,0,3,200.0
A Raghuvanshi,JJ Bumrah,18,18,0,3,100.0
A Raghuvanshi,JO Holder,26,34,0,2,130.77
A Raghuvanshi,JR Hazlewood,22,32,0,3,145.45
A Raghuvanshi,K Rabada,16,24,2,3,150.0
A Raghuvanshi,KH Pandya,50,62,0,5,124.0
A Raghuvanshi,KK Ahmed,6,2,0,2,33.33
A Raghuvanshi,KR Sen,6,2,2,2,33.33
A Raghuvanshi,Kuldeep Yadav,14,10,0,2,71.43
A Raghuvanshi,LS Livingstone,10,8,0,2,80.0
A Raghuvanshi,M Jansen,12,16,0,2,133.33
A Raghuvanshi,M Siddharth,18,16,2,2,88.89
A Raghuvanshi,M Theekshana,22,36,0,4,163.64
A Raghuvanshi,MR Marsh,8,8,0,2,100.0
A Raghuvanshi,Mohammed Shami,22,26,0,4,118.18
A Raghuvanshi,Mohammed Siraj,34,72,0,5,211.76
A Raghuvanshi,Mohsin Khan,14,24,2,3,171.43
A Raghuvanshi,Mustafizur Rahman,16,20,0,2,125.0
A Raghuvanshi,N Burger,6,4,0,2,66.67
A Raghuvanshi,N Rana,6,12,0,2,200.0
A Raghuvanshi,N Thushara,8,24,2,2,300.0
A Raghuvanshi,Naveen-ul-Haq,6,10,0,2,166.67
A Raghuvanshi,Nithish Kumar Reddy,8,6,0,2,75.0
A Raghuvanshi,Noor Ahmad,10,14,2,3,140.0
A Raghuvanshi,PHKD Mendis,6,2,2,2,33.33
A Raghuvanshi,PJ Cummins,28,28,0,3,100.0
A Raghuvanshi,PVD Chameera,8,10,2,2,125.0
A Raghuvanshi,PWH de Silva,34,54,0,3,158.82
A Raghuvanshi,Prince Yadav,16,16,0,3,100.0
A Raghuvanshi,R Ashwin,6,6,0,2,100.0
A Raghuvanshi,R Parag,22,30,0,3,136.36
A Raghuvanshi,R Sai Kishore,14,26,0,2,185.71
A Raghuvanshi,RA Jadeja,10,0,4,3,0.0
A Raghuvanshi,Rashid Khan,26,54,0,3,207.69
A Raghuvanshi,Rasikh Salam,32,66,0,3,206.25
A Raghuvanshi,Ravi Bishnoi,28,32,0,3,114.29
A Raghuvanshi,SN Thakur,24,42,0,3,175.0
A Raghuvanshi,Sakib Hussain,12,10,0,2,83.33
A Raghuvanshi,Sandeep Sharma,6,6,0,2,100.0
A Raghuvanshi,Shivang Kumar,38,50,2,3,131.58
A Raghuvanshi,Simarjeet Singh,10,26,0,2,260.0
A Raghuvanshi,Sumit Kumar,16,32,0,2,200.0
A Raghuvanshi,Suyash Sharma,8,20,0,2,250.0
A Raghuvanshi,TA Boult,34,62,0,4,182.35
A Raghuvanshi,TU Deshpande,8,4,0,3,50.0
A Raghuvanshi,V Nigam,24,46,0,2,191.67
A Raghuvanshi,XC Bartlett,20,46,0,3,230.0
A Raghuvanshi,YS Chahal,20,28,2,3,140.0
A Raghuvanshi,Yash Dayal,10,8,4,3,80.0
A Raghuvanshi,Yash Thakur,12,16,0,2,133.33
A Raghuvanshi,Zeeshan Ansari,20,32,0,2,160.0
A Singh,KA Pollard,6,0,2,2,0.0
A Symonds,A Kumble,26,26,4,4,100.0
A Symonds,A Mishra,84,120,6,7,142.86
A Symonds,AB Agarkar,38,54,2,5,142.11
A Symonds,AC Thomas,8,4,0,2,50.0
A Symonds,AD Mathews,16,14,0,2,87.5
A Symonds,AP Dole,10,6,0,2,60.0
A Symonds,B Lee,18,12,0,3,66.67
A Symonds,BA Bhatt,8,4,0,2,50.0
A Symonds,Bipul Sharma,16,28,0,3,175.0
A Symonds,CK Langeveldt,6,2,0,2,33.33
A Symonds,DE Bollinger,16,16,0,3,100.0
A Symonds,DJ Bravo,6,10,0,2,166.67
A Symonds,DJ Hussey,18,38,0,2,211.11
A Symonds,DP Nannes,28,52,0,5,185.71
A Symonds,DT Christian,24,22,0,3,91.67
A Symonds,DW Steyn,46,72,2,5,156.52
A Symonds,GD McGrath,10,16,0,2,160.0
A Symonds,I Sharma,30,26,2,6,86.67
A Symonds,IK Pathan,20,32,0,3,160.0
A Symonds,J Botha,6,2,2,2,33.33
A Symonds,JA Morkel,36,48,0,3,133.33
A Symonds,JE Taylor,6,6,2,2,100.0
A Symonds,JH Kallis,34,58,0,4,170.59
A Symonds,JM Kemp,10,2,0,2,20.0
A Symonds,KA Pollard,10,10,0,2,100.0
A Symonds,KP Appanna,10,16,0,2,160.0
A Symonds,L Balaji,24,42,0,2,175.0
A Symonds,M Kartik,44,36,0,6,81.82
A Symonds,M Morkel,28,24,0,2,85.71
A Symonds,M Muralitharan,28,10,0,3,35.71
A Symonds,MB Parmar,18,32,0,2,177.78
A Symonds,MM Patel,18,42,0,2,233.33
A Symonds,Mohammad Asif,10,4,0,2,40.0
A Symonds,Mohammad Hafeez,26,6,0,2,23.08
A Symonds,P Kumar,28,40,0,4,142.86
A Symonds,PD Collingwood,16,30,0,2,187.5
A Symonds,PJ Sangwan,8,12,0,2,150.0
A Symonds,PP Chawla,50,70,0,5,140.0
A Symonds,PP Ojha,16,6,0,3,37.5
A Symonds,Pankaj Singh,12,8,0,2,66.67
A Symonds,R Ashwin,30,38,2,4,126.67
A Symonds,R McLaren,16,18,2,2,112.5
A Symonds,R Vinay Kumar,22,40,0,3,181.82
A Symonds,RA Jadeja,18,18,2,2,100.0
A Symonds,RE van der Merwe,22,28,2,3,127.27
A Symonds,RR Powar,16,18,0,2,112.5
A Symonds,S Ladda,10,16,0,2,160.0
A Symonds,S Narwal,12,26,0,2,216.67
A Symonds,S Randiv,14,14,0,2,100.0
A Symonds,S Sreesanth,24,70,0,4,291.67
A Symonds,SB Jakati,38,64,0,3,168.42
A Symonds,SE Bond,14,14,0,2,100.0
A Symonds,SJ Srivastava,14,14,0,2,100.0
A Symonds,SK Raina,18,10,0,3,55.56
A Symonds,SK Trivedi,42,86,2,5,204.76
A Symonds,SK Warne,74,130,0,5,175.68
A Symonds,SL Malinga,10,0,2,2,0.0
A Symonds,SR Watson,28,24,0,3,85.71
A Symonds,T Thushara,8,4,0,2,50.0
A Symonds,TM Dilshan,10,26,0,2,260.0
A Symonds,UT Yadav,24,26,0,3,108.33
A Symonds,V Kohli,14,22,0,2,157.14
A Symonds,WA Mota,24,22,0,2,91.67
A Symonds,WD Parnell,12,20,0,2,166.67
A Symonds,Y Nagar,12,32,0,2,266.67
A Symonds,YK Pathan,6,18,0,2,300.0
A Symonds,Yuvraj Singh,30,22,4,4,73.33
A Symonds,Z Khan,6,6,0,3,100.0
A Tomar,JO Holder,12,8,0,2,66.67
A Uniyal,DP Nannes,6,6,0,2,100.0
A Uniyal,S Ladda,6,2,0,2,33.33
A Zampa,A Mishra,12,10,2,2,83.33
A Zampa,MG Bracewell,6,2,0,2,33.33
A Zampa,MM Sharma,6,6,0,2,100.0
A Zampa,Rashid Khan,6,4,0,2,66.67
AA Bilakhia,A Kumble,6,12,0,2,200.0
AA Bilakhia,A Mishra,22,14,2,3,63.64
AA Bilakhia,A Nehra,26,24,0,3,92.31
AA Bilakhia,DL Vettori,10,2,2,2,20.0
AA Bilakhia,DP Nannes,14,12,0,2,85.71
AA Bilakhia,JA Morkel,14,12,0,2,85.71
AA Bilakhia,M Muralitharan,8,2,0,2,25.0
AA Bilakhia,P Kumar,16,24,0,3,150.0
AA Bilakhia,PJ Sangwan,8,4,0,3,50.0
AA Bilakhia,R Vinay Kumar,8,8,2,2,100.0
AA Bilakhia,SK Warne,6,2,2,2,33.33
AA Bilakhia,TM Dilshan,12,6,0,2,50.0
AA Bilakhia,YK Pathan,8,2,0,2,25.0
AA Chavan,BJ Hodge,6,2,0,2,33.33
AA Chavan,M Morkel,8,10,0,2,125.0
AA Jhunjhunwala,A Kumble,14,6,0,3,42.86
AA Jhunjhunwala,A Mishra,18,18,0,3,100.0
AA Jhunjhunwala,A Symonds,6,0,0,2,0.0
AA Jhunjhunwala,AB Dinda,8,6,0,2,75.0
AA Jhunjhunwala,AD Mathews,12,18,0,2,150.0
AA Jhunjhunwala,AG Murtaza,12,24,0,2,200.0
AA Jhunjhunwala,Azhar Mahmood,6,4,0,2,66.67
AA Jhunjhunwala,BJ Hodge,8,14,0,2,175.0
AA Jhunjhunwala,DP Nannes,16,30,0,2,187.5
AA Jhunjhunwala,DS Kulkarni,26,36,0,3,138.46
AA Jhunjhunwala,Harbhajan Singh,12,10,0,2,83.33
AA Jhunjhunwala,JA Morkel,6,14,0,2,233.33
AA Jhunjhunwala,JH Kallis,24,18,2,3,75.0
AA Jhunjhunwala,M Kartik,32,38,0,2,118.75
AA Jhunjhunwala,MF Maharoof,8,10,0,3,125.0
AA Jhunjhunwala,P Awana,6,4,0,2,66.67
AA Jhunjhunwala,P Kumar,10,2,0,2,20.0
AA Jhunjhunwala,PJ Sangwan,26,18,0,2,69.23
AA Jhunjhunwala,PP Chawla,12,12,0,2,100.0
AA Jhunjhunwala,Pankaj Singh,8,10,2,2,125.0
AA Jhunjhunwala,R Sathish,6,4,0,2,66.67
AA Jhunjhunwala,R Vinay Kumar,10,2,0,2,20.0
AA Jhunjhunwala,RP Singh,6,8,0,2,133.33
AA Jhunjhunwala,RR Powar,6,16,0,2,266.67
AA Jhunjhunwala,S Ladda,28,32,0,2,114.29
AA Jhunjhunwala,SE Bond,10,14,0,2,140.0
AA Jhunjhunwala,SJ Srivastava,6,0,2,2,0.0
AA Jhunjhunwala,SL Malinga,10,2,2,4,20.0
AA Jhunjhunwala,ST Jayasuriya,14,16,0,2,114.29
AA Jhunjhunwala,T Thushara,6,8,2,2,133.33
AA Jhunjhunwala,UT Yadav,8,8,0,2,100.0
AA Kulkarni,B Kumar,18,14,0,2,77.78
AA Kulkarni,KH Pandya,14,4,2,2,28.57
AA Kulkarni,MA Starc,8,8,2,2,100.0
AA Kulkarni,Suyash Sharma,14,16,0,2,114.29
AA Kulkarni,VG Arora,6,10,0,2,166.67
AA Noffke,AB Agarkar,12,4,0,2,33.33
AA Noffke,SC Ganguly,8,14,0,2,175.0
AB Agarkar,A Mishra,16,2,0,2,12.5
AB Agarkar,A Nehra,6,6,0,2,100.0
AB Agarkar,DE Bollinger,6,8,0,2,133.33
AB Agarkar,DJ Bravo,8,8,2,3,100.0
AB Agarkar,DJ Thornely,10,4,0,2,40.0
AB Agarkar,DP Nannes,12,16,0,2,133.33
AB Agarkar,J Botha,6,6,0,2,100.0
AB Agarkar,Joginder Sharma,6,4,0,2,66.67
AB Agarkar,KAJ Roach,8,14,0,2,175.0
AB Agarkar,M Muralitharan,8,12,0,3,150.0
AB Agarkar,P Awana,6,8,0,2,133.33
AB Agarkar,P Kumar,18,14,0,3,77.78
AB Agarkar,PD Collingwood,8,12,2,2,150.0
AB Agarkar,PJ Sangwan,16,34,2,2,212.5
AB Agarkar,R Ashwin,8,2,2,2,25.0
AB Agarkar,R Bhatia,14,30,0,3,214.29
AB Agarkar,RA Jadeja,12,6,0,3,50.0
AB Agarkar,RE van der Merwe,8,8,0,2,100.0
AB Agarkar,RR Raje,12,20,0,2,166.67
AB Agarkar,SK Warne,10,8,0,2,80.0
AB Agarkar,SL Malinga,8,4,0,2,50.0
AB Agarkar,SR Watson,16,24,2,3,150.0
AB Agarkar,ST Jayasuriya,10,2,2,2,20.0
AB Agarkar,Sohail Tanvir,14,26,0,2,185.71
AB Agarkar,T Henderson,8,4,0,2,50.0
AB Agarkar,UT Yadav,6,6,0,2,100.0
AB Barath,DL Vettori,8,2,0,2,25.0
AB Barath,Harbhajan Singh,14,26,0,2,185.71
AB Barath,PP Ojha,10,2,2,2,20.0
AB Barath,R McLaren,14,6,0,2,42.86
AB Barath,R Sathish,14,18,0,2,128.57
AB Barath,RG Sharma,8,10,0,2,125.0
AB Barath,Z Khan,6,8,0,2,133.33
AB Dinda,A Mishra,6,4,2,3,66.67
AB Dinda,CH Gayle,10,12,0,3,120.0
AB Dinda,Harbhajan Singh,6,0,0,2,0.0
AB Dinda,MG Johnson,10,4,0,2,40.0
AB Dinda,P Awana,8,2,0,2,25.0
AB Dinda,PV Tambe,6,0,2,2,0.0
AB Dinda,RP Singh,6,6,2,3,100.0
AB Dinda,SL Malinga,12,2,4,4,16.67
AB Dinda,Z Khan,8,10,0,2,125.0
AB McDonald,AG Murtaza,12,10,0,2,83.33
AB McDonald,Azhar Mahmood,6,10,2,3,166.67
AB McDonald,CRD Fernando,12,12,0,2,100.0
AB McDonald,DAJ Bracewell,10,12,0,2,120.0
AB McDonald,DJ Bravo,18,32,0,3,177.78
AB McDonald,DJ Hussey,8,4,0,2,50.0
AB McDonald,DW Steyn,6,16,0,2,266.67
AB McDonald,Harbhajan Singh,16,12,0,2,75.0
AB McDonald,IK Pathan,14,38,0,2,271.43
AB McDonald,KA Pollard,12,10,0,2,83.33
AB McDonald,M Morkel,6,8,2,2,133.33
AB McDonald,P Awana,12,14,0,3,116.67
AB McDonald,P Kumar,14,18,0,2,128.57
AB McDonald,PP Chawla,6,6,0,3,100.0
AB McDonald,SK Trivedi,10,16,0,2,160.0
AB McDonald,SW Tait,8,12,0,2,150.0
AB McDonald,UT Yadav,8,2,0,2,25.0
AB de Villiers,A Ashish Reddy,36,92,0,5,255.56
AB de Villiers,A Chandila,22,52,0,3,236.36
AB de Villiers,A Flintoff,24,68,0,2,283.33
AB de Villiers,A Kumble,82,78,0,5,95.12
AB de Villiers,A Mishra,74,80,2,7,108.11
AB de Villiers,A Nehra,56,122,4,8,217.86
AB de Villiers,A Nortje,22,32,2,4,145.45
AB de Villiers,A Singh,14,22,0,2,157.14
AB de Villiers,A Symonds,24,30,0,4,125.0
AB de Villiers,A Zampa,6,2,2,2,33.33
AB de Villiers,AB Agarkar,10,12,0,2,120.0
AB de Villiers,AB Dinda,34,100,0,5,294.12
AB de Villiers,AC Thomas,12,28,2,3,233.33
AB de Villiers,AD Mascarenhas,26,16,2,4,61.54
AB de Villiers,AD Mathews,6,14,0,2,233.33
AB de Villiers,AD Russell,72,174,2,7,241.67
AB de Villiers,AG Murtaza,36,36,2,3,100.0
AB de Villiers,AJ Tye,42,46,2,4,109.52
AB de Villiers,AN Ahmed,14,20,0,2,142.86
AB de Villiers,AR Patel,140,142,4,12,101.43
AB de Villiers,AS Rajpoot,30,68,0,3,226.67
AB de Villiers,AS Raut,10,20,0,2,200.0
AB de Villiers,Abhishek Sharma,6,4,0,2,66.67
AB de Villiers,Anand Rajan,14,34,0,2,242.86
AB de Villiers,Ankit Sharma,40,78,0,3,195.0
AB de Villiers,Ankit Soni,8,6,0,2,75.0
AB de Villiers,Anureet Singh,18,20,0,3,111.11
AB de Villiers,Avesh Khan,24,18,0,3,75.0
AB de Villiers,Azhar Mahmood,32,40,2,3,125.0
AB de Villiers,B Akhil,28,32,0,3,114.29
AB de Villiers,B Kumar,82,136,4,12,165.85
AB de Villiers,B Laughlin,14,26,0,3,185.71
AB de Villiers,B Lee,6,10,0,2,166.67
AB de Villiers,BA Stokes,18,8,0,2,44.44
AB de Villiers,BAW Mendis,8,12,0,2,150.0
AB de Villiers,BB Sran,32,38,2,3,118.75
AB de Villiers,Basil Thampi,12,32,0,3,266.67
AB de Villiers,Bipul Sharma,10,8,2,2,80.0
AB de Villiers,CH Morris,66,142,0,8,215.15
AB de Villiers,CR Woakes,8,12,0,2,150.0
AB de Villiers,CV Varun,28,34,0,4,121.43
AB de Villiers,DAJ Bracewell,18,32,0,2,177.78
AB de Villiers,DE Bollinger,8,18,0,2,225.0
AB de Villiers,DJ Bravo,90,144,2,9,160.0
AB de Villiers,DJ Hussey,24,46,2,3,191.67
AB de Villiers,DJG Sammy,22,68,0,3,309.09
AB de Villiers,DL Chahar,32,20,2,5,62.5
AB de Villiers,DP Nannes,14,28,2,2,200.0
AB de Villiers,DR Sams,10,18,0,2,180.0
AB de Villiers,DR Smith,32,60,2,4,187.5
AB de Villiers,DS Kulkarni,76,100,2,8,131.58
AB de Villiers,DT Christian,12,4,0,2,33.33
AB de Villiers,DW Steyn,46,110,2,6,239.13
AB de Villiers,GB Hogg,18,22,0,4,122.22
AB de Villiers,GC Viljoen,20,44,0,2,220.0
AB de Villiers,GJ Maxwell,16,30,0,3,187.5
AB de Villiers,HH Pandya,78,176,0,7,225.64
AB de Villiers,HV Patel,46,106,0,4,230.43
AB de Villiers,Harbhajan Singh,156,220,6,15,141.03
AB de Villiers,Harmeet Singh,38,52,0,3,136.84
AB de Villiers,Harpreet Brar,12,2,2,3,16.67
AB de Villiers,I Sharma,66,74,0,9,112.12
AB de Villiers,IC Pandey,34,46,2,3,135.29
AB de Villiers,IK Pathan,82,134,0,8,163.41
AB de Villiers,IS Sodhi,24,44,0,2,183.33
AB de Villiers,Imran Tahir,80,116,4,6,145.0
AB de Villiers,Iqbal Abdulla,12,14,0,2,116.67
AB de Villiers,J Botha,16,20,0,2,125.0
AB de Villiers,J Suchith,22,50,0,2,227.27
AB de Villiers,JA Morkel,56,72,6,8,128.57
AB de Villiers,JC Archer,26,60,0,4,230.77
AB de Villiers,JD Ryder,8,18,0,2,225.0
AB de Villiers,JD Unadkat,52,90,0,8,173.08
AB de Villiers,JEC Franklin,8,14,0,2,175.0
AB de Villiers,JH Kallis,84,72,2,10,85.71
AB de Villiers,JJ Bumrah,178,262,6,14,147.19
AB de Villiers,JL Pattinson,12,26,0,3,216.67
AB de Villiers,JO Holder,20,14,0,4,70.0
AB de Villiers,JP Behrendorff,6,6,0,2,100.0
AB de Villiers,JP Duminy,32,30,0,4,93.75
AB de Villiers,JP Faulkner,60,124,2,6,206.67
AB de Villiers,Joginder Sharma,14,12,0,3,85.71
AB de Villiers,K Rabada,46,84,2,6,182.61
AB de Villiers,KA Pollard,44,46,6,7,104.55
AB de Villiers,KC Cariappa,22,44,2,3,200.0
AB de Villiers,KH Pandya,94,102,8,8,108.51
AB de Villiers,KK Cooper,14,34,0,2,242.86
AB de Villiers,KL Nagarkoti,16,40,0,2,250.0
AB de Villiers,KP Appanna,16,18,2,2,112.5
AB de Villiers,KV Sharma,58,58,0,5,100.0
AB de Villiers,KW Richardson,12,28,2,3,233.33
AB de Villiers,Kamran Khan,16,12,0,3,75.0
AB de Villiers,Karanveer Singh,14,42,0,2,300.0
AB de Villiers,Kartik Tyagi,14,14,0,2,100.0
AB de Villiers,Kuldeep Yadav,24,44,0,3,183.33
AB de Villiers,L Ablish,6,4,0,2,66.67
AB de Villiers,L Balaji,56,84,6,8,150.0
AB de Villiers,LH Ferguson,8,14,2,3,175.0
AB de Villiers,M Ashwin,62,110,2,6,177.42
AB de Villiers,M Jansen,10,6,0,2,60.0
AB de Villiers,M Kartik,28,24,0,2,85.71
AB de Villiers,M Markande,16,16,0,2,100.0
AB de Villiers,M Morkel,34,44,0,5,129.41
AB de Villiers,M Muralitharan,56,66,0,5,117.86
AB de Villiers,M Ntini,6,6,0,2,100.0
AB de Villiers,M Prasidh Krishna,30,58,0,4,193.33
AB de Villiers,MC Henriques,72,114,2,6,158.33
AB de Villiers,MG Johnson,36,48,0,5,133.33
AB de Villiers,MG Neser,20,56,0,2,280.0
AB de Villiers,MJ McClenaghan,48,110,2,8,229.17
AB de Villiers,MJ Santner,18,18,0,2,100.0
AB de Villiers,MM Patel,56,74,0,6,132.14
AB de Villiers,MM Sharma,56,138,2,5,246.43
AB de Villiers,MP Stoinis,40,96,0,4,240.0
AB de Villiers,MR Marsh,8,32,2,2,400.0
AB de Villiers,MS Gony,48,80,2,5,166.67
AB de Villiers,Mohammed Shami,60,118,2,8,196.67
AB de Villiers,Monu Kumar,8,16,0,2,200.0
AB de Villiers,Mujeeb Ur Rahman,14,30,0,2,214.29
AB de Villiers,Mustafizur Rahman,24,14,2,3,58.33
AB de Villiers,N Rana,10,24,2,3,240.0
AB de Villiers,NLTC Perera,12,12,2,3,100.0
AB de Villiers,P Awana,20,38,2,5,190.0
AB de Villiers,P Kumar,50,104,0,9,208.0
AB de Villiers,P Negi,20,26,0,2,130.0
AB de Villiers,PC Valthaty,20,28,0,2,140.0
AB de Villiers,PJ Cummins,24,46,0,3,191.67
AB de Villiers,PJ Sangwan,8,12,0,2,150.0
AB de Villiers,PP Chawla,104,106,8,11,101.92
AB de Villiers,PP Ojha,66,78,0,5,118.18
AB de Villiers,PV Tambe,64,108,2,6,168.75
AB de Villiers,Pankaj Singh,10,6,0,3,60.0
AB de Villiers,R Ashwin,122,138,4,14,113.11
AB de Villiers,R Bhatia,54,72,0,6,133.33
AB de Villiers,R Dhawan,12,16,2,3,133.33
AB de Villiers,R McLaren,6,14,0,2,233.33
AB de Villiers,R Sharma,24,20,2,4,83.33
AB de Villiers,R Tewatia,28,44,0,3,157.14
AB de Villiers,R Vinay Kumar,40,32,2,4,80.0
AB de Villiers,RA Jadeja,182,222,4,18,121.98
AB de Villiers,RD Chahar,56,68,0,5,121.43
AB de Villiers,RE van der Merwe,10,14,2,2,140.0
AB de Villiers,RG Sharma,26,40,0,3,153.85
AB de Villiers,RJ Harris,10,20,0,2,200.0
AB de Villiers,RP Singh,24,24,2,6,100.0
AB de Villiers,RR Powar,6,10,0,2,166.67
AB de Villiers,RR Raje,14,18,0,2,128.57
AB de Villiers,RS Bopara,16,40,0,2,250.0
AB de Villiers,RV Gomez,8,38,0,2,475.0
AB de Villiers,RV Patel,8,10,0,2,125.0
AB de Villiers,Rashid Khan,82,90,6,8,109.76
AB de Villiers,Ravi Bishnoi,30,28,0,4,93.33
AB de Villiers,S Gopal,68,60,8,7,88.24
AB de Villiers,S Kaul,48,104,2,5,216.67
AB de Villiers,S Kaushik,8,24,0,2,300.0
AB de Villiers,S Lamichhane,22,26,0,3,118.18
AB de Villiers,S Nadeem,110,154,2,7,140.0
AB de Villiers,S Randiv,24,26,0,2,108.33
AB de Villiers,S Sreesanth,30,36,4,5,120.0
AB de Villiers,SB Jakati,58,110,4,6,189.66
AB de Villiers,SJ Srivastava,10,14,0,2,140.0
AB de Villiers,SK Trivedi,48,76,2,6,158.33
AB de Villiers,SK Warne,76,86,4,5,113.16
AB de Villiers,SL Malinga,122,248,0,12,203.28
AB de Villiers,SM Curran,6,12,0,2,200.0
AB de Villiers,SM Pollock,18,6,0,2,33.33
AB de Villiers,SMSM Senanayake,6,8,0,2,133.33
AB de Villiers,SN Thakur,58,96,4,6,165.52
AB de Villiers,SP Narine,78,106,8,11,135.9
AB de Villiers,SR Tendulkar,12,38,0,2,316.67
AB de Villiers,SR Watson,90,106,2,7,117.78
AB de Villiers,SS Cottrell,14,24,0,2,171.43
AB de Villiers,STR Binny,30,32,0,4,106.67
AB de Villiers,SW Tait,10,2,0,2,20.0
AB de Villiers,Sandeep Sharma,108,214,4,12,198.15
AB de Villiers,Shakib Al Hasan,64,98,0,5,153.12
AB de Villiers,Shivam Sharma,16,34,0,2,212.5
AB de Villiers,Shoaib Ahmed,12,8,2,2,66.67
AB de Villiers,Shoaib Akhtar,18,8,2,2,44.44
AB de Villiers,T Natarajan,38,50,2,5,131.58
AB de Villiers,TA Boult,42,110,2,6,261.9
AB de Villiers,TG Southee,34,46,0,5,135.29
AB de Villiers,UT Yadav,52,84,0,8,161.54
AB de Villiers,V Pratap Singh,16,8,0,3,50.0
AB de Villiers,VR Aaron,32,64,0,4,200.0
AB de Villiers,WPUJC Vaas,18,16,0,3,88.89
AB de Villiers,YK Pathan,28,46,0,5,164.29
AB de Villiers,Yuvraj Singh,12,12,0,2,100.0
AB de Villiers,Z Khan,42,56,2,4,133.33
AC Blizzard,AC Thomas,8,10,2,2,125.0
AC Blizzard,B Lee,20,46,2,2,230.0
AC Blizzard,CH Gayle,10,2,0,2,20.0
AC Blizzard,I Sharma,6,2,0,2,33.33
AC Blizzard,IK Pathan,14,2,2,3,14.29
AC Blizzard,Iqbal Abdulla,14,18,0,2,128.57
AC Blizzard,JP Duminy,8,0,2,2,0.0
AC Blizzard,M Morkel,24,58,0,2,241.67
AC Blizzard,P Kumar,14,24,2,2,171.43
AC Blizzard,R Bhatia,8,16,0,2,200.0
AC Blizzard,S Nadeem,10,6,2,2,60.0
AC Blizzard,Shakib Al Hasan,10,20,0,2,200.0
AC Blizzard,YK Pathan,8,2,0,2,25.0
AC Blizzard,Z Khan,10,18,0,2,180.0
AC Gilchrist,A Chandila,18,8,0,3,44.44
AC Gilchrist,A Kumble,76,68,6,7,89.47
AC Gilchrist,A Mishra,66,76,4,7,115.15
AC Gilchrist,A Mithun,24,36,0,2,150.0
AC Gilchrist,A Nehra,106,200,2,8,188.68
AC Gilchrist,A Singh,8,4,2,2,50.0
AC Gilchrist,AB Agarkar,40,94,2,5,235.0
AC Gilchrist,AB Dinda,62,64,4,7,103.23
AC Gilchrist,AC Thomas,6,2,2,2,33.33
AC Gilchrist,AD Mathews,36,38,4,4,105.56
AC Gilchrist,AM Nayar,8,38,0,2,475.0
AC Gilchrist,AP Dole,12,34,2,2,283.33
AC Gilchrist,AS Rajpoot,8,18,0,2,225.0
AC Gilchrist,Anand Rajan,12,20,0,2,166.67
AC Gilchrist,B Akhil,24,52,2,3,216.67
AC Gilchrist,B Kumar,24,38,2,4,158.33
AC Gilchrist,B Lee,54,66,0,5,122.22
AC Gilchrist,BJ Hodge,20,28,4,3,140.0
AC Gilchrist,BW Hilfenhaus,20,12,0,2,60.0
AC Gilchrist,CH Gayle,28,46,0,2,164.29
AC Gilchrist,CK Langeveldt,38,80,2,3,210.53
AC Gilchrist,DE Bollinger,22,16,2,3,72.73
AC Gilchrist,DJ Bravo,46,70,2,7,152.17
AC Gilchrist,DJ Hussey,6,8,0,2,133.33
AC Gilchrist,DP Nannes,46,90,4,6,195.65
AC Gilchrist,DS Kulkarni,18,20,0,4,111.11
AC Gilchrist,DT Christian,24,54,2,3,225.0
AC Gilchrist,DW Steyn,104,100,2,10,96.15
AC Gilchrist,GD McGrath,14,10,2,3,71.43
AC Gilchrist,GH Vihari,10,4,0,3,40.0
AC Gilchrist,Gagandeep Singh,10,20,0,2,200.0
AC Gilchrist,Harbhajan Singh,54,54,4,7,100.0
AC Gilchrist,I Sharma,106,124,0,9,116.98
AC Gilchrist,IK Pathan,88,132,8,10,150.0
AC Gilchrist,Iqbal Abdulla,18,14,2,2,77.78
AC Gilchrist,J Botha,16,28,0,2,175.0
AC Gilchrist,JA Morkel,62,94,6,7,151.61
AC Gilchrist,JD Ryder,12,28,0,2,233.33
AC Gilchrist,JD Unadkat,26,36,0,2,138.46
AC Gilchrist,JH Kallis,84,112,0,9,133.33
AC Gilchrist,JJ van der Wath,10,20,0,2,200.0
AC Gilchrist,JP Duminy,30,24,0,3,80.0
AC Gilchrist,JP Faulkner,10,20,0,2,200.0
AC Gilchrist,Joginder Sharma,10,12,0,2,120.0
AC Gilchrist,KK Cooper,10,10,2,2,100.0
AC Gilchrist,KP Pietersen,10,8,2,2,80.0
AC Gilchrist,KV Sharma,6,2,2,2,33.33
AC Gilchrist,L Balaji,60,82,0,6,136.67
AC Gilchrist,LR Shukla,8,18,0,2,225.0
AC Gilchrist,M Kartik,22,16,2,4,72.73
AC Gilchrist,M Morkel,72,60,2,6,83.33
AC Gilchrist,M Muralitharan,32,68,0,5,212.5
AC Gilchrist,M Ntini,24,50,0,3,208.33
AC Gilchrist,MC Henriques,8,14,0,2,175.0
AC Gilchrist,MM Patel,56,80,0,6,142.86
AC Gilchrist,MN Samuels,12,8,0,2,66.67
AC Gilchrist,MS Gony,44,54,2,5,122.73
AC Gilchrist,Mashrafe Mortaza,22,46,0,2,209.09
AC Gilchrist,Mohammad Asif,22,34,2,3,154.55
AC Gilchrist,Mohammad Hafeez,8,2,0,2,25.0
AC Gilchrist,NLTC Perera,18,36,0,3,200.0
AC Gilchrist,NM Coulter-Nile,14,10,2,2,71.43
AC Gilchrist,P Kumar,30,40,0,4,133.33
AC Gilchrist,PJ Sangwan,16,34,2,3,212.5
AC Gilchrist,PP Chawla,16,8,0,2,50.0
AC Gilchrist,PP Ojha,12,30,0,2,250.0
AC Gilchrist,R Ashwin,86,92,4,6,106.98
AC Gilchrist,R Bhatia,12,22,2,3,183.33
AC Gilchrist,R Sharma,6,0,2,2,0.0
AC Gilchrist,R Vinay Kumar,30,34,2,4,113.33
AC Gilchrist,RA Jadeja,6,4,2,2,66.67
AC Gilchrist,RG Sharma,14,22,0,2,157.14
AC Gilchrist,RP Singh,20,10,2,2,50.0
AC Gilchrist,RR Powar,24,12,4,3,50.0
AC Gilchrist,RR Raje,10,8,2,2,80.0
AC Gilchrist,S Aravind,20,46,0,2,230.0
AC Gilchrist,S Kaul,6,12,0,2,200.0
AC Gilchrist,S Ladda,16,32,2,3,200.0
AC Gilchrist,S Narwal,6,2,2,2,33.33
AC Gilchrist,S Sreesanth,60,112,4,8,186.67
AC Gilchrist,S Tyagi,10,34,0,2,340.0
AC Gilchrist,SD Chitnis,16,26,0,2,162.5
AC Gilchrist,SJ Srivastava,6,16,2,2,266.67
AC Gilchrist,SK Trivedi,44,56,2,5,127.27
AC Gilchrist,SK Warne,24,44,0,4,183.33
AC Gilchrist,SL Malinga,60,68,2,5,113.33
AC Gilchrist,SM Harwood,14,10,0,2,71.43
AC Gilchrist,SM Pollock,16,54,0,2,337.5
AC Gilchrist,SMSM Senanayake,32,36,2,3,112.5
AC Gilchrist,SP Narine,26,32,2,3,123.08
AC Gilchrist,SR Watson,44,62,2,6,140.91
AC Gilchrist,ST Jayasuriya,16,28,0,2,175.0
AC Gilchrist,SW Tait,6,12,0,2,200.0
AC Gilchrist,Sohail Tanvir,24,40,0,2,166.67
AC Gilchrist,TG Southee,8,14,0,2,175.0
AC Gilchrist,TM Dilshan,30,26,0,3,86.67
AC Gilchrist,UT Yadav,8,2,2,3,25.0
AC Gilchrist,V Kohli,16,16,0,3,100.0
AC Gilchrist,V Sehwag,12,46,0,2,383.33
AC Gilchrist,VR Aaron,6,2,2,2,33.33
AC Gilchrist,VRV Singh,18,28,0,2,155.56
AC Gilchrist,VY Mahesh,16,46,0,2,287.5
AC Gilchrist,Y Nagar,10,20,0,3,200.0
AC Gilchrist,YK Pathan,80,64,4,8,80.0
AC Gilchrist,Yuvraj Singh,6,18,0,2,300.0
AC Gilchrist,Z Khan,60,84,4,6,140.0
AC Thomas,A Ashish Reddy,8,20,0,2,250.0
AC Thomas,J Theron,6,4,0,2,66.67
AC Thomas,Z Khan,8,12,0,2,150.0
AC Voges,A Kumble,6,6,0,2,100.0
AC Voges,A Mishra,10,8,2,2,80.0
AC Voges,AB Dinda,10,12,2,3,120.0
AC Voges,AD Mathews,6,10,0,2,166.67
AC Voges,DW Steyn,14,10,0,2,71.43
AC Voges,Harbhajan Singh,18,12,0,2,66.67
AC Voges,I Sharma,16,30,0,2,187.5
AC Voges,IK Pathan,22,50,0,2,227.27
AC Voges,J Theron,8,2,0,2,25.0
AC Voges,JA Morkel,6,6,2,2,100.0
AC Voges,JH Kallis,20,16,0,2,80.0
AC Voges,KA Pollard,12,20,0,2,166.67
AC Voges,M Kartik,10,18,0,3,180.0
AC Voges,M Muralitharan,10,12,0,2,120.0
AC Voges,MF Maharoof,6,2,0,2,33.33
AC Voges,PP Chawla,10,18,0,2,180.0
AC Voges,Pankaj Singh,8,20,0,2,250.0
AC Voges,R Vinay Kumar,6,4,0,2,66.67
AC Voges,SB Jakati,16,10,0,2,62.5
AC Voges,SE Bond,6,6,0,2,100.0
AC Voges,SL Malinga,10,8,0,2,80.0
AC Voges,ST Jayasuriya,10,16,0,2,160.0
AC Voges,T Thushara,6,12,0,2,200.0
AC Voges,UT Yadav,14,16,0,2,114.29
AC Voges,Yuvraj Singh,8,20,0,2,250.0
AD Hales,A Mishra,14,6,2,2,42.86
AD Hales,Avesh Khan,18,56,0,2,311.11
AD Hales,BA Stokes,16,22,0,2,137.5
AD Hales,DL Chahar,14,2,2,2,14.29
AD Hales,DS Kulkarni,12,20,0,2,166.67
AD Hales,DT Christian,6,4,0,2,66.67
AD Hales,GJ Maxwell,6,4,0,2,66.67
AD Hales,HV Patel,8,16,2,2,200.0
AD Hales,IS Sodhi,12,12,0,2,100.0
AD Hales,JC Archer,6,6,0,2,100.0
AD Hales,JD Unadkat,8,10,0,2,125.0
AD Hales,K Gowtham,16,8,2,2,50.0
AD Hales,LE Plunkett,8,12,0,2,150.0
AD Hales,MK Lomror,8,12,0,2,150.0
AD Hales,MM Ali,14,6,2,3,42.86
AD Hales,Mohammed Siraj,6,14,0,2,233.33
AD Hales,TA Boult,22,20,0,3,90.91
AD Hales,TG Southee,6,14,2,3,233.33
AD Hales,UT Yadav,20,38,0,3,190.0
AD Hales,YS Chahal,12,12,0,2,100.0
AD Mascarenhas,A Mishra,8,8,0,3,100.0
AD Mascarenhas,Anureet Singh,6,6,2,2,100.0
AD Mascarenhas,B Lee,8,10,0,2,125.0
AD Mascarenhas,BAW Mendis,14,6,0,2,42.86
AD Mascarenhas,CH Gayle,14,12,0,2,85.71
AD Mascarenhas,I Sharma,10,16,0,2,160.0
AD Mascarenhas,JA Morkel,8,6,0,2,75.0
AD Mascarenhas,JDP Oram,8,10,2,2,125.0
AD Mascarenhas,NLTC Perera,6,8,0,2,133.33
AD Mascarenhas,R Bhatia,14,8,4,3,57.14
AD Mascarenhas,R Sharma,6,8,0,2,133.33
AD Mascarenhas,SC Ganguly,12,14,0,2,116.67
AD Mascarenhas,SL Malinga,8,10,0,2,125.0
AD Mascarenhas,V Sehwag,12,14,2,2,116.67
AD Mascarenhas,Z Khan,6,8,0,2,133.33
AD Mathews,A Ashish Reddy,6,6,0,3,100.0
AD Mathews,A Kumble,10,12,2,2,120.0
AD Mathews,A Mishra,34,44,2,4,129.41
AD Mathews,A Symonds,22,16,0,2,72.73
AD Mathews,AD Mascarenhas,12,20,0,2,166.67
AD Mathews,AD Russell,18,12,2,3,66.67
AD Mathews,AR Patel,6,10,0,2,166.67
AD Mathews,B Akhil,8,14,0,2,175.0
AD Mathews,B Kumar,24,24,0,3,100.0
AD Mathews,B Lee,6,14,0,2,233.33
AD Mathews,CH Morris,8,6,0,2,75.0
AD Mathews,DE Bollinger,14,10,0,3,71.43
AD Mathews,DJ Bravo,8,8,2,2,100.0
AD Mathews,DL Vettori,14,10,0,2,71.43
AD Mathews,DP Nannes,8,12,0,2,150.0
AD Mathews,DW Steyn,10,6,0,3,60.0
AD Mathews,GB Hogg,6,18,0,2,300.0
AD Mathews,HH Pandya,8,14,2,2,175.0
AD Mathews,HV Patel,6,2,0,2,33.33
AD Mathews,Harbhajan Singh,10,4,0,4,40.0
AD Mathews,I Sharma,6,4,0,2,66.67
AD Mathews,IK Pathan,24,26,2,4,108.33
AD Mathews,Iqbal Abdulla,18,22,0,2,122.22
AD Mathews,J Botha,26,32,0,3,123.08
AD Mathews,J Suchith,6,4,0,2,66.67
AD Mathews,J Theron,6,12,0,2,200.0
AD Mathews,JA Morkel,10,8,0,2,80.0
AD Mathews,JD Ryder,8,6,0,2,75.0
AD Mathews,JH Kallis,18,34,0,4,188.89
AD Mathews,JM Kemp,10,2,2,2,20.0
AD Mathews,JP Faulkner,40,58,2,4,145.0
AD Mathews,Jaskaran Singh,24,34,2,3,141.67
AD Mathews,KA Pollard,8,4,0,2,50.0
AD Mathews,KAJ Roach,6,8,0,2,133.33
AD Mathews,KK Cooper,12,18,0,3,150.0
AD Mathews,KP Appanna,8,2,2,2,25.0
AD Mathews,KV Sharma,16,16,0,2,100.0
AD Mathews,L Balaji,6,4,0,2,66.67
AD Mathews,M Kartik,18,24,0,2,133.33
AD Mathews,M Morkel,14,32,0,4,228.57
AD Mathews,M Muralitharan,54,86,2,5,159.26
AD Mathews,MC Henriques,8,14,0,2,175.0
AD Mathews,MF Maharoof,8,20,0,2,250.0
AD Mathews,MJ McClenaghan,16,28,2,3,175.0
AD Mathews,Mohammed Siraj,6,2,0,2,33.33
AD Mathews,NLTC Perera,14,22,0,3,157.14
AD Mathews,P Awana,8,8,2,2,100.0
AD Mathews,P Kumar,10,18,0,3,180.0
AD Mathews,PJ Sangwan,10,18,0,2,180.0
AD Mathews,PP Chawla,18,34,0,4,188.89
AD Mathews,PP Ojha,22,26,2,3,118.18
AD Mathews,R Ashwin,34,30,0,4,88.24
AD Mathews,R Bhatia,60,64,0,6,106.67
AD Mathews,R Dhawan,16,16,0,2,100.0
AD Mathews,R Vinay Kumar,20,16,6,4,80.0
AD Mathews,RA Jadeja,14,18,0,2,128.57
AD Mathews,RN ten Doeschate,6,2,0,2,33.33
AD Mathews,RP Singh,20,36,0,2,180.0
AD Mathews,S Kaul,22,34,2,3,154.55
AD Mathews,S Nadeem,14,8,0,2,57.14
AD Mathews,SB Jakati,24,22,0,2,91.67
AD Mathews,SJ Srivastava,6,10,0,2,166.67
AD Mathews,SK Raina,12,8,0,2,66.67
AD Mathews,SK Trivedi,8,8,0,2,100.0
AD Mathews,SL Malinga,8,14,0,3,175.0
AD Mathews,SP Narine,32,50,4,6,156.25
AD Mathews,SR Watson,28,26,2,5,92.86
AD Mathews,STR Binny,20,24,2,4,120.0
AD Mathews,TG Southee,8,14,0,2,175.0
AD Mathews,TL Suman,6,16,0,2,266.67
AD Mathews,UT Yadav,42,54,4,5,128.57
AD Mathews,YK Pathan,14,40,0,2,285.71
AD Mathews,Z Khan,14,22,0,3,157.14
AD Nath,AD Russell,10,4,2,2,40.0
AD Nath,BB Sran,6,4,0,2,66.67
AD Nath,CH Morris,10,10,0,2,100.0
AD Nath,DJ Bravo,8,14,0,2,175.0
AD Nath,GC Viljoen,8,4,2,2,50.0
AD Nath,HF Gurney,8,4,0,2,50.0
AD Nath,IS Sodhi,12,2,2,2,16.67
AD Nath,Imran Tahir,14,8,0,2,57.14
AD Nath,JJ Bumrah,8,8,0,3,100.0
AD Nath,M Prasidh Krishna,6,14,0,2,233.33
AD Nath,MK Lomror,8,14,0,2,175.0
AD Nath,Mustafizur Rahman,12,6,0,2,50.0
AD Nath,R Ashwin,6,2,0,2,33.33
AD Nath,RA Jadeja,18,26,2,2,144.44
AD Nath,S Lamichhane,10,20,0,2,200.0
AD Nath,TG Southee,8,14,0,2,175.0
AD Nath,YS Chahal,6,2,2,2,33.33
AD Russell,A Ashish Reddy,6,2,0,2,33.33
AD Russell,A Mishra,40,42,2,6,105.0
AD Russell,A Nehra,6,4,0,3,66.67
AD Russell,A Nortje,24,20,0,3,83.33
AD Russell,AJ Tye,38,86,4,5,226.32
AD Russell,AK Markram,8,14,0,2,175.0
AD Russell,AN Ahmed,10,22,0,2,220.0
AD Russell,AR Patel,56,108,2,7,192.86
AD Russell,AS Joseph,6,14,2,3,233.33
AD Russell,Akash Deep,6,14,0,2,233.33
AD Russell,Akash Madhwal,12,30,0,2,250.0
AD Russell,Ankit Sharma,10,26,0,2,260.0
AD Russell,Anureet Singh,30,86,0,3,286.67
AD Russell,Arshdeep Singh,32,68,4,5,212.5
AD Russell,Ashwani Kumar,10,8,2,2,80.0
AD Russell,Avesh Khan,50,70,6,6,140.0
AD Russell,B Kumar,74,194,2,6,262.16
AD Russell,B Laughlin,18,46,0,2,255.56
AD Russell,BB Sran,16,40,2,3,250.0
AD Russell,Bipul Sharma,14,28,2,3,200.0
AD Russell,C Green,6,10,0,2,166.67
AD Russell,C Sakariya,6,6,0,2,100.0
AD Russell,CH Morris,48,76,8,7,158.33
AD Russell,CJ Jordan,12,24,0,3,200.0
AD Russell,CR Brathwaite,6,10,0,3,166.67
AD Russell,CR Woakes,10,2,2,2,20.0
AD Russell,D Jansen,8,22,0,2,275.0
AD Russell,D Wiese,10,24,0,2,240.0
AD Russell,DJ Bravo,60,156,0,5,260.0
AD Russell,DL Chahar,24,32,0,5,133.33
AD Russell,DS Kulkarni,10,20,0,2,200.0
AD Russell,HH Pandya,38,68,2,5,178.95
AD Russell,HV Patel,56,72,4,6,128.57
AD Russell,Harbhajan Singh,24,42,0,3,175.0
AD Russell,Harpreet Brar,32,60,0,4,187.5
AD Russell,I Sharma,16,22,2,4,137.5
AD Russell,I Udana,10,28,2,2,280.0
AD Russell,IS Sodhi,10,2,0,2,20.0
AD Russell,Imran Tahir,54,52,4,5,96.3
AD Russell,J Little,8,8,0,2,100.0
AD Russell,J Suchith,8,32,0,2,400.0
AD Russell,JC Archer,62,112,0,7,180.65
AD Russell,JD Unadkat,18,48,0,4,266.67
AD Russell,JJ Bumrah,90,114,8,11,126.67
AD Russell,JL Pattinson,6,2,0,2,33.33
AD Russell,JO Holder,10,48,0,2,480.0
AD Russell,JP Faulkner,8,6,0,2,75.0
AD Russell,JR Hazlewood,6,4,0,2,66.67
AD Russell,K Rabada,60,128,4,5,213.33
AD Russell,KA Jamieson,8,16,0,2,200.0
AD Russell,KH Pandya,30,30,0,4,100.0
AD Russell,KK Ahmed,28,30,0,4,107.14
AD Russell,KM Asif,12,18,2,2,150.0
AD Russell,KR Sen,8,18,0,2,225.0
AD Russell,KV Sharma,6,2,2,3,33.33
AD Russell,Kartik Tyagi,6,24,2,2,400.0
AD Russell,Kuldeep Yadav,20,8,2,4,40.0
AD Russell,L Ngidi,8,28,0,2,350.0
AD Russell,LE Plunkett,16,12,0,2,75.0
AD Russell,LH Ferguson,26,26,0,3,100.0
AD Russell,Lalit Yadav,6,2,0,3,33.33
AD Russell,M Ashwin,12,32,0,4,266.67
AD Russell,M Jansen,22,24,2,5,109.09
AD Russell,M Markande,44,64,4,6,145.45
AD Russell,M Pathirana,20,28,2,4,140.0
AD Russell,M Prasidh Krishna,8,10,0,2,125.0
AD Russell,M Theekshana,18,40,0,3,222.22
AD Russell,MG Johnson,18,28,2,2,155.56
AD Russell,MJ McClenaghan,10,6,2,4,60.0
AD Russell,MJ Santner,12,2,0,2,16.67
AD Russell,MM Ali,6,12,0,2,200.0
AD Russell,MM Sharma,28,34,2,5,121.43
AD Russell,MP Stoinis,22,64,0,4,290.91
AD Russell,MR Marsh,16,48,0,3,300.0
AD Russell,Mohammed Shami,80,198,4,9,247.5
AD Russell,Mohammed Siraj,40,46,4,8,115.0
AD Russell,Mohsin Khan,14,10,2,3,71.43
AD Russell,Mukesh Kumar,22,40,0,2,181.82
AD Russell,Mustafizur Rahman,34,38,2,4,111.76
AD Russell,N Thushara,6,14,0,2,233.33
AD Russell,NA Saini,14,12,0,3,85.71
AD Russell,NLTC Perera,30,44,2,3,146.67
AD Russell,NT Ellis,22,38,0,3,172.73
AD Russell,Naveen-ul-Haq,10,10,2,3,100.0
AD Russell,Noor Ahmad,20,32,2,3,160.0
AD Russell,O Thomas,12,8,2,2,66.67
AD Russell,OF Smith,12,46,0,2,383.33
AD Russell,P Negi,18,22,0,2,122.22
AD Russell,P Parameswaran,6,12,2,2,200.0
AD Russell,PJ Cummins,8,4,0,2,50.0
AD Russell,PP Chawla,20,32,2,2,160.0
AD Russell,PVD Chameera,16,28,0,3,175.0
AD Russell,PWH de Silva,14,16,0,4,114.29
AD Russell,R Ashwin,16,8,4,5,50.0
AD Russell,R Bhatia,6,4,0,2,66.67
AD Russell,R Sai Kishore,6,4,0,2,66.67
AD Russell,R Shukla,8,12,0,2,150.0
AD Russell,R Tewatia,14,22,0,3,157.14
AD Russell,R Vinay Kumar,18,30,0,3,166.67
AD Russell,RA Jadeja,68,94,0,7,138.24
AD Russell,RD Chahar,66,78,0,7,118.18
AD Russell,RG More,8,6,0,2,75.0
AD Russell,RP Meredith,14,20,0,2,142.86
AD Russell,RS Bopara,8,10,2,2,125.0
AD Russell,Rashid Khan,54,56,8,10,103.7
AD Russell,Rasikh Salam,6,22,0,2,366.67
AD Russell,Ravi Bishnoi,28,34,2,6,121.43
AD Russell,S Aravind,6,16,0,2,266.67
AD Russell,S Gopal,18,34,0,3,188.89
AD Russell,S Kaul,16,44,2,3,275.0
AD Russell,S Lamichhane,10,26,0,2,260.0
AD Russell,SB Jakati,6,8,0,2,133.33
AD Russell,SC Kuggeleijn,30,54,0,2,180.0
AD Russell,SL Malinga,24,52,4,4,216.67
AD Russell,SM Curran,46,110,4,7,239.13
AD Russell,SN Thakur,40,108,8,7,270.0
AD Russell,SP Narine,14,6,2,2,42.86
AD Russell,SR Watson,48,92,2,6,191.67
AD Russell,Sandeep Sharma,24,22,0,5,91.67
AD Russell,Shahbaz Ahmed,10,30,0,2,300.0
AD Russell,Shakib Al Hasan,12,10,0,4,83.33
AD Russell,Suyash Sharma,6,8,2,2,133.33
AD Russell,T Natarajan,52,86,2,7,165.38
AD Russell,T Shamsi,10,34,0,2,340.0
AD Russell,TA Boult,20,42,4,5,210.0
AD Russell,TG Southee,32,96,2,4,300.0
AD Russell,TU Deshpande,14,28,2,4,200.0
AD Russell,UT Yadav,12,28,0,2,233.33
AD Russell,Umran Malik,22,18,0,3,81.82
AD Russell,V Shankar,10,10,0,2,100.0
AD Russell,VR Aaron,32,76,0,4,237.5
AD Russell,Washington Sundar,18,60,0,4,333.33
AD Russell,YS Chahal,100,198,2,10,198.0
AD Russell,Yash Dayal,34,82,0,3,241.18
AD Russell,Z Khan,10,22,0,2,220.0
AF Milne,DJ Bravo,8,4,2,2,50.0
AF Milne,Imran Tahir,12,6,2,2,50.0
AF Milne,JD Unadkat,6,6,0,3,100.0
AF Milne,JR Hazlewood,8,4,0,2,50.0
AF Milne,SN Thakur,10,18,0,3,180.0
AG Murtaza,A Singh,8,2,0,2,25.0
AG Murtaza,CH Gayle,6,8,2,2,133.33
AG Murtaza,SP Narine,6,4,0,2,66.67
AG Paunikar,AB Dinda,10,10,2,2,100.0
AG Paunikar,B Lee,20,14,0,3,70.0
AG Paunikar,DW Steyn,18,16,2,2,88.89
AG Paunikar,I Sharma,12,2,0,2,16.67
AG Paunikar,Iqbal Abdulla,8,4,2,2,50.0
AG Paunikar,JH Kallis,8,8,0,2,100.0
AG Paunikar,L Balaji,18,12,0,3,66.67
AG Paunikar,M Morkel,6,0,0,2,0.0
AG Paunikar,PP Ojha,8,22,0,2,275.0
AG Paunikar,Shakib Al Hasan,6,10,2,3,166.67
AJ Finch,A Chandila,10,22,0,2,220.0
AJ Finch,A Choudhary,18,34,0,2,188.89
AJ Finch,A Mishra,12,30,0,2,250.0
AJ Finch,A Nehra,20,8,0,3,40.0
AJ Finch,A Nortje,10,14,0,2,140.0
AJ Finch,AB Dinda,14,28,0,3,200.0
AJ Finch,AB McDonald,6,2,0,2,33.33
AJ Finch,AD Russell,12,12,0,2,100.0
AJ Finch,AF Milne,14,18,0,2,128.57
AJ Finch,AG Murtaza,12,10,0,2,83.33
AJ Finch,AN Ahmed,10,20,0,2,200.0
AJ Finch,AR Patel,20,20,2,4,100.0
AJ Finch,AS Rajpoot,6,6,0,2,100.0
AJ Finch,Anureet Singh,10,12,0,2,120.0
AJ Finch,Arshdeep Singh,8,4,0,2,50.0
AJ Finch,Avesh Khan,10,18,2,3,180.0
AJ Finch,Azhar Mahmood,20,36,0,2,180.0
AJ Finch,B Kumar,42,38,2,7,90.48
AJ Finch,B Lee,20,26,0,2,130.0
AJ Finch,BB Sran,32,52,0,3,162.5
AJ Finch,BCJ Cutting,10,10,2,2,100.0
AJ Finch,BW Hilfenhaus,12,2,0,2,16.67
AJ Finch,Bipul Sharma,8,4,0,2,50.0
AJ Finch,C Sakariya,6,4,2,2,66.67
AJ Finch,C de Grandhomme,8,6,0,2,75.0
AJ Finch,CH Gayle,14,4,0,2,28.57
AJ Finch,CH Morris,24,28,0,3,116.67
AJ Finch,CJ Anderson,38,50,0,4,131.58
AJ Finch,CJ Jordan,10,6,0,2,60.0
AJ Finch,CR Brathwaite,22,50,0,2,227.27
AJ Finch,CV Varun,28,30,0,3,107.14
AJ Finch,DL Chahar,34,28,4,4,82.35
AJ Finch,DL Vettori,10,10,0,2,100.0
AJ Finch,DP Nannes,28,44,0,2,157.14
AJ Finch,DR Smith,12,16,0,2,133.33
AJ Finch,DS Kulkarni,20,6,2,4,30.0
AJ Finch,DT Christian,6,12,0,2,200.0
AJ Finch,DW Steyn,18,22,2,3,122.22
AJ Finch,GJ Maxwell,6,14,0,2,233.33
AJ Finch,HH Pandya,26,30,0,3,115.38
AJ Finch,Harbhajan Singh,48,60,2,4,125.0
AJ Finch,Harmeet Singh (2),16,26,0,2,162.5
AJ Finch,I Sharma,30,40,0,3,133.33
AJ Finch,IC Pandey,20,32,0,2,160.0
AJ Finch,IK Pathan,36,68,2,3,188.89
AJ Finch,Imran Tahir,24,30,4,5,125.0
AJ Finch,Iqbal Abdulla,16,12,2,4,75.0
AJ Finch,J Botha,8,12,0,2,150.0
AJ Finch,JA Morkel,10,20,0,2,200.0
AJ Finch,JC Archer,26,36,0,3,138.46
AJ Finch,JD Unadkat,34,66,0,3,194.12
AJ Finch,JH Kallis,22,32,4,4,145.45
AJ Finch,JJ Bumrah,64,50,2,6,78.12
AJ Finch,JL Pattinson,22,34,0,2,154.55
AJ Finch,JO Holder,28,18,2,4,64.29
AJ Finch,JP Duminy,12,20,0,2,166.67
AJ Finch,JP Faulkner,52,50,2,4,96.15
AJ Finch,JPR Scantlebury-Searles,8,16,2,2,200.0
AJ Finch,K Rabada,20,24,2,3,120.0
AJ Finch,KA Pollard,6,4,0,2,66.67
AJ Finch,KH Pandya,54,56,0,4,103.7
AJ Finch,KK Cooper,40,44,2,3,110.0
AJ Finch,KL Nagarkoti,10,10,0,2,100.0
AJ Finch,KW Richardson,6,6,0,2,100.0
AJ Finch,Kuldeep Yadav,20,36,2,3,180.0
AJ Finch,L Balaji,20,12,4,4,60.0
AJ Finch,LH Ferguson,12,38,2,3,316.67
AJ Finch,LR Shukla,24,60,0,3,250.0
AJ Finch,M Ashwin,30,52,4,4,173.33
AJ Finch,M Kartik,20,26,0,4,130.0
AJ Finch,M Markande,14,16,0,2,114.29
AJ Finch,M Morkel,46,38,2,6,82.61
AJ Finch,M Muralitharan,10,6,2,2,60.0
AJ Finch,M Prasidh Krishna,48,72,4,4,150.0
AJ Finch,M de Lange,16,28,0,2,175.0
AJ Finch,MA Starc,12,6,2,3,50.0
AJ Finch,MC Henriques,40,74,2,4,185.0
AJ Finch,MG Johnson,70,64,6,7,91.43
AJ Finch,MJ McClenaghan,22,32,0,3,145.45
AJ Finch,MM Ali,8,14,2,2,175.0
AJ Finch,MM Sharma,30,40,6,5,133.33
AJ Finch,MP Stoinis,16,32,0,2,200.0
AJ Finch,MR Marsh,10,10,0,3,100.0
AJ Finch,MS Gony,18,42,2,2,233.33
AJ Finch,Mohammed Shami,70,66,2,7,94.29
AJ Finch,Mohammed Siraj,16,24,0,2,150.0
AJ Finch,Monu Kumar,6,8,0,2,133.33
AJ Finch,Mustafizur Rahman,32,28,0,3,87.5
AJ Finch,NM Coulter-Nile,6,0,2,2,0.0
AJ Finch,OC McCoy,10,28,0,2,280.0
AJ Finch,P Awana,12,16,0,2,133.33
AJ Finch,P Kumar,20,16,0,3,80.0
AJ Finch,P Negi,16,28,4,4,175.0
AJ Finch,P Sahu,14,24,2,2,171.43
AJ Finch,PJ Cummins,66,74,0,5,112.12
AJ Finch,PP Chawla,46,68,2,5,147.83
AJ Finch,PP Ojha,34,60,0,3,176.47
AJ Finch,PVD Chameera,12,8,0,2,66.67
AJ Finch,R Ashwin,60,58,0,6,96.67
AJ Finch,R Bhatia,28,58,2,4,207.14
AJ Finch,R Sharma,6,8,0,2,133.33
AJ Finch,R Vinay Kumar,14,2,2,3,14.29
AJ Finch,RA Jadeja,44,68,2,4,154.55
AJ Finch,RD Chahar,28,48,0,3,171.43
AJ Finch,RP Singh,42,34,0,4,80.95
AJ Finch,Rashid Khan,50,74,4,7,148.0
AJ Finch,Ravi Bishnoi,12,14,2,3,116.67
AJ Finch,S Aravind,18,24,0,4,133.33
AJ Finch,S Badree,10,30,0,2,300.0
AJ Finch,S Gopal,10,8,4,3,80.0
AJ Finch,S Kaul,24,28,2,4,116.67
AJ Finch,S Nadeem,70,68,4,6,97.14
AJ Finch,S Sreesanth,10,14,0,2,140.0
AJ Finch,SB Wagh,8,30,0,2,375.0
AJ Finch,SK Trivedi,42,54,0,4,128.57
AJ Finch,SL Malinga,40,26,4,5,65.0
AJ Finch,SM Curran,8,6,2,3,75.0
AJ Finch,SMSM Senanayake,26,26,0,2,100.0
AJ Finch,SP Narine,38,70,0,5,184.21
AJ Finch,SR Watson,18,16,0,4,88.89
AJ Finch,SS Cottrell,6,4,0,2,66.67
AJ Finch,SW Tait,14,10,2,2,71.43
AJ Finch,Sachin Baby,6,8,2,2,133.33
AJ Finch,Sandeep Sharma,86,92,2,9,106.98
AJ Finch,Shakib Al Hasan,28,72,2,4,257.14
AJ Finch,Shivam Sharma,14,4,2,2,28.57
AJ Finch,T Natarajan,16,30,0,4,187.5
AJ Finch,TA Boult,58,68,2,6,117.24
AJ Finch,TG Southee,36,44,0,3,122.22
AJ Finch,UT Yadav,40,68,4,6,170.0
AJ Finch,V Kohli,8,18,0,2,225.0
AJ Finch,V Shankar,10,16,0,2,160.0
AJ Finch,VR Aaron,22,38,0,3,172.73
AJ Finch,WD Parnell,16,10,0,2,62.5
AJ Finch,YK Pathan,8,26,0,2,325.0
AJ Finch,YS Chahal,70,90,0,6,128.57
AJ Finch,Yuvraj Singh,26,28,2,4,107.69
AJ Finch,Z Khan,38,62,2,5,163.16
AJ Hosein,A Nortje,10,10,0,2,100.0
AJ Hosein,MR Marsh,10,22,0,2,220.0
AJ Turner,B Kumar,8,4,0,2,50.0
AJ Turner,CV Varun,8,26,2,2,325.0
AJ Turner,JJ Bumrah,8,2,2,3,25.0
AJ Turner,N Thushara,8,6,0,2,75.0
AJ Turner,S Kaul,6,2,0,2,33.33
AJ Turner,SP Narine,6,4,0,2,66.67
AJ Tye,AD Russell,6,0,0,3,0.0
AJ Tye,AF Milne,8,8,0,2,100.0
AJ Tye,AR Patel,10,26,2,3,260.0
AJ Tye,DJ Bravo,8,6,0,2,75.0
AJ Tye,JJ Bumrah,14,22,0,2,157.14
AJ Tye,KC Cariappa,6,4,0,2,66.67
AJ Tye,LE Plunkett,6,2,0,2,33.33
AJ Tye,M Prasidh Krishna,10,10,2,2,100.0
AJ Tye,MJ McClenaghan,8,28,0,2,350.0
AJ Tye,MM Sharma,6,6,0,2,100.0
AJ Tye,MP Stoinis,10,12,0,2,120.0
AJ Tye,Sandeep Sharma,8,16,4,3,200.0
AJ Tye,TA Boult,8,4,2,2,50.0
AJ Tye,UT Yadav,12,8,2,3,66.67
AK Markram,A Mishra,18,28,0,2,155.56
AK Markram,A Nortje,8,0,0,2,0.0
AK Markram,AD Russell,26,38,2,6,146.15
AK Markram,AM Ghazanfar,10,14,0,2,140.0
AK Markram,AR Patel,50,70,4,6,140.0
AK Markram,AS Joseph,18,28,0,2,155.56
AK Markram,AS Roy,38,32,0,4,84.21
AK Markram,Abhishek Sharma,6,2,0,2,33.33
AK Markram,Akash Madhwal,6,6,0,2,100.0
AK Markram,Arshad Khan,16,24,0,3,150.0
AK Markram,Arshdeep Singh,54,74,4,7,137.04
AK Markram,Ashok Sharma,8,12,0,2,150.0
AK Markram,Ashwani Kumar,10,16,0,2,160.0
AK Markram,C Green,12,16,4,3,133.33
AK Markram,CH Morris,14,20,0,2,142.86
AK Markram,CJ Jordan,8,20,0,2,250.0
AK Markram,CV Varun,108,168,4,9,155.56
AK Markram,DJ Bravo,8,18,0,2,225.0
AK Markram,DL Chahar,48,54,0,7,112.5
AK Markram,E Malinga,14,16,0,2,114.29
AK Markram,G Coetzee,10,16,0,2,160.0
AK Markram,GHS Garton,14,12,2,2,85.71
AK Markram,GJ Maxwell,12,22,0,2,183.33
AK Markram,HH Pandya,36,52,2,4,144.44
AK Markram,HR Shokeen,6,18,0,2,300.0
AK Markram,HV Patel,38,44,2,5,115.79
AK Markram,Harpreet Brar,20,28,2,3,140.0
AK Markram,Harsh Dubey,36,58,0,3,161.11
AK Markram,Harshit Rana,30,34,2,4,113.33
AK Markram,JC Archer,30,36,2,3,120.0
AK Markram,JD Unadkat,18,42,0,2,233.33
AK Markram,JJ Bumrah,36,24,2,5,66.67
AK Markram,JO Holder,8,6,0,2,75.0
AK Markram,JP Behrendorff,10,6,0,2,60.0
AK Markram,JR Hazlewood,18,6,0,3,33.33
AK Markram,K Rabada,38,82,0,5,215.79
AK Markram,KH Pandya,16,8,6,5,50.0
AK Markram,KK Ahmed,36,36,4,4,100.0
AK Markram,KV Sharma,10,10,0,2,100.0
AK Markram,Kartik Tyagi,12,14,0,3,116.67
AK Markram,Kuldeep Yadav,42,64,2,5,152.38
AK Markram,LH Ferguson,48,82,2,5,170.83
AK Markram,LS Livingstone,18,14,0,3,77.78
AK Markram,M Jansen,22,34,2,3,154.55
AK Markram,M Pathirana,14,14,2,3,100.0
AK Markram,M Prasidh Krishna,40,76,4,5,190.0
AK Markram,M Theekshana,62,86,2,4,138.71
AK Markram,MA Starc,40,52,0,4,130.0
AK Markram,MG Bracewell,6,6,0,2,100.0
AK Markram,MJ Santner,26,48,2,3,184.62
AK Markram,MK Lomror,8,6,0,3,75.0
AK Markram,MM Ali,12,14,2,2,116.67
AK Markram,MM Sharma,12,14,0,2,116.67
AK Markram,MR Marsh,24,34,2,3,141.67
AK Markram,Mohammed Shami,24,34,4,5,141.67
AK Markram,Mohammed Siraj,76,94,0,7,123.68
AK Markram,Mohit Rathee,8,16,0,2,200.0
AK Markram,Mukesh Kumar,14,22,0,3,157.14
AK Markram,Mustafizur Rahman,20,22,0,3,110.0
AK Markram,N Rana,6,6,0,2,100.0
AK Markram,NM Coulter-Nile,20,24,0,3,120.0
AK Markram,NT Ellis,22,48,0,3,218.18
AK Markram,Navdeep Saini,10,32,0,2,320.0
AK Markram,Nithish Kumar Reddy,14,20,0,3,142.86
AK Markram,Noor Ahmad,24,22,0,3,91.67
AK Markram,OC McCoy,6,10,0,2,166.67
AK Markram,PJ Cummins,26,52,0,3,200.0
AK Markram,PP Chawla,10,16,0,3,160.0
AK Markram,PVD Chameera,12,10,2,2,83.33
AK Markram,PWH de Silva,22,32,4,3,145.45
AK Markram,R Ashwin,22,16,0,2,72.73
AK Markram,R Parag,12,34,0,3,283.33
AK Markram,R Sai Kishore,12,14,2,3,116.67
AK Markram,RA Jadeja,48,54,0,5,112.5
AK Markram,RD Chahar,48,48,2,4,100.0
AK Markram,RJW Topley,6,6,0,2,100.0
AK Markram,RP Meredith,8,4,0,3,50.0
AK Markram,Raghu Sharma,20,32,0,2,160.0
AK Markram,Ramandeep Singh,6,2,2,2,33.33
AK Markram,Rashid Khan,50,54,0,5,108.0
AK Markram,Rasikh Salam,10,18,2,3,180.0
AK Markram,Ravi Bishnoi,24,30,0,3,125.0
AK Markram,SH Johnson,16,44,0,2,275.0
AK Markram,SM Curran,6,4,0,2,66.67
AK Markram,SN Thakur,28,32,2,5,114.29
AK Markram,SP Narine,116,104,4,10,89.66
AK Markram,SZ Mulani,8,10,0,2,125.0
AK Markram,Sandeep Sharma,14,16,0,3,114.29
AK Markram,Shahbaz Ahmed,10,6,2,3,60.0
AK Markram,Shivang Kumar,8,12,2,2,150.0
AK Markram,Suyash Sharma,22,56,0,3,254.55
AK Markram,TA Boult,28,48,2,6,171.43
AK Markram,TG Southee,14,12,0,3,85.71
AK Markram,TU Deshpande,26,28,0,4,107.69
AK Markram,UT Yadav,16,40,4,4,250.0
AK Markram,V Nigam,10,18,2,3,180.0
AK Markram,V Puthur,24,36,0,2,150.0
AK Markram,VG Arora,50,68,4,7,136.0
AK Markram,Vijaykumar Vyshak,18,34,0,3,188.89
AK Markram,XC Bartlett,14,46,0,2,328.57
AK Markram,YS Chahal,40,50,2,5,125.0
AK Markram,Yash Dayal,40,36,2,5,90.0
AK Markram,Yudhvir Singh,6,12,0,2,200.0
AK Markram,Zeeshan Ansari,12,24,0,2,200.0
AL Menaria,A Ashish Reddy,8,18,0,2,225.0
AL Menaria,A Mishra,24,34,2,3,141.67
AL Menaria,A Nehra,14,12,2,3,85.71
AL Menaria,AD Mathews,18,14,0,2,77.78
AL Menaria,Anand Rajan,10,16,0,2,160.0
AL Menaria,B Kumar,6,4,0,2,66.67
AL Menaria,B Lee,10,4,2,3,40.0
AL Menaria,BJ Hodge,14,12,2,2,85.71
AL Menaria,DE Bollinger,8,4,2,2,50.0
AL Menaria,DJ Bravo,18,30,0,3,166.67
AL Menaria,DS Kulkarni,8,6,2,2,75.0
AL Menaria,DT Christian,10,4,0,2,40.0
AL Menaria,DW Steyn,10,4,0,3,40.0
AL Menaria,Harbhajan Singh,20,16,0,3,80.0
AL Menaria,IK Pathan,10,12,2,2,120.0
AL Menaria,Iqbal Abdulla,16,38,0,3,237.5
AL Menaria,JE Taylor,6,14,0,2,233.33
AL Menaria,JH Kallis,24,38,0,3,158.33
AL Menaria,JP Duminy,6,4,0,2,66.67
AL Menaria,KA Pollard,14,28,2,3,200.0
AL Menaria,M Kartik,10,22,0,3,220.0
AL Menaria,MM Patel,14,10,0,3,71.43
AL Menaria,NL McCullum,20,24,0,2,120.0
AL Menaria,P Awana,26,18,0,2,69.23
AL Menaria,P Negi,8,4,2,2,50.0
AL Menaria,P Parameswaran,18,20,0,2,111.11
AL Menaria,PC Valthaty,16,30,0,2,187.5
AL Menaria,PP Chawla,40,54,4,4,135.0
AL Menaria,R Ashwin,30,18,4,5,60.0
AL Menaria,R Bhatia,26,28,0,4,107.69
AL Menaria,R McLaren,6,12,0,2,200.0
AL Menaria,R Sharma,12,4,2,2,33.33
AL Menaria,RA Jadeja,28,28,0,4,100.0
AL Menaria,RE van der Merwe,10,18,0,2,180.0
AL Menaria,RJ Harris,14,10,0,3,71.43
AL Menaria,RP Singh,10,24,0,2,240.0
AL Menaria,S Nadeem,10,14,0,2,140.0
AL Menaria,S Randiv,6,2,0,2,33.33
AL Menaria,S Sreesanth,8,12,0,2,150.0
AL Menaria,SB Jakati,14,10,0,3,71.43
AL Menaria,SL Malinga,12,6,0,3,50.0
AL Menaria,SP Narine,16,22,0,2,137.5
AL Menaria,Shakib Al Hasan,24,22,0,4,91.67
AL Menaria,Y Gnaneswara Rao,10,14,0,2,140.0
AL Menaria,YK Pathan,28,26,2,5,92.86
AM Nayar,A Ashish Reddy,6,14,0,2,233.33
AM Nayar,A Flintoff,16,50,0,2,312.5
AM Nayar,A Kumble,6,6,0,2,100.0
AM Nayar,A Mishra,48,30,2,6,62.5
AM Nayar,A Nehra,14,4,4,3,28.57
AM Nayar,AB Agarkar,14,16,0,3,114.29
AM Nayar,AB Dinda,14,4,0,2,28.57
AM Nayar,AN Ahmed,8,6,2,3,75.0
AM Nayar,AR Patel,6,2,0,2,33.33
AM Nayar,Azhar Mahmood,14,16,0,3,114.29
AM Nayar,B Akhil,10,12,0,2,120.0
AM Nayar,BJ Hodge,18,20,2,3,111.11
AM Nayar,BW Hilfenhaus,8,10,0,2,125.0
AM Nayar,CH Gayle,12,4,0,2,33.33
AM Nayar,D Kalyankrishna,14,26,0,2,185.71
AM Nayar,D du Preez,10,24,0,2,240.0
AM Nayar,DE Bollinger,6,4,0,2,66.67
AM Nayar,DNT Zoysa,14,32,2,3,228.57
AM Nayar,DT Christian,14,20,0,2,142.86
AM Nayar,DW Steyn,20,18,2,5,90.0
AM Nayar,Harbhajan Singh,12,18,2,3,150.0
AM Nayar,I Sharma,10,12,0,3,120.0
AM Nayar,IC Pandey,6,0,0,2,0.0
AM Nayar,IK Pathan,18,14,4,4,77.78
AM Nayar,J Botha,18,38,0,3,211.11
AM Nayar,JA Morkel,12,18,0,3,150.0
AM Nayar,JD Ryder,34,32,2,3,94.12
AM Nayar,JH Kallis,12,16,0,3,133.33
AM Nayar,JP Duminy,6,4,0,2,66.67
AM Nayar,JR Hopes,14,14,0,3,100.0
AM Nayar,Joginder Sharma,14,24,0,3,171.43
AM Nayar,K Goel,8,14,0,2,175.0
AM Nayar,KA Pollard,6,10,0,2,166.67
AM Nayar,KK Cooper,12,14,2,2,116.67
AM Nayar,KP Pietersen,8,8,2,3,100.0
AM Nayar,L Balaji,10,8,0,2,80.0
AM Nayar,M Kartik,30,22,4,6,73.33
AM Nayar,M Muralitharan,50,40,0,4,80.0
AM Nayar,MG Johnson,30,32,0,4,106.67
AM Nayar,MM Patel,10,26,0,2,260.0
AM Nayar,MM Sharma,6,4,0,2,66.67
AM Nayar,P Amarnath,14,48,0,2,342.86
AM Nayar,P Awana,22,24,0,3,109.09
AM Nayar,P Kumar,28,30,2,4,107.14
AM Nayar,PJ Sangwan,10,4,0,2,40.0
AM Nayar,PP Chawla,32,30,2,5,93.75
AM Nayar,PP Ojha,22,18,2,5,81.82
AM Nayar,R Ashwin,8,10,0,3,125.0
AM Nayar,R Bhatia,24,20,0,4,83.33
AM Nayar,R Rampaul,12,10,0,2,83.33
AM Nayar,R Vinay Kumar,32,58,0,6,181.25
AM Nayar,RE van der Merwe,16,8,0,2,50.0
AM Nayar,RG Sharma,6,0,2,2,0.0
AM Nayar,RJ Harris,10,10,0,2,100.0
AM Nayar,RP Singh,12,20,2,3,166.67
AM Nayar,RR Powar,6,4,0,2,66.67
AM Nayar,S Aravind,6,0,2,2,0.0
AM Nayar,SB Jakati,16,40,0,3,250.0
AM Nayar,SK Raina,20,20,0,3,100.0
AM Nayar,SK Trivedi,22,24,0,5,109.09
AM Nayar,SK Warne,32,48,0,4,150.0
AM Nayar,SL Malinga,16,14,2,3,87.5
AM Nayar,SR Watson,20,12,0,4,60.0
AM Nayar,Shahid Afridi,18,42,0,3,233.33
AM Nayar,T Thushara,8,18,0,2,225.0
AM Nayar,V Sehwag,8,2,2,2,25.0
AM Nayar,VR Aaron,6,10,0,2,166.67
AM Nayar,VRV Singh,14,34,0,2,242.86
AM Nayar,WD Parnell,10,10,0,2,100.0
AM Nayar,Y Venugopal Rao,18,28,0,3,155.56
AM Nayar,YK Pathan,8,6,0,3,75.0
AM Nayar,YS Chahal,8,8,0,2,100.0
AM Nayar,Z Khan,6,4,0,3,66.67
AM Rahane,A Kamboj,34,58,0,4,170.59
AM Rahane,A Kumble,28,44,0,2,157.14
AM Rahane,A Mishra,156,192,6,11,123.08
AM Rahane,A Mithun,18,32,0,2,177.78
AM Rahane,A Nehra,88,118,0,7,134.09
AM Rahane,A Nortje,12,14,0,2,116.67
AM Rahane,A Zampa,16,22,0,3,137.5
AM Rahane,AA Kazi,8,20,0,2,250.0
AM Rahane,AB Agarkar,60,78,2,4,130.0
AM Rahane,AB Dinda,28,18,0,4,64.29
AM Rahane,AC Thomas,8,8,0,2,100.0
AM Rahane,AD Mathews,86,104,2,6,120.93
AM Rahane,AD Russell,78,112,2,8,143.59
AM Rahane,AF Milne,34,44,0,4,129.41
AM Rahane,AJ Hosein,10,10,0,2,100.0
AM Rahane,AJ Tye,6,2,2,2,33.33
AM Rahane,AM Ghazanfar,18,28,0,2,155.56
AM Rahane,AM Salvi,10,20,0,2,200.0
AM Rahane,AR Patel,166,216,4,14,130.12
AM Rahane,AS Joseph,16,36,0,3,225.0
AM Rahane,AS Rajpoot,6,8,0,3,133.33
AM Rahane,Abhishek Sharma,18,26,0,3,144.44
AM Rahane,Akash Deep,22,46,0,3,209.09
AM Rahane,Akash Madhwal,6,22,0,2,366.67
AM Rahane,Anand Rajan,18,26,0,2,144.44
AM Rahane,Ankit Sharma,16,16,0,2,100.0
AM Rahane,Anureet Singh,22,22,2,3,100.0
AM Rahane,Arshad Khan,16,50,0,2,312.5
AM Rahane,Arshdeep Singh,52,66,4,7,126.92
AM Rahane,Auqib Nabi,16,36,0,2,225.0
AM Rahane,Avesh Khan,24,58,0,3,241.67
AM Rahane,Azhar Mahmood,42,46,0,3,109.52
AM Rahane,B Kumar,248,218,14,20,87.9
AM Rahane,B Lee,16,2,0,4,12.5
AM Rahane,BE Hendricks,10,12,0,2,120.0
AM Rahane,BW Hilfenhaus,34,24,0,3,70.59
AM Rahane,Basil Thampi,8,6,0,3,75.0
AM Rahane,Bipul Sharma,50,26,4,5,52.0
AM Rahane,C Green,10,28,2,3,280.0
AM Rahane,C Sakariya,6,10,0,2,166.67
AM Rahane,C de Grandhomme,20,18,0,3,90.0
AM Rahane,CH Morris,52,84,0,7,161.54
AM Rahane,CJ Anderson,6,12,0,2,200.0
AM Rahane,CJ Jordan,18,36,0,2,200.0
AM Rahane,CR Brathwaite,20,28,0,3,140.0
AM Rahane,CR Woakes,28,44,2,3,157.14
AM Rahane,CV Varun,22,42,2,3,190.91
AM Rahane,D Wiese,20,34,0,3,170.0
AM Rahane,DE Bollinger,18,10,0,4,55.56
AM Rahane,DG Nalkande,12,24,2,2,200.0
AM Rahane,DJ Bravo,56,116,2,6,207.14
AM Rahane,DJ Willey,10,6,0,2,60.0
AM Rahane,DJG Sammy,24,20,0,4,83.33
AM Rahane,DL Chahar,66,64,8,7,96.97
AM Rahane,DL Vettori,30,26,0,3,86.67
AM Rahane,DP Nannes,14,26,0,3,185.71
AM Rahane,DR Sams,18,16,0,3,88.89
AM Rahane,DS Kulkarni,50,42,4,4,84.0
AM Rahane,DS Rathi,38,52,2,3,136.84
AM Rahane,DT Christian,10,22,0,2,220.0
AM Rahane,DW Steyn,64,36,4,7,56.25
AM Rahane,E Malinga,14,18,0,2,128.57
AM Rahane,G Coetzee,6,0,2,2,0.0
AM Rahane,GJ Maxwell,26,32,0,5,123.08
AM Rahane,GS Sandhu,24,42,0,2,175.0
AM Rahane,Gurjapneet Singh,8,26,0,2,325.0
AM Rahane,HH Pandya,60,132,2,7,220.0
AM Rahane,HV Patel,52,78,2,8,150.0
AM Rahane,Harbhajan Singh,60,54,2,6,90.0
AM Rahane,Harmeet Singh,22,38,0,2,172.73
AM Rahane,Harpreet Brar,10,4,2,2,40.0
AM Rahane,Harsh Dubey,8,8,0,2,100.0
AM Rahane,Harshit Rana,6,20,0,2,333.33
AM Rahane,I Sharma,118,130,4,12,110.17
AM Rahane,I Udana,12,28,0,2,233.33
AM Rahane,IC Pandey,20,28,0,3,140.0
AM Rahane,IK Pathan,64,86,0,6,134.38
AM Rahane,Imran Tahir,40,30,2,4,75.0
AM Rahane,Iqbal Abdulla,28,46,0,3,164.29
AM Rahane,J Little,10,30,0,2,300.0
AM Rahane,J Suchith,28,34,0,2,121.43
AM Rahane,J Yadav,26,20,0,2,76.92
AM Rahane,JA Duffy,6,20,0,2,333.33
AM Rahane,JA Morkel,40,50,2,5,125.0
AM Rahane,JC Archer,22,2,2,4,9.09
AM Rahane,JD Unadkat,72,72,10,8,100.0
AM Rahane,JE Taylor,8,20,0,2,250.0
AM Rahane,JEC Franklin,8,12,0,2,150.0
AM Rahane,JH Kallis,36,38,0,5,105.56
AM Rahane,JJ Bumrah,110,136,0,14,123.64
AM Rahane,JL Pattinson,12,16,0,2,133.33
AM Rahane,JO Holder,40,58,2,5,145.0
AM Rahane,JP Behrendorff,32,48,0,3,150.0
AM Rahane,JP Duminy,38,46,0,4,121.05
AM Rahane,JP Faulkner,32,38,2,3,118.75
AM Rahane,JR Hazlewood,8,8,2,3,100.0
AM Rahane,K Kartikeya,18,10,2,3,55.56
AM Rahane,K Rabada,70,86,2,6,122.86
AM Rahane,K Upadhyay,20,36,0,2,180.0
AM Rahane,K Yadav,6,6,0,2,100.0
AM Rahane,KA Pollard,22,28,2,4,127.27
AM Rahane,KH Pandya,106,122,8,11,115.09
AM Rahane,KJ Abbott,16,20,0,3,125.0
AM Rahane,KK Ahmed,52,56,2,7,107.69
AM Rahane,KP Appanna,14,14,2,3,100.0
AM Rahane,KV Sharma,104,124,6,10,119.23
AM Rahane,KW Richardson,12,12,0,2,100.0
AM Rahane,Kuldeep Yadav,70,62,6,7,88.57
AM Rahane,L Balaji,26,18,2,4,69.23
AM Rahane,L Ngidi,6,12,0,2,200.0
AM Rahane,LR Shukla,8,8,0,3,100.0
AM Rahane,M Ashwin,20,28,0,3,140.0
AM Rahane,M Jansen,18,36,0,2,200.0
AM Rahane,M Kartik,26,26,0,4,100.0
AM Rahane,M Markande,26,34,2,5,130.77
AM Rahane,M Morkel,136,176,2,9,129.41
AM Rahane,M Muralitharan,28,44,0,2,157.14
AM Rahane,M Prasidh Krishna,38,60,2,5,157.89
AM Rahane,M Siddharth,10,18,0,2,180.0
AM Rahane,M Theekshana,20,22,0,3,110.0
AM Rahane,M Tiwari,6,6,0,2,100.0
AM Rahane,MA Starc,74,98,2,8,132.43
AM Rahane,MC Henriques,8,16,0,2,200.0
AM Rahane,MG Johnson,102,172,4,8,168.63
AM Rahane,MJ Henry,24,26,2,3,108.33
AM Rahane,MJ McClenaghan,110,152,4,9,138.18
AM Rahane,MJ Santner,30,38,2,3,126.67
AM Rahane,MM Patel,14,24,0,2,171.43
AM Rahane,MM Sharma,82,120,4,10,146.34
AM Rahane,MR Marsh,14,34,0,3,242.86
AM Rahane,MS Gony,14,20,0,2,142.86
AM Rahane,Mandeep Singh,8,12,0,2,150.0
AM Rahane,Mayank Dagar,20,18,0,3,90.0
AM Rahane,Mohammad Nabi,10,10,0,2,100.0
AM Rahane,Mohammed Shami,138,216,0,11,156.52
AM Rahane,Mohammed Siraj,78,50,6,10,64.1
AM Rahane,Mohsin Khan,20,14,2,3,70.0
AM Rahane,Mujeeb Ur Rahman,12,10,0,3,83.33
AM Rahane,Mukesh Kumar,16,18,2,3,112.5
AM Rahane,Mustafizur Rahman,14,4,0,3,28.57
AM Rahane,NA Saini,14,20,0,2,142.86
AM Rahane,NM Coulter-Nile,68,110,0,5,161.76
AM Rahane,Nithish Kumar Reddy,6,2,0,2,33.33
AM Rahane,Noor Ahmad,34,32,2,6,94.12
AM Rahane,P Awana,46,72,0,4,156.52
AM Rahane,P Kumar,112,88,2,9,78.57
AM Rahane,P Negi,50,42,2,5,84.0
AM Rahane,P Suyal,12,16,0,2,133.33
AM Rahane,PC Valthaty,8,22,0,2,275.0
AM Rahane,PJ Cummins,42,58,2,6,138.1
AM Rahane,PJ Sangwan,32,32,4,3,100.0
AM Rahane,PP Chawla,202,292,6,13,144.55
AM Rahane,PP Ojha,36,58,0,4,161.11
AM Rahane,PV Tambe,10,8,2,2,80.0
AM Rahane,PWH de Silva,28,26,4,4,92.86
AM Rahane,Parvez Rasool,10,16,0,2,160.0
AM Rahane,Prince Yadav,6,4,0,2,66.67
AM Rahane,R Ashwin,114,108,12,13,94.74
AM Rahane,R Bhatia,26,18,2,4,69.23
AM Rahane,R Dhawan,34,28,2,4,82.35
AM Rahane,R Goyal,8,8,0,2,100.0
AM Rahane,R Parag,26,22,2,3,84.62
AM Rahane,R Rampaul,28,20,2,4,71.43
AM Rahane,R Sai Kishore,24,26,2,3,108.33
AM Rahane,R Sathish,20,20,0,3,100.0
AM Rahane,R Sharma,52,58,2,4,111.54
AM Rahane,R Shukla,28,48,0,2,171.43
AM Rahane,R Tewatia,28,24,0,3,85.71
AM Rahane,R Vinay Kumar,122,156,4,9,127.87
AM Rahane,RA Jadeja,72,78,4,8,108.33
AM Rahane,RD Chahar,18,24,2,4,133.33
AM Rahane,RE van der Merwe,26,26,0,3,100.0
AM Rahane,RJ Harris,16,12,2,3,75.0
AM Rahane,RP Singh,56,40,0,6,71.43
AM Rahane,RS Bopara,26,24,0,2,92.31
AM Rahane,Rashid Khan,98,122,2,10,124.49
AM Rahane,Rasikh Salam,28,60,0,3,214.29
AM Rahane,Ravi Bishnoi,16,24,0,3,150.0
AM Rahane,S Aravind,54,108,0,4,200.0
AM Rahane,S Badree,24,22,4,3,91.67
AM Rahane,S Gopal,32,34,2,3,106.25
AM Rahane,S Kaul,74,74,2,8,100.0
AM Rahane,S Kaushik,10,12,0,2,120.0
AM Rahane,S Nadeem,140,180,8,11,128.57
AM Rahane,S Narwal,12,10,0,2,83.33
AM Rahane,S Sreesanth,10,14,2,2,140.0
AM Rahane,SB Bangar,6,0,2,2,0.0
AM Rahane,SB Jakati,32,54,0,3,168.75
AM Rahane,SK Trivedi,8,4,0,2,50.0
AM Rahane,SK Warne,6,2,2,2,33.33
AM Rahane,SL Malinga,108,96,0,9,88.89
AM Rahane,SM Curran,28,52,0,3,185.71
AM Rahane,SMSM Senanayake,8,2,2,2,25.0
AM Rahane,SN Thakur,42,64,4,6,152.38
AM Rahane,SP Narine,122,152,8,13,124.59
AM Rahane,SR Watson,32,46,2,4,143.75
AM Rahane,STR Binny,34,52,0,3,152.94
AM Rahane,Sakib Hussain,12,6,2,2,50.0
AM Rahane,Sandeep Sharma,158,150,4,11,94.94
AM Rahane,Shahbaz Ahmed,24,30,0,2,125.0
AM Rahane,Shakib Al Hasan,100,108,4,9,108.0
AM Rahane,Shivam Sharma,14,26,0,2,185.71
AM Rahane,Shivang Kumar,16,18,0,2,112.5
AM Rahane,Simarjeet Singh,8,14,0,2,175.0
AM Rahane,Suyash Sharma,38,58,0,3,152.63
AM Rahane,Swapnil Singh,16,18,0,3,112.5
AM Rahane,T Natarajan,6,4,2,4,66.67
AM Rahane,T Shamsi,22,24,2,2,109.09
AM Rahane,TA Boult,102,110,6,9,107.84
AM Rahane,TG Southee,40,52,2,4,130.0
AM Rahane,TU Deshpande,24,24,0,2,100.0
AM Rahane,UT Yadav,148,216,4,15,145.95
AM Rahane,V Kohli,12,14,0,2,116.67
AM Rahane,V Shankar,10,18,0,3,180.0
AM Rahane,VR Aaron,30,60,0,3,200.0
AM Rahane,VY Mahesh,12,6,2,2,50.0
AM Rahane,WD Parnell,38,52,2,4,136.84
AM Rahane,Washington Sundar,62,104,4,6,167.74
AM Rahane,XC Bartlett,20,24,0,3,120.0
AM Rahane,Y Prithvi Raj,12,34,0,2,283.33
AM Rahane,YK Pathan,24,24,0,3,100.0
AM Rahane,YS Chahal,90,92,8,11,102.22
AM Rahane,Yash Dayal,36,88,0,4,244.44
AM Rahane,Yuvraj Singh,38,50,0,5,131.58
AM Rahane,Z Khan,66,68,4,7,103.03
AM Rahane,Zeeshan Ansari,16,18,2,2,112.5
AN Ahmed,A Mithun,10,24,0,2,240.0
AN Ahmed,SK Raina,12,6,0,2,50.0
AN Ahmed,Z Khan,12,6,0,2,50.0
AN Ghosh,R Vinay Kumar,10,12,2,2,120.0
AP Dole,DS Kulkarni,8,22,0,2,275.0
AP Dole,Harbhajan Singh,8,10,2,2,125.0
AP Dole,SL Malinga,10,14,0,2,140.0
AP Dole,Z Khan,10,14,0,2,140.0
AP Majumdar,A Chandila,6,0,2,2,0.0
AP Majumdar,AA Chavan,12,32,0,2,266.67
AP Majumdar,HV Patel,20,18,2,2,90.0
AP Majumdar,KP Appanna,20,36,0,2,180.0
AP Majumdar,M Muralitharan,12,8,0,2,66.67
AP Majumdar,R Bhatia,12,10,0,2,83.33
AP Majumdar,SK Trivedi,14,14,0,2,100.0
AP Majumdar,SP Narine,8,2,0,2,25.0
AP Majumdar,SR Watson,10,18,0,2,180.0
AP Majumdar,STR Binny,10,6,0,2,60.0
AP Majumdar,Shakib Al Hasan,14,8,2,2,57.14
AP Majumdar,YK Pathan,6,8,0,2,133.33
AP Tare,A Uniyal,12,30,0,2,250.0
AP Tare,AA Chavan,16,18,0,2,112.5
AP Tare,AB Dinda,14,0,2,3,0.0
AP Tare,Anureet Singh,8,6,2,2,75.0
AP Tare,Azhar Mahmood,10,20,0,2,200.0
AP Tare,B Stanlake,18,18,0,2,100.0
AP Tare,BW Hilfenhaus,8,18,0,2,225.0
AP Tare,DW Steyn,18,16,2,3,88.89
AP Tare,IC Pandey,14,20,2,3,142.86
AP Tare,Imran Tahir,6,8,2,2,133.33
AP Tare,Iqbal Abdulla,6,14,0,2,233.33
AP Tare,JA Morkel,30,22,4,4,73.33
AP Tare,JH Kallis,8,10,2,3,125.0
AP Tare,JP Faulkner,26,60,0,4,230.77
AP Tare,KK Cooper,16,14,4,3,87.5
AP Tare,L Balaji,10,30,0,2,300.0
AP Tare,M Morkel,16,16,0,3,100.0
AP Tare,MA Starc,6,2,0,2,33.33
AP Tare,MM Sharma,22,28,2,4,127.27
AP Tare,MR Marsh,16,12,0,2,75.0
AP Tare,Mohammed Shami,8,10,0,2,125.0
AP Tare,NLTC Perera,6,4,0,2,66.67
AP Tare,P Kumar,10,10,0,3,100.0
AP Tare,PJ Sangwan,16,32,2,2,200.0
AP Tare,PV Tambe,16,24,0,2,150.0
AP Tare,R Ashwin,10,8,0,2,80.0
AP Tare,R Vinay Kumar,16,24,0,2,150.0
AP Tare,S Nadeem,12,8,0,3,66.67
AP Tare,SE Bond,6,2,2,2,33.33
AP Tare,SK Trivedi,10,16,0,2,160.0
AP Tare,SP Narine,12,18,0,3,150.0
AP Tare,SR Watson,18,38,0,3,211.11
AP Tare,STR Binny,8,18,0,2,225.0
AP Tare,SW Tait,12,16,0,2,133.33
AP Tare,Sandeep Sharma,20,22,2,4,110.0
AP Tare,Shakib Al Hasan,18,6,4,3,33.33
AP Tare,TS Mills,6,0,2,2,0.0
AP Tare,VR Aaron,10,14,2,2,140.0
AP Tare,VS Malik,20,12,0,2,60.0
AR Bawne,CR Woakes,10,8,0,2,80.0
AR Bawne,NM Coulter-Nile,6,12,0,2,200.0
AR Bawne,SP Narine,8,4,0,2,50.0
AR Patel,A Choudhary,6,10,0,2,166.67
AR Patel,A Mishra,32,36,0,5,112.5
AR Patel,A Nehra,8,22,0,2,275.0
AR Patel,A Zampa,12,24,0,2,200.0
AR Patel,AD Mathews,18,12,0,2,66.67
AR Patel,AD Russell,24,70,0,4,291.67
AR Patel,AJ Tye,26,48,2,3,184.62
AR Patel,AK Markram,8,6,0,3,75.0
AR Patel,AS Joseph,8,8,0,2,100.0
AR Patel,AS Roy,18,16,0,5,88.89
AR Patel,Anureet Singh,8,16,0,3,200.0
AR Patel,Arshad Khan,10,10,0,2,100.0
AR Patel,Arshdeep Singh,14,20,0,4,142.86
AR Patel,Avesh Khan,42,50,0,4,119.05
AR Patel,Azmatullah Omarzai,16,12,0,2,75.0
AR Patel,B Kumar,80,124,6,14,155.0
AR Patel,BA Stokes,22,6,0,3,27.27
AR Patel,BCJ Cutting,6,4,0,3,66.67
AR Patel,BJ Dwarshuis,14,34,0,2,242.86
AR Patel,Basil Thampi,18,32,0,4,177.78
AR Patel,C Green,34,50,0,4,147.06
AR Patel,C de Grandhomme,8,4,0,2,50.0
AR Patel,CH Morris,32,38,2,5,118.75
AR Patel,CJ Anderson,16,26,0,2,162.5
AR Patel,CR Brathwaite,20,12,0,2,60.0
AR Patel,CV Varun,82,64,6,8,78.05
AR Patel,D Ferreira,6,16,0,2,266.67
AR Patel,D Wiese,10,16,0,3,160.0
AR Patel,DJ Bravo,64,56,8,9,87.5
AR Patel,DR Sams,12,42,0,3,350.0
AR Patel,DR Smith,8,32,2,2,400.0
AR Patel,DS Rathi,20,34,2,3,170.0
AR Patel,DT Christian,8,8,2,2,100.0
AR Patel,Gurjapneet Singh,12,4,4,3,33.33
AR Patel,HR Shokeen,10,24,0,2,240.0
AR Patel,HV Patel,38,44,2,7,115.79
AR Patel,Harpreet Brar,12,20,0,4,166.67
AR Patel,Harshit Rana,20,22,0,4,110.0
AR Patel,I Sharma,14,16,0,3,114.29
AR Patel,Imran Tahir,56,54,6,7,96.43
AR Patel,Iqbal Abdulla,8,16,0,2,200.0
AR Patel,J Little,12,20,0,3,166.67
AR Patel,J Yadav,22,12,2,4,54.55
AR Patel,JC Archer,14,18,0,3,128.57
AR Patel,JD Unadkat,42,54,2,5,128.57
AR Patel,JJ Bumrah,104,106,8,16,101.92
AR Patel,JO Holder,16,26,0,2,162.5
AR Patel,JP Behrendorff,12,28,2,2,233.33
AR Patel,JP Duminy,16,12,0,3,75.0
AR Patel,JP Faulkner,20,22,0,3,110.0
AR Patel,JPR Scantlebury-Searles,8,12,0,2,150.0
AR Patel,JR Hazlewood,38,42,2,7,110.53
AR Patel,K Gowtham,12,10,2,4,83.33
AR Patel,K Khejroliya,10,14,2,3,140.0
AR Patel,K Rabada,12,18,0,3,150.0
AR Patel,K Santokie,8,10,0,2,125.0
AR Patel,KA Pollard,26,38,2,3,146.15
AR Patel,KH Pandya,42,52,0,7,123.81
AR Patel,KK Ahmed,6,2,2,3,33.33
AR Patel,KV Sharma,18,46,0,4,255.56
AR Patel,Kartik Tyagi,28,36,0,4,128.57
AR Patel,Kuldeep Yadav,14,26,2,3,185.71
AR Patel,LH Ferguson,22,32,2,3,145.45
AR Patel,LS Livingstone,14,14,0,2,100.0
AR Patel,M Jansen,22,42,0,2,190.91
AR Patel,M Markande,34,56,0,4,164.71
AR Patel,M Morkel,12,18,0,3,150.0
AR Patel,M Pathirana,26,38,2,4,146.15
AR Patel,M Prasidh Krishna,20,16,4,4,80.0
AR Patel,M Siddharth,6,16,0,2,266.67
AR Patel,M Theekshana,18,50,2,3,277.78
AR Patel,MA Starc,10,10,2,4,100.0
AR Patel,MC Henriques,26,44,2,5,169.23
AR Patel,MD Shanaka,6,14,0,2,233.33
AR Patel,MJ McClenaghan,24,26,2,5,108.33
AR Patel,MM Ali,22,18,2,5,81.82
AR Patel,MM Sharma,16,16,2,3,100.0
AR Patel,MP Stoinis,28,44,2,4,157.14
AR Patel,Mohammad Nabi,14,8,0,2,57.14
AR Patel,Mohammed Shami,52,58,2,7,111.54
AR Patel,Mohammed Siraj,32,42,0,6,131.25
AR Patel,Mohsin Khan,10,12,0,3,120.0
AR Patel,Mustafizur Rahman,20,16,0,4,80.0
AR Patel,N Rana,12,10,0,2,83.33
AR Patel,N Thushara,6,16,0,2,266.67
AR Patel,NA Saini,6,10,0,2,166.67
AR Patel,NM Coulter-Nile,26,32,4,4,123.08
AR Patel,Noor Ahmad,46,72,4,5,156.52
AR Patel,P Kumar,16,12,2,3,75.0
AR Patel,P Negi,6,6,0,2,100.0
AR Patel,PJ Cummins,30,34,0,5,113.33
AR Patel,PP Chawla,10,8,0,4,80.0
AR Patel,PV Tambe,18,22,0,2,122.22
AR Patel,PVD Chameera,10,22,0,2,220.0
AR Patel,PWH de Silva,20,56,0,3,280.0
AR Patel,Prince Yadav,6,4,2,3,66.67
AR Patel,R Ashwin,52,30,6,8,57.69
AR Patel,R Bhatia,6,8,0,2,133.33
AR Patel,R Parag,10,18,0,2,180.0
AR Patel,R Sai Kishore,16,30,0,2,187.5
AR Patel,RA Jadeja,80,148,0,12,185.0
AR Patel,RD Chahar,44,40,2,7,90.91
AR Patel,RP Meredith,10,24,0,2,240.0
AR Patel,Rashid Khan,136,178,6,13,130.88
AR Patel,Rasikh Salam,8,16,0,2,200.0
AR Patel,Ravi Bishnoi,24,50,0,4,208.33
AR Patel,S Aravind,6,16,0,2,266.67
AR Patel,S Kaul,14,34,2,3,242.86
AR Patel,S Sandeep Warrier,8,4,0,2,50.0
AR Patel,SK Raina,6,12,0,2,200.0
AR Patel,SL Malinga,32,54,0,5,168.75
AR Patel,SN Thakur,36,52,2,7,144.44
AR Patel,SP Narine,114,114,8,16,100.0
AR Patel,SR Watson,24,42,2,3,175.0
AR Patel,STR Binny,8,4,0,2,50.0
AR Patel,Sandeep Sharma,30,34,0,6,113.33
AR Patel,Shakib Al Hasan,8,10,0,3,125.0
AR Patel,Suyash Sharma,20,26,2,4,130.0
AR Patel,T Natarajan,24,34,2,5,141.67
AR Patel,TA Boult,18,22,4,5,122.22
AR Patel,TG Southee,12,6,2,3,50.0
AR Patel,TS Mills,8,8,0,2,100.0
AR Patel,TU Deshpande,10,8,0,3,80.0
AR Patel,Tilak Varma,6,10,0,2,166.67
AR Patel,UT Yadav,40,58,4,8,145.0
AR Patel,Umran Malik,14,6,0,2,42.86
AR Patel,VG Arora,10,18,2,3,180.0
AR Patel,VR Aaron,12,26,0,3,216.67
AR Patel,Vijaykumar Vyshak,8,12,2,2,150.0
AR Patel,WD Parnell,14,26,0,2,185.71
AR Patel,WG Jacks,8,28,0,2,350.0
AR Patel,Washington Sundar,14,8,0,3,57.14
AR Patel,YS Chahal,66,92,6,10,139.39
AR Patel,Yash Dayal,12,2,2,3,16.67
AR Patel,Yash Raj Punja,6,12,0,2,200.0
AR Patel,Yash Thakur,8,8,0,2,100.0
AR Patel,Yudhvir Singh,8,14,0,2,175.0
AR Patel,Z Khan,22,42,0,3,190.91
AS Joseph,AS Rajpoot,6,6,0,2,100.0
AS Joseph,Akash Madhwal,10,8,0,2,80.0
AS Joseph,CJ Jordan,8,0,0,2,0.0
AS Joseph,K Rabada,6,4,0,2,66.67
AS Joseph,Mohammed Shami,14,22,0,2,157.14
AS Joseph,SM Curran,6,2,0,2,33.33
AS Rajpoot,JJ Bumrah,12,10,0,3,83.33
AS Rajpoot,Kuldeep Yadav,10,14,0,2,140.0
AS Rajpoot,MM Patel,10,4,0,2,40.0
AS Rajpoot,Mohammed Siraj,10,2,0,2,20.0
AS Rajpoot,Rashid Khan,6,4,0,2,66.67
AS Rajpoot,S Kaul,10,12,0,2,120.0
AS Rajpoot,SL Malinga,6,0,2,2,0.0
AS Rajpoot,SN Thakur,6,2,2,2,33.33
AS Raut,A Kumble,6,4,0,2,66.67
AS Raut,A Mishra,12,12,2,2,100.0
AS Raut,AM Nayar,8,4,0,2,50.0
AS Raut,Anureet Singh,18,38,0,2,211.11
AS Raut,CH Gayle,16,8,0,3,50.0
AS Raut,DE Bollinger,12,12,0,3,100.0
AS Raut,DJ Bravo,8,16,0,2,200.0
AS Raut,DW Steyn,8,4,0,2,50.0
AS Raut,FH Edwards,8,14,0,2,175.0
AS Raut,Harmeet Singh,6,0,2,2,0.0
AS Raut,Iqbal Abdulla,14,4,0,2,28.57
AS Raut,JD Unadkat,6,2,2,2,33.33
AS Raut,L Balaji,8,14,0,2,175.0
AS Raut,MF Maharoof,14,10,0,2,71.43
AS Raut,PP Chawla,12,6,2,3,50.0
AS Raut,PP Ojha,12,18,0,2,150.0
AS Raut,R Bhatia,8,4,0,2,50.0
AS Raut,R McLaren,12,22,0,2,183.33
AS Raut,R Vinay Kumar,18,46,0,2,255.56
AS Raut,RJ Harris,12,18,0,2,150.0
AS Raut,RP Singh,6,8,0,2,133.33
AS Raut,SB Jakati,10,6,2,3,60.0
AS Raut,SK Raina,8,14,0,2,175.0
AS Raut,SL Malinga,14,16,0,2,114.29
AS Raut,Shoaib Ahmed,10,8,0,2,80.0
AS Raut,Y Venugopal Rao,6,14,0,2,233.33
AS Raut,Z Khan,14,20,0,3,142.86
AS Roy,Arshdeep Singh,10,8,2,2,80.0
AS Roy,B Kumar,6,18,0,2,300.0
AS Roy,JC Archer,12,22,0,2,183.33
AS Roy,L Ngidi,8,12,0,2,150.0
AS Roy,MA Starc,6,2,4,3,33.33
AS Roy,R Parag,6,6,0,2,100.0
AS Roy,Rashid Khan,6,10,0,2,166.67
AS Roy,Ravi Bishnoi,6,18,0,2,300.0
AS Roy,T Natarajan,8,8,0,2,100.0
AS Roy,WG Jacks,6,6,0,2,100.0
AS Roy,YS Chahal,8,8,0,2,100.0
AS Yadav,DJ Hussey,12,16,2,2,133.33
AS Yadav,DW Steyn,6,0,2,2,0.0
AS Yadav,MM Patel,6,12,0,2,200.0
AS Yadav,Mohammad Hafeez,8,4,0,2,50.0
AS Yadav,R Bhatia,12,24,0,2,200.0
AS Yadav,SR Watson,12,20,2,2,166.67
AS Yadav,V Kohli,6,14,0,2,233.33
AT Carey,JC Archer,16,22,0,2,137.5
AT Carey,JJ Bumrah,12,20,0,2,166.67
AT Carey,Kartik Tyagi,6,4,0,2,66.67
AT Carey,SM Curran,6,2,2,2,33.33
AT Carey,SN Thakur,8,6,0,2,75.0
AT Rayudu,A Kumble,46,58,0,4,126.09
AT Rayudu,A Mishra,170,200,6,16,117.65
AT Rayudu,A Mithun,18,34,0,2,188.89
AT Rayudu,A Nehra,36,58,6,9,161.11
AT Rayudu,A Nortje,28,56,0,3,200.0
AT Rayudu,A Singh,16,16,0,3,100.0
AT Rayudu,A Symonds,10,20,0,2,200.0
AT Rayudu,A Zampa,20,24,0,4,120.0
AT Rayudu,AA Chavan,8,10,0,3,125.0
AT Rayudu,AA Jhunjhunwala,16,42,0,2,262.5
AT Rayudu,AB Agarkar,42,54,0,4,128.57
AT Rayudu,AB Dinda,48,56,6,7,116.67
AT Rayudu,AB McDonald,8,16,0,2,200.0
AT Rayudu,AC Thomas,16,10,2,3,62.5
AT Rayudu,AD Mascarenhas,20,30,0,2,150.0
AT Rayudu,AD Mathews,16,26,0,2,162.5
AT Rayudu,AD Russell,34,38,0,3,111.76
AT Rayudu,AF Milne,6,0,0,2,0.0
AT Rayudu,AJ Tye,22,42,0,4,190.91
AT Rayudu,AL Menaria,12,6,2,2,50.0
AT Rayudu,AR Patel,68,102,2,8,150.0
AT Rayudu,AS Joseph,14,16,2,2,114.29
AT Rayudu,AS Rajpoot,20,18,0,3,90.0
AT Rayudu,AUK Pathan,26,42,0,2,161.54
AT Rayudu,Anand Rajan,12,6,0,2,50.0
AT Rayudu,Ankit Sharma,30,34,0,4,113.33
AT Rayudu,Anureet Singh,10,8,0,3,80.0
AT Rayudu,Arshdeep Singh,16,10,0,3,62.5
AT Rayudu,Avesh Khan,74,126,0,6,170.27
AT Rayudu,Azhar Mahmood,6,12,0,3,200.0
AT Rayudu,B Kumar,138,168,4,15,121.74
AT Rayudu,B Laughlin,22,24,4,4,109.09
AT Rayudu,B Lee,34,30,0,5,88.24
AT Rayudu,B Stanlake,12,36,0,2,300.0
AT Rayudu,BA Bhatt,28,40,0,3,142.86
AT Rayudu,BA Stokes,32,44,2,5,137.5
AT Rayudu,BB Sran,24,36,2,3,150.0
AT Rayudu,BCJ Cutting,8,16,0,2,200.0
AT Rayudu,BE Hendricks,10,14,0,2,140.0
AT Rayudu,Bipul Sharma,52,48,0,4,92.31
AT Rayudu,C Sakariya,6,4,4,3,66.67
AT Rayudu,C de Grandhomme,6,10,0,2,166.67
AT Rayudu,CH Gayle,26,48,0,3,184.62
AT Rayudu,CH Morris,46,38,0,7,82.61
AT Rayudu,CJ Anderson,18,40,0,2,222.22
AT Rayudu,CJ Jordan,16,20,2,4,125.0
AT Rayudu,CL White,8,6,0,2,75.0
AT Rayudu,CR Brathwaite,8,10,0,2,125.0
AT Rayudu,CV Varun,42,52,0,5,123.81
AT Rayudu,DE Bollinger,8,18,0,3,225.0
AT Rayudu,DJ Bravo,86,88,4,10,102.33
AT Rayudu,DJ Hooda,8,14,0,3,175.0
AT Rayudu,DJG Sammy,14,18,0,3,128.57
AT Rayudu,DL Vettori,18,8,2,3,44.44
AT Rayudu,DP Nannes,16,14,0,3,87.5
AT Rayudu,DR Sams,26,30,2,3,115.38
AT Rayudu,DR Smith,20,32,0,2,160.0
AT Rayudu,DS Kulkarni,38,82,0,6,215.79
AT Rayudu,DT Christian,30,20,0,5,66.67
AT Rayudu,DW Steyn,60,66,2,8,110.0
AT Rayudu,GB Hogg,20,26,0,2,130.0
AT Rayudu,GJ Maxwell,40,62,2,6,155.0
AT Rayudu,HF Gurney,8,12,0,2,150.0
AT Rayudu,HH Pandya,48,62,0,4,129.17
AT Rayudu,HR Shokeen,20,22,0,2,110.0
AT Rayudu,HV Patel,90,110,10,10,122.22
AT Rayudu,I Sharma,28,22,4,6,78.57
AT Rayudu,I Udana,14,22,2,2,157.14
AT Rayudu,IC Pandey,30,42,0,3,140.0
AT Rayudu,IK Pathan,72,138,2,8,191.67
AT Rayudu,Imran Tahir,44,54,2,6,122.73
AT Rayudu,Iqbal Abdulla,14,20,2,3,142.86
AT Rayudu,J Little,12,4,2,2,33.33
AT Rayudu,J Syed Mohammad,16,22,0,2,137.5
AT Rayudu,J Theron,18,34,0,2,188.89
AT Rayudu,J Yadav,8,16,0,2,200.0
AT Rayudu,JA Morkel,64,72,0,7,112.5
AT Rayudu,JC Archer,26,8,4,4,30.77
AT Rayudu,JD Ryder,8,8,0,2,100.0
AT Rayudu,JD Unadkat,68,108,0,10,158.82
AT Rayudu,JDS Neesham,6,2,0,2,33.33
AT Rayudu,JE Taylor,10,22,0,2,220.0
AT Rayudu,JH Kallis,66,74,4,6,112.12
AT Rayudu,JJ Bumrah,86,120,4,10,139.53
AT Rayudu,JL Pattinson,16,18,0,2,112.5
AT Rayudu,JP Behrendorff,12,22,2,3,183.33
AT Rayudu,JP Duminy,26,14,0,3,53.85
AT Rayudu,JP Faulkner,34,36,2,5,105.88
AT Rayudu,JR Hopes,24,54,2,2,225.0
AT Rayudu,Jaskaran Singh,10,36,0,2,360.0
AT Rayudu,Joginder Sharma,14,12,0,2,85.71
AT Rayudu,K Gowtham,10,14,0,3,140.0
AT Rayudu,K Kartikeya,10,8,0,2,80.0
AT Rayudu,K Rabada,52,46,2,6,88.46
AT Rayudu,KA Pollard,8,12,0,2,150.0
AT Rayudu,KH Pandya,62,74,4,6,119.35
AT Rayudu,KK Ahmed,34,22,6,7,64.71
AT Rayudu,KK Cooper,46,84,2,6,182.61
AT Rayudu,KL Nagarkoti,20,30,2,3,150.0
AT Rayudu,KMA Paul,10,16,0,2,160.0
AT Rayudu,KP Appanna,6,12,0,2,200.0
AT Rayudu,KP Pietersen,18,22,0,2,122.22
AT Rayudu,KV Sharma,30,24,2,4,80.0
AT Rayudu,KW Richardson,12,14,0,3,116.67
AT Rayudu,Kartik Tyagi,8,2,0,2,25.0
AT Rayudu,Kuldeep Yadav,54,54,4,7,100.0
AT Rayudu,L Ablish,8,18,0,2,225.0
AT Rayudu,L Balaji,30,66,0,6,220.0
AT Rayudu,LE Plunkett,8,30,0,2,375.0
AT Rayudu,LH Ferguson,26,24,0,4,92.31
AT Rayudu,LS Livingstone,10,22,0,2,220.0
AT Rayudu,Lalit Yadav,14,28,0,2,200.0
AT Rayudu,M Ashwin,34,22,2,4,64.71
AT Rayudu,M Jansen,10,18,0,2,180.0
AT Rayudu,M Kartik,28,40,0,5,142.86
AT Rayudu,M Markande,24,12,4,4,50.0
AT Rayudu,M Morkel,56,58,2,9,103.57
AT Rayudu,M Muralitharan,46,42,0,5,91.3
AT Rayudu,M Prasidh Krishna,22,12,0,4,54.55
AT Rayudu,MA Wood,10,30,0,2,300.0
AT Rayudu,MC Henriques,52,56,2,3,107.69
AT Rayudu,MG Johnson,28,32,2,4,114.29
AT Rayudu,MJ McClenaghan,22,38,0,3,172.73
AT Rayudu,MK Tiwary,8,18,0,2,225.0
AT Rayudu,MM Ali,36,22,0,3,61.11
AT Rayudu,MM Sharma,98,142,14,15,144.9
AT Rayudu,MP Stoinis,20,36,0,4,180.0
AT Rayudu,MR Marsh,34,30,0,4,88.24
AT Rayudu,Mayank Dagar,10,14,0,2,140.0
AT Rayudu,Mohammed Shami,48,68,4,8,141.67
AT Rayudu,Mohammed Siraj,38,60,2,6,157.89
AT Rayudu,Mujeeb Ur Rahman,16,14,0,2,87.5
AT Rayudu,Mustafizur Rahman,30,46,0,3,153.33
AT Rayudu,N Rana,8,26,0,2,325.0
AT Rayudu,NA Saini,82,96,0,5,117.07
AT Rayudu,NLTC Perera,42,54,0,4,128.57
AT Rayudu,NM Coulter-Nile,24,34,0,4,141.67
AT Rayudu,OF Smith,6,0,2,2,0.0
AT Rayudu,P Awana,18,16,2,4,88.89
AT Rayudu,P Kumar,66,80,0,7,121.21
AT Rayudu,P Negi,28,44,0,5,157.14
AT Rayudu,P Sahu,14,18,0,2,128.57
AT Rayudu,PD Collingwood,16,12,0,2,75.0
AT Rayudu,PJ Cummins,20,32,2,3,160.0
AT Rayudu,PJ Sangwan,20,12,0,3,60.0
AT Rayudu,PP Chawla,112,156,12,15,139.29
AT Rayudu,PP Ojha,26,34,2,4,130.77
AT Rayudu,PV Tambe,16,22,0,3,137.5
AT Rayudu,Pankaj Singh,18,34,0,2,188.89
AT Rayudu,Parvez Rasool,6,4,0,2,66.67
AT Rayudu,R Ashwin,162,180,10,17,111.11
AT Rayudu,R Bhatia,34,40,2,5,117.65
AT Rayudu,R Dhawan,18,38,2,4,211.11
AT Rayudu,R Goyal,10,6,0,2,60.0
AT Rayudu,R Parag,28,42,0,3,150.0
AT Rayudu,R Sharma,30,30,0,4,100.0
AT Rayudu,R Tewatia,32,38,2,4,118.75
AT Rayudu,R Vinay Kumar,40,58,4,6,145.0
AT Rayudu,RA Jadeja,80,100,2,9,125.0
AT Rayudu,RD Chahar,72,110,2,6,152.78
AT Rayudu,RG Sharma,14,16,0,2,114.29
AT Rayudu,RJ Harris,28,36,0,4,128.57
AT Rayudu,RP Meredith,22,10,2,3,45.45
AT Rayudu,RP Singh,10,10,0,3,100.0
AT Rayudu,RR Powar,10,22,0,2,220.0
AT Rayudu,RS Bopara,6,4,0,2,66.67
AT Rayudu,RV Gomez,12,28,0,2,233.33
AT Rayudu,Rashid Khan,152,186,2,11,122.37
AT Rayudu,Ravi Bishnoi,38,40,2,5,105.26
AT Rayudu,S Aravind,36,36,0,2,100.0
AT Rayudu,S Badree,10,14,0,2,140.0
AT Rayudu,S Gopal,32,24,0,3,75.0
AT Rayudu,S Kaul,54,94,2,6,174.07
AT Rayudu,S Ladda,8,24,0,2,300.0
AT Rayudu,S Nadeem,96,132,6,8,137.5
AT Rayudu,SB Jakati,14,12,0,4,85.71
AT Rayudu,SB Wagh,18,14,0,3,77.78
AT Rayudu,SJ Srivastava,12,10,4,3,83.33
AT Rayudu,SK Raina,14,28,2,3,200.0
AT Rayudu,SK Trivedi,38,50,0,3,131.58
AT Rayudu,SK Warne,18,20,0,3,111.11
AT Rayudu,SL Malinga,12,14,0,2,116.67
AT Rayudu,SM Boland,8,16,0,2,200.0
AT Rayudu,SM Curran,10,8,0,3,80.0
AT Rayudu,SN Thakur,10,8,0,3,80.0
AT Rayudu,SP Narine,128,106,8,15,82.81
AT Rayudu,SR Watson,74,80,8,9,108.11
AT Rayudu,STR Binny,26,38,0,5,146.15
AT Rayudu,Sandeep Sharma,92,144,6,11,156.52
AT Rayudu,Shahbaz Ahmed,8,14,0,2,175.0
AT Rayudu,Shakib Al Hasan,112,164,6,9,146.43
AT Rayudu,Shivam Mavi,6,6,0,2,100.0
AT Rayudu,Shivam Sharma,8,8,0,2,100.0
AT Rayudu,T Natarajan,32,34,2,4,106.25
AT Rayudu,T Stubbs,6,14,2,2,233.33
AT Rayudu,TA Boult,56,86,0,10,153.57
AT Rayudu,TG Southee,30,64,0,3,213.33
AT Rayudu,TK Curran,10,12,2,3,120.0
AT Rayudu,UT Yadav,106,134,0,12,126.42
AT Rayudu,Umran Malik,20,18,0,2,90.0
AT Rayudu,V Kohli,12,10,0,3,83.33
AT Rayudu,V Shankar,18,18,0,3,100.0
AT Rayudu,VG Arora,20,14,0,2,70.0
AT Rayudu,VR Aaron,38,44,2,5,115.79
AT Rayudu,Vijaykumar Vyshak,8,24,2,2,300.0
AT Rayudu,WD Parnell,28,30,0,4,107.14
AT Rayudu,Washington Sundar,58,72,4,8,124.14
AT Rayudu,YK Pathan,18,34,0,3,188.89
AT Rayudu,YS Chahal,166,126,8,14,75.9
AT Rayudu,Yash Dayal,12,34,0,3,283.33
AT Rayudu,Yash Thakur,6,12,0,2,200.0
AT Rayudu,Yuvraj Singh,62,52,2,7,83.87
AT Rayudu,Z Khan,50,88,0,5,176.0
AU Rashid,A Mishra,6,8,2,2,133.33
AU Rashid,NA Saini,10,14,0,2,140.0
AU Rashid,R Ashwin,6,12,0,2,200.0
AU Rashid,YS Chahal,10,10,2,2,100.0
AUK Pathan,A Mishra,8,8,2,2,100.0
AUK Pathan,Azhar Mahmood,6,4,0,2,66.67
AUK Pathan,JA Morkel,8,28,0,2,350.0
AUK Pathan,PC Valthaty,8,14,2,2,175.0
AUK Pathan,R Vinay Kumar,8,24,0,2,300.0
Abdul Samad,A Nortje,32,74,0,5,231.25
Abdul Samad,A Zampa,8,22,0,2,275.0
Abdul Samad,AD Russell,24,38,4,5,158.33
Abdul Samad,AR Patel,28,18,0,5,64.29
Abdul Samad,Arshdeep Singh,40,76,4,7,190.0
Abdul Samad,Ashok Sharma,10,4,2,2,40.0
Abdul Samad,Avesh Khan,14,28,4,5,200.0
Abdul Samad,C Green,10,2,0,2,20.0
Abdul Samad,C Sakariya,10,18,0,2,180.0
Abdul Samad,CV Varun,52,70,2,7,134.62
Abdul Samad,DG Nalkande,10,14,0,2,140.0
Abdul Samad,DJ Bravo,10,12,0,3,120.0
Abdul Samad,E Malinga,18,28,0,3,155.56
Abdul Samad,HH Pandya,6,12,0,3,200.0
Abdul Samad,HV Patel,32,68,0,4,212.5
Abdul Samad,Harshit Rana,12,12,4,3,100.0
Abdul Samad,JC Archer,6,4,0,2,66.67
Abdul Samad,JD Unadkat,14,28,0,3,200.0
Abdul Samad,JJ Bumrah,22,42,4,4,190.91
Abdul Samad,JO Holder,8,4,0,2,50.0
Abdul Samad,JR Hazlewood,12,18,2,2,150.0
Abdul Samad,K Rabada,36,54,4,5,150.0
Abdul Samad,KH Pandya,26,22,2,4,84.62
Abdul Samad,KK Ahmed,12,30,0,3,250.0
Abdul Samad,KM Asif,10,6,0,2,60.0
Abdul Samad,KV Sharma,6,4,2,2,66.67
Abdul Samad,Kuldeep Yadav,22,30,0,4,136.36
Abdul Samad,L Ngidi,6,4,0,2,66.67
Abdul Samad,LH Ferguson,18,26,2,3,144.44
Abdul Samad,M Jansen,36,48,2,4,133.33
Abdul Samad,M Pathirana,18,32,0,3,177.78
Abdul Samad,M Prasidh Krishna,6,6,0,2,100.0
Abdul Samad,MA Starc,12,4,0,3,33.33
Abdul Samad,MM Sharma,16,26,2,3,162.5
Abdul Samad,MP Stoinis,16,36,0,3,225.0
Abdul Samad,MR Marsh,8,16,2,2,200.0
Abdul Samad,Mohammed Shami,6,10,2,2,166.67
Abdul Samad,Mukesh Kumar,14,14,4,3,100.0
Abdul Samad,NA Saini,16,34,0,2,212.5
Abdul Samad,Noor Ahmad,6,6,0,3,100.0
Abdul Samad,PJ Cummins,16,46,0,3,287.5
Abdul Samad,PP Chawla,8,6,2,3,75.0
Abdul Samad,R Ashwin,40,34,0,5,85.0
Abdul Samad,RA Jadeja,16,12,0,4,75.0
Abdul Samad,RD Chahar,12,16,0,3,133.33
Abdul Samad,RJW Topley,10,48,0,2,480.0
Abdul Samad,RP Meredith,6,4,0,2,66.67
Abdul Samad,Rashid Khan,22,18,0,3,81.82
Abdul Samad,Ravi Bishnoi,14,16,4,3,114.29
Abdul Samad,SN Thakur,38,44,2,5,115.79
Abdul Samad,SP Narine,18,28,0,4,155.56
Abdul Samad,Sandeep Sharma,22,86,0,3,390.91
Abdul Samad,Shakib Al Hasan,12,6,0,2,50.0
Abdul Samad,Shashank Singh,10,24,0,2,240.0
Abdul Samad,Shivam Mavi,8,14,2,2,175.0
Abdul Samad,Suyash Sharma,6,2,0,2,33.33
Abdul Samad,T Natarajan,18,40,2,2,222.22
Abdul Samad,TA Boult,18,14,2,6,77.78
Abdul Samad,V Nigam,10,14,0,2,140.0
Abdul Samad,VG Arora,12,22,0,2,183.33
Abdul Samad,Vijaykumar Vyshak,20,42,0,4,210.0
Abdul Samad,YS Chahal,36,42,4,8,116.67
Abdul Samad,Yash Thakur,30,52,0,3,173.33
Abhishek Sharma,A Badoni,6,22,0,2,366.67
Abhishek Sharma,A Kamboj,16,32,0,4,200.0
Abhishek Sharma,A Nortje,20,46,0,3,230.0
Abhishek Sharma,AD Russell,18,22,4,5,122.22
Abhishek Sharma,AJ Tye,6,10,0,2,166.67
Abhishek Sharma,AM Ghazanfar,10,14,2,2,140.0
Abhishek Sharma,AR Patel,26,34,4,5,130.77
Abhishek Sharma,AS Joseph,12,20,2,2,166.67
Abhishek Sharma,Akash Deep,8,24,0,2,300.0
Abhishek Sharma,Akash Singh,12,18,0,2,150.0
Abhishek Sharma,Arshdeep Singh,96,188,2,10,195.83
Abhishek Sharma,Avesh Khan,32,36,4,6,112.5
Abhishek Sharma,Azmatullah Omarzai,8,12,0,2,150.0
Abhishek Sharma,B Kumar,26,54,0,4,207.69
Abhishek Sharma,B Muzarabani,10,16,2,2,160.0
Abhishek Sharma,Brijesh Sharma,12,26,0,2,216.67
Abhishek Sharma,C Sakariya,16,26,0,2,162.5
Abhishek Sharma,CH Morris,12,14,2,3,116.67
Abhishek Sharma,CJ Jordan,14,20,0,2,142.86
Abhishek Sharma,CV Varun,40,104,2,5,260.0
Abhishek Sharma,D Ferreira,6,6,2,2,100.0
Abhishek Sharma,DG Nalkande,8,10,0,2,125.0
Abhishek Sharma,DJ Bravo,30,38,2,4,126.67
Abhishek Sharma,DL Chahar,64,88,4,6,137.5
Abhishek Sharma,DR Sams,12,4,2,2,33.33
Abhishek Sharma,DS Rathi,6,2,2,2,33.33
Abhishek Sharma,Fazalhaq Farooqi,20,48,0,2,240.0
Abhishek Sharma,G Coetzee,28,58,0,3,207.14
Abhishek Sharma,GHS Garton,10,24,2,2,240.0
Abhishek Sharma,GJ Maxwell,24,42,2,3,175.0
Abhishek Sharma,HH Pandya,24,22,4,6,91.67
Abhishek Sharma,HV Patel,22,58,2,3,263.64
Abhishek Sharma,Harpreet Brar,20,40,2,3,200.0
Abhishek Sharma,Harshit Rana,32,26,2,5,81.25
Abhishek Sharma,I Sharma,60,126,2,5,210.0
Abhishek Sharma,J Overton,8,14,2,2,175.0
Abhishek Sharma,JA Duffy,10,12,2,2,120.0
Abhishek Sharma,JC Archer,6,0,4,3,0.0
Abhishek Sharma,JDS Neesham,6,6,2,2,100.0
Abhishek Sharma,JJ Bumrah,60,62,4,7,103.33
Abhishek Sharma,JO Holder,6,12,0,2,200.0
Abhishek Sharma,JR Hazlewood,44,72,2,4,163.64
Abhishek Sharma,K Gowtham,6,4,0,2,66.67
Abhishek Sharma,K Rabada,24,38,2,6,158.33
Abhishek Sharma,K Yadav,14,16,0,2,114.29
Abhishek Sharma,KH Pandya,16,18,0,5,112.5
Abhishek Sharma,KK Ahmed,12,16,4,4,133.33
Abhishek Sharma,KT Maphaka,12,40,0,2,333.33
Abhishek Sharma,Kartik Tyagi,8,12,2,3,150.0
Abhishek Sharma,Kuldeep Yadav,36,100,4,5,277.78
Abhishek Sharma,L Ngidi,42,64,2,3,152.38
Abhishek Sharma,LH Ferguson,36,64,2,6,177.78
Abhishek Sharma,LS Livingstone,30,46,0,3,153.33
Abhishek Sharma,Lalit Yadav,10,34,0,2,340.0
Abhishek Sharma,M Ashwin,16,28,0,2,175.0
Abhishek Sharma,M Jansen,34,118,0,4,347.06
Abhishek Sharma,M Prasidh Krishna,32,10,0,3,31.25
Abhishek Sharma,M Theekshana,40,66,2,5,165.0
Abhishek Sharma,MA Starc,20,16,2,4,80.0
Abhishek Sharma,MJ Santner,10,22,0,2,220.0
Abhishek Sharma,MM Ali,14,14,0,4,100.0
Abhishek Sharma,MM Sharma,6,4,2,2,66.67
Abhishek Sharma,MR Marsh,8,4,0,2,50.0
Abhishek Sharma,MW Short,20,66,0,2,330.0
Abhishek Sharma,Mohammed Shami,40,16,4,6,40.0
Abhishek Sharma,Mohammed Siraj,106,132,2,8,124.53
Abhishek Sharma,Mukesh Choudhary,80,164,2,6,205.0
Abhishek Sharma,Mukesh Kumar,32,74,0,3,231.25
Abhishek Sharma,Mustafizur Rahman,16,24,0,3,150.0
Abhishek Sharma,N Burger,24,44,0,2,183.33
Abhishek Sharma,N Rana,30,86,0,2,286.67
Abhishek Sharma,N Thushara,10,4,0,2,40.0
Abhishek Sharma,NM Coulter-Nile,10,26,0,3,260.0
Abhishek Sharma,Naveen-ul-Haq,8,12,0,2,150.0
Abhishek Sharma,Noor Ahmad,28,28,0,4,100.0
Abhishek Sharma,PJ Cummins,8,0,2,2,0.0
Abhishek Sharma,PP Chawla,32,80,4,5,250.0
Abhishek Sharma,R Ashwin,36,56,2,4,155.56
Abhishek Sharma,R Dhawan,14,32,0,2,228.57
Abhishek Sharma,R Parag,6,12,0,2,200.0
Abhishek Sharma,R Shepherd,8,34,0,2,425.0
Abhishek Sharma,RA Jadeja,54,70,2,6,129.63
Abhishek Sharma,RD Chahar,28,20,4,4,71.43
Abhishek Sharma,RJW Topley,6,14,2,2,233.33
Abhishek Sharma,RP Meredith,8,14,0,2,175.0
Abhishek Sharma,Rashid Khan,72,164,2,5,227.78
Abhishek Sharma,Ravi Bishnoi,16,74,0,3,462.5
Abhishek Sharma,SM Curran,14,22,2,3,157.14
Abhishek Sharma,SN Thakur,32,34,6,7,106.25
Abhishek Sharma,SP Narine,78,148,2,8,189.74
Abhishek Sharma,Sandeep Sharma,12,30,0,2,250.0
Abhishek Sharma,Shakib Al Hasan,8,4,2,2,50.0
Abhishek Sharma,Shashank Singh,18,22,4,4,122.22
Abhishek Sharma,Simarjeet Singh,14,20,0,2,142.86
Abhishek Sharma,Suyash Sharma,24,50,2,3,208.33
Abhishek Sharma,T Natarajan,30,48,0,2,160.0
Abhishek Sharma,TA Boult,72,88,6,10,122.22
Abhishek Sharma,TG Southee,28,66,0,3,235.71
Abhishek Sharma,TU Deshpande,34,64,2,4,188.24
Abhishek Sharma,UT Yadav,22,12,0,3,54.55
Abhishek Sharma,VG Arora,48,38,2,8,79.17
Abhishek Sharma,Vijaykumar Vyshak,20,66,0,3,330.0
Abhishek Sharma,W O'Rourke,8,22,0,2,275.0
Abhishek Sharma,WD Parnell,10,12,0,2,120.0
Abhishek Sharma,WG Jacks,48,84,0,5,175.0
Abhishek Sharma,Washington Sundar,10,8,0,3,80.0
Abhishek Sharma,XC Bartlett,14,32,0,2,228.57
Abhishek Sharma,YS Chahal,38,94,2,6,247.37
Abhishek Sharma,Yash Dayal,58,80,4,6,137.93
Abhishek Sharma,Yash Thakur,50,144,0,3,288.0
Abhishek Sharma,Yudhvir Singh,6,4,2,2,66.67
Abishek Porel,AF Milne,10,14,0,2,140.0
Abishek Porel,AK Markram,16,22,2,2,137.5
Abishek Porel,AS Joseph,10,20,0,2,200.0
Abishek Porel,AS Roy,14,26,2,3,185.71
Abishek Porel,Abhishek Sharma,8,14,0,2,175.0
Abishek Porel,Akash Madhwal,14,24,0,2,171.43
Abishek Porel,Arshad Khan,26,48,2,4,184.62
Abishek Porel,Avesh Khan,12,34,0,3,283.33
Abishek Porel,B Kumar,40,68,2,5,170.0
Abishek Porel,Brijesh Sharma,18,38,2,2,211.11
Abishek Porel,DJ Hooda,6,4,0,2,66.67
Abishek Porel,DL Chahar,30,34,0,3,113.33
Abishek Porel,DS Rathi,18,20,0,2,111.11
Abishek Porel,HH Pandya,22,40,0,4,181.82
Abishek Porel,HV Patel,30,68,2,4,226.67
Abishek Porel,Harshit Rana,16,30,2,2,187.5
Abishek Porel,JC Archer,26,34,0,3,130.77
Abishek Porel,JD Unadkat,8,6,0,2,75.0
Abishek Porel,JJ Bumrah,40,28,2,4,70.0
Abishek Porel,JO Holder,6,10,0,2,166.67
Abishek Porel,JP Behrendorff,6,2,2,2,33.33
Abishek Porel,JR Hazlewood,20,10,4,3,50.0
Abishek Porel,K Rabada,6,16,0,2,266.67
Abishek Porel,KH Pandya,22,22,0,3,100.0
Abishek Porel,KK Ahmed,14,10,0,2,71.43
Abishek Porel,KV Sharma,8,16,2,2,200.0
Abishek Porel,Kartik Tyagi,10,24,0,2,240.0
Abishek Porel,L Wood,10,14,0,2,140.0
Abishek Porel,M Prasidh Krishna,10,24,0,2,240.0
Abishek Porel,M Theekshana,12,8,0,2,66.67
Abishek Porel,MD Shanaka,12,18,0,2,150.0
Abishek Porel,MJ Santner,8,12,0,2,150.0
Abishek Porel,Mohammad Nabi,14,12,2,3,85.71
Abishek Porel,Mohammed Siraj,14,30,0,3,214.29
Abishek Porel,Mohsin Khan,6,16,0,2,266.67
Abishek Porel,Mukesh Choudhary,16,42,0,2,262.5
Abishek Porel,Mustafizur Rahman,10,16,0,2,160.0
Abishek Porel,Naveen-ul-Haq,14,32,2,2,228.57
Abishek Porel,PJ Cummins,18,28,2,3,155.56
Abishek Porel,PP Chawla,14,12,0,3,85.71
Abishek Porel,PWH de Silva,16,16,2,3,100.0
Abishek Porel,Prince Yadav,14,16,0,2,114.29
Abishek Porel,R Ashwin,30,38,2,4,126.67
Abishek Porel,R Parag,20,22,0,3,110.0
Abishek Porel,R Sai Kishore,8,14,2,2,175.0
Abishek Porel,R Shepherd,22,38,0,3,172.73
Abishek Porel,Rashid Khan,10,4,2,3,40.0
Abishek Porel,Rasikh Salam,8,14,0,2,175.0
Abishek Porel,Ravi Bishnoi,34,40,0,3,117.65
Abishek Porel,SH Johnson,10,18,0,2,180.0
Abishek Porel,SN Thakur,10,10,2,3,100.0
Abishek Porel,SR Dubey,14,0,2,2,0.0
Abishek Porel,Sandeep Sharma,36,44,0,4,122.22
Abishek Porel,Shahbaz Ahmed,14,42,0,3,300.0
Abishek Porel,Suyash Sharma,12,6,0,2,50.0
Abishek Porel,T Natarajan,12,12,0,2,100.0
Abishek Porel,TA Boult,10,16,0,4,160.0
Abishek Porel,TU Deshpande,16,50,0,2,312.5
Abishek Porel,VG Arora,16,2,2,3,12.5
Abishek Porel,YS Chahal,26,36,4,4,138.46
Abishek Porel,Yash Dayal,16,30,2,5,187.5
Abishek Porel,Yash Raj Punja,8,8,0,2,100.0
Abishek Porel,Yash Thakur,10,8,2,2,80.0
Abishek Porel,Zeeshan Ansari,16,32,0,2,200.0
Akash Deep,CV Varun,6,2,2,2,33.33
Akash Deep,Suyash Sharma,8,24,0,2,300.0
Akash Madhwal,Avesh Khan,6,6,0,2,100.0
Akash Madhwal,KV Sharma,14,6,0,2,42.86
Akshat Raghuwanshi,AJ Hosein,16,14,0,2,87.5
Akshat Raghuwanshi,AM Ghazanfar,8,8,0,2,100.0
Akshat Raghuwanshi,J Overton,6,2,2,2,33.33
Akshat Raghuwanshi,Mukesh Choudhary,8,16,0,2,200.0
Akshat Raghuwanshi,Noor Ahmad,6,4,0,2,66.67
Aman Hakim Khan,Avesh Khan,6,4,2,2,66.67
Aman Hakim Khan,DL Chahar,6,2,0,2,33.33
Aman Hakim Khan,HV Patel,8,18,0,2,225.0
Aman Hakim Khan,Harpreet Brar,6,2,0,2,33.33
Aman Hakim Khan,J Little,20,20,0,3,100.0
Aman Hakim Khan,M Pathirana,12,4,2,3,33.33
Aman Hakim Khan,MM Sharma,22,48,0,2,218.18
Aman Hakim Khan,Noor Ahmad,28,18,0,2,64.29
Aman Hakim Khan,RD Chahar,18,10,0,2,55.56
Aman Hakim Khan,Rashid Khan,34,32,4,3,94.12
Aman Hakim Khan,TU Deshpande,6,12,0,3,200.0
Aman Hakim Khan,WD Parnell,8,16,0,2,200.0
Aniket Verma,A Nortje,8,24,0,2,300.0
Aniket Verma,AR Patel,30,68,0,2,226.67
Aniket Verma,Abhinandan Singh,8,14,0,2,175.0
Aniket Verma,B Kumar,6,14,0,2,233.33
Aniket Verma,CV Varun,18,12,4,3,66.67
Aniket Verma,DL Chahar,8,4,0,2,50.0
Aniket Verma,DS Rathi,8,24,2,2,300.0
Aniket Verma,HH Pandya,16,30,2,3,187.5
Aniket Verma,JJ Bumrah,12,20,0,3,166.67
Aniket Verma,KH Pandya,8,16,2,2,200.0
Aniket Verma,Kuldeep Yadav,18,18,2,2,100.0
Aniket Verma,M Pathirana,12,4,0,2,33.33
Aniket Verma,M Prasidh Krishna,18,30,0,3,166.67
Aniket Verma,MA Starc,8,10,0,2,125.0
Aniket Verma,MJ Santner,6,4,0,2,66.67
Aniket Verma,MM Sharma,14,26,0,2,185.71
Aniket Verma,Mohammed Siraj,14,4,4,3,28.57
Aniket Verma,Noor Ahmad,10,8,2,3,80.0
Aniket Verma,Prince Yadav,12,6,0,3,50.0
Aniket Verma,R Sai Kishore,6,4,0,2,66.67
Aniket Verma,R Shepherd,16,48,2,2,300.0
Aniket Verma,RA Jadeja,14,16,0,2,114.29
Aniket Verma,Ravi Bishnoi,10,42,0,2,420.0
Aniket Verma,SM Curran,6,14,0,2,233.33
Aniket Verma,SP Narine,6,10,0,2,166.67
Aniket Verma,Suyash Sharma,16,46,0,3,287.5
Aniket Verma,TU Deshpande,12,22,2,3,183.33
Aniket Verma,V Nigam,8,24,0,2,300.0
Aniket Verma,XC Bartlett,6,6,0,2,100.0
Aniket Verma,YS Chahal,8,26,0,2,325.0
Anirudh Singh,A Kumble,12,6,0,2,50.0
Anirudh Singh,AD Mathews,6,2,0,2,33.33
Anirudh Singh,DW Steyn,24,18,0,2,75.0
Anirudh Singh,KP Pietersen,6,10,0,2,166.67
Anirudh Singh,LR Shukla,20,24,2,2,120.0
Anirudh Singh,ND Doshi,16,22,0,2,137.5
Anirudh Singh,P Kumar,16,22,0,2,137.5
Anirudh Singh,SK Trivedi,10,6,0,2,60.0
Anirudh Singh,SK Warne,14,12,2,2,85.71
Ankit Sharma,AJ Tye,8,4,2,2,50.0
Ankit Sharma,F du Plessis,8,28,0,2,350.0
Ankit Sharma,MM Sharma,12,16,0,2,133.33
Ankit Sharma,P Kumar,6,18,0,2,300.0
Ankit Sharma,R Ashwin,16,36,2,2,225.0
Ankit Sharma,RA Jadeja,18,24,0,3,133.33
Ankit Sharma,S Badree,24,6,0,2,25.0
Ankit Sharma,S Gopal,6,8,2,2,133.33
Ankit Soni,B Kumar,6,0,0,2,0.0
Ankit Soni,S Kaul,6,0,2,2,0.0
Anmolpreet Singh,A Mishra,14,12,2,2,85.71
Anmolpreet Singh,AR Patel,6,8,0,2,133.33
Anmolpreet Singh,Avesh Khan,14,28,0,3,200.0
Anmolpreet Singh,DL Chahar,12,2,2,2,16.67
Anmolpreet Singh,JD Unadkat,16,20,0,2,125.0
Anmolpreet Singh,JR Hazlewood,16,30,0,2,187.5
Anmolpreet Singh,K Yadav,8,14,0,2,175.0
Anmolpreet Singh,KH Pandya,16,22,2,3,137.5
Anmolpreet Singh,KR Mayers,18,16,0,3,88.89
Anmolpreet Singh,Kuldeep Yadav,12,8,2,2,66.67
Anmolpreet Singh,Mohammed Shami,8,10,2,2,125.0
Anmolpreet Singh,R Ashwin,8,12,0,2,150.0
Anmolpreet Singh,Ravi Bishnoi,6,6,0,2,100.0
Anmolpreet Singh,Sandeep Sharma,26,28,2,3,107.69
Anmolpreet Singh,YS Chahal,10,12,2,2,120.0
Anmolpreet Singh,Yash Thakur,12,12,0,3,100.0
Anmolpreet Singh,Yudhvir Singh,18,28,0,2,155.56
Anuj Rawat,A Nortje,16,18,0,2,112.5
Anuj Rawat,Arshdeep Singh,10,4,0,2,40.0
Anuj Rawat,B Kumar,18,38,0,3,211.11
Anuj Rawat,Basil Thampi,18,26,0,2,144.44
Anuj Rawat,DL Chahar,8,20,0,2,250.0
Anuj Rawat,Harpreet Brar,14,8,0,2,57.14
Anuj Rawat,JD Unadkat,24,42,0,2,175.0
Anuj Rawat,JJ Bumrah,20,14,0,2,70.0
Anuj Rawat,JP Behrendorff,6,10,2,2,166.67
Anuj Rawat,K Gowtham,12,8,2,2,66.67
Anuj Rawat,K Rabada,8,12,0,2,150.0
Anuj Rawat,KA Pollard,18,24,0,2,133.33
Anuj Rawat,KK Ahmed,6,16,0,2,266.67
Anuj Rawat,KM Asif,10,34,0,2,340.0
Anuj Rawat,Kuldeep Yadav,16,4,0,2,25.0
Anuj Rawat,Lalit Yadav,8,4,0,2,50.0
Anuj Rawat,M Ashwin,14,26,0,2,185.71
Anuj Rawat,M Prasidh Krishna,16,26,0,2,162.5
Anuj Rawat,M Theekshana,10,8,2,3,80.0
Anuj Rawat,MM Ali,18,10,0,2,55.56
Anuj Rawat,MM Sharma,12,30,0,2,250.0
Anuj Rawat,MP Stoinis,8,6,2,2,75.0
Anuj Rawat,MP Yadav,12,6,0,2,50.0
Anuj Rawat,Mukesh Choudhary,8,10,0,2,125.0
Anuj Rawat,Mustafizur Rahman,20,30,0,3,150.0
Anuj Rawat,Navdeep Saini,6,4,2,2,66.67
Anuj Rawat,Naveen-ul-Haq,8,2,0,2,25.0
Anuj Rawat,OF Smith,16,22,0,2,137.5
Anuj Rawat,PJ Cummins,10,12,0,2,120.0
Anuj Rawat,PVD Chameera,10,8,2,2,80.0
Anuj Rawat,R Ashwin,14,6,0,2,42.86
Anuj Rawat,RA Jadeja,8,10,0,2,125.0
Anuj Rawat,RD Chahar,6,4,2,2,66.67
Anuj Rawat,Ravi Bishnoi,16,14,0,3,87.5
Anuj Rawat,SN Thakur,8,2,2,3,25.0
Anuj Rawat,Sandeep Sharma,14,24,0,3,171.43
Anuj Rawat,TA Boult,10,12,0,2,120.0
Anuj Rawat,TU Deshpande,14,36,0,2,257.14
Anuj Rawat,YS Chahal,10,16,0,3,160.0
Anuj Rawat,Yash Dayal,10,6,0,2,60.0
Anuj Rawat,Yash Thakur,8,4,0,2,50.0
Anureet Singh,A Nehra,18,6,2,3,33.33
Anureet Singh,B Kumar,12,14,0,3,116.67
Anureet Singh,DJ Bravo,16,10,0,2,62.5
Anureet Singh,Imran Tahir,6,16,0,2,266.67
Anureet Singh,M Prasidh Krishna,6,4,0,2,66.67
Anureet Singh,MM Sharma,8,2,2,2,25.0
Anureet Singh,S Kaul,6,12,0,2,200.0
Arjun Tendulkar,J Little,6,6,0,2,100.0
Arjun Tendulkar,MM Sharma,12,20,2,2,166.67
Arjun Tendulkar,Vijaykumar Vyshak,8,8,0,2,100.0
Arshad Khan,DJ Hooda,6,14,0,2,233.33
Arshad Khan,HV Patel,14,28,0,2,200.0
Arshad Khan,I Sharma,14,30,0,3,214.29
Arshad Khan,KH Pandya,6,16,0,2,266.67
Arshad Khan,KK Ahmed,18,44,0,3,244.44
Arshad Khan,Kuldeep Yadav,24,36,0,3,150.0
Arshad Khan,M Pathirana,16,24,2,3,150.0
Arshad Khan,MP Stoinis,8,14,0,2,175.0
Arshad Khan,Mukesh Kumar,18,12,0,3,66.67
Arshad Khan,Noor Ahmad,8,2,2,2,25.0
Arshad Khan,RA Jadeja,6,4,0,2,66.67
Arshad Khan,Rasikh Salam,20,32,0,2,160.0
Arshad Khan,Shahbaz Ahmed,6,2,2,2,33.33
Arshad Khan (2),MA Starc,8,10,2,2,125.0
Arshdeep Singh,AR Patel,6,0,0,2,0.0
Arshdeep Singh,KK Ahmed,12,10,0,2,83.33
Arshdeep Singh,Mohammed Siraj,6,8,2,2,133.33
Arshdeep Singh,Mustafizur Rahman,14,8,0,2,57.14
Arshdeep Singh,T Natarajan,6,0,2,2,0.0
Ashok Sharma,JJ Bumrah,6,2,0,2,33.33
Ashutosh Sharma,A Kamboj,8,26,0,2,325.0
Ashutosh Sharma,AS Roy,10,4,0,2,40.0
Ashutosh Sharma,Akash Madhwal,14,42,0,2,300.0
Ashutosh Sharma,Arshad Khan,8,22,0,2,275.0
Ashutosh Sharma,Arshdeep Singh,6,6,0,2,100.0
Ashutosh Sharma,Avesh Khan,26,64,0,3,246.15
Ashutosh Sharma,Azmatullah Omarzai,10,30,0,2,300.0
Ashutosh Sharma,B Kumar,8,6,2,3,75.0
Ashutosh Sharma,Brijesh Sharma,18,40,0,3,222.22
Ashutosh Sharma,CV Varun,18,34,2,4,188.89
Ashutosh Sharma,DS Rathi,12,12,0,2,100.0
Ashutosh Sharma,E Malinga,22,22,4,3,100.0
Ashutosh Sharma,G Coetzee,6,8,2,2,133.33
Ashutosh Sharma,Gurjapneet Singh,6,2,0,2,33.33
Ashutosh Sharma,HH Pandya,6,16,0,2,266.67
Ashutosh Sharma,HV Patel,18,32,0,2,177.78
Ashutosh Sharma,Harsh Dubey,8,14,0,2,175.0
Ashutosh Sharma,I Sharma,6,4,0,2,66.67
Ashutosh Sharma,J Overton,8,18,0,3,225.0
Ashutosh Sharma,JC Archer,18,32,0,3,177.78
Ashutosh Sharma,JD Unadkat,16,38,0,3,237.5
Ashutosh Sharma,JJ Bumrah,28,38,0,4,135.71
Ashutosh Sharma,KV Sharma,14,28,0,3,200.0
Ashutosh Sharma,Kartik Tyagi,26,38,2,3,146.15
Ashutosh Sharma,M Prasidh Krishna,6,26,0,2,433.33
Ashutosh Sharma,M Siddharth,6,4,0,2,66.67
Ashutosh Sharma,MJ Santner,16,10,2,3,62.5
Ashutosh Sharma,MM Sharma,18,28,0,2,155.56
Ashutosh Sharma,MP Stoinis,6,22,0,2,366.67
Ashutosh Sharma,Mohammed Siraj,18,32,2,3,177.78
Ashutosh Sharma,Noor Ahmad,14,24,2,3,171.43
Ashutosh Sharma,PJ Cummins,18,30,0,4,166.67
Ashutosh Sharma,Prince Yadav,20,56,0,2,280.0
Ashutosh Sharma,R Sai Kishore,18,8,4,3,44.44
Ashutosh Sharma,R Shepherd,18,38,0,2,211.11
Ashutosh Sharma,RA Jadeja,10,4,2,2,40.0
Ashutosh Sharma,Ravi Bishnoi,18,44,0,2,244.44
Ashutosh Sharma,SP Narine,18,4,0,3,22.22
Ashutosh Sharma,SR Dubey,8,14,0,2,175.0
Ashutosh Sharma,Sandeep Sharma,20,16,0,3,80.0
Ashutosh Sharma,Shahbaz Ahmed,6,16,0,2,266.67
Ashutosh Sharma,Simarjeet Singh,10,2,0,2,20.0
Ashutosh Sharma,T Natarajan,8,10,2,3,125.0
Ashutosh Sharma,TA Boult,20,16,2,4,80.0
Ashutosh Sharma,TU Deshpande,8,12,0,2,150.0
Ashutosh Sharma,VG Arora,6,22,0,2,366.67
Ashutosh Sharma,YS Chahal,12,18,0,3,150.0
Ashutosh Sharma,Zeeshan Ansari,12,30,0,2,250.0
Ashwani Kumar,A Kamboj,8,0,0,2,0.0
Atharva Taide,A Mishra,16,32,0,2,200.0
Atharva Taide,A Nortje,18,32,0,2,177.78
Atharva Taide,AR Patel,18,36,0,2,200.0
Atharva Taide,Akash Deep,10,10,0,2,100.0
Atharva Taide,Arjun Tendulkar,6,18,0,2,300.0
Atharva Taide,Avesh Khan,12,30,2,3,250.0
Atharva Taide,B Kumar,14,20,0,2,142.86
Atharva Taide,I Sharma,8,2,0,2,25.0
Atharva Taide,JC Archer,12,20,0,2,166.67
Atharva Taide,KK Ahmed,8,0,0,2,0.0
Atharva Taide,KR Sen,10,24,0,2,240.0
Atharva Taide,Kuldeep Yadav,16,14,0,2,87.5
Atharva Taide,MP Stoinis,12,30,0,2,250.0
Atharva Taide,Mukesh Kumar,16,26,0,2,162.5
Atharva Taide,Navdeep Saini,8,16,2,2,200.0
Atharva Taide,Naveen-ul-Haq,6,4,0,2,66.67
Atharva Taide,PJ Cummins,14,16,0,2,114.29
Atharva Taide,PP Chawla,10,14,2,2,140.0
Atharva Taide,RA Jadeja,16,10,2,2,62.5
Atharva Taide,Ravi Bishnoi,14,6,2,2,42.86
Atharva Taide,Shahbaz Ahmed,10,24,0,2,240.0
Atharva Taide,T Natarajan,8,18,2,2,225.0
Atharva Taide,TA Boult,24,20,0,3,83.33
Atharva Taide,TU Deshpande,6,6,0,2,100.0
Atharva Taide,V Viyaskanth,8,14,0,2,175.0
Atharva Taide,W O'Rourke,8,16,2,2,200.0
Atharva Taide,Yash Thakur,14,30,0,2,214.29
Atharva Taide,Yudhvir Singh,6,0,2,2,0.0
Avesh Khan,Azmatullah Omarzai,8,10,0,2,125.0
Avesh Khan,HV Patel,6,6,0,3,100.0
Avesh Khan,K Rabada,6,0,0,2,0.0
Avesh Khan,Mohammed Shami,6,8,0,2,133.33
Avesh Khan,Mukesh Kumar,6,14,0,2,233.33
Avesh Khan,Rashid Khan,8,24,2,2,300.0
Avesh Khan,TG Southee,6,10,0,2,166.67
Avesh Khan,YS Chahal,10,32,0,3,320.0
Azhar Mahmood,A Ashish Reddy,12,24,0,2,200.0
Azhar Mahmood,A Mishra,10,12,4,3,120.0
Azhar Mahmood,AA Chavan,8,6,0,2,75.0
Azhar Mahmood,AD Russell,22,36,0,2,163.64
Azhar Mahmood,B Kumar,6,0,0,2,0.0
Azhar Mahmood,BW Hilfenhaus,8,10,0,2,125.0
Azhar Mahmood,CH Morris,6,6,2,2,100.0
Azhar Mahmood,DJ Bravo,14,10,2,3,71.43
Azhar Mahmood,DL Vettori,8,8,0,3,100.0
Azhar Mahmood,DT Christian,8,6,0,2,75.0
Azhar Mahmood,GJ Maxwell,8,34,0,2,425.0
Azhar Mahmood,HV Patel,8,22,0,2,275.0
Azhar Mahmood,Harbhajan Singh,38,48,2,3,126.32
Azhar Mahmood,IK Pathan,36,22,0,3,61.11
Azhar Mahmood,J Botha,10,2,0,2,20.0
Azhar Mahmood,JA Morkel,6,8,0,2,133.33
Azhar Mahmood,JD Unadkat,18,30,2,2,166.67
Azhar Mahmood,JP Faulkner,14,18,2,3,128.57
Azhar Mahmood,KA Pollard,12,10,0,4,83.33
Azhar Mahmood,KK Cooper,10,10,2,2,100.0
Azhar Mahmood,M Muralitharan,24,40,0,2,166.67
Azhar Mahmood,MC Henriques,12,26,0,2,216.67
Azhar Mahmood,MS Gony,12,18,0,2,150.0
Azhar Mahmood,NM Coulter-Nile,8,20,0,2,250.0
Azhar Mahmood,PP Ojha,14,24,2,3,171.43
Azhar Mahmood,R Ashwin,10,10,0,3,100.0
Azhar Mahmood,R Dhawan,20,16,0,2,80.0
Azhar Mahmood,R Vinay Kumar,28,56,0,3,200.0
Azhar Mahmood,RA Jadeja,8,26,0,2,325.0
Azhar Mahmood,SK Trivedi,30,44,0,3,146.67
Azhar Mahmood,SL Malinga,22,40,2,2,181.82
Azhar Mahmood,SP Narine,12,2,2,3,16.67
Azhar Mahmood,SR Watson,8,8,0,2,100.0
Azhar Mahmood,STR Binny,14,14,2,3,100.0
Azhar Mahmood,SW Tait,8,4,0,2,50.0
Azhar Mahmood,TP Sudhindra,10,28,0,2,280.0
Azhar Mahmood,UT Yadav,22,14,2,4,63.64
Azhar Mahmood,VR Aaron,22,20,0,2,90.91
Azhar Mahmood,Z Khan,16,10,0,3,62.5
Azmatullah Omarzai,Akash Madhwal,6,10,0,2,166.67
Azmatullah Omarzai,B Kumar,6,16,0,3,266.67
Azmatullah Omarzai,C Bosch,6,14,0,2,233.33
Azmatullah Omarzai,DL Chahar,14,40,2,3,285.71
Azmatullah Omarzai,Harpreet Brar,8,14,0,2,175.0
Azmatullah Omarzai,JJ Bumrah,6,4,0,2,66.67
Azmatullah Omarzai,JR Hazlewood,16,14,2,3,87.5
Azmatullah Omarzai,KT Maphaka,10,30,0,2,300.0
Azmatullah Omarzai,Kuldeep Yadav,8,4,2,3,50.0
Azmatullah Omarzai,LS Livingstone,6,6,0,2,100.0
Azmatullah Omarzai,M Prasidh Krishna,14,18,0,2,128.57
Azmatullah Omarzai,PP Chawla,8,20,0,2,250.0
Azmatullah Omarzai,R Sai Kishore,12,2,2,2,16.67
Azmatullah Omarzai,RA Jadeja,8,6,0,2,75.0
Azmatullah Omarzai,SN Thakur,12,22,0,2,183.33
Azmatullah Omarzai,SZ Mulani,6,2,0,2,33.33
Azmatullah Omarzai,Suyash Sharma,10,20,0,2,200.0
Azmatullah Omarzai,TU Deshpande,6,10,2,2,166.67
Azmatullah Omarzai,Yash Dayal,6,4,2,3,66.67
B Akhil,A Nehra,14,26,0,3,185.71
B Akhil,DS Kulkarni,6,2,0,2,33.33
B Akhil,L Balaji,8,0,0,3,0.0
B Akhil,LPC Silva,8,38,0,2,475.0
B Akhil,M Morkel,8,4,2,2,50.0
B Akhil,M Ntini,6,10,0,2,166.67
B Akhil,SK Warne,8,2,2,2,25.0
B Akhil,UT Yadav,10,22,0,2,220.0
B Akhil,WPUJC Vaas,6,16,0,2,266.67
B Akhil,YK Pathan,10,16,0,2,160.0
B Chipli,AB Agarkar,12,28,2,3,233.33
B Chipli,AB Dinda,16,16,0,3,100.0
B Chipli,AG Murtaza,6,2,2,2,33.33
B Chipli,B Lee,8,18,0,2,225.0
B Chipli,DL Vettori,10,8,0,2,80.0
B Chipli,DP Vijaykumar,6,2,0,2,33.33
B Chipli,GD McGrath,18,2,2,2,11.11
B Chipli,Harbhajan Singh,10,4,0,3,40.0
B Chipli,IK Pathan,6,10,0,2,166.67
B Chipli,Iqbal Abdulla,12,12,0,2,100.0
B Chipli,JD Unadkat,10,12,0,2,120.0
B Chipli,JDP Oram,10,6,0,2,60.0
B Chipli,JEC Franklin,6,2,2,2,33.33
B Chipli,JH Kallis,6,6,0,2,100.0
B Chipli,JJ van der Wath,8,4,0,2,50.0
B Chipli,KA Pollard,14,14,2,3,100.0
B Chipli,L Balaji,6,2,0,2,33.33
B Chipli,M Morkel,6,6,0,3,100.0
B Chipli,MM Patel,12,4,2,3,33.33
B Chipli,MR Marsh,12,20,0,2,166.67
B Chipli,MS Gony,12,10,2,2,83.33
B Chipli,P Kumar,6,2,0,2,33.33
B Chipli,PC Valthaty,10,10,2,2,100.0
B Chipli,PP Chawla,8,16,0,2,200.0
B Chipli,R Bhatia,26,38,2,2,146.15
B Chipli,R Ninan,14,32,0,2,228.57
B Chipli,R Sathish,8,10,0,2,125.0
B Chipli,RA Jadeja,12,14,2,2,116.67
B Chipli,RN ten Doeschate,6,6,0,2,100.0
B Chipli,RP Singh,24,26,2,3,108.33
B Chipli,S Aravind,8,14,0,2,175.0
B Chipli,S Nadeem,12,6,0,2,50.0
B Chipli,S Randiv,12,20,0,2,166.67
B Chipli,SB Jakati,20,16,0,3,80.0
B Chipli,SK Trivedi,14,10,2,2,71.43
B Chipli,TM Dilshan,12,20,0,2,166.67
B Chipli,WD Parnell,22,32,0,4,145.45
B Chipli,YK Pathan,20,26,0,2,130.0
B Chipli,Yuvraj Singh,12,8,0,4,66.67
B Chipli,Z Khan,18,44,0,2,244.44
B Indrajith,AR Patel,6,6,0,2,100.0
B Indrajith,M Prasidh Krishna,16,18,2,2,112.5
B Indrajith,Mohsin Khan,12,0,2,2,0.0
B Indrajith,Mustafizur Rahman,8,6,0,2,75.0
B Indrajith,TA Boult,16,12,0,2,75.0
B Kumar,AB Dinda,8,22,0,2,275.0
B Kumar,AD Russell,16,10,0,4,62.5
B Kumar,Arshad Khan,8,10,0,2,125.0
B Kumar,Arshdeep Singh,16,16,2,5,100.0
B Kumar,Avesh Khan,6,10,0,2,166.67
B Kumar,Azhar Mahmood,12,12,2,2,100.0
B Kumar,Brijesh Sharma,8,14,0,2,175.0
B Kumar,C Green,24,22,2,3,91.67
B Kumar,C Sakariya,10,12,0,2,120.0
B Kumar,CH Morris,20,26,0,5,130.0
B Kumar,CV Varun,8,0,2,3,0.0
B Kumar,DJ Bravo,38,22,0,4,57.89
B Kumar,HV Patel,16,10,2,4,62.5
B Kumar,Harpreet Brar,8,8,2,2,100.0
B Kumar,JD Unadkat,6,2,2,3,33.33
B Kumar,JJ Bumrah,16,14,0,4,87.5
B Kumar,JO Holder,26,26,2,6,100.0
B Kumar,JR Hazlewood,10,12,0,2,120.0
B Kumar,K Rabada,12,2,2,3,16.67
B Kumar,KA Pollard,6,2,0,3,33.33
B Kumar,KV Sharma,10,8,0,2,80.0
B Kumar,Kuldeep Yadav,6,10,0,2,166.67
B Kumar,L Balaji,10,6,2,4,60.0
B Kumar,L Ngidi,16,14,0,3,87.5
B Kumar,M Jansen,8,2,0,2,25.0
B Kumar,M Prasidh Krishna,6,10,0,3,166.67
B Kumar,M de Lange,8,18,0,2,225.0
B Kumar,MG Johnson,6,2,0,2,33.33
B Kumar,MM Patel,6,14,0,2,233.33
B Kumar,MM Sharma,8,2,2,2,25.0
B Kumar,MS Gony,8,14,0,2,175.0
B Kumar,Mohammed Siraj,10,12,0,3,120.0
B Kumar,NA Saini,10,4,2,3,40.0
B Kumar,NLTC Perera,12,26,2,3,216.67
B Kumar,NM Coulter-Nile,12,16,0,3,133.33
B Kumar,Noor Ahmad,16,18,0,2,112.5
B Kumar,PP Ojha,6,2,2,3,33.33
B Kumar,R Ashwin,8,4,0,2,50.0
B Kumar,R Dhawan,8,6,2,3,75.0
B Kumar,R Rampaul,10,2,0,2,20.0
B Kumar,R Vinay Kumar,16,22,0,3,137.5
B Kumar,RA Jadeja,16,24,0,2,150.0
B Kumar,RJ Harris,12,4,0,2,33.33
B Kumar,RP Singh,10,2,4,3,20.0
B Kumar,Rashid Khan,16,14,0,3,87.5
B Kumar,SL Malinga,16,12,0,4,75.0
B Kumar,SM Curran,6,6,2,2,100.0
B Kumar,SP Narine,20,8,0,5,40.0
B Kumar,STR Binny,6,4,0,2,66.67
B Kumar,Sandeep Sharma,6,4,0,2,66.67
B Kumar,TG Southee,16,14,0,4,87.5
B Kumar,UT Yadav,8,30,0,3,375.0
B Kumar,V Nigam,8,2,0,2,25.0
B Kumar,VG Arora,6,10,0,2,166.67
B Kumar,YS Chahal,14,8,2,3,57.14
B Kumar,Yash Dayal,12,16,0,2,133.33
B Laughlin,S Kaul,6,2,0,2,33.33
B Laughlin,SL Malinga,12,4,0,2,33.33
B Lee,A Nehra,10,30,0,2,300.0
B Lee,A Singh,16,40,0,2,250.0
B Lee,AB Agarkar,10,14,0,3,140.0
B Lee,DS Kulkarni,14,18,0,3,128.57
B Lee,HV Patel,8,16,0,2,200.0
B Lee,Harbhajan Singh,6,16,0,2,266.67
B Lee,JP Duminy,6,2,0,2,33.33
B Lee,KK Cooper,6,10,2,2,166.67
B Lee,R Ashwin,6,2,0,2,33.33
B Lee,RE van der Merwe,8,16,0,2,200.0
B Lee,RJ Harris,12,16,0,3,133.33
B Lee,RP Singh,12,8,0,4,66.67
B Lee,S Sreesanth,6,8,2,2,133.33
B Lee,SK Raina,8,10,2,2,125.0
B Lee,SL Malinga,6,8,2,2,133.33
B Lee,ST Jayasuriya,8,2,0,2,25.0
B Lee,SW Tait,6,2,0,2,33.33
B Lee,VY Mahesh,6,2,0,2,33.33
B Lee,Z Khan,6,6,2,2,100.0
B Sai Sudharsan,A Kamboj,46,86,2,4,186.96
B Sai Sudharsan,A Nortje,40,80,0,3,200.0
B Sai Sudharsan,A Zampa,8,8,0,2,100.0
B Sai Sudharsan,AJ Hosein,18,48,2,2,266.67
B Sai Sudharsan,AK Markram,6,6,0,3,100.0
B Sai Sudharsan,AR Patel,50,102,0,4,204.0
B Sai Sudharsan,AS Roy,8,26,0,2,325.0
B Sai Sudharsan,Akash Deep,28,34,0,3,121.43
B Sai Sudharsan,Akash Madhwal,10,6,0,2,60.0
B Sai Sudharsan,Akash Singh,12,22,0,2,183.33
B Sai Sudharsan,Arshdeep Singh,90,112,4,8,124.44
B Sai Sudharsan,Ashwani Kumar,12,14,0,2,116.67
B Sai Sudharsan,Avesh Khan,22,40,0,3,181.82
B Sai Sudharsan,Azmatullah Omarzai,10,20,0,2,200.0
B Sai Sudharsan,B Kumar,100,108,4,9,108.0
B Sai Sudharsan,Brijesh Sharma,28,44,2,3,157.14
B Sai Sudharsan,C Green,36,62,2,5,172.22
B Sai Sudharsan,CJ Jordan,16,32,0,2,200.0
B Sai Sudharsan,CV Varun,18,32,0,3,177.78
B Sai Sudharsan,DJ Mitchell,28,54,0,3,192.86
B Sai Sudharsan,DL Chahar,38,50,0,5,131.58
B Sai Sudharsan,DS Rathi,22,26,2,3,118.18
B Sai Sudharsan,E Malinga,22,44,0,2,200.0
B Sai Sudharsan,Fazalhaq Farooqi,26,40,0,3,153.85
B Sai Sudharsan,G Coetzee,20,20,0,2,100.0
B Sai Sudharsan,GJ Maxwell,22,40,0,3,181.82
B Sai Sudharsan,Gurjapneet Singh,52,96,0,3,184.62
B Sai Sudharsan,HH Pandya,34,54,0,4,158.82
B Sai Sudharsan,HV Patel,26,50,2,5,192.31
B Sai Sudharsan,Harpreet Brar,24,30,0,4,125.0
B Sai Sudharsan,Harshit Rana,14,28,0,2,200.0
B Sai Sudharsan,J Overton,6,16,0,2,266.67
B Sai Sudharsan,JA Duffy,22,44,2,3,200.0
B Sai Sudharsan,JC Archer,74,108,0,6,145.95
B Sai Sudharsan,JD Unadkat,18,22,0,3,122.22
B Sai Sudharsan,JJ Bumrah,36,34,4,4,94.44
B Sai Sudharsan,JP Behrendorff,6,10,0,2,166.67
B Sai Sudharsan,JR Hazlewood,46,58,4,4,126.09
B Sai Sudharsan,K Kartikeya,16,12,0,3,75.0
B Sai Sudharsan,K Rabada,42,56,0,6,133.33
B Sai Sudharsan,KA Pollard,10,14,2,2,140.0
B Sai Sudharsan,KH Pandya,44,70,2,4,159.09
B Sai Sudharsan,KK Ahmed,42,58,0,5,138.1
B Sai Sudharsan,KV Sharma,16,40,0,2,250.0
B Sai Sudharsan,Kartik Tyagi,28,64,0,3,228.57
B Sai Sudharsan,Kuldeep Yadav,62,72,2,5,116.13
B Sai Sudharsan,L Ngidi,6,12,0,2,200.0
B Sai Sudharsan,LH Ferguson,16,14,0,2,87.5
B Sai Sudharsan,LS Livingstone,38,38,0,4,100.0
B Sai Sudharsan,M Jansen,70,82,4,6,117.14
B Sai Sudharsan,M Markande,30,38,0,3,126.67
B Sai Sudharsan,M Pathirana,40,76,4,3,190.0
B Sai Sudharsan,M Siddharth,16,16,0,2,100.0
B Sai Sudharsan,M Theekshana,56,86,2,4,153.57
B Sai Sudharsan,MA Starc,14,30,0,2,214.29
B Sai Sudharsan,MJ Santner,42,80,0,5,190.48
B Sai Sudharsan,MM Ali,14,14,0,2,100.0
B Sai Sudharsan,MP Stoinis,12,28,0,3,233.33
B Sai Sudharsan,MP Yadav,10,18,0,2,180.0
B Sai Sudharsan,MR Marsh,18,16,0,2,88.89
B Sai Sudharsan,MW Short,8,12,0,2,150.0
B Sai Sudharsan,Mohammed Shami,46,68,2,4,147.83
B Sai Sudharsan,Mohammed Siraj,26,32,0,3,123.08
B Sai Sudharsan,Mujeeb Ur Rahman,10,24,0,2,240.0
B Sai Sudharsan,Mukesh Choudhary,18,16,0,2,88.89
B Sai Sudharsan,Mukesh Kumar,52,76,2,6,146.15
B Sai Sudharsan,Mustafizur Rahman,30,48,0,3,160.0
B Sai Sudharsan,N Burger,26,44,0,3,169.23
B Sai Sudharsan,Naman Dhir,14,30,0,3,214.29
B Sai Sudharsan,Naveen-ul-Haq,6,20,0,2,333.33
B Sai Sudharsan,Nithish Kumar Reddy,16,12,0,2,75.0
B Sai Sudharsan,Noor Ahmad,42,62,0,4,147.62
B Sai Sudharsan,OF Smith,14,14,0,2,100.0
B Sai Sudharsan,PJ Cummins,44,40,2,5,90.91
B Sai Sudharsan,PP Chawla,32,48,0,3,150.0
B Sai Sudharsan,PVD Chameera,8,12,0,2,150.0
B Sai Sudharsan,PVSN Raju,12,30,0,2,250.0
B Sai Sudharsan,PWH de Silva,24,32,2,3,133.33
B Sai Sudharsan,Prince Yadav,8,12,0,2,150.0
B Sai Sudharsan,R Ashwin,12,12,0,2,100.0
B Sai Sudharsan,R Dhawan,24,30,0,2,125.0
B Sai Sudharsan,R Parag,12,24,0,3,200.0
B Sai Sudharsan,R Shepherd,6,22,0,2,366.67
B Sai Sudharsan,RA Jadeja,110,192,2,9,174.55
B Sai Sudharsan,RD Chahar,32,40,2,4,125.0
B Sai Sudharsan,RJ Gleeson,18,30,2,2,166.67
B Sai Sudharsan,RP Meredith,6,10,0,2,166.67
B Sai Sudharsan,RS Hangargekar,6,8,2,2,133.33
B Sai Sudharsan,Rasikh Salam,42,60,2,4,142.86
B Sai Sudharsan,Ravi Bishnoi,24,34,4,4,141.67
B Sai Sudharsan,S Dube,24,40,0,4,166.67
B Sai Sudharsan,SH Johnson,14,18,0,2,128.57
B Sai Sudharsan,SM Curran,32,32,2,4,100.0
B Sai Sudharsan,SN Thakur,40,48,0,4,120.0
B Sai Sudharsan,SP Narine,58,68,4,5,117.24
B Sai Sudharsan,SR Dubey,20,22,0,2,110.0
B Sai Sudharsan,SZ Mulani,12,8,0,2,66.67
B Sai Sudharsan,Sakib Hussain,20,30,2,2,150.0
B Sai Sudharsan,Sandeep Sharma,76,78,0,6,102.63
B Sai Sudharsan,Shahbaz Ahmed,12,12,0,3,100.0
B Sai Sudharsan,Shivang Kumar,10,18,0,2,180.0
B Sai Sudharsan,Sikandar Raza,14,30,0,2,214.29
B Sai Sudharsan,Simarjeet Singh,16,48,0,2,300.0
B Sai Sudharsan,Suyash Sharma,38,60,0,3,157.89
B Sai Sudharsan,Swapnil Singh,12,22,0,2,183.33
B Sai Sudharsan,T Natarajan,40,94,2,4,235.0
B Sai Sudharsan,TA Boult,76,86,4,6,113.16
B Sai Sudharsan,TU Deshpande,120,194,4,9,161.67
B Sai Sudharsan,V Nigam,24,30,0,3,125.0
B Sai Sudharsan,VG Arora,28,36,0,4,128.57
B Sai Sudharsan,Vijaykumar Vyshak,22,26,2,2,118.18
B Sai Sudharsan,W O'Rourke,6,8,2,2,133.33
B Sai Sudharsan,Washington Sundar,14,20,0,3,142.86
B Sai Sudharsan,XC Bartlett,14,24,0,3,171.43
B Sai Sudharsan,YS Chahal,44,104,0,4,236.36
B Sai Sudharsan,Yash Dayal,58,56,0,4,96.55
B Sai Sudharsan,Yash Raj Punja,28,52,2,3,185.71
B Sai Sudharsan,Yudhvir Singh,8,14,0,2,175.0
B Sai Sudharsan,Zeeshan Ansari,6,6,2,2,100.0
B Sumanth,A Nehra,8,6,0,2,75.0
B Sumanth,DE Bollinger,8,2,2,2,25.0
B Sumanth,M Muralitharan,8,10,0,2,125.0
B Sumanth,PD Collingwood,6,4,0,2,66.67
B Sumanth,R Ashwin,6,4,0,2,66.67
B Sumanth,R Vinay Kumar,6,10,0,2,166.67
B Sumanth,SB Jakati,14,16,0,2,114.29
BA Bhatt,A Mishra,10,0,0,2,0.0
BA Stokes,A Mishra,6,12,0,2,200.0
BA Stokes,A Nortje,12,6,0,2,50.0
BA Stokes,AJ Tye,12,10,4,4,83.33
BA Stokes,AR Patel,36,52,2,4,144.44
BA Stokes,Ankit Soni,20,14,0,2,70.0
BA Stokes,Arshdeep Singh,18,36,0,2,200.0
BA Stokes,Avesh Khan,12,14,2,2,116.67
BA Stokes,B Kumar,10,26,2,3,260.0
BA Stokes,B Stanlake,8,8,2,2,100.0
BA Stokes,Basil Thampi,34,60,0,3,176.47
BA Stokes,Bipul Sharma,22,54,0,2,245.45
BA Stokes,CH Morris,26,24,4,4,92.31
BA Stokes,CJ Jordan,6,12,2,2,200.0
BA Stokes,DJ Bravo,28,42,2,3,150.0
BA Stokes,DL Chahar,30,36,4,4,120.0
BA Stokes,DR Smith,30,56,0,3,186.67
BA Stokes,HH Pandya,16,16,4,4,100.0
BA Stokes,Harbhajan Singh,8,20,2,2,250.0
BA Stokes,I Sharma,6,10,0,2,166.67
BA Stokes,I Udana,8,10,0,2,125.0
BA Stokes,Imran Tahir,62,86,2,4,138.71
BA Stokes,JJ Bumrah,44,54,0,5,122.73
BA Stokes,JL Pattinson,16,40,0,2,250.0
BA Stokes,JO Holder,12,24,0,2,200.0
BA Stokes,JP Faulkner,22,26,0,2,118.18
BA Stokes,JR Hazlewood,8,10,0,2,125.0
BA Stokes,K Khejroliya,16,30,0,2,187.5
BA Stokes,K Rabada,18,22,0,2,122.22
BA Stokes,KA Pollard,14,10,0,3,71.43
BA Stokes,KH Pandya,24,38,0,3,158.33
BA Stokes,Kuldeep Yadav,40,42,2,5,105.0
BA Stokes,M Ashwin,12,32,0,2,266.67
BA Stokes,M Markande,12,20,0,2,166.67
BA Stokes,M Prasidh Krishna,14,6,0,2,42.86
BA Stokes,MC Henriques,12,4,0,2,33.33
BA Stokes,MG Johnson,6,10,2,2,166.67
BA Stokes,MJ McClenaghan,20,38,0,3,190.0
BA Stokes,MJ Santner,8,4,0,2,50.0
BA Stokes,MM Sharma,10,8,0,3,80.0
BA Stokes,MN Samuels,8,14,0,2,175.0
BA Stokes,MP Stoinis,18,34,0,2,188.89
BA Stokes,Mohammed Shami,28,32,4,4,114.29
BA Stokes,Mujeeb Ur Rahman,20,28,4,4,140.0
BA Stokes,Mustafizur Rahman,14,20,0,2,142.86
BA Stokes,NA Saini,8,12,0,2,150.0
BA Stokes,PJ Cummins,32,38,4,4,118.75
BA Stokes,PJ Sangwan,22,36,0,2,163.64
BA Stokes,PP Chawla,16,12,4,3,75.0
BA Stokes,R Ashwin,34,44,0,4,129.41
BA Stokes,RA Jadeja,46,88,0,6,191.3
BA Stokes,RD Chahar,26,42,2,3,161.54
BA Stokes,Rashid Khan,44,34,6,6,77.27
BA Stokes,S Kaul,24,32,0,5,133.33
BA Stokes,S Nadeem,16,14,0,4,87.5
BA Stokes,SK Raina,8,14,0,2,175.0
BA Stokes,SN Thakur,32,46,0,4,143.75
BA Stokes,SP Narine,34,34,2,5,100.0
BA Stokes,SR Watson,14,16,0,2,114.29
BA Stokes,Sandeep Sharma,28,22,0,4,78.57
BA Stokes,Shivam Mavi,20,18,0,3,90.0
BA Stokes,Swapnil Singh,10,20,0,2,200.0
BA Stokes,T Natarajan,16,14,0,3,87.5
BA Stokes,TA Boult,44,78,4,4,177.27
BA Stokes,TG Southee,12,18,0,2,150.0
BA Stokes,TU Deshpande,10,18,2,2,180.0
BA Stokes,UT Yadav,14,16,0,3,114.29
BA Stokes,V Shankar,18,10,0,2,55.56
BA Stokes,Washington Sundar,20,12,0,3,60.0
BA Stokes,Y Prithvi Raj,6,10,0,2,166.67
BA Stokes,Z Khan,6,6,0,2,100.0
BAW Mendis,RP Singh,6,4,0,2,66.67
BB McCullum,A Kumble,42,22,2,3,52.38
BB McCullum,A Mishra,44,52,0,4,118.18
BB McCullum,A Mithun,6,22,0,2,366.67
BB McCullum,A Nehra,54,56,2,6,103.7
BB McCullum,AA Chavan,6,2,2,2,33.33
BB McCullum,AA Noffke,24,48,0,2,200.0
BB McCullum,AB Dinda,20,16,0,3,80.0
BB McCullum,AD Mascarenhas,16,14,2,3,87.5
BB McCullum,AD Mathews,18,12,2,2,66.67
BB McCullum,AD Russell,18,6,4,4,33.33
BB McCullum,AF Milne,16,42,0,2,262.5
BB McCullum,AG Murtaza,44,26,0,4,59.09
BB McCullum,AR Patel,74,70,6,6,94.59
BB McCullum,Ankit Sharma,46,54,2,6,117.39
BB McCullum,Anureet Singh,12,22,0,2,183.33
BB McCullum,B Akhil,20,42,0,2,210.0
BB McCullum,B Kumar,76,58,2,10,76.32
BB McCullum,B Lee,30,32,0,3,106.67
BB McCullum,BA Bhatt,14,4,0,2,28.57
BB McCullum,BA Stokes,26,42,0,3,161.54
BB McCullum,BB Sran,30,46,0,4,153.33
BB McCullum,BCJ Cutting,8,12,0,2,150.0
BB McCullum,BE Hendricks,8,10,2,2,125.0
BB McCullum,BW Hilfenhaus,14,20,0,2,142.86
BB McCullum,Bipul Sharma,32,26,6,5,81.25
BB McCullum,CH Gayle,10,22,0,2,220.0
BB McCullum,CH Morris,26,34,4,5,130.77
BB McCullum,CJ Anderson,26,36,0,3,138.46
BB McCullum,CL White,6,32,0,2,533.33
BB McCullum,CR Woakes,8,2,2,3,25.0
BB McCullum,CRD Fernando,26,26,0,2,100.0
BB McCullum,D Wiese,8,8,2,2,100.0
BB McCullum,DE Bollinger,22,34,0,3,154.55
BB McCullum,DJ Bravo,40,22,0,4,55.0
BB McCullum,DL Vettori,54,50,4,5,92.59
BB McCullum,DP Nannes,32,72,0,3,225.0
BB McCullum,DS Kulkarni,8,2,0,2,25.0
BB McCullum,DT Christian,6,16,0,2,266.67
BB McCullum,DW Steyn,32,32,4,4,100.0
BB McCullum,GJ Maxwell,16,20,0,4,125.0
BB McCullum,HH Pandya,10,34,0,2,340.0
BB McCullum,HV Patel,10,16,0,3,160.0
BB McCullum,Harbhajan Singh,94,152,4,7,161.7
BB McCullum,I Sharma,30,62,2,3,206.67
BB McCullum,IK Pathan,86,76,2,8,88.37
BB McCullum,Imran Tahir,38,82,0,4,215.79
BB McCullum,Iqbal Abdulla,22,16,2,4,72.73
BB McCullum,J Suchith,10,8,0,3,80.0
BB McCullum,JA Morkel,58,126,0,5,217.24
BB McCullum,JD Ryder,24,24,0,2,100.0
BB McCullum,JD Unadkat,18,22,4,4,122.22
BB McCullum,JDP Oram,20,54,2,3,270.0
BB McCullum,JH Kallis,94,128,0,5,136.17
BB McCullum,JJ Bumrah,48,80,2,7,166.67
BB McCullum,JP Duminy,20,22,0,3,110.0
BB McCullum,JP Faulkner,40,50,2,3,125.0
BB McCullum,K Gowtham,8,8,2,2,100.0
BB McCullum,KA Pollard,30,64,0,3,213.33
BB McCullum,KH Pandya,48,60,0,4,125.0
BB McCullum,KP Appanna,18,16,0,3,88.89
BB McCullum,KV Sharma,48,76,2,3,158.33
BB McCullum,KW Richardson,16,50,0,2,312.5
BB McCullum,Kamran Khan,8,2,2,3,25.0
BB McCullum,Karanveer Singh,18,12,0,2,66.67
BB McCullum,Kuldeep Yadav,34,54,2,4,158.82
BB McCullum,L Balaji,8,6,0,2,75.0
BB McCullum,LH Ferguson,20,16,0,2,80.0
BB McCullum,LR Shukla,16,12,2,2,75.0
BB McCullum,M Ashwin,16,22,0,3,137.5
BB McCullum,M Kartik,28,32,0,3,114.29
BB McCullum,M Markande,14,26,0,2,185.71
BB McCullum,M Morkel,76,118,2,6,155.26
BB McCullum,M Muralitharan,32,32,0,3,100.0
BB McCullum,MA Starc,20,28,0,4,140.0
BB McCullum,MC Henriques,16,12,2,4,75.0
BB McCullum,MG Johnson,64,110,0,6,171.88
BB McCullum,MJ Clarke,30,26,0,3,86.67
BB McCullum,MJ McClenaghan,36,36,0,6,100.0
BB McCullum,MM Patel,30,28,0,4,93.33
BB McCullum,MM Sharma,14,12,4,3,85.71
BB McCullum,MR Marsh,6,12,0,2,200.0
BB McCullum,MS Gony,14,30,0,2,214.29
BB McCullum,Mohammed Shami,16,20,0,2,125.0
BB McCullum,Mustafizur Rahman,12,4,0,3,33.33
BB McCullum,NLTC Perera,8,18,0,2,225.0
BB McCullum,NM Coulter-Nile,12,38,2,3,316.67
BB McCullum,P Awana,18,34,0,2,188.89
BB McCullum,P Kumar,62,82,2,4,132.26
BB McCullum,P Negi,50,62,2,3,124.0
BB McCullum,P Suyal,8,18,0,2,225.0
BB McCullum,PJ Cummins,42,108,0,4,257.14
BB McCullum,PJ Sangwan,20,16,2,2,80.0
BB McCullum,PP Chawla,120,126,8,11,105.0
BB McCullum,PP Ojha,12,18,2,3,150.0
BB McCullum,PV Tambe,30,40,2,3,133.33
BB McCullum,Parvez Rasool,10,20,0,2,200.0
BB McCullum,R Ashwin,82,58,6,8,70.73
BB McCullum,R Bhatia,52,60,2,5,115.38
BB McCullum,R Dhawan,22,30,0,3,136.36
BB McCullum,R McLaren,24,24,0,2,100.0
BB McCullum,R Sathish,24,32,0,3,133.33
BB McCullum,R Vinay Kumar,98,188,2,8,191.84
BB McCullum,RE van der Merwe,8,8,2,2,100.0
BB McCullum,RJ Harris,30,40,2,3,133.33
BB McCullum,RP Singh,44,64,6,6,145.45
BB McCullum,RR Powar,10,6,0,2,60.0
BB McCullum,RS Bopara,18,18,0,2,100.0
BB McCullum,Rashid Khan,8,4,2,2,50.0
BB McCullum,S Aravind,48,34,0,6,70.83
BB McCullum,S Nadeem,94,96,0,8,102.13
BB McCullum,S Sriram,18,42,0,2,233.33
BB McCullum,S Tyagi,18,54,0,2,300.0
BB McCullum,SB Jakati,60,64,4,6,106.67
BB McCullum,SB Joshi,22,42,0,2,190.91
BB McCullum,SC Ganguly,12,16,0,2,133.33
BB McCullum,SJ Srivastava,10,14,0,2,140.0
BB McCullum,SK Raina,38,58,0,4,152.63
BB McCullum,SL Malinga,122,162,8,9,132.79
BB McCullum,SN Thakur,22,26,2,3,118.18
BB McCullum,SP Narine,58,64,6,8,110.34
BB McCullum,SR Watson,36,74,0,5,205.56
BB McCullum,STR Binny,18,24,0,3,133.33
BB McCullum,SW Tait,12,22,0,2,183.33
BB McCullum,Sandeep Sharma,62,76,4,6,122.58
BB McCullum,Shakib Al Hasan,60,66,2,6,110.0
BB McCullum,Shivam Mavi,6,4,0,2,66.67
BB McCullum,T Shamsi,10,12,2,2,120.0
BB McCullum,TA Boult,38,82,0,4,215.79
BB McCullum,TG Southee,18,34,0,4,188.89
BB McCullum,TM Dilshan,18,20,0,3,111.11
BB McCullum,UT Yadav,64,100,2,7,156.25
BB McCullum,VR Aaron,32,42,2,4,131.25
BB McCullum,VS Malik,14,24,2,3,171.43
BB McCullum,WD Parnell,38,40,2,4,105.26
BB McCullum,WPUJC Vaas,6,10,0,2,166.67
BB McCullum,YA Abdulla,18,18,0,3,100.0
BB McCullum,YK Pathan,10,4,0,3,40.0
BB McCullum,YS Chahal,46,40,6,6,86.96
BB McCullum,Yuvraj Singh,10,16,0,2,160.0
BB McCullum,Z Khan,132,180,4,11,136.36
BB Samantray,AB Dinda,8,0,0,2,0.0
BB Samantray,AD Mathews,14,18,0,2,128.57
BB Samantray,Azhar Mahmood,8,4,2,2,50.0
BB Samantray,JP Faulkner,22,14,2,3,63.64
BB Samantray,KK Cooper,30,56,0,3,186.67
BB Samantray,MR Marsh,20,22,0,2,110.0
BB Samantray,MS Gony,8,12,0,2,150.0
BB Samantray,PP Chawla,8,4,0,2,50.0
BB Samantray,PV Tambe,12,20,0,2,166.67
BB Samantray,R Sharma,30,32,2,2,106.67
BB Samantray,SK Trivedi,22,18,0,2,81.82
BB Samantray,SR Watson,20,18,0,3,90.0
BB Samantray,STR Binny,8,12,0,2,150.0
BB Sran,S Kaul,8,2,0,2,25.0
BCJ Cutting,A Mishra,10,4,0,3,40.0
BCJ Cutting,AJ Tye,6,4,0,2,66.67
BCJ Cutting,AR Patel,14,8,2,4,57.14
BCJ Cutting,BA Stokes,6,16,0,2,266.67
BCJ Cutting,CJ Jordan,8,12,0,2,150.0
BCJ Cutting,CR Woakes,10,26,0,2,260.0
BCJ Cutting,DJ Bravo,10,14,0,2,140.0
BCJ Cutting,JC Archer,20,16,0,3,80.0
BCJ Cutting,JD Unadkat,6,14,0,3,233.33
BCJ Cutting,JJ Bumrah,6,10,2,2,166.67
BCJ Cutting,LE Plunkett,10,30,0,2,300.0
BCJ Cutting,M Prasidh Krishna,8,16,0,2,200.0
BCJ Cutting,MM Sharma,6,14,0,2,233.33
BCJ Cutting,PP Chawla,10,32,2,2,320.0
BCJ Cutting,R Ashwin,8,4,2,2,50.0
BCJ Cutting,R Shukla,6,0,0,2,0.0
BCJ Cutting,Rashid Khan,6,8,2,2,133.33
BCJ Cutting,S Kaul,6,4,0,2,66.67
BCJ Cutting,SL Malinga,8,20,0,2,250.0
BCJ Cutting,SP Narine,8,4,0,2,50.0
BCJ Cutting,SR Watson,32,96,0,3,300.0
BCJ Cutting,Sandeep Sharma,10,20,0,2,200.0
BCJ Cutting,TA Boult,18,28,2,3,155.56
BCJ Cutting,TG Southee,10,20,0,2,200.0
BJ Haddin,J Syed Mohammad,8,0,2,2,0.0
BJ Haddin,S Aravind,10,26,0,2,260.0
BJ Hodge,A Kumble,24,4,2,3,16.67
BJ Hodge,A Mishra,40,40,2,5,100.0
BJ Hodge,A Mithun,8,6,0,2,75.0
BJ Hodge,A Nehra,24,8,4,4,33.33
BJ Hodge,A Singh,20,16,0,3,80.0
BJ Hodge,A Symonds,22,18,0,2,81.82
BJ Hodge,AA Chavan,12,20,0,2,166.67
BJ Hodge,AB Agarkar,24,22,0,4,91.67
BJ Hodge,AC Thomas,6,2,0,2,33.33
BJ Hodge,AC Voges,6,6,0,2,100.0
BJ Hodge,AD Mathews,12,8,0,2,66.67
BJ Hodge,AM Nayar,24,26,2,3,108.33
BJ Hodge,AR Patel,8,8,2,2,100.0
BJ Hodge,AUK Pathan,16,18,0,2,112.5
BJ Hodge,Anand Rajan,10,24,0,2,240.0
BJ Hodge,Ankit Sharma,8,16,0,2,200.0
BJ Hodge,Azhar Mahmood,26,36,0,3,138.46
BJ Hodge,B Kumar,22,36,0,4,163.64
BJ Hodge,B Lee,32,68,2,4,212.5
BJ Hodge,BE Hendricks,12,44,0,2,366.67
BJ Hodge,Bipul Sharma,20,18,2,3,90.0
BJ Hodge,CH Gayle,12,4,0,2,33.33
BJ Hodge,DE Bollinger,18,22,0,4,122.22
BJ Hodge,DJ Bravo,50,92,0,6,184.0
BJ Hodge,DJG Sammy,12,36,0,2,300.0
BJ Hodge,DL Vettori,6,4,0,3,66.67
BJ Hodge,DS Kulkarni,10,18,0,2,180.0
BJ Hodge,DW Steyn,44,90,2,6,204.55
BJ Hodge,FH Edwards,8,2,0,2,25.0
BJ Hodge,GR Napier,32,44,0,2,137.5
BJ Hodge,HV Patel,10,16,2,2,160.0
BJ Hodge,Harbhajan Singh,66,70,0,8,106.06
BJ Hodge,Harmeet Singh,38,34,0,4,89.47
BJ Hodge,IK Pathan,38,78,2,6,205.26
BJ Hodge,Iqbal Abdulla,6,4,0,2,66.67
BJ Hodge,J Botha,10,6,2,3,60.0
BJ Hodge,JA Morkel,14,24,2,3,171.43
BJ Hodge,JD Ryder,8,4,0,2,50.0
BJ Hodge,JD Unadkat,20,24,0,3,120.0
BJ Hodge,JH Kallis,42,58,0,5,138.1
BJ Hodge,JJ Bumrah,16,24,0,3,150.0
BJ Hodge,Jaskaran Singh,10,12,2,2,120.0
BJ Hodge,K Santokie,12,24,2,2,200.0
BJ Hodge,KA Pollard,14,32,0,3,228.57
BJ Hodge,KMDN Kulasekara,8,6,0,2,75.0
BJ Hodge,KP Pietersen,12,4,0,2,33.33
BJ Hodge,KV Sharma,32,52,0,4,162.5
BJ Hodge,Karanveer Singh,10,2,0,2,20.0
BJ Hodge,L Balaji,36,64,0,4,177.78
BJ Hodge,LR Shukla,18,24,0,2,133.33
BJ Hodge,M Kartik,58,68,0,4,117.24
BJ Hodge,M Morkel,24,18,4,4,75.0
BJ Hodge,M Muralitharan,16,8,0,2,50.0
BJ Hodge,MG Johnson,8,22,0,3,275.0
BJ Hodge,MM Patel,14,10,2,4,71.43
BJ Hodge,Mohammed Shami,6,12,0,2,200.0
BJ Hodge,ND Doshi,10,28,0,2,280.0
BJ Hodge,NLTC Perera,16,12,0,2,75.0
BJ Hodge,P Awana,16,16,0,3,100.0
BJ Hodge,P Kumar,26,24,0,4,92.31
BJ Hodge,PJ Sangwan,12,6,2,2,50.0
BJ Hodge,PP Chawla,54,48,2,7,88.89
BJ Hodge,PP Ojha,82,88,0,7,107.32
BJ Hodge,Pankaj Singh,12,28,0,2,233.33
BJ Hodge,R Ashwin,26,36,2,4,138.46
BJ Hodge,R Bhatia,32,36,0,5,112.5
BJ Hodge,R Dhawan,16,16,0,2,100.0
BJ Hodge,R Rampaul,14,32,0,2,228.57
BJ Hodge,R Sharma,24,22,2,5,91.67
BJ Hodge,R Vinay Kumar,14,18,4,4,128.57
BJ Hodge,RA Jadeja,24,22,0,2,91.67
BJ Hodge,RE van der Merwe,38,44,2,5,115.79
BJ Hodge,RG Sharma,10,18,0,2,180.0
BJ Hodge,RJ Harris,30,44,4,4,146.67
BJ Hodge,RP Singh,16,26,0,4,162.5
BJ Hodge,S Gopal,24,34,0,3,141.67
BJ Hodge,S Nadeem,6,4,0,2,66.67
BJ Hodge,SB Jakati,48,60,0,4,125.0
BJ Hodge,SB Styris,20,38,2,2,190.0
BJ Hodge,SK Raina,46,54,0,3,117.39
BJ Hodge,SK Trivedi,22,18,0,3,81.82
BJ Hodge,SK Warne,38,36,2,4,94.74
BJ Hodge,SL Malinga,76,82,2,7,107.89
BJ Hodge,SP Narine,32,40,0,4,125.0
BJ Hodge,SR Tendulkar,6,4,0,2,66.67
BJ Hodge,ST Jayasuriya,8,18,0,2,225.0
BJ Hodge,SW Tait,16,26,0,3,162.5
BJ Hodge,TG Southee,8,12,0,2,150.0
BJ Hodge,TM Dilshan,6,12,0,2,200.0
BJ Hodge,UT Yadav,36,44,2,5,122.22
BJ Hodge,V Kohli,10,12,0,2,120.0
BJ Hodge,VS Malik,34,36,0,3,105.88
BJ Hodge,VY Mahesh,10,6,0,2,60.0
BJ Hodge,WD Parnell,12,12,2,3,100.0
BJ Hodge,Y Nagar,10,24,0,2,240.0
BJ Hodge,YA Abdulla,16,28,0,2,175.0
BJ Hodge,YK Pathan,38,44,4,5,115.79
BJ Hodge,Yuvraj Singh,18,26,0,4,144.44
BJ Hodge,Z Khan,52,58,4,6,111.54
BJ Rohrer,AB Dinda,6,2,2,2,33.33
BJ Rohrer,AD Mathews,10,10,0,2,100.0
BJ Rohrer,AM Nayar,18,22,2,2,122.22
BJ Rohrer,Azhar Mahmood,16,46,0,2,287.5
BJ Rohrer,CH Gayle,10,14,0,2,140.0
BJ Rohrer,J Syed Mohammad,18,40,0,3,222.22
BJ Rohrer,JA Morkel,6,4,2,2,66.67
BJ Rohrer,JD Unadkat,8,2,2,2,25.0
BJ Rohrer,JP Faulkner,12,28,0,2,233.33
BJ Rohrer,M Kartik,18,12,0,2,66.67
BJ Rohrer,P Awana,18,20,0,2,111.11
BJ Rohrer,P Kumar,6,6,0,2,100.0
BJ Rohrer,PP Chawla,14,12,2,2,85.71
BJ Rohrer,PV Tambe,22,34,0,2,154.55
BJ Rohrer,R Rampaul,12,6,2,3,50.0
BJ Rohrer,R Sharma,8,4,0,2,50.0
BJ Rohrer,R Vinay Kumar,6,4,2,2,66.67
BJ Rohrer,RP Singh,10,12,0,2,120.0
BJ Rohrer,SK Trivedi,18,20,0,2,111.11
BJ Rohrer,SR Watson,12,24,0,2,200.0
BJ Rohrer,STR Binny,6,2,0,2,33.33
BJ Rohrer,SW Tait,10,20,0,2,200.0
BJ Rohrer,YK Pathan,6,20,0,2,333.33
BKG Mendis,TA Boult,8,28,0,2,350.0
BMAJ Mendis,A Mishra,6,8,0,2,133.33
BMAJ Mendis,DJ Bravo,6,4,0,2,66.67
BMAJ Mendis,DJG Sammy,6,6,2,2,100.0
BMAJ Mendis,JA Morkel,10,4,0,2,40.0
BMAJ Mendis,RA Jadeja,10,10,0,2,100.0
BR Dunk,AB Dinda,10,22,0,2,220.0
BR Dunk,B Kumar,12,0,0,2,0.0
BR Dunk,DJG Sammy,6,10,2,2,166.67
BR Dunk,DW Steyn,6,10,0,2,166.67
BR Dunk,KV Sharma,10,20,0,2,200.0
BR Dunk,MA Starc,16,8,0,2,50.0
BR Dunk,Sandeep Sharma,8,10,2,2,125.0
BR Sharath,Ravi Bishnoi,6,2,0,2,33.33
Basil Thampi,B Kumar,6,2,0,2,33.33
Basil Thampi,BA Stokes,6,2,0,2,33.33
Basil Thampi,BCJ Cutting,8,22,0,2,275.0
Basil Thampi,MJ McClenaghan,8,4,0,2,50.0
Basil Thampi,Mustafizur Rahman,6,4,0,2,66.67
Basil Thampi,Sandeep Sharma,10,18,0,2,180.0
Basil Thampi,T Natarajan,8,4,0,2,50.0
Bipul Sharma,AA Chavan,6,10,2,2,166.67
Bipul Sharma,AB Dinda,10,16,0,3,160.0
Bipul Sharma,B Lee,6,4,0,2,66.67
Bipul Sharma,BA Stokes,6,10,0,2,166.67
Bipul Sharma,CJ Jordan,6,10,2,2,166.67
Bipul Sharma,CR Woakes,10,16,0,2,160.0
Bipul Sharma,DJ Bravo,8,24,0,3,300.0
Bipul Sharma,DS Kulkarni,8,18,0,2,225.0
Bipul Sharma,JA Morkel,6,4,0,2,66.67
Bipul Sharma,JD Unadkat,16,22,2,3,137.5
Bipul Sharma,KK Cooper,8,8,0,2,100.0
Bipul Sharma,L Balaji,14,18,0,2,128.57
Bipul Sharma,M Morkel,10,26,0,2,260.0
Bipul Sharma,MN Samuels,14,28,0,2,200.0
Bipul Sharma,NLTC Perera,6,6,0,2,100.0
Bipul Sharma,P Kumar,10,22,0,2,220.0
Bipul Sharma,PP Ojha,6,12,0,2,200.0
Bipul Sharma,R Bhatia,14,16,0,3,114.29
Bipul Sharma,R Sharma,16,30,0,2,187.5
Bipul Sharma,RP Singh,6,4,0,2,66.67
Bipul Sharma,SK Trivedi,12,18,0,3,150.0
Bipul Sharma,SL Malinga,10,12,2,3,120.0
Bipul Sharma,TA Boult,20,28,0,3,140.0
C Bosch,Avesh Khan,12,16,2,2,133.33
C Bosch,CV Varun,6,4,0,2,66.67
C Bosch,DS Rathi,8,24,0,2,300.0
C Bosch,G Coetzee,10,6,0,2,60.0
C Bosch,Kartik Tyagi,18,52,0,2,288.89
C Bosch,M Prasidh Krishna,20,30,0,2,150.0
C Bosch,Mohammed Siraj,6,12,0,2,200.0
C Bosch,Mukesh Kumar,6,20,0,2,333.33
C Bosch,Rashid Khan,8,6,0,2,75.0
C Bosch,Rasikh Salam,8,8,0,2,100.0
C Bosch,SP Narine,8,0,0,2,0.0
C Connolly,A Badoni,8,24,0,2,300.0
C Connolly,A Kamboj,8,18,2,2,225.0
C Connolly,AK Markram,8,38,0,2,475.0
C Connolly,AM Ghazanfar,14,12,2,2,85.71
C Connolly,AR Patel,8,18,0,2,225.0
C Connolly,Ashok Sharma,10,16,0,2,160.0
C Connolly,Avesh Khan,10,24,0,2,240.0
C Connolly,B Kumar,8,10,0,2,125.0
C Connolly,Brijesh Sharma,6,2,0,2,33.33
C Connolly,C Bosch,10,8,0,2,80.0
C Connolly,E Malinga,30,52,0,2,173.33
C Connolly,HH Pandya,10,22,0,2,220.0
C Connolly,Harsh Dubey,20,52,0,3,260.0
C Connolly,JR Hazlewood,12,22,0,2,183.33
C Connolly,K Rabada,18,38,0,2,211.11
C Connolly,Kuldeep Yadav,12,16,2,2,133.33
C Connolly,L Ngidi,12,26,0,2,216.67
C Connolly,M Prasidh Krishna,12,16,0,2,133.33
C Connolly,M Tiwari,12,14,2,2,116.67
C Connolly,MA Starc,18,26,0,2,144.44
C Connolly,Mohammed Shami,34,68,2,3,200.0
C Connolly,Mohammed Siraj,10,14,2,3,140.0
C Connolly,Mohsin Khan,18,12,0,2,66.67
C Connolly,Mukesh Kumar,12,10,0,2,83.33
C Connolly,Nithish Kumar Reddy,12,10,0,3,83.33
C Connolly,Noor Ahmad,18,30,0,2,166.67
C Connolly,PJ Cummins,24,42,0,2,175.0
C Connolly,Prince Yadav,30,40,2,3,133.33
C Connolly,RA Bawa,6,0,2,2,0.0
C Connolly,RA Jadeja,6,22,0,2,366.67
C Connolly,RD Chahar,14,24,0,2,171.43
C Connolly,Raghu Sharma,12,16,0,2,133.33
C Connolly,Rashid Khan,24,44,0,2,183.33
C Connolly,Rasikh Salam,12,22,0,2,183.33
C Connolly,Sakib Hussain,24,34,0,2,141.67
C Connolly,Shivang Kumar,32,46,2,3,143.75
C Connolly,Suyash Sharma,8,18,0,2,225.0
C Connolly,WG Jacks,12,16,0,2,133.33
C Connolly,Washington Sundar,16,16,0,2,100.0
C Connolly,Yash Raj Punja,10,26,2,2,260.0
C Green,A Nortje,8,10,0,2,125.0
C Green,AD Russell,10,14,2,3,140.0
C Green,AM Ghazanfar,18,12,0,3,66.67
C Green,AR Patel,24,26,0,3,108.33
C Green,AS Roy,16,6,0,2,37.5
C Green,Arshdeep Singh,12,24,0,3,200.0
C Green,Ashok Sharma,22,42,0,2,190.91
C Green,Avesh Khan,14,24,0,4,171.43
C Green,B Kumar,28,34,0,3,121.43
C Green,DL Chahar,10,10,0,3,100.0
C Green,DS Rathi,26,16,0,3,61.54
C Green,GF Linde,8,28,0,2,350.0
C Green,HH Pandya,16,16,0,3,100.0
C Green,HV Patel,22,42,2,3,190.91
C Green,Harpreet Brar,20,26,0,2,130.0
C Green,J Little,6,2,4,3,33.33
C Green,JC Archer,8,10,0,2,125.0
C Green,JD Unadkat,14,22,0,2,157.14
C Green,JO Holder,12,12,0,3,100.0
C Green,JR Hazlewood,10,14,0,2,140.0
C Green,K Rabada,28,24,2,4,85.71
C Green,KH Pandya,28,62,0,3,221.43
C Green,KK Ahmed,6,10,0,2,166.67
C Green,Kartik Tyagi,16,44,0,2,275.0
C Green,Kuldeep Yadav,28,54,2,4,192.86
C Green,L Ngidi,14,10,0,3,71.43
C Green,LS Livingstone,24,24,0,3,100.0
C Green,M Jansen,10,20,0,2,200.0
C Green,M Markande,16,22,0,3,137.5
C Green,M Prasidh Krishna,26,36,0,2,138.46
C Green,M Siddharth,8,6,0,2,75.0
C Green,M Theekshana,22,22,0,3,100.0
C Green,MA Starc,8,18,0,3,225.0
C Green,MJ Santner,10,16,0,2,160.0
C Green,MP Yadav,10,10,2,2,100.0
C Green,Mayank Dagar,24,46,0,2,191.67
C Green,Mohammed Shami,20,36,0,5,180.0
C Green,Mohammed Siraj,18,14,0,3,77.78
C Green,Mohsin Khan,36,50,2,4,138.89
C Green,Mukesh Kumar,10,8,0,3,80.0
C Green,Mustafizur Rahman,12,26,2,3,216.67
C Green,N Burger,20,38,0,3,190.0
C Green,NT Ellis,24,40,4,3,166.67
C Green,Naveen-ul-Haq,10,16,2,2,160.0
C Green,Nithish Kumar Reddy,18,44,0,2,244.44
C Green,Noor Ahmad,46,76,4,4,165.22
C Green,PJ Cummins,14,38,0,2,271.43
C Green,Prince Yadav,16,30,0,3,187.5
C Green,R Ashwin,40,40,4,3,100.0
C Green,R Dhawan,18,12,0,2,66.67
C Green,R Sai Kishore,16,36,0,2,225.0
C Green,RA Jadeja,32,28,2,3,87.5
C Green,RD Chahar,36,64,0,3,177.78
C Green,RJW Topley,6,8,2,2,133.33
C Green,Rashid Khan,82,130,2,5,158.54
C Green,Rasikh Salam,24,22,2,3,91.67
C Green,Ravi Bishnoi,22,24,2,4,109.09
C Green,SM Curran,22,42,0,4,190.91
C Green,SN Thakur,24,66,2,3,275.0
C Green,SP Narine,18,42,2,3,233.33
C Green,Sandeep Sharma,14,18,0,3,128.57
C Green,Simarjeet Singh,6,12,0,2,200.0
C Green,T Natarajan,30,66,0,3,220.0
C Green,TA Boult,14,28,0,3,200.0
C Green,TU Deshpande,8,6,2,3,75.0
C Green,Umran Malik,16,26,0,2,162.5
C Green,V Nigam,8,6,0,2,75.0
C Green,Vivrant Sharma,6,16,0,2,266.67
C Green,Washington Sundar,22,34,0,2,154.55
C Green,YS Chahal,22,48,0,4,218.18
C Madan,A Mishra,6,0,0,2,0.0
C Madan,A Nehra,22,18,0,2,81.82
C Madan,PJ Sangwan,8,12,0,2,150.0
C Munro,Abhishek Sharma,8,16,2,2,200.0
C Munro,B Kumar,12,10,0,3,83.33
C Munro,BB Sran,14,14,0,3,100.0
C Munro,Basil Thampi,10,22,0,2,220.0
C Munro,DJ Hooda,16,16,2,4,100.0
C Munro,DL Chahar,12,12,0,2,100.0
C Munro,Harbhajan Singh,26,36,0,2,138.46
C Munro,J Yadav,6,4,0,2,66.67
C Munro,JJ Bumrah,6,2,0,2,33.33
C Munro,KK Ahmed,18,42,0,2,233.33
C Munro,KM Asif,10,28,2,2,280.0
C Munro,KS Williamson,6,10,0,2,166.67
C Munro,Kuldeep Yadav,8,16,0,2,200.0
C Munro,L Ngidi,14,2,0,2,14.29
C Munro,MC Henriques,6,4,0,2,66.67
C Munro,Mustafizur Rahman,6,4,0,2,66.67
C Munro,PP Chawla,6,18,0,2,300.0
C Munro,R Ashwin,6,4,0,2,66.67
C Munro,RA Jadeja,10,6,2,2,60.0
C Munro,RD Chahar,8,2,0,2,25.0
C Munro,Rashid Khan,12,2,2,2,16.67
C Munro,SP Narine,10,20,0,2,200.0
C Munro,SR Watson,8,22,0,2,275.0
C Munro,Sandeep Sharma,12,16,0,2,133.33
C Munro,Shivam Mavi,10,10,2,2,100.0
C Sakariya,Arshdeep Singh,6,10,2,2,166.67
C Sakariya,HV Patel,6,4,4,3,66.67
C Sakariya,JJ Bumrah,12,2,0,2,16.67
C Sakariya,MA Wood,8,8,2,2,100.0
C Sakariya,Mohammed Shami,6,4,0,2,66.67
C Sakariya,NM Coulter-Nile,10,10,2,2,100.0
C Sakariya,SP Narine,8,2,0,2,25.0
C de Grandhomme,A Choudhary,14,6,0,2,42.86
C de Grandhomme,B Kumar,36,40,4,5,111.11
C de Grandhomme,BA Stokes,6,12,0,2,200.0
C de Grandhomme,Basil Thampi,18,44,0,2,244.44
C de Grandhomme,DT Christian,8,14,0,2,175.0
C de Grandhomme,HH Pandya,12,18,2,4,150.0
C de Grandhomme,Harbhajan Singh,10,12,0,2,120.0
C de Grandhomme,Imran Tahir,32,60,0,4,187.5
C de Grandhomme,JJ Bumrah,20,4,2,3,20.0
C de Grandhomme,KH Pandya,12,16,0,2,133.33
C de Grandhomme,MG Johnson,6,14,0,3,233.33
C de Grandhomme,MJ McClenaghan,10,42,0,2,420.0
C de Grandhomme,Mohammed Siraj,10,18,0,2,180.0
C de Grandhomme,P Negi,16,18,2,2,112.5
C de Grandhomme,R Vinay Kumar,10,26,0,2,260.0
C de Grandhomme,RA Jadeja,10,4,2,4,40.0
C de Grandhomme,Rashid Khan,44,66,0,4,150.0
C de Grandhomme,S Badree,6,14,0,2,233.33
C de Grandhomme,S Kaul,50,50,4,5,100.0
C de Grandhomme,Sandeep Sharma,18,18,0,4,100.0
C de Grandhomme,Shakib Al Hasan,12,22,0,3,183.33
C de Grandhomme,Shivam Mavi,8,10,0,2,125.0
C de Grandhomme,TA Boult,6,4,0,2,66.67
C de Grandhomme,TM Head,10,18,0,2,180.0
C de Grandhomme,V Shankar,10,8,0,2,80.0
C de Grandhomme,YS Chahal,14,6,2,3,42.86
CA Ingram,BCJ Cutting,8,10,2,2,125.0
CA Ingram,GC Viljoen,22,48,0,3,218.18
CA Ingram,HH Pandya,14,28,0,2,200.0
CA Ingram,IS Sodhi,6,2,2,2,33.33
CA Ingram,Imran Tahir,6,2,0,2,33.33
CA Ingram,JC Archer,8,4,0,2,50.0
CA Ingram,JJ Bumrah,12,6,0,2,50.0
CA Ingram,K Gowtham,24,12,0,2,50.0
CA Ingram,KH Pandya,18,38,0,2,211.11
CA Ingram,Kuldeep Yadav,8,8,0,2,100.0
CA Ingram,LH Ferguson,6,12,0,2,200.0
CA Ingram,M Ashwin,16,26,0,2,162.5
CA Ingram,MJ McClenaghan,6,10,0,2,166.67
CA Ingram,MM Ali,20,4,2,2,20.0
CA Ingram,MR Marsh,10,10,0,2,100.0
CA Ingram,Mohammed Shami,12,6,2,3,50.0
CA Ingram,Mujeeb Ur Rahman,16,26,0,2,162.5
CA Ingram,N Rana,6,6,0,2,100.0
CA Ingram,NA Saini,10,20,2,2,200.0
CA Ingram,P Negi,14,26,0,2,185.71
CA Ingram,PP Chawla,6,22,0,2,366.67
CA Ingram,R Ashwin,24,16,2,3,66.67
CA Ingram,Rashid Khan,6,4,0,2,66.67
CA Ingram,Rasikh Salam,6,2,0,2,33.33
CA Ingram,S Gopal,10,4,0,2,40.0
CA Ingram,STR Binny,6,6,0,2,100.0
CA Ingram,Sandeep Sharma,6,4,0,2,66.67
CA Ingram,YS Chahal,10,14,0,3,140.0
CA Ingram,Yuvraj Singh,12,14,0,2,116.67
CA Lynn,A Chandila,6,2,0,2,33.33
CA Lynn,A Choudhary,12,28,0,2,233.33
CA Lynn,AB Dinda,6,6,0,2,100.0
CA Lynn,AJ Tye,22,60,6,4,272.73
CA Lynn,AR Patel,30,44,2,3,146.67
CA Lynn,AS Rajpoot,10,18,0,2,180.0
CA Lynn,Arshdeep Singh,16,42,0,2,262.5
CA Lynn,B Kumar,62,84,2,7,135.48
CA Lynn,B Stanlake,16,24,0,2,150.0
CA Lynn,BA Stokes,22,14,2,2,63.64
CA Lynn,BB Sran,30,76,0,4,253.33
CA Lynn,CH Morris,24,30,0,3,125.0
CA Lynn,CR Brathwaite,20,36,0,3,180.0
CA Lynn,CR Woakes,10,8,2,2,80.0
CA Lynn,DL Chahar,48,70,2,4,145.83
CA Lynn,DR Smith,12,46,0,2,383.33
CA Lynn,DS Kulkarni,34,92,0,3,270.59
CA Lynn,DT Christian,8,14,0,2,175.0
CA Lynn,HH Pandya,6,2,2,2,33.33
CA Lynn,HV Patel,12,18,0,3,150.0
CA Lynn,Harbhajan Singh,6,4,0,2,66.67
CA Lynn,IS Sodhi,24,16,0,3,66.67
CA Lynn,Imran Tahir,16,18,2,3,112.5
CA Lynn,JA Morkel,14,20,0,2,142.86
CA Lynn,JC Archer,40,64,0,4,160.0
CA Lynn,JD Unadkat,20,24,0,3,120.0
CA Lynn,JJ Bumrah,54,66,4,7,122.22
CA Lynn,K Gowtham,34,22,2,4,64.71
CA Lynn,K Rabada,14,18,2,2,128.57
CA Lynn,KA Jamieson,14,4,0,2,28.57
CA Lynn,KH Pandya,56,58,0,5,103.57
CA Lynn,KK Ahmed,26,34,2,3,130.77
CA Lynn,L Balaji,8,12,0,2,150.0
CA Lynn,L Ngidi,12,24,2,2,200.0
CA Lynn,M Ashwin,20,22,0,2,110.0
CA Lynn,M Muralitharan,14,32,0,2,228.57
CA Lynn,MG Johnson,20,22,0,3,110.0
CA Lynn,MJ Henry,20,46,0,2,230.0
CA Lynn,MJ McClenaghan,64,98,2,6,153.12
CA Lynn,MJ Santner,16,22,0,2,137.5
CA Lynn,MM Sharma,20,30,0,3,150.0
CA Lynn,MS Gony,8,20,0,2,250.0
CA Lynn,Mohammed Shami,36,30,4,4,83.33
CA Lynn,Mohammed Siraj,30,36,0,4,120.0
CA Lynn,Mujeeb Ur Rahman,26,26,0,3,100.0
CA Lynn,P Kumar,12,16,0,2,133.33
CA Lynn,P Negi,8,4,4,3,50.0
CA Lynn,R Ashwin,30,50,0,4,166.67
CA Lynn,R Dhawan,10,12,0,2,120.0
CA Lynn,R Tewatia,28,18,0,3,64.29
CA Lynn,RA Jadeja,36,66,2,3,183.33
CA Lynn,RD Chahar,22,46,2,3,209.09
CA Lynn,Rashid Khan,48,46,2,5,95.83
CA Lynn,S Aravind,6,2,0,2,33.33
CA Lynn,S Gopal,26,34,4,3,130.77
CA Lynn,S Kaul,52,96,2,4,184.62
CA Lynn,S Kaushik,22,34,0,2,154.55
CA Lynn,S Midhun,8,12,0,2,150.0
CA Lynn,S Nadeem,46,50,0,3,108.7
CA Lynn,SB Jakati,12,14,0,2,116.67
CA Lynn,SL Malinga,32,60,0,4,187.5
CA Lynn,SN Thakur,18,18,0,2,100.0
CA Lynn,SR Watson,10,18,0,3,180.0
CA Lynn,STR Binny,6,18,0,2,300.0
CA Lynn,SW Tait,8,8,0,2,100.0
CA Lynn,Sandeep Sharma,54,64,0,5,118.52
CA Lynn,Shahbaz Ahmed,8,24,0,2,300.0
CA Lynn,Shakib Al Hasan,58,40,4,5,68.97
CA Lynn,Swapnil Singh,16,30,0,2,187.5
CA Lynn,TA Boult,28,34,0,3,121.43
CA Lynn,TG Southee,56,102,0,5,182.14
CA Lynn,UT Yadav,16,26,0,2,162.5
CA Lynn,VR Aaron,20,12,4,3,60.0
CA Lynn,Washington Sundar,6,10,2,2,166.67
CA Lynn,YS Chahal,124,174,2,8,140.32
CA Lynn,Yuvraj Singh,6,14,0,2,233.33
CA Pujara,A Kumble,10,4,0,3,40.0
CA Pujara,A Mishra,26,26,0,3,100.0
CA Pujara,A Nehra,14,22,0,2,157.14
CA Pujara,A Symonds,12,18,2,2,150.0
CA Pujara,AC Voges,14,20,0,3,142.86
CA Pujara,AJ Finch,10,8,0,2,80.0
CA Pujara,Azhar Mahmood,18,16,0,2,88.89
CA Pujara,B Kumar,12,2,0,2,16.67
CA Pujara,B Lee,12,12,0,2,100.0
CA Pujara,CJ Anderson,6,8,2,2,133.33
CA Pujara,DJG Sammy,6,12,2,2,200.0
CA Pujara,DS Kulkarni,12,10,0,2,83.33
CA Pujara,DW Steyn,38,50,2,5,131.58
CA Pujara,Harmeet Singh,6,10,0,2,166.67
CA Pujara,IK Pathan,36,28,0,5,77.78
CA Pujara,JA Morkel,8,12,0,2,150.0
CA Pujara,JH Kallis,18,28,2,4,155.56
CA Pujara,JJ Bumrah,10,8,0,2,80.0
CA Pujara,JP Faulkner,16,28,0,2,175.0
CA Pujara,JR Hopes,8,6,0,2,75.0
CA Pujara,Jaskaran Singh,12,8,0,3,66.67
CA Pujara,KV Sharma,16,18,0,2,112.5
CA Pujara,KW Richardson,16,18,0,2,112.5
CA Pujara,Kamran Khan,10,12,0,2,120.0
CA Pujara,L Balaji,14,4,0,2,28.57
CA Pujara,M Morkel,30,28,2,5,93.33
CA Pujara,MA Starc,20,6,0,2,30.0
CA Pujara,MG Neser,10,12,0,2,120.0
CA Pujara,MM Patel,10,18,0,2,180.0
CA Pujara,MS Gony,24,38,2,3,158.33
CA Pujara,P Awana,26,28,2,3,107.69
CA Pujara,P Kumar,26,14,0,3,53.85
CA Pujara,PP Chawla,26,26,0,2,100.0
CA Pujara,PV Tambe,20,14,0,2,70.0
CA Pujara,R Ashwin,8,4,2,3,50.0
CA Pujara,R Bhatia,10,10,0,2,100.0
CA Pujara,RP Singh,14,10,2,2,71.43
CA Pujara,S Kaul,8,8,2,2,100.0
CA Pujara,SK Trivedi,24,20,2,3,83.33
CA Pujara,SK Warne,24,28,0,3,116.67
CA Pujara,SMSM Senanayake,14,6,2,2,42.86
CA Pujara,SR Watson,12,8,0,2,66.67
CA Pujara,SW Tait,10,16,0,2,160.0
CA Pujara,Sandeep Sharma,20,22,0,2,110.0
CA Pujara,UT Yadav,12,14,0,2,116.67
CA Pujara,VR Aaron,6,2,0,2,33.33
CA Pujara,WPUJC Vaas,14,8,0,2,57.14
CA Pujara,YK Pathan,10,16,0,2,160.0
CA Pujara,Z Khan,20,22,0,2,110.0
CH Gayle,A Chandila,46,46,0,4,100.0
CH Gayle,A Kumble,12,12,0,2,100.0
CH Gayle,A Mishra,62,134,0,7,216.13
CH Gayle,A Nehra,56,90,2,6,160.71
CH Gayle,A Singh,8,14,0,2,175.0
CH Gayle,AB Dinda,42,66,0,4,157.14
CH Gayle,AB McDonald,16,44,0,2,275.0
CH Gayle,AC Thomas,28,30,0,3,107.14
CH Gayle,AD Mascarenhas,26,46,0,2,176.92
CH Gayle,AD Mathews,36,32,2,5,88.89
CH Gayle,AD Russell,92,164,4,8,178.26
CH Gayle,AG Murtaza,20,86,0,2,430.0
CH Gayle,AJ Finch,10,56,0,2,560.0
CH Gayle,AJ Tye,8,4,2,3,50.0
CH Gayle,AL Menaria,8,14,0,2,175.0
CH Gayle,AM Nayar,16,32,0,3,200.0
CH Gayle,AN Ahmed,20,56,0,2,280.0
CH Gayle,AR Patel,58,122,4,5,210.34
CH Gayle,AS Joseph,6,4,0,2,66.67
CH Gayle,AS Rajpoot,8,2,0,2,25.0
CH Gayle,Anand Rajan,12,22,2,2,183.33
CH Gayle,Anureet Singh,18,8,0,3,44.44
CH Gayle,Avesh Khan,10,14,0,3,140.0
CH Gayle,Azhar Mahmood,44,40,2,4,90.91
CH Gayle,B Kumar,182,262,2,15,143.96
CH Gayle,B Lee,56,100,2,5,178.57
CH Gayle,BA Stokes,56,104,2,4,185.71
CH Gayle,BAW Mendis,10,4,0,2,40.0
CH Gayle,BB Sran,24,54,0,2,225.0
CH Gayle,BCJ Cutting,34,48,4,4,141.18
CH Gayle,Basil Thampi,32,36,4,4,112.5
CH Gayle,CH Morris,98,102,6,9,104.08
CH Gayle,CJ Anderson,12,12,0,2,100.0
CH Gayle,CJ Jordan,26,44,0,2,169.23
CH Gayle,CR Woakes,8,12,4,3,150.0
CH Gayle,CV Varun,10,30,0,2,300.0
CH Gayle,DE Bollinger,22,34,0,4,154.55
CH Gayle,DJ Bravo,98,120,4,9,122.45
CH Gayle,DJ Hooda,22,28,2,3,127.27
CH Gayle,DJ Hussey,10,8,0,3,80.0
CH Gayle,DJ Muthuswami,12,28,0,2,233.33
CH Gayle,DL Chahar,56,74,2,5,132.14
CH Gayle,DP Nannes,18,10,0,3,55.56
CH Gayle,DR Sams,8,4,2,3,50.0
CH Gayle,DR Smith,8,28,0,2,350.0
CH Gayle,DS Kulkarni,100,120,6,8,120.0
CH Gayle,DW Steyn,98,118,2,9,120.41
CH Gayle,FH Edwards,8,0,0,2,0.0
CH Gayle,GB Hogg,16,30,4,3,187.5
CH Gayle,GJ Maxwell,28,70,0,3,250.0
CH Gayle,HF Gurney,8,4,0,2,50.0
CH Gayle,HH Pandya,52,106,2,6,203.85
CH Gayle,HV Patel,12,14,0,2,116.67
CH Gayle,Harbhajan Singh,204,204,10,12,100.0
CH Gayle,Harmeet Singh,24,46,0,2,191.67
CH Gayle,I Sharma,40,72,2,4,180.0
CH Gayle,IC Pandey,18,44,0,2,244.44
CH Gayle,IK Pathan,72,130,2,6,180.56
CH Gayle,Imran Tahir,52,90,2,5,173.08
CH Gayle,Iqbal Abdulla,8,10,0,2,125.0
CH Gayle,J Botha,32,44,0,3,137.5
CH Gayle,J Theron,10,24,2,2,240.0
CH Gayle,J Yadav,40,32,0,3,80.0
CH Gayle,JA Morkel,32,38,0,4,118.75
CH Gayle,JC Archer,52,64,6,6,123.08
CH Gayle,JD Unadkat,56,144,0,5,257.14
CH Gayle,JDP Oram,16,16,0,2,100.0
CH Gayle,JH Kallis,76,92,4,6,121.05
CH Gayle,JJ Bumrah,96,74,0,11,77.08
CH Gayle,JO Holder,38,68,2,4,178.95
CH Gayle,JP Behrendorff,18,48,2,2,266.67
CH Gayle,JP Duminy,30,48,0,4,160.0
CH Gayle,JP Faulkner,30,34,0,5,113.33
CH Gayle,JPR Scantlebury-Searles,6,12,0,2,200.0
CH Gayle,Jaskaran Singh,10,8,0,2,80.0
CH Gayle,K Gowtham,36,26,2,4,72.22
CH Gayle,K Rabada,20,20,2,4,100.0
CH Gayle,K Upadhyay,20,30,0,2,150.0
CH Gayle,KA Jamieson,12,40,0,2,333.33
CH Gayle,KA Pollard,70,130,2,8,185.71
CH Gayle,KC Cariappa,22,48,0,3,218.18
CH Gayle,KH Pandya,16,26,2,5,162.5
CH Gayle,KJ Abbott,12,44,0,2,366.67
CH Gayle,KK Ahmed,24,34,2,4,141.67
CH Gayle,KP Pietersen,16,16,0,2,100.0
CH Gayle,KV Sharma,8,2,4,3,25.0
CH Gayle,Kamran Khan,36,98,4,4,272.22
CH Gayle,Karanveer Singh,10,36,0,2,360.0
CH Gayle,Kartik Tyagi,28,50,0,2,178.57
CH Gayle,Kuldeep Yadav,6,14,0,2,233.33
CH Gayle,L Ablish,10,38,0,2,380.0
CH Gayle,L Balaji,46,76,0,4,165.22
CH Gayle,L Ngidi,10,4,2,3,40.0
CH Gayle,LH Ferguson,34,54,2,3,158.82
CH Gayle,LJ Wright,26,32,0,2,123.08
CH Gayle,LR Shukla,8,8,2,2,100.0
CH Gayle,LRPL Taylor,6,16,0,2,266.67
CH Gayle,M Markande,10,26,0,2,260.0
CH Gayle,M Morkel,84,122,4,8,145.24
CH Gayle,M Prasidh Krishna,20,28,0,4,140.0
CH Gayle,MC Henriques,16,46,2,3,287.5
CH Gayle,MF Maharoof,6,10,0,2,166.67
CH Gayle,MG Johnson,60,102,0,4,170.0
CH Gayle,MG Neser,16,44,0,2,275.0
CH Gayle,MJ McClenaghan,82,102,2,8,124.39
CH Gayle,MK Tiwary,10,26,0,2,260.0
CH Gayle,MM Ali,18,12,0,2,66.67
CH Gayle,MM Patel,54,106,4,4,196.3
CH Gayle,MM Sharma,42,36,0,4,85.71
CH Gayle,MN Samuels,10,6,0,2,60.0
CH Gayle,MR Marsh,24,74,0,2,308.33
CH Gayle,MS Gony,52,148,2,4,284.62
CH Gayle,Mohammad Nabi,14,16,0,2,114.29
CH Gayle,Mohammed Shami,36,56,0,3,155.56
CH Gayle,Mohammed Siraj,48,118,0,4,245.83
CH Gayle,Mustafizur Rahman,18,16,0,3,88.89
CH Gayle,NA Saini,52,38,0,4,73.08
CH Gayle,NB Singh,14,12,0,2,85.71
CH Gayle,NLTC Perera,6,6,0,2,100.0
CH Gayle,NM Coulter-Nile,58,56,0,4,96.55
CH Gayle,P Awana,74,128,4,5,172.97
CH Gayle,P Kumar,172,206,2,11,119.77
CH Gayle,P Negi,20,62,0,2,310.0
CH Gayle,P Parameswaran,14,72,0,2,514.29
CH Gayle,P Suyal,12,42,0,2,350.0
CH Gayle,PD Collingwood,8,8,0,2,100.0
CH Gayle,PJ Cummins,24,18,0,5,75.0
CH Gayle,PJ Sangwan,18,40,0,3,222.22
CH Gayle,PP Chawla,128,232,2,11,181.25
CH Gayle,PP Ojha,18,44,0,2,244.44
CH Gayle,PV Tambe,14,18,2,2,128.57
CH Gayle,Pankaj Singh,16,14,2,3,87.5
CH Gayle,Parvez Rasool,10,4,0,2,40.0
CH Gayle,R Ashwin,128,106,10,11,82.81
CH Gayle,R Bhatia,64,128,4,7,200.0
CH Gayle,R Dhawan,6,6,0,2,100.0
CH Gayle,R McLaren,60,122,0,4,203.33
CH Gayle,R Sharma,28,82,2,4,292.86
CH Gayle,R Shukla,6,0,2,2,0.0
CH Gayle,R Tewatia,46,58,0,4,126.09
CH Gayle,R Vinay Kumar,6,0,2,2,0.0
CH Gayle,RA Jadeja,34,84,2,4,247.06
CH Gayle,RD Chahar,50,60,2,4,120.0
CH Gayle,RE van der Merwe,16,22,0,2,137.5
CH Gayle,RG Sharma,6,16,0,3,266.67
CH Gayle,RJ Harris,32,52,2,4,162.5
CH Gayle,RN ten Doeschate,8,18,0,2,225.0
CH Gayle,RP Singh,56,74,2,5,132.14
CH Gayle,RR Powar,26,26,0,3,100.0
CH Gayle,RS Bopara,20,60,0,3,300.0
CH Gayle,Rashid Khan,66,108,6,7,163.64
CH Gayle,S Badree,20,20,0,2,100.0
CH Gayle,S Gopal,14,30,0,3,214.29
CH Gayle,S Kaul,40,36,0,5,90.0
CH Gayle,S Kaushik,16,30,0,2,187.5
CH Gayle,S Lamichhane,16,44,2,2,275.0
CH Gayle,S Sandeep Warrier,12,20,2,2,166.67
CH Gayle,S Sreesanth,14,32,0,3,228.57
CH Gayle,SB Jakati,14,38,0,2,271.43
CH Gayle,SE Rutherford,8,6,0,2,75.0
CH Gayle,SJ Srivastava,22,16,2,3,72.73
CH Gayle,SK Raina,76,134,2,5,176.32
CH Gayle,SK Trivedi,24,28,0,3,116.67
CH Gayle,SK Warne,32,40,2,3,125.0
CH Gayle,SL Malinga,144,114,2,10,79.17
CH Gayle,SMSM Senanayake,24,22,0,2,91.67
CH Gayle,SN Thakur,20,26,0,3,130.0
CH Gayle,SP Narine,138,130,4,10,94.2
CH Gayle,SR Watson,54,42,6,8,77.78
CH Gayle,SW Tait,24,30,0,2,125.0
CH Gayle,Sandeep Sharma,124,128,8,11,103.23
CH Gayle,Shakib Al Hasan,44,92,0,4,209.09
CH Gayle,Shivam Mavi,26,20,2,3,76.92
CH Gayle,T Natarajan,8,4,0,2,50.0
CH Gayle,TA Boult,20,46,0,4,230.0
CH Gayle,TG Southee,42,82,4,6,195.24
CH Gayle,TL Suman,10,16,2,2,160.0
CH Gayle,TU Deshpande,12,50,0,2,416.67
CH Gayle,UT Yadav,110,144,8,11,130.91
CH Gayle,V Pratap Singh,8,8,0,2,100.0
CH Gayle,V Shankar,6,2,0,2,33.33
CH Gayle,VR Aaron,42,62,0,3,147.62
CH Gayle,VS Malik,8,14,0,2,175.0
CH Gayle,Washington Sundar,32,64,0,2,200.0
CH Gayle,Y Venugopal Rao,8,16,0,2,200.0
CH Gayle,YA Abdulla,26,38,2,3,146.15
CH Gayle,YK Pathan,106,136,0,6,128.3
CH Gayle,YS Chahal,46,56,0,4,121.74
CH Gayle,Z Khan,76,68,6,9,89.47
CH Morris,A Zampa,20,40,0,3,200.0
CH Morris,AB Dinda,10,16,0,3,160.0
CH Morris,AD Mathews,6,12,0,2,200.0
CH Morris,AR Patel,10,4,2,3,40.0
CH Morris,Anureet Singh,10,8,0,2,80.0
CH Morris,Arshdeep Singh,8,10,0,3,125.0
CH Morris,B Kumar,26,40,2,6,153.85
CH Morris,B Laughlin,10,24,0,2,240.0
CH Morris,BA Stokes,10,44,0,2,440.0
CH Morris,CJ Jordan,8,16,0,2,200.0
CH Morris,CR Woakes,14,24,2,4,171.43
CH Morris,DJ Bravo,38,80,0,3,210.53
CH Morris,DR Smith,8,38,0,2,475.0
CH Morris,GB Hogg,8,12,0,2,150.0
CH Morris,HH Pandya,16,22,0,2,137.5
CH Morris,HV Patel,22,22,4,4,100.0
CH Morris,Harbhajan Singh,24,20,2,3,83.33
CH Morris,Imran Tahir,6,14,0,2,233.33
CH Morris,Iqbal Abdulla,10,14,2,3,140.0
CH Morris,JJ Bumrah,28,30,0,4,107.14
CH Morris,JP Faulkner,8,26,0,2,325.0
CH Morris,K Rabada,14,30,0,2,214.29
CH Morris,KA Jamieson,6,14,0,2,233.33
CH Morris,KH Pandya,8,12,0,2,150.0
CH Morris,KK Ahmed,6,4,0,2,66.67
CH Morris,Kuldeep Yadav,8,10,0,3,125.0
CH Morris,MA Starc,6,2,2,3,33.33
CH Morris,MG Johnson,12,16,0,3,133.33
CH Morris,MJ McClenaghan,26,46,0,3,176.92
CH Morris,MM Sharma,40,70,0,5,175.0
CH Morris,Mohammed Shami,14,36,2,4,257.14
CH Morris,Mohammed Siraj,14,24,0,3,171.43
CH Morris,Mujeeb Ur Rahman,8,8,0,2,100.0
CH Morris,NA Saini,6,0,2,2,0.0
CH Morris,NLTC Perera,10,42,0,2,420.0
CH Morris,NM Coulter-Nile,14,14,2,3,100.0
CH Morris,P Kumar,16,46,0,3,287.5
CH Morris,PP Chawla,10,10,2,2,100.0
CH Morris,PP Ojha,6,2,0,2,33.33
CH Morris,PV Tambe,8,28,0,2,350.0
CH Morris,R Ashwin,18,20,0,3,111.11
CH Morris,R Vinay Kumar,16,18,0,2,112.5
CH Morris,RA Jadeja,6,4,2,3,66.67
CH Morris,RP Meredith,6,2,0,2,33.33
CH Morris,Rashid Khan,20,6,2,3,30.0
CH Morris,S Aravind,6,4,0,3,66.67
CH Morris,S Kaul,12,26,0,3,216.67
CH Morris,SL Malinga,8,4,4,3,50.0
CH Morris,SM Curran,6,4,0,2,66.67
CH Morris,SP Narine,12,14,2,4,116.67
CH Morris,SR Watson,22,30,0,4,136.36
CH Morris,Sandeep Sharma,24,42,2,4,175.0
CH Morris,TK Curran,14,34,0,2,242.86
CH Morris,UT Yadav,10,4,2,3,40.0
CH Morris,YS Chahal,12,16,0,3,133.33
CJ Anderson,A Nehra,14,8,2,2,57.14
CJ Anderson,A Zampa,8,6,0,2,75.0
CJ Anderson,AD Russell,20,20,0,2,100.0
CJ Anderson,AR Patel,46,96,2,5,208.7
CJ Anderson,B Kumar,22,28,0,3,127.27
CJ Anderson,BA Stokes,6,2,0,2,33.33
CJ Anderson,BW Hilfenhaus,6,8,0,2,133.33
CJ Anderson,Basil Thampi,18,32,0,3,177.78
CJ Anderson,CH Morris,28,38,2,3,135.71
CJ Anderson,DJ Bravo,10,0,0,2,0.0
CJ Anderson,DJ Hooda,6,2,0,2,33.33
CJ Anderson,DS Kulkarni,18,32,0,3,177.78
CJ Anderson,DW Steyn,8,0,2,2,0.0
CJ Anderson,GJ Maxwell,38,18,0,3,47.37
CJ Anderson,HV Patel,6,4,0,3,66.67
CJ Anderson,IC Pandey,20,38,0,3,190.0
CJ Anderson,Imran Tahir,8,6,2,3,75.0
CJ Anderson,JD Unadkat,6,2,2,2,33.33
CJ Anderson,JP Duminy,16,14,0,2,87.5
CJ Anderson,JP Faulkner,36,68,0,4,188.89
CJ Anderson,KK Cooper,30,48,0,2,160.0
CJ Anderson,Kuldeep Yadav,6,4,0,2,66.67
CJ Anderson,L Balaji,6,4,0,2,66.67
CJ Anderson,M Morkel,24,12,2,3,50.0
CJ Anderson,MG Johnson,20,6,0,3,30.0
CJ Anderson,MJ McClenaghan,6,0,2,2,0.0
CJ Anderson,MM Sharma,10,4,0,4,40.0
CJ Anderson,Mohammed Shami,6,10,0,2,166.67
CJ Anderson,Mohammed Siraj,10,16,0,2,160.0
CJ Anderson,PJ Sangwan,8,2,0,2,25.0
CJ Anderson,PP Chawla,30,48,0,4,160.0
CJ Anderson,PV Tambe,28,56,0,3,200.0
CJ Anderson,R Ashwin,24,22,2,3,91.67
CJ Anderson,R Dhawan,18,16,2,2,88.89
CJ Anderson,R Tewatia,12,10,0,2,83.33
CJ Anderson,RA Jadeja,16,28,0,4,175.0
CJ Anderson,Rashid Khan,6,4,0,2,66.67
CJ Anderson,S Kaul,12,24,0,2,200.0
CJ Anderson,SK Raina,30,58,0,3,193.33
CJ Anderson,SL Malinga,10,8,2,2,80.0
CJ Anderson,SP Narine,28,18,2,5,64.29
CJ Anderson,SR Watson,24,36,0,3,150.0
CJ Anderson,STR Binny,6,8,0,2,133.33
CJ Anderson,Sandeep Sharma,20,42,0,3,210.0
CJ Anderson,Shakib Al Hasan,18,46,0,2,255.56
CJ Anderson,TA Boult,8,14,2,2,175.0
CJ Anderson,TG Southee,8,22,0,2,275.0
CJ Anderson,VR Aaron,20,24,2,5,120.0
CJ Anderson,YS Chahal,20,22,2,3,110.0
CJ Anderson,Yuvraj Singh,10,8,0,3,80.0
CJ Ferguson,A Chandila,22,18,0,2,81.82
CJ Ferguson,A Mishra,12,8,0,3,66.67
CJ Ferguson,AD Mascarenhas,6,6,0,2,100.0
CJ Ferguson,DT Christian,8,24,0,2,300.0
CJ Ferguson,Harmeet Singh,6,0,2,2,0.0
CJ Ferguson,I Sharma,10,14,0,2,140.0
CJ Ferguson,Iqbal Abdulla,14,4,0,3,28.57
CJ Ferguson,J Botha,6,2,2,2,33.33
CJ Ferguson,JH Kallis,8,10,0,2,125.0
CJ Ferguson,KA Pollard,6,8,0,2,133.33
CJ Ferguson,P Kumar,8,2,0,2,25.0
CJ Ferguson,PC Valthaty,8,4,0,2,50.0
CJ Ferguson,PP Ojha,22,16,0,3,72.73
CJ Ferguson,R Bhatia,18,10,2,2,55.56
CJ Ferguson,SK Trivedi,6,4,0,2,66.67
CJ Ferguson,SW Tait,14,20,0,2,142.86
CJ Ferguson,Shakib Al Hasan,16,10,2,3,62.5
CJ Ferguson,YK Pathan,10,16,0,2,160.0
CJ Jordan,B Kumar,8,14,0,3,175.0
CJ Jordan,CV Varun,12,8,0,2,66.67
CJ Jordan,K Rabada,10,10,2,3,100.0
CJ Jordan,M Prasidh Krishna,10,26,2,2,260.0
CJ Jordan,MM Sharma,6,0,2,3,0.0
CJ Jordan,Mohsin Khan,10,4,2,2,40.0
CJ Jordan,Mustafizur Rahman,6,4,0,2,66.67
CJ Jordan,NM Coulter-Nile,8,12,2,3,150.0
CJ Jordan,PJ Cummins,8,22,0,2,275.0
CJ Jordan,RD Chahar,8,6,2,2,75.0
CJ Jordan,Rashid Khan,14,4,0,3,28.57
CJ Jordan,SN Thakur,6,6,0,2,100.0
CJ Jordan,SP Narine,6,4,0,2,66.67
CJ Jordan,T Natarajan,8,6,0,2,75.0
CJ Jordan,TA Boult,6,12,0,2,200.0
CJ McKay,IK Pathan,14,8,2,2,57.14
CJ McKay,UT Yadav,8,2,0,2,25.0
CK Kapugedera,GD McGrath,8,10,0,2,125.0
CK Kapugedera,Mohammad Asif,8,6,0,2,75.0
CK Kapugedera,SR Watson,16,10,0,2,62.5
CK Kapugedera,Sohail Tanvir,8,6,2,2,75.0
CK Langeveldt,PP Chawla,8,2,0,2,25.0
CL White,A Chandila,6,2,2,2,33.33
CL White,A Mishra,12,2,2,2,16.67
CL White,A Mithun,10,30,0,2,300.0
CL White,A Nehra,30,30,0,3,100.0
CL White,AB Agarkar,12,6,2,2,50.0
CL White,AB Dinda,14,18,0,4,128.57
CL White,AC Thomas,14,20,0,2,142.86
CL White,AD Mascarenhas,14,6,0,2,42.86
CL White,AD Russell,16,26,0,2,162.5
CL White,AN Ahmed,8,2,0,2,25.0
CL White,Azhar Mahmood,44,48,0,4,109.09
CL White,B Kumar,46,64,2,4,139.13
CL White,B Lee,8,12,2,3,150.0
CL White,BA Bhatt,6,8,0,2,133.33
CL White,BW Hilfenhaus,6,6,0,2,100.0
CL White,CRD Fernando,8,0,0,2,0.0
CL White,DB Ravi Teja,14,20,0,2,142.86
CL White,DE Bollinger,12,8,0,2,66.67
CL White,DJ Bravo,28,52,0,3,185.71
CL White,DP Vijaykumar,8,24,0,2,300.0
CL White,DR Smith,16,16,2,2,100.0
CL White,DS Kulkarni,26,68,0,3,261.54
CL White,Harbhajan Singh,8,16,0,2,200.0
CL White,Harmeet Singh,6,10,0,2,166.67
CL White,IK Pathan,20,44,0,3,220.0
CL White,Iqbal Abdulla,12,12,0,3,100.0
CL White,J Syed Mohammad,10,22,0,2,220.0
CL White,JA Morkel,44,34,2,5,77.27
CL White,JD Unadkat,20,24,0,3,120.0
CL White,JH Kallis,12,2,2,2,16.67
CL White,JR Hopes,12,24,0,2,200.0
CL White,KA Pollard,8,12,0,3,150.0
CL White,KK Cooper,10,10,0,2,100.0
CL White,L Balaji,12,12,0,2,100.0
CL White,LR Shukla,8,26,0,2,325.0
CL White,M Kartik,24,34,0,3,141.67
CL White,M Morkel,26,28,0,4,107.69
CL White,M Muralitharan,36,36,0,4,100.0
CL White,MC Henriques,16,22,2,3,137.5
CL White,MF Maharoof,14,8,0,3,57.14
CL White,MG Johnson,10,22,0,2,220.0
CL White,MM Patel,24,20,2,3,83.33
CL White,MN Samuels,28,34,4,4,121.43
CL White,MS Gony,12,10,2,2,83.33
CL White,NLTC Perera,20,18,0,2,90.0
CL White,P Awana,10,10,0,3,100.0
CL White,P Kumar,12,22,0,2,183.33
CL White,P Parameswaran,12,8,4,3,66.67
CL White,PP Chawla,46,48,2,5,104.35
CL White,PP Ojha,26,34,0,4,130.77
CL White,R Ashwin,40,38,0,3,95.0
CL White,R Bhatia,38,68,2,4,178.95
CL White,R McLaren,6,6,0,2,100.0
CL White,R Sharma,46,78,0,3,169.57
CL White,R Vinay Kumar,44,78,4,5,177.27
CL White,RA Jadeja,32,62,0,3,193.75
CL White,RJ Harris,44,84,0,4,190.91
CL White,RP Singh,14,8,2,4,57.14
CL White,RV Gomez,8,4,0,2,50.0
CL White,S Nadeem,52,54,2,4,103.85
CL White,S Sreesanth,18,10,2,3,55.56
CL White,SB Jakati,18,34,2,3,188.89
CL White,SC Ganguly,34,64,0,4,188.24
CL White,SK Raina,14,20,0,3,142.86
CL White,SK Trivedi,22,16,2,3,72.73
CL White,SL Malinga,30,32,2,5,106.67
CL White,SMSM Senanayake,16,14,0,2,87.5
CL White,SP Narine,14,6,0,4,42.86
CL White,SR Watson,18,24,2,4,133.33
CL White,Sandeep Sharma,10,10,2,2,100.0
CL White,Sohail Tanvir,12,2,0,2,16.67
CL White,T Thushara,6,22,0,2,366.67
CL White,Umar Gul,10,24,0,2,240.0
CL White,VR Aaron,12,12,2,2,100.0
CL White,VRV Singh,12,10,0,2,83.33
CL White,VS Malik,12,14,0,2,116.67
CL White,WD Parnell,6,10,2,2,166.67
CL White,WPUJC Vaas,10,8,0,2,80.0
CL White,YK Pathan,8,4,0,2,50.0
CL White,Yuvraj Singh,22,16,0,3,72.73
CL White,Z Khan,8,20,0,2,250.0
CM Gautam,A Nehra,6,4,2,2,66.67
CM Gautam,AB Dinda,22,28,0,3,127.27
CM Gautam,AD Mathews,6,2,2,2,33.33
CM Gautam,AG Murtaza,8,8,0,2,100.0
CM Gautam,AR Patel,14,16,0,2,114.29
CM Gautam,B Kumar,18,26,2,4,144.44
CM Gautam,BW Hilfenhaus,6,12,0,2,200.0
CM Gautam,HV Patel,14,20,0,2,142.86
CM Gautam,IK Pathan,6,0,0,2,0.0
CM Gautam,JD Unadkat,12,18,0,2,150.0
CM Gautam,L Balaji,6,6,0,2,100.0
CM Gautam,M Morkel,8,0,2,2,0.0
CM Gautam,MA Starc,8,10,0,2,125.0
CM Gautam,MM Sharma,6,6,0,3,100.0
CM Gautam,Mohammed Shami,10,10,0,2,100.0
CM Gautam,P Kumar,6,12,0,2,200.0
CM Gautam,PP Chawla,10,8,2,3,80.0
CM Gautam,R Dhawan,12,6,2,2,50.0
CM Gautam,S Badree,16,18,2,2,112.5
CM Gautam,S Nadeem,6,8,0,2,133.33
CM Gautam,SP Narine,6,8,0,2,133.33
CM Gautam,Sandeep Sharma,28,42,0,3,150.0
CM Gautam,UT Yadav,10,16,0,2,160.0
CM Gautam,VR Aaron,18,12,2,2,66.67
CM Gautam,WD Parnell,14,20,0,3,142.86
CM Gautam,YS Chahal,6,2,0,2,33.33
CR Brathwaite,AD Russell,6,12,4,3,200.0
CR Brathwaite,B Kumar,8,18,0,2,225.0
CR Brathwaite,CH Morris,8,8,0,2,100.0
CR Brathwaite,DJ Bravo,16,24,0,3,150.0
CR Brathwaite,DS Kulkarni,6,2,2,2,33.33
CR Brathwaite,GB Hogg,6,18,0,2,300.0
CR Brathwaite,L Ngidi,22,22,0,3,100.0
CR Brathwaite,M Ashwin,8,26,0,2,325.0
CR Brathwaite,M Prasidh Krishna,12,20,0,3,166.67
CR Brathwaite,PP Chawla,8,12,2,2,150.0
CR Brathwaite,RA Jadeja,22,20,0,3,90.91
CR Brathwaite,SM Boland,6,12,2,2,200.0
CR Brathwaite,SN Thakur,32,80,2,3,250.0
CR Brathwaite,SR Watson,6,2,0,2,33.33
CR Brathwaite,Sandeep Sharma,8,20,2,2,250.0
CR Brathwaite,UT Yadav,12,38,0,2,316.67
CR Woakes,C Sakariya,10,16,0,2,160.0
CR Woakes,HH Pandya,8,4,0,2,50.0
CR Woakes,JJ Bumrah,12,12,2,3,100.0
CR Woakes,MG Johnson,8,10,0,2,125.0
CR Woakes,MM Sharma,6,14,0,2,233.33
CR Woakes,Mustafizur Rahman,10,24,0,3,240.0
CR Woakes,P Negi,22,20,0,2,90.91
CR Woakes,R Tewatia,8,4,0,2,50.0
CR Woakes,S Kaul,6,12,0,2,200.0
CR Woakes,SL Malinga,8,6,2,2,75.0
CR Woakes,Sandeep Sharma,6,2,0,2,33.33
CR Woakes,TS Mills,6,8,2,2,133.33
CR Woakes,YS Chahal,10,4,0,2,40.0
CV Varun,CJ Jordan,6,2,2,2,33.33
CV Varun,HV Patel,26,22,0,3,84.62
CV Varun,I Udana,6,4,0,2,66.67
CV Varun,Kuldeep Yadav,6,2,0,2,33.33
CV Varun,L Ngidi,10,8,2,3,80.0
CV Varun,M Theekshana,6,0,0,2,0.0
CV Varun,Mohammed Siraj,6,2,0,2,33.33
CV Varun,NA Saini,10,6,0,2,60.0
CV Varun,PWH de Silva,6,0,0,2,0.0
D Brevis,A Nortje,6,2,0,2,33.33
D Brevis,AM Ghazanfar,6,6,0,2,100.0
D Brevis,AR Patel,20,24,0,2,120.0
D Brevis,AS Roy,6,2,0,2,33.33
D Brevis,Akash Deep,10,12,0,2,120.0
D Brevis,Akash Madhwal,10,8,2,2,80.0
D Brevis,Akash Singh,6,14,0,2,233.33
D Brevis,Arshad Khan,20,20,0,4,100.0
D Brevis,Arshdeep Singh,10,16,0,2,160.0
D Brevis,Ashwani Kumar,6,10,2,2,166.67
D Brevis,Avesh Khan,12,24,2,2,200.0
D Brevis,Azmatullah Omarzai,24,28,2,3,116.67
D Brevis,CV Varun,44,44,4,4,100.0
D Brevis,DS Rathi,14,10,2,2,71.43
D Brevis,E Malinga,16,18,2,3,112.5
D Brevis,G Coetzee,8,24,0,2,300.0
D Brevis,HV Patel,14,14,2,3,100.0
D Brevis,Harpreet Brar,6,2,0,2,33.33
D Brevis,JO Holder,10,4,0,3,40.0
D Brevis,K Rabada,12,6,0,4,50.0
D Brevis,KH Pandya,10,14,0,2,140.0
D Brevis,KT Maphaka,8,16,0,2,200.0
D Brevis,Kartik Tyagi,12,6,2,2,50.0
D Brevis,Kuldeep Yadav,32,44,0,2,137.5
D Brevis,M Jansen,6,12,0,2,200.0
D Brevis,M Prasidh Krishna,16,18,2,3,112.5
D Brevis,MJ Santner,16,32,0,3,200.0
D Brevis,MM Sharma,16,22,2,2,137.5
D Brevis,MP Yadav,6,4,0,2,66.67
D Brevis,Mohammed Shami,10,6,2,3,60.0
D Brevis,Mohammed Siraj,12,34,0,3,283.33
D Brevis,Mohsin Khan,6,0,2,2,0.0
D Brevis,Mukesh Choudhary,8,2,2,2,25.0
D Brevis,Naveen-ul-Haq,12,22,2,2,183.33
D Brevis,Nithish Kumar Reddy,6,22,0,2,366.67
D Brevis,OF Smith,12,22,2,2,183.33
D Brevis,PHKD Mendis,20,44,0,2,220.0
D Brevis,PJ Cummins,22,44,0,4,200.0
D Brevis,PVD Chameera,8,28,0,2,350.0
D Brevis,PWH de Silva,16,12,2,3,75.0
D Brevis,Prince Yadav,12,6,0,3,50.0
D Brevis,R Parag,8,22,0,2,275.0
D Brevis,R Sai Kishore,28,26,0,2,92.86
D Brevis,RD Chahar,10,56,0,2,560.0
D Brevis,Rashid Khan,30,38,2,4,126.67
D Brevis,Rasikh Salam,8,12,0,2,150.0
D Brevis,Ravi Bishnoi,16,22,0,4,137.5
D Brevis,SH Johnson,6,16,0,2,266.67
D Brevis,SP Narine,42,68,0,4,161.9
D Brevis,Sakib Hussain,16,18,0,2,112.5
D Brevis,Shahbaz Ahmed,16,36,0,3,225.0
D Brevis,Shivang Kumar,12,4,2,3,33.33
D Brevis,Suryansh Shedge,12,10,0,2,83.33
D Brevis,UT Yadav,10,16,0,2,160.0
D Brevis,VG Arora,28,84,0,4,300.0
D Brevis,YS Chahal,12,22,0,2,183.33
D Brevis,Yudhvir Singh,12,28,0,2,233.33
D Brevis,Zeeshan Ansari,12,18,0,2,150.0
D Ferreira,Arshdeep Singh,16,40,0,2,250.0
D Ferreira,C Bosch,8,4,0,2,50.0
D Ferreira,DS Rathi,16,12,0,2,75.0
D Ferreira,E Malinga,16,16,2,4,100.0
D Ferreira,Harsh Dubey,16,32,0,2,200.0
D Ferreira,K Rabada,6,6,2,3,100.0
D Ferreira,Kuldeep Yadav,12,38,2,3,316.67
D Ferreira,LH Ferguson,18,32,0,2,177.78
D Ferreira,M Jansen,12,26,0,2,216.67
D Ferreira,M Prasidh Krishna,10,18,0,3,180.0
D Ferreira,MA Starc,12,24,2,3,200.0
D Ferreira,MP Yadav,16,30,0,3,187.5
D Ferreira,Mohammed Shami,6,10,0,2,166.67
D Ferreira,Mohsin Khan,6,4,0,2,66.67
D Ferreira,NT Ellis,6,8,0,2,133.33
D Ferreira,Nithish Kumar Reddy,20,28,0,4,140.0
D Ferreira,PJ Cummins,8,8,0,3,100.0
D Ferreira,PP Hinge,26,38,0,4,146.15
D Ferreira,Prince Yadav,12,4,2,3,33.33
D Ferreira,RD Chahar,6,2,0,2,33.33
D Ferreira,Raghu Sharma,8,16,0,2,200.0
D Ferreira,Rashid Khan,14,60,2,3,428.57
D Ferreira,SN Thakur,8,4,0,2,50.0
D Ferreira,SP Narine,12,12,2,2,100.0
D Ferreira,Sakib Hussain,28,58,2,4,207.14
D Ferreira,Shivang Kumar,24,48,0,2,200.0
D Ferreira,T Natarajan,8,32,0,2,400.0
D Ferreira,YS Chahal,6,6,0,2,100.0
D Kalyankrishna,S Sreesanth,6,2,0,2,33.33
D Kalyankrishna,VRV Singh,6,2,0,2,33.33
D Padikkal,A Nortje,22,34,6,5,154.55
D Padikkal,AD Russell,8,16,2,2,200.0
D Padikkal,AK Markram,6,0,0,2,0.0
D Padikkal,AR Patel,60,98,4,8,163.33
D Padikkal,AS Roy,16,18,0,3,112.5
D Padikkal,Abhishek Sharma,10,20,0,2,200.0
D Padikkal,Akash Deep,14,10,0,2,71.43
D Padikkal,Akash Singh,8,8,0,2,100.0
D Padikkal,Arshad Khan,8,12,0,4,150.0
D Padikkal,Arshdeep Singh,80,128,6,9,160.0
D Padikkal,Avesh Khan,20,6,4,4,30.0
D Padikkal,B Kumar,46,30,2,4,65.22
D Padikkal,C Green,8,14,0,2,175.0
D Padikkal,C Sakariya,46,60,0,4,130.43
D Padikkal,CH Morris,16,28,0,2,175.0
D Padikkal,CV Varun,48,48,0,8,100.0
D Padikkal,DA Payne,10,34,0,2,340.0
D Padikkal,DJ Bravo,24,18,0,3,75.0
D Padikkal,DJ Willey,34,40,2,3,117.65
D Padikkal,DL Chahar,84,144,2,7,171.43
D Padikkal,DR Sams,30,42,0,3,140.0
D Padikkal,DS Rathi,20,26,0,3,130.0
D Padikkal,E Malinga,14,34,2,3,242.86
D Padikkal,GJ Maxwell,32,26,0,5,81.25
D Padikkal,HH Pandya,54,34,2,5,62.96
D Padikkal,HV Patel,30,36,2,6,120.0
D Padikkal,Harbhajan Singh,24,14,0,2,58.33
D Padikkal,Harpreet Brar,48,54,4,5,112.5
D Padikkal,Harsh Dubey,14,34,2,2,242.86
D Padikkal,I Sharma,26,30,2,3,115.38
D Padikkal,J Little,14,18,0,2,128.57
D Padikkal,J Overton,10,16,2,2,160.0
D Padikkal,JC Archer,58,64,4,5,110.34
D Padikkal,JD Unadkat,34,62,0,4,182.35
D Padikkal,JJ Bumrah,52,36,4,8,69.23
D Padikkal,JL Pattinson,34,62,0,3,182.35
D Padikkal,JO Holder,90,104,4,10,115.56
D Padikkal,JR Hazlewood,32,46,2,3,143.75
D Padikkal,K Kartikeya,8,4,0,2,50.0
D Padikkal,K Rabada,92,182,2,11,197.83
D Padikkal,KA Jamieson,12,42,0,2,350.0
D Padikkal,KA Pollard,6,12,0,3,200.0
D Padikkal,KH Pandya,40,66,0,4,165.0
D Padikkal,KK Ahmed,12,2,4,4,16.67
D Padikkal,KV Sharma,16,20,0,2,125.0
D Padikkal,Kartik Tyagi,30,46,2,4,153.33
D Padikkal,Kuldeep Yadav,32,30,0,4,93.75
D Padikkal,LH Ferguson,34,56,4,5,164.71
D Padikkal,LS Livingstone,6,4,0,2,66.67
D Padikkal,Lalit Yadav,24,30,0,2,125.0
D Padikkal,M Ashwin,8,6,0,2,75.0
D Padikkal,M Jansen,10,4,0,2,40.0
D Padikkal,M Pathirana,32,38,4,5,118.75
D Padikkal,M Prasidh Krishna,50,94,2,6,188.0
D Padikkal,M Theekshana,28,44,0,4,157.14
D Padikkal,MC Henriques,10,4,2,2,40.0
D Padikkal,MJ Henry,8,14,0,2,175.0
D Padikkal,MJ Santner,14,16,2,4,114.29
D Padikkal,MM Ali,22,24,2,4,109.09
D Padikkal,MP Stoinis,30,78,0,4,260.0
D Padikkal,MP Yadav,10,8,0,2,80.0
D Padikkal,MR Marsh,20,44,0,3,220.0
D Padikkal,Mohammed Shami,52,54,0,7,103.85
D Padikkal,Mohammed Siraj,70,92,6,10,131.43
D Padikkal,Monu Kumar,6,2,0,2,33.33
D Padikkal,Mukesh Kumar,8,0,2,2,0.0
D Padikkal,Mustafizur Rahman,62,96,2,5,154.84
D Padikkal,NT Ellis,30,22,2,3,73.33
D Padikkal,Naveen-ul-Haq,14,8,0,2,57.14
D Padikkal,Nithish Kumar Reddy,8,20,0,2,250.0
D Padikkal,Noor Ahmad,30,30,2,4,100.0
D Padikkal,PJ Cummins,58,74,0,5,127.59
D Padikkal,PP Chawla,6,2,2,2,33.33
D Padikkal,PVD Chameera,50,72,0,4,144.0
D Padikkal,PWH de Silva,54,82,0,6,151.85
D Padikkal,Prince Yadav,20,38,2,3,190.0
D Padikkal,R Ashwin,38,32,4,4,84.21
D Padikkal,R Dhawan,8,6,0,2,75.0
D Padikkal,R Parag,32,64,0,5,200.0
D Padikkal,R Sai Kishore,22,48,0,2,218.18
D Padikkal,R Shepherd,20,36,0,2,180.0
D Padikkal,R Tewatia,58,74,2,4,127.59
D Padikkal,RA Jadeja,68,88,2,6,129.41
D Padikkal,RD Chahar,86,122,0,6,141.86
D Padikkal,RJW Topley,6,4,0,2,66.67
D Padikkal,RP Meredith,8,14,2,2,175.0
D Padikkal,Rashid Khan,88,80,10,10,90.91
D Padikkal,Ravi Bishnoi,52,68,2,5,130.77
D Padikkal,S Dube,12,40,0,2,333.33
D Padikkal,S Gopal,50,64,0,4,128.0
D Padikkal,S Kaul,20,8,0,2,40.0
D Padikkal,SH Johnson,6,6,0,2,100.0
D Padikkal,SM Curran,66,108,2,7,163.64
D Padikkal,SN Thakur,60,50,6,7,83.33
D Padikkal,SP Narine,44,54,4,5,122.73
D Padikkal,Sakib Hussain,14,14,0,2,100.0
D Padikkal,Sandeep Sharma,48,52,4,7,108.33
D Padikkal,Shahbaz Ahmed,6,2,0,2,33.33
D Padikkal,Shakib Al Hasan,10,16,0,3,160.0
D Padikkal,Shashank Singh,8,14,0,2,175.0
D Padikkal,Shivam Mavi,20,14,0,3,70.0
D Padikkal,Sikandar Raza,14,18,0,2,128.57
D Padikkal,T Natarajan,34,68,0,4,200.0
D Padikkal,TA Boult,48,58,4,5,120.83
D Padikkal,TK Curran,16,26,0,2,162.5
D Padikkal,TU Deshpande,38,84,0,5,221.05
D Padikkal,UT Yadav,16,8,4,4,50.0
D Padikkal,Umran Malik,48,32,4,4,66.67
D Padikkal,V Nigam,6,2,0,2,33.33
D Padikkal,V Puthur,6,4,2,2,66.67
D Padikkal,V Shankar,10,6,2,2,60.0
D Padikkal,VG Arora,6,12,0,2,200.0
D Padikkal,Vijaykumar Vyshak,18,44,0,2,244.44
D Padikkal,WD Parnell,6,8,0,2,133.33
D Padikkal,Washington Sundar,6,6,0,3,100.0
D Padikkal,XC Bartlett,18,38,0,2,211.11
D Padikkal,YS Chahal,20,50,0,3,250.0
D Pretorius,HV Patel,10,14,2,2,140.0
D Pretorius,JD Unadkat,8,16,2,2,200.0
D Pretorius,JJ Bumrah,16,24,0,2,150.0
D Pretorius,JR Hazlewood,6,12,0,2,200.0
D Pretorius,RD Chahar,8,16,2,2,200.0
D Salunkhe,DL Vettori,16,24,0,2,150.0
D Salunkhe,GD McGrath,10,14,0,2,140.0
D Salunkhe,JR Hopes,6,12,2,2,200.0
D Salunkhe,R Bhatia,8,12,0,2,150.0
D Wiese,A Nehra,24,16,0,4,66.67
D Wiese,AD Russell,8,10,0,2,125.0
D Wiese,Anureet Singh,8,6,0,2,75.0
D Wiese,DJ Bravo,38,54,4,4,142.11
D Wiese,DS Kulkarni,10,16,2,2,160.0
D Wiese,HH Pandya,8,24,0,2,300.0
D Wiese,HV Patel,6,24,0,2,400.0
D Wiese,Harbhajan Singh,10,10,0,2,100.0
D Wiese,JJ Bumrah,6,16,0,2,266.67
D Wiese,KA Pollard,10,16,0,2,160.0
D Wiese,MJ McClenaghan,10,26,0,2,260.0
D Wiese,MM Sharma,14,26,2,4,185.71
D Wiese,Mohammed Shami,6,8,0,3,133.33
D Wiese,Noor Ahmad,6,0,0,2,0.0
D Wiese,RA Jadeja,6,6,0,2,100.0
D Wiese,SL Malinga,6,2,0,2,33.33
D Wiese,UT Yadav,6,8,0,2,133.33
D du Preez,A Singh,6,4,2,2,66.67
D du Preez,AS Raut,8,8,0,2,100.0
D du Preez,RA Jadeja,8,6,0,2,75.0
DA Miller,A Ashish Reddy,12,24,0,2,200.0
DA Miller,A Mishra,102,136,2,10,133.33
DA Miller,A Nehra,32,38,0,5,118.75
DA Miller,A Nortje,28,62,0,5,221.43
DA Miller,A Zampa,14,16,0,3,114.29
DA Miller,AB Agarkar,6,4,0,2,66.67
DA Miller,AB Dinda,32,56,0,3,175.0
DA Miller,AB McDonald,16,12,2,2,75.0
DA Miller,AD Mathews,18,24,0,2,133.33
DA Miller,AD Russell,22,48,2,5,218.18
DA Miller,AR Patel,14,12,2,5,85.71
DA Miller,Akash Madhwal,10,16,2,2,160.0
DA Miller,Arshdeep Singh,18,14,0,4,77.78
DA Miller,Ashok Sharma,6,4,0,2,66.67
DA Miller,Avesh Khan,76,122,4,9,160.53
DA Miller,Azmatullah Omarzai,8,2,2,2,25.0
DA Miller,B Kumar,82,108,2,11,131.71
DA Miller,BA Stokes,12,12,0,2,100.0
DA Miller,BAW Mendis,16,30,0,2,187.5
DA Miller,BJ Dwarshuis,20,42,2,2,210.0
DA Miller,BW Hilfenhaus,8,0,0,2,0.0
DA Miller,C Bosch,16,26,0,3,162.5
DA Miller,C Green,36,54,0,5,150.0
DA Miller,C de Grandhomme,14,22,0,2,157.14
DA Miller,CH Morris,52,54,4,9,103.85
DA Miller,CJ Anderson,12,16,2,2,133.33
DA Miller,CJ Jordan,42,72,0,3,171.43
DA Miller,CJ McKay,8,6,0,2,75.0
DA Miller,CR Woakes,8,4,0,2,50.0
DA Miller,CV Varun,20,26,0,4,130.0
DA Miller,D Ferreira,6,16,0,2,266.67
DA Miller,DJ Bravo,64,88,4,6,137.5
DA Miller,DJ Harris,8,16,0,2,200.0
DA Miller,DJ Hooda,50,86,2,4,172.0
DA Miller,DJ Mitchell,10,14,0,2,140.0
DA Miller,DJG Sammy,16,14,2,3,87.5
DA Miller,DL Chahar,24,28,2,3,116.67
DA Miller,DL Vettori,6,4,0,2,66.67
DA Miller,DR Sams,6,2,0,2,33.33
DA Miller,DR Smith,24,32,2,3,133.33
DA Miller,DS Kulkarni,26,72,6,6,276.92
DA Miller,DT Christian,6,12,2,2,200.0
DA Miller,DW Steyn,10,6,0,2,60.0
DA Miller,G Coetzee,12,18,0,2,150.0
DA Miller,GB Hogg,12,8,0,3,66.67
DA Miller,GH Vihari,8,8,0,3,100.0
DA Miller,GJ Maxwell,28,52,0,4,185.71
DA Miller,Gurjapneet Singh,10,4,0,2,40.0
DA Miller,HH Pandya,26,52,4,5,200.0
DA Miller,HV Patel,78,128,0,9,164.1
DA Miller,Harbhajan Singh,70,78,0,7,111.43
DA Miller,I Sharma,28,56,2,3,200.0
DA Miller,IC Pandey,18,24,0,3,133.33
DA Miller,IK Pathan,24,14,0,6,58.33
DA Miller,IS Sodhi,14,26,0,2,185.71
DA Miller,Imran Tahir,54,76,0,6,140.74
DA Miller,J Botha,18,20,0,2,111.11
DA Miller,J Overton,6,2,2,2,33.33
DA Miller,J Suchith,34,44,0,3,129.41
DA Miller,J Theron,16,16,0,2,100.0
DA Miller,JA Morkel,34,50,2,4,147.06
DA Miller,JC Archer,18,12,0,4,66.67
DA Miller,JD Unadkat,32,46,0,5,143.75
DA Miller,JDS Neesham,10,8,0,2,80.0
DA Miller,JH Kallis,16,26,0,3,162.5
DA Miller,JJ Bumrah,80,104,4,10,130.0
DA Miller,JO Holder,16,26,2,2,162.5
DA Miller,JP Behrendorff,12,6,2,4,50.0
DA Miller,JP Duminy,52,28,4,5,53.85
DA Miller,JP Faulkner,44,84,0,6,190.91
DA Miller,JR Hazlewood,14,26,0,4,185.71
DA Miller,K Kartikeya,20,34,0,3,170.0
DA Miller,K Rabada,38,50,0,7,131.58
DA Miller,KA Pollard,48,96,2,9,200.0
DA Miller,KH Pandya,24,20,0,4,83.33
DA Miller,KK Ahmed,16,26,0,5,162.5
DA Miller,KK Cooper,22,12,2,3,54.55
DA Miller,KMDN Kulasekara,6,12,0,2,200.0
DA Miller,KR Sen,10,40,0,2,400.0
DA Miller,KV Sharma,48,78,4,6,162.5
DA Miller,Kartik Tyagi,10,18,0,2,180.0
DA Miller,Kuldeep Yadav,74,86,2,8,116.22
DA Miller,LE Plunkett,6,4,0,2,66.67
DA Miller,LH Ferguson,20,30,0,4,150.0
DA Miller,LJ Wright,22,56,0,2,254.55
DA Miller,LS Livingstone,22,14,4,3,63.64
DA Miller,M Ashwin,6,4,2,2,66.67
DA Miller,M Jansen,32,42,4,5,131.25
DA Miller,M Kartik,14,26,0,2,185.71
DA Miller,M Markande,14,36,0,3,257.14
DA Miller,M Morkel,26,12,0,5,46.15
DA Miller,M Pathirana,26,18,0,4,69.23
DA Miller,M Prasidh Krishna,78,144,0,7,184.62
DA Miller,M Theekshana,14,28,0,2,200.0
DA Miller,MA Starc,36,46,0,6,127.78
DA Miller,MC Henriques,48,54,2,5,112.5
DA Miller,MG Johnson,8,18,2,2,225.0
DA Miller,MJ McClenaghan,26,26,0,4,100.0
DA Miller,MM Ali,36,38,2,4,105.56
DA Miller,MM Patel,16,44,0,3,275.0
DA Miller,MM Sharma,34,76,0,4,223.53
DA Miller,MP Stoinis,26,50,2,5,192.31
DA Miller,MR Marsh,6,8,0,2,133.33
DA Miller,Mohammad Nabi,16,10,0,3,62.5
DA Miller,Mohammed Shami,24,52,0,4,216.67
DA Miller,Mohammed Siraj,34,54,4,6,158.82
DA Miller,Mohsin Khan,10,8,0,2,80.0
DA Miller,Mukesh Choudhary,14,18,0,3,128.57
DA Miller,Mukesh Kumar,28,68,2,5,242.86
DA Miller,Mustafizur Rahman,26,42,0,5,161.54
DA Miller,NA Saini,8,6,2,2,75.0
DA Miller,NLTC Perera,8,14,0,3,175.0
DA Miller,NM Coulter-Nile,22,16,4,4,72.73
DA Miller,Naveen-ul-Haq,8,4,0,2,50.0
DA Miller,Noor Ahmad,10,26,0,2,260.0
DA Miller,OC McCoy,36,48,0,3,133.33
DA Miller,OF Smith,6,10,0,2,166.67
DA Miller,P Negi,24,20,2,3,83.33
DA Miller,PH Solanki,14,8,0,2,57.14
DA Miller,PJ Cummins,52,50,0,4,96.15
DA Miller,PP Chawla,100,120,4,10,120.0
DA Miller,PP Ojha,24,34,0,3,141.67
DA Miller,PV Tambe,32,56,0,5,175.0
DA Miller,PWH de Silva,30,38,2,4,126.67
DA Miller,R Ashwin,146,164,4,15,112.33
DA Miller,R Bhatia,22,32,0,3,145.45
DA Miller,R Dhawan,12,10,0,2,83.33
DA Miller,R Rampaul,18,38,0,2,211.11
DA Miller,R Sharma,8,14,0,2,175.0
DA Miller,R Shepherd,12,34,0,3,283.33
DA Miller,R Tewatia,38,34,0,5,89.47
DA Miller,R Vinay Kumar,26,60,0,3,230.77
DA Miller,RA Jadeja,134,222,4,12,165.67
DA Miller,RD Chahar,26,14,0,4,53.85
DA Miller,RE van der Merwe,14,10,0,2,71.43
DA Miller,RP Meredith,18,42,0,3,233.33
DA Miller,RP Singh,26,70,0,3,269.23
DA Miller,Rashid Khan,26,18,4,4,69.23
DA Miller,Rasikh Salam,28,46,2,4,164.29
DA Miller,Ravi Bishnoi,16,10,0,3,62.5
DA Miller,S Aravind,18,14,2,3,77.78
DA Miller,S Gopal,16,20,0,2,125.0
DA Miller,S Kaul,26,54,0,3,207.69
DA Miller,S Kaushik,22,16,0,2,72.73
DA Miller,S Ladda,8,12,2,2,150.0
DA Miller,S Lamichhane,12,18,0,2,150.0
DA Miller,S Nadeem,12,22,0,2,183.33
DA Miller,SL Malinga,32,20,6,6,62.5
DA Miller,SM Curran,10,8,0,2,80.0
DA Miller,SMSM Senanayake,12,12,2,2,100.0
DA Miller,SN Thakur,30,38,0,6,126.67
DA Miller,SP Narine,74,102,0,9,137.84
DA Miller,SR Dubey,14,28,2,2,200.0
DA Miller,SR Watson,20,32,2,4,160.0
DA Miller,STR Binny,24,28,0,3,116.67
DA Miller,Sandeep Sharma,28,32,4,5,114.29
DA Miller,Shahbaz Ahmed,14,20,0,3,142.86
DA Miller,Shakib Al Hasan,8,6,0,2,75.0
DA Miller,Shivam Mavi,12,2,2,3,16.67
DA Miller,Simarjeet Singh,14,28,0,3,200.0
DA Miller,Suyash Sharma,10,28,0,2,280.0
DA Miller,T Natarajan,14,14,2,3,100.0
DA Miller,TA Boult,66,88,0,10,133.33
DA Miller,TG Southee,28,44,0,4,157.14
DA Miller,TK Curran,6,4,0,2,66.67
DA Miller,TU Deshpande,14,10,2,4,71.43
DA Miller,UT Yadav,80,110,4,12,137.5
DA Miller,Umran Malik,26,26,2,3,100.0
DA Miller,V Puthur,8,12,0,2,150.0
DA Miller,V Shankar,6,14,0,2,233.33
DA Miller,VR Aaron,22,38,2,3,172.73
DA Miller,VS Malik,6,6,0,2,100.0
DA Miller,Vijaykumar Vyshak,6,6,0,3,100.0
DA Miller,WG Jacks,10,20,0,2,200.0
DA Miller,Washington Sundar,44,40,2,7,90.91
DA Miller,YS Chahal,108,190,6,12,175.93
DA Miller,Yash Dayal,24,34,0,3,141.67
DA Miller,Yash Thakur,16,26,0,3,162.5
DA Miller,Yuvraj Singh,10,22,0,3,220.0
DA Miller,Z Khan,12,4,0,3,33.33
DA Payne,B Kumar,8,10,0,2,125.0
DA Warner,A Ashish Reddy,16,50,0,2,312.5
DA Warner,A Choudhary,8,20,2,2,250.0
DA Warner,A Kumble,8,8,2,2,100.0
DA Warner,A Mishra,92,104,4,7,113.04
DA Warner,A Mithun,8,10,0,2,125.0
DA Warner,A Nehra,28,50,0,3,178.57
DA Warner,A Nortje,38,54,2,4,142.11
DA Warner,A Singh,14,4,2,2,28.57
DA Warner,A Symonds,14,10,0,2,71.43
DA Warner,AB Agarkar,28,52,2,4,185.71
DA Warner,AB Dinda,86,100,4,8,116.28
DA Warner,AC Thomas,32,66,0,3,206.25
DA Warner,AD Mathews,12,8,0,2,66.67
DA Warner,AD Russell,56,116,2,6,207.14
DA Warner,AF Milne,26,60,0,3,230.77
DA Warner,AK Markram,8,18,0,2,225.0
DA Warner,AM Nayar,16,22,0,3,137.5
DA Warner,AN Ahmed,24,42,0,3,175.0
DA Warner,AR Patel,120,190,4,11,158.33
DA Warner,AS Joseph,18,20,4,3,111.11
DA Warner,AS Rajpoot,36,36,0,3,100.0
DA Warner,AS Roy,8,12,0,2,150.0
DA Warner,Akash Madhwal,12,8,0,2,66.67
DA Warner,Ankit Sharma,10,30,0,2,300.0
DA Warner,Ankit Soni,16,34,0,2,212.5
DA Warner,Anureet Singh,50,86,0,5,172.0
DA Warner,Arshad Khan,18,24,0,3,133.33
DA Warner,Arshdeep Singh,92,142,0,9,154.35
DA Warner,Avesh Khan,34,40,4,4,117.65
DA Warner,Azhar Mahmood,18,38,0,3,211.11
DA Warner,B Kumar,64,38,4,7,59.38
DA Warner,B Lee,50,68,0,5,136.0
DA Warner,BA Bhatt,10,14,0,2,140.0
DA Warner,BA Stokes,38,44,4,5,115.79
DA Warner,BE Hendricks,18,28,2,2,155.56
DA Warner,BJ Hodge,8,10,0,2,125.0
DA Warner,BW Hilfenhaus,22,4,6,4,18.18
DA Warner,Basil Thampi,18,34,0,2,188.89
DA Warner,C Green,20,34,0,2,170.0
DA Warner,CH Gayle,28,32,0,3,114.29
DA Warner,CH Morris,60,72,2,8,120.0
DA Warner,CJ Jordan,16,20,0,2,125.0
DA Warner,CK Langeveldt,26,58,0,2,223.08
DA Warner,CR Brathwaite,24,32,2,2,133.33
DA Warner,CR Woakes,16,28,2,2,175.0
DA Warner,CRD Fernando,10,18,2,2,180.0
DA Warner,CV Varun,52,74,4,5,142.31
DA Warner,D Wiese,12,22,0,2,183.33
DA Warner,DE Bollinger,12,16,0,2,133.33
DA Warner,DJ Bravo,106,106,2,10,100.0
DA Warner,DJ Hooda,30,36,0,4,120.0
DA Warner,DJ Hussey,54,42,0,4,77.78
DA Warner,DJ Muthuswami,16,40,0,2,250.0
DA Warner,DJG Sammy,12,6,0,3,50.0
DA Warner,DL Chahar,154,196,4,9,127.27
DA Warner,DR Smith,14,34,0,2,242.86
DA Warner,DS Kulkarni,142,142,4,12,100.0
DA Warner,DT Christian,52,66,0,5,126.92
DA Warner,DW Steyn,84,96,4,7,114.29
DA Warner,GJ Maxwell,68,80,2,8,117.65
DA Warner,Gurkeerat Singh,20,38,0,2,190.0
DA Warner,HF Gurney,18,24,0,2,133.33
DA Warner,HH Pandya,36,54,0,4,150.0
DA Warner,HR Shokeen,24,20,0,3,83.33
DA Warner,HV Patel,100,182,2,9,182.0
DA Warner,Harbhajan Singh,190,226,8,14,118.95
DA Warner,Harmeet Singh,34,32,0,3,94.12
DA Warner,Harpreet Brar,18,22,2,3,122.22
DA Warner,Harshit Rana,6,4,0,2,66.67
DA Warner,I Sharma,106,132,2,8,124.53
DA Warner,IC Pandey,22,36,2,2,163.64
DA Warner,Imran Tahir,48,86,0,6,179.17
DA Warner,Iqbal Abdulla,8,16,0,2,200.0
DA Warner,J Botha,48,60,0,3,125.0
DA Warner,J Little,22,24,0,2,109.09
DA Warner,J Yadav,98,142,2,6,144.9
DA Warner,JA Morkel,58,94,2,8,162.07
DA Warner,JC Archer,38,30,4,4,78.95
DA Warner,JD Unadkat,86,102,2,8,118.6
DA Warner,JDP Oram,8,14,0,2,175.0
DA Warner,JH Kallis,46,64,2,5,139.13
DA Warner,JJ Bumrah,90,108,0,9,120.0
DA Warner,JL Pattinson,52,74,2,3,142.31
DA Warner,JO Holder,52,56,0,5,107.69
DA Warner,JP Behrendorff,24,22,2,3,91.67
DA Warner,JP Duminy,42,40,4,6,95.24
DA Warner,JP Faulkner,42,62,2,5,147.62
DA Warner,JR Hazlewood,20,28,2,3,140.0
DA Warner,JW Hastings,24,52,2,2,216.67
DA Warner,K Gowtham,36,60,0,4,166.67
DA Warner,K Khejroliya,8,16,0,2,200.0
DA Warner,K Rabada,124,224,6,11,180.65
DA Warner,KA Jamieson,20,34,2,2,170.0
DA Warner,KA Pollard,80,110,0,7,137.5
DA Warner,KC Cariappa,46,102,0,4,221.74
DA Warner,KH Pandya,52,78,0,5,150.0
DA Warner,KJ Abbott,10,20,0,2,200.0
DA Warner,KK Cooper,18,26,0,2,144.44
DA Warner,KMA Paul,22,18,0,2,81.82
DA Warner,KP Appanna,6,26,0,2,433.33
DA Warner,KP Pietersen,6,2,0,2,33.33
DA Warner,KR Mayers,10,10,0,2,100.0
DA Warner,KR Sen,14,20,0,2,142.86
DA Warner,KV Sharma,6,6,0,2,100.0
DA Warner,KW Richardson,42,112,0,4,266.67
DA Warner,Kartik Tyagi,38,66,0,3,173.68
DA Warner,Kuldeep Yadav,106,138,4,7,130.19
DA Warner,L Balaji,48,54,6,8,112.5
DA Warner,L Ngidi,24,32,2,2,133.33
DA Warner,LH Ferguson,28,34,2,3,121.43
DA Warner,LR Shukla,16,10,0,3,62.5
DA Warner,M Ashwin,48,54,0,5,112.5
DA Warner,M Kartik,34,44,0,3,129.41
DA Warner,M Markande,8,12,0,2,150.0
DA Warner,M Morkel,48,80,4,6,166.67
DA Warner,M Muralitharan,42,42,0,3,100.0
DA Warner,M Pathirana,26,12,2,3,46.15
DA Warner,M Prasidh Krishna,50,64,4,5,128.0
DA Warner,M Theekshana,26,46,2,3,176.92
DA Warner,M Vijay,22,22,0,3,100.0
DA Warner,MA Starc,64,66,4,5,103.12
DA Warner,MA Wood,14,14,0,2,100.0
DA Warner,MC Henriques,34,58,2,5,170.59
DA Warner,MG Johnson,44,102,2,5,231.82
DA Warner,MJ McClenaghan,66,104,4,6,157.58
DA Warner,MM Ali,28,40,0,3,142.86
DA Warner,MM Patel,20,20,0,2,100.0
DA Warner,MM Sharma,96,180,2,10,187.5
DA Warner,MP Stoinis,34,36,0,4,105.88
DA Warner,MS Gony,24,30,0,2,125.0
DA Warner,Mohammed Shami,156,218,4,12,139.74
DA Warner,Mohammed Siraj,74,128,2,7,172.97
DA Warner,Mohsin Khan,8,6,2,2,75.0
DA Warner,Mujeeb Ur Rahman,70,122,0,4,174.29
DA Warner,Mukesh Choudhary,14,28,0,2,200.0
DA Warner,Mustafizur Rahman,10,12,2,2,120.0
DA Warner,N Burger,8,22,0,2,275.0
DA Warner,N Rana,22,26,0,4,118.18
DA Warner,NA Saini,12,4,0,2,33.33
DA Warner,NM Coulter-Nile,108,118,2,8,109.26
DA Warner,NT Ellis,32,62,0,4,193.75
DA Warner,O Thomas,14,14,2,2,100.0
DA Warner,P Awana,24,56,0,3,233.33
DA Warner,P Kumar,172,248,6,12,144.19
DA Warner,P Negi,6,16,0,2,266.67
DA Warner,P Ray Barman,18,30,0,2,166.67
DA Warner,PC Valthaty,18,40,0,3,222.22
DA Warner,PJ Cummins,42,50,0,4,119.05
DA Warner,PJ Sangwan,24,36,0,4,150.0
DA Warner,PP Chawla,154,230,4,12,149.35
DA Warner,PP Ojha,60,108,0,6,180.0
DA Warner,PV Tambe,40,42,2,5,105.0
DA Warner,PWH de Silva,18,36,2,3,200.0
DA Warner,Parvez Rasool,32,50,0,3,156.25
DA Warner,R Ashwin,224,244,6,15,108.93
DA Warner,R Bhatia,38,46,2,4,121.05
DA Warner,R Dhawan,38,66,0,4,173.68
DA Warner,R Parag,8,8,0,2,100.0
DA Warner,R Rampaul,18,12,2,2,66.67
DA Warner,R Sharma,24,50,0,4,208.33
DA Warner,R Shukla,22,42,0,3,190.91
DA Warner,R Tewatia,16,20,0,3,125.0
DA Warner,R Vinay Kumar,8,10,2,3,125.0
DA Warner,RA Jadeja,132,232,0,8,175.76
DA Warner,RA Shaikh,6,12,0,2,200.0
DA Warner,RD Chahar,84,134,0,9,159.52
DA Warner,RG More,8,20,0,2,250.0
DA Warner,RJ Harris,50,44,4,5,88.0
DA Warner,RP Meredith,10,4,0,2,40.0
DA Warner,RP Singh,54,84,2,7,155.56
DA Warner,RR Powar,22,12,0,2,54.55
DA Warner,Rasikh Salam,6,10,0,2,166.67
DA Warner,Ravi Bishnoi,32,22,6,5,68.75
DA Warner,S Aravind,22,30,2,3,136.36
DA Warner,S Badree,22,32,0,2,145.45
DA Warner,S Dhawan,14,18,2,3,128.57
DA Warner,S Gopal,52,66,0,5,126.92
DA Warner,S Kaushik,28,44,0,3,157.14
DA Warner,S Lamichhane,14,6,0,2,42.86
DA Warner,S Nadeem,18,20,0,2,111.11
DA Warner,S Narwal,12,6,2,2,50.0
DA Warner,S Sreesanth,52,40,4,4,76.92
DA Warner,S Tyagi,14,14,0,2,100.0
DA Warner,SA Abbott,28,48,0,3,171.43
DA Warner,SB Jakati,10,12,2,2,120.0
DA Warner,SB Wagh,12,8,0,2,66.67
DA Warner,SJ Srivastava,30,44,2,3,146.67
DA Warner,SK Raina,72,98,2,7,136.11
DA Warner,SK Trivedi,52,72,0,3,138.46
DA Warner,SK Warne,14,12,0,2,85.71
DA Warner,SL Malinga,108,148,4,11,137.04
DA Warner,SM Curran,98,106,4,8,108.16
DA Warner,SN Thakur,56,82,0,6,146.43
DA Warner,SP Narine,246,390,4,17,158.54
DA Warner,SR Watson,40,68,4,6,170.0
DA Warner,SS Cottrell,18,22,0,2,122.22
DA Warner,STR Binny,26,18,2,5,69.23
DA Warner,SW Tait,24,56,0,3,233.33
DA Warner,Sandeep Sharma,156,186,4,11,119.23
DA Warner,Shahbaz Ahmed,12,28,0,2,233.33
DA Warner,Shakib Al Hasan,26,38,2,4,146.15
DA Warner,Shivam Mavi,8,14,0,3,175.0
DA Warner,Simarjeet Singh,6,2,0,2,33.33
DA Warner,T Shamsi,22,30,2,2,136.36
DA Warner,TA Boult,116,150,0,9,129.31
DA Warner,TG Southee,52,90,0,5,173.08
DA Warner,TM Dilshan,10,18,0,2,180.0
DA Warner,TP Sudhindra,24,56,0,2,233.33
DA Warner,TS Mills,8,8,0,2,100.0
DA Warner,TU Deshpande,44,42,0,4,95.45
DA Warner,Tejas Baroka,30,52,0,2,173.33
DA Warner,Tilak Varma,6,2,0,2,33.33
DA Warner,UT Yadav,136,198,10,12,145.59
DA Warner,Umran Malik,22,46,0,2,209.09
DA Warner,VG Arora,18,40,0,3,222.22
DA Warner,VR Aaron,66,92,2,6,139.39
DA Warner,Vijaykumar Vyshak,6,8,2,2,133.33
DA Warner,WD Parnell,42,66,2,5,157.14
DA Warner,WPUJC Vaas,28,28,2,4,100.0
DA Warner,Washington Sundar,72,94,4,7,130.56
DA Warner,Y Prithvi Raj,14,20,2,2,142.86
DA Warner,YK Pathan,74,90,0,9,121.62
DA Warner,YS Chahal,192,312,4,12,162.5
DA Warner,Yash Thakur,6,4,2,2,66.67
DA Warner,Yuvraj Singh,6,6,0,3,100.0
DA Warner,Z Khan,72,88,4,7,122.22
DAJ Bracewell,R Vinay Kumar,14,20,0,2,142.86
DB Das,A Nehra,12,16,2,3,133.33
DB Das,A Singh,6,2,0,2,33.33
DB Das,AA Chavan,16,20,0,2,125.0
DB Das,AD Mascarenhas,16,20,0,2,125.0
DB Das,AD Mathews,8,4,0,3,50.0
DB Das,B Kumar,24,28,0,3,116.67
DB Das,BW Hilfenhaus,6,4,0,2,66.67
DB Das,CRD Fernando,8,18,0,2,225.0
DB Das,DJ Bravo,24,44,2,5,183.33
DB Das,DS Kulkarni,12,10,0,2,83.33
DB Das,GJ Maxwell,6,18,0,2,300.0
DB Das,Harbhajan Singh,20,34,2,2,170.0
DB Das,Harmeet Singh,12,24,0,2,200.0
DB Das,IK Pathan,12,8,0,3,66.67
DB Das,JA Morkel,20,12,0,2,60.0
DB Das,KA Pollard,8,12,0,2,150.0
DB Das,KK Cooper,6,2,2,2,33.33
DB Das,L Balaji,8,8,0,2,100.0
DB Das,M Morkel,22,22,0,4,100.0
DB Das,M Muralitharan,22,30,0,2,136.36
DB Das,MM Patel,14,14,0,4,100.0
DB Das,MS Gony,12,4,0,2,33.33
DB Das,PP Chawla,10,18,0,2,180.0
DB Das,PP Ojha,10,10,0,2,100.0
DB Das,R Ashwin,16,26,2,3,162.5
DB Das,RA Jadeja,12,24,0,3,200.0
DB Das,S Nadeem,34,28,0,2,82.35
DB Das,S Sreesanth,14,8,4,3,57.14
DB Das,SK Trivedi,10,8,0,3,80.0
DB Das,SK Warne,10,18,0,2,180.0
DB Das,SL Malinga,6,0,2,2,0.0
DB Das,SM Pollock,8,12,0,2,150.0
DB Das,SR Watson,8,16,0,2,200.0
DB Das,Sohail Tanvir,12,4,4,3,33.33
DB Das,V Pratap Singh,8,14,0,2,175.0
DB Das,WD Parnell,16,14,0,3,87.5
DB Das,YK Pathan,16,26,0,3,162.5
DB Ravi Teja,A Mishra,6,4,2,3,66.67
DB Ravi Teja,A Nehra,18,26,0,3,144.44
DB Ravi Teja,A Singh,6,2,2,2,33.33
DB Ravi Teja,AB Dinda,14,16,0,3,114.29
DB Ravi Teja,AL Menaria,8,12,0,2,150.0
DB Ravi Teja,AM Nayar,20,24,0,2,120.0
DB Ravi Teja,AM Salvi,6,0,2,2,0.0
DB Ravi Teja,B Akhil,8,12,0,2,150.0
DB Ravi Teja,B Kumar,14,18,0,3,128.57
DB Ravi Teja,B Lee,10,6,2,3,60.0
DB Ravi Teja,BA Bhatt,6,10,0,2,166.67
DB Ravi Teja,DJ Bravo,20,36,2,4,180.0
DB Ravi Teja,DP Nannes,12,2,2,2,16.67
DB Ravi Teja,GD McGrath,8,18,0,2,225.0
DB Ravi Teja,IK Pathan,14,6,0,3,42.86
DB Ravi Teja,Iqbal Abdulla,10,16,0,3,160.0
DB Ravi Teja,JA Morkel,12,12,2,2,100.0
DB Ravi Teja,JD Unadkat,10,14,2,2,140.0
DB Ravi Teja,L Balaji,42,60,0,5,142.86
DB Ravi Teja,M Muralitharan,22,22,0,2,100.0
DB Ravi Teja,M Ntini,6,20,0,2,333.33
DB Ravi Teja,P Kumar,28,30,0,3,107.14
DB Ravi Teja,PC Valthaty,24,20,2,3,83.33
DB Ravi Teja,PJ Sangwan,20,12,0,2,60.0
DB Ravi Teja,PP Chawla,28,60,0,3,214.29
DB Ravi Teja,R Bhatia,18,18,0,4,100.0
DB Ravi Teja,R McLaren,10,22,0,3,220.0
DB Ravi Teja,RA Jadeja,6,2,2,3,33.33
DB Ravi Teja,RJ Harris,12,20,0,3,166.67
DB Ravi Teja,SB Wagh,12,16,0,2,133.33
DB Ravi Teja,SK Trivedi,18,12,0,3,66.67
DB Ravi Teja,SL Malinga,24,20,6,5,83.33
DB Ravi Teja,SP Narine,6,2,2,2,33.33
DB Ravi Teja,ST Jayasuriya,12,6,0,2,50.0
DB Ravi Teja,STR Binny,8,24,0,2,300.0
DB Ravi Teja,Sohail Tanvir,6,2,0,2,33.33
DB Ravi Teja,TM Dilshan,12,8,0,2,66.67
DB Ravi Teja,WD Parnell,14,14,0,2,100.0
DB Ravi Teja,YK Pathan,20,34,0,3,170.0
DB Ravi Teja,Yuvraj Singh,20,16,0,3,80.0
DE Bollinger,A Mishra,10,2,0,2,20.0
DE Bollinger,DP Nannes,6,4,0,2,66.67
DE Bollinger,Harbhajan Singh,6,4,0,2,66.67
DE Bollinger,RJ Harris,6,4,0,2,66.67
DE Bollinger,SL Malinga,6,2,2,3,33.33
DE Bollinger,TM Dilshan,8,16,0,2,200.0
DG Nalkande,KH Pandya,10,4,2,2,40.0
DG Nalkande,M Siddharth,8,16,0,2,200.0
DH Yagnik,BA Bhatt,12,14,0,2,116.67
DH Yagnik,DE Bollinger,10,6,2,3,60.0
DH Yagnik,DJ Bravo,10,18,0,2,180.0
DH Yagnik,Harbhajan Singh,34,30,4,3,88.24
DH Yagnik,JH Kallis,6,4,0,2,66.67
DH Yagnik,JO Holder,8,10,0,2,125.0
DH Yagnik,KA Pollard,16,34,0,3,212.5
DH Yagnik,MM Sharma,6,2,0,2,33.33
DH Yagnik,PP Ojha,10,4,0,2,40.0
DH Yagnik,R Ashwin,18,8,2,4,44.44
DH Yagnik,R Bhatia,6,4,0,2,66.67
DH Yagnik,R Dhawan,26,44,0,3,169.23
DH Yagnik,R Sharma,8,6,2,2,75.0
DH Yagnik,RA Jadeja,6,6,0,2,100.0
DH Yagnik,RJ Harris,6,6,0,2,100.0
DH Yagnik,SL Malinga,28,46,2,4,164.29
DH Yagnik,SP Narine,14,32,0,3,228.57
DH Yagnik,Yuvraj Singh,8,18,0,2,225.0
DH Yagnik,Z Khan,8,2,0,2,25.0
DJ Bravo,A Ashish Reddy,6,6,0,2,100.0
DJ Bravo,A Kumble,10,10,0,2,100.0
DJ Bravo,A Mishra,30,30,0,4,100.0
DJ Bravo,A Nehra,22,36,2,5,163.64
DJ Bravo,A Singh,8,16,0,2,200.0
DJ Bravo,A Symonds,8,18,0,2,225.0
DJ Bravo,AB Agarkar,16,16,0,2,100.0
DJ Bravo,AB Dinda,38,30,2,3,78.95
DJ Bravo,AD Russell,22,22,2,3,100.0
DJ Bravo,AF Milne,6,16,0,2,266.67
DJ Bravo,Ankit Sharma,8,4,0,2,50.0
DJ Bravo,Azhar Mahmood,26,18,0,3,69.23
DJ Bravo,B Kumar,20,36,2,4,180.0
DJ Bravo,B Laughlin,14,16,0,2,114.29
DJ Bravo,B Lee,30,26,0,3,86.67
DJ Bravo,BA Stokes,18,40,0,4,222.22
DJ Bravo,BAW Mendis,6,4,0,2,66.67
DJ Bravo,BB Sran,8,4,4,3,50.0
DJ Bravo,BCJ Cutting,6,10,0,2,166.67
DJ Bravo,Bipul Sharma,10,4,0,2,40.0
DJ Bravo,C de Grandhomme,22,10,0,2,45.45
DJ Bravo,CH Morris,40,62,2,6,155.0
DJ Bravo,CJ Anderson,8,24,0,2,300.0
DJ Bravo,D du Preez,12,10,0,2,83.33
DJ Bravo,DJ Hooda,12,20,0,3,166.67
DJ Bravo,DJ Hussey,16,36,0,2,225.0
DJ Bravo,DNT Zoysa,10,10,0,3,100.0
DJ Bravo,DP Nannes,10,22,2,3,220.0
DJ Bravo,DR Smith,8,4,0,2,50.0
DJ Bravo,DS Kulkarni,14,50,0,3,357.14
DJ Bravo,DT Christian,12,28,0,3,233.33
DJ Bravo,DW Steyn,18,18,0,4,100.0
DJ Bravo,FH Edwards,8,12,2,2,150.0
DJ Bravo,GB Hogg,14,14,0,2,100.0
DJ Bravo,GS Sandhu,6,12,2,2,200.0
DJ Bravo,HH Pandya,18,14,0,4,77.78
DJ Bravo,Harbhajan Singh,54,34,0,6,62.96
DJ Bravo,Harmeet Singh,6,6,0,2,100.0
DJ Bravo,I Sharma,34,52,2,5,152.94
DJ Bravo,IK Pathan,34,24,0,4,70.59
DJ Bravo,Iqbal Abdulla,8,12,2,3,150.0
DJ Bravo,J Botha,16,14,0,2,87.5
DJ Bravo,J Suchith,18,32,0,2,177.78
DJ Bravo,JA Morkel,22,10,2,4,45.45
DJ Bravo,JC Archer,6,4,2,2,66.67
DJ Bravo,JD Unadkat,28,26,0,5,92.86
DJ Bravo,JEC Franklin,14,24,0,3,171.43
DJ Bravo,JH Kallis,28,18,2,4,64.29
DJ Bravo,JJ Bumrah,54,70,8,8,129.63
DJ Bravo,JP Faulkner,36,54,0,5,150.0
DJ Bravo,Joginder Sharma,10,2,4,3,20.0
DJ Bravo,K Goel,10,6,0,2,60.0
DJ Bravo,K Kartikeya,12,18,2,2,150.0
DJ Bravo,K Rabada,6,8,0,2,133.33
DJ Bravo,KA Pollard,18,34,0,5,188.89
DJ Bravo,KH Pandya,10,6,0,3,60.0
DJ Bravo,KK Cooper,24,46,0,4,191.67
DJ Bravo,KV Sharma,12,0,0,2,0.0
DJ Bravo,L Balaji,10,30,0,3,300.0
DJ Bravo,LR Shukla,12,14,2,3,116.67
DJ Bravo,M Ashwin,16,20,0,4,125.0
DJ Bravo,M Kartik,30,36,2,3,120.0
DJ Bravo,M Markande,8,14,0,2,175.0
DJ Bravo,M Morkel,6,6,0,2,100.0
DJ Bravo,M Muralitharan,24,26,0,4,108.33
DJ Bravo,MA Starc,12,14,4,4,116.67
DJ Bravo,MC Henriques,16,10,0,4,62.5
DJ Bravo,MG Johnson,12,6,0,4,50.0
DJ Bravo,MJ McClenaghan,38,70,4,5,184.21
DJ Bravo,MM Patel,18,28,2,3,155.56
DJ Bravo,MM Sharma,6,6,0,3,100.0
DJ Bravo,MS Gony,18,54,0,3,300.0
DJ Bravo,Mohammad Hafeez,6,12,0,2,200.0
DJ Bravo,Mohammed Shami,6,10,0,3,166.67
DJ Bravo,Mohammed Siraj,6,4,0,2,66.67
DJ Bravo,Mustafizur Rahman,24,38,0,4,158.33
DJ Bravo,P Amarnath,12,26,0,2,216.67
DJ Bravo,P Awana,38,28,0,4,73.68
DJ Bravo,P Kumar,34,54,2,4,158.82
DJ Bravo,P Suyal,16,18,2,3,112.5
DJ Bravo,PJ Cummins,6,8,0,2,133.33
DJ Bravo,PJ Sangwan,14,12,0,2,85.71
DJ Bravo,PP Chawla,86,90,4,8,104.65
DJ Bravo,PP Ojha,74,78,6,8,105.41
DJ Bravo,PV Tambe,22,48,0,2,218.18
DJ Bravo,R Bhatia,48,62,0,6,129.17
DJ Bravo,R Dhawan,10,10,2,2,100.0
DJ Bravo,R Rampaul,6,16,2,2,266.67
DJ Bravo,R Sharma,22,26,2,4,118.18
DJ Bravo,R Vinay Kumar,58,92,4,6,158.62
DJ Bravo,RD Chahar,18,20,0,3,111.11
DJ Bravo,RE van der Merwe,36,60,0,3,166.67
DJ Bravo,RJ Harris,18,16,2,3,88.89
DJ Bravo,RP Meredith,6,2,0,2,33.33
DJ Bravo,RP Singh,44,40,6,7,90.91
DJ Bravo,RR Powar,8,4,2,2,50.0
DJ Bravo,RS Bopara,8,16,2,2,200.0
DJ Bravo,Rashid Khan,10,4,2,2,40.0
DJ Bravo,S Kaul,6,6,0,2,100.0
DJ Bravo,S Ladda,6,16,2,2,266.67
DJ Bravo,S Nadeem,26,10,0,2,38.46
DJ Bravo,S Sreesanth,26,58,0,3,223.08
DJ Bravo,S Tyagi,8,12,2,3,150.0
DJ Bravo,SB Bangar,12,30,0,2,250.0
DJ Bravo,SC Ganguly,12,18,0,2,150.0
DJ Bravo,SE Bond,8,6,0,2,75.0
DJ Bravo,SK Trivedi,10,4,2,2,40.0
DJ Bravo,SL Malinga,52,92,6,7,176.92
DJ Bravo,SR Watson,32,56,4,7,175.0
DJ Bravo,Shahid Afridi,20,38,0,3,190.0
DJ Bravo,Shakib Al Hasan,8,8,0,2,100.0
DJ Bravo,TA Boult,22,62,2,5,281.82
DJ Bravo,TL Suman,8,4,2,2,50.0
DJ Bravo,TP Sudhindra,12,32,0,2,266.67
DJ Bravo,UT Yadav,30,46,2,5,153.33
DJ Bravo,V Kohli,6,8,0,2,133.33
DJ Bravo,VR Aaron,12,46,0,2,383.33
DJ Bravo,VRV Singh,8,18,0,2,225.0
DJ Bravo,Y Venugopal Rao,26,36,0,3,138.46
DJ Bravo,YA Abdulla,20,2,0,2,10.0
DJ Bravo,YK Pathan,16,16,0,3,100.0
DJ Bravo,YS Chahal,10,8,2,4,80.0
DJ Bravo,Yuvraj Singh,36,38,0,4,105.56
DJ Bravo,Z Khan,14,20,0,3,142.86
DJ Harris,A Mithun,12,10,0,2,83.33
DJ Harris,AD Russell,12,16,0,2,133.33
DJ Harris,Azhar Mahmood,8,6,0,2,75.0
DJ Harris,DE Bollinger,8,16,2,2,200.0
DJ Harris,J Syed Mohammad,10,20,0,2,200.0
DJ Harris,M Morkel,16,12,2,2,75.0
DJ Harris,M Muralitharan,24,10,0,2,41.67
DJ Harris,P Awana,8,6,0,2,75.0
DJ Harris,P Kumar,12,4,0,2,33.33
DJ Harris,P Parameswaran,6,4,0,2,66.67
DJ Harris,PP Chawla,14,18,0,2,128.57
DJ Harris,R Ashwin,18,12,0,2,66.67
DJ Harris,RR Powar,14,26,0,2,185.71
DJ Harris,TM Dilshan,10,32,0,2,320.0
DJ Harris,VR Aaron,6,10,0,2,166.67
DJ Harris,Z Khan,20,18,0,2,90.0
DJ Hooda,A Choudhary,8,20,0,2,250.0
DJ Hooda,A Mishra,16,16,0,3,100.0
DJ Hooda,A Nortje,8,4,0,2,50.0
DJ Hooda,AB Dinda,6,16,0,2,266.67
DJ Hooda,AD Mathews,10,34,0,2,340.0
DJ Hooda,AD Russell,24,10,4,4,41.67
DJ Hooda,AF Milne,8,12,0,2,150.0
DJ Hooda,AJ Tye,8,8,2,2,100.0
DJ Hooda,AR Patel,94,124,0,12,131.91
DJ Hooda,AS Joseph,20,20,2,3,100.0
DJ Hooda,AS Roy,18,28,0,2,155.56
DJ Hooda,Abdul Samad,12,18,0,3,150.0
DJ Hooda,Abhishek Sharma,6,4,2,2,66.67
DJ Hooda,Anureet Singh,18,38,2,4,211.11
DJ Hooda,Avesh Khan,22,38,0,4,172.73
DJ Hooda,B Kumar,30,24,4,4,80.0
DJ Hooda,BCJ Cutting,18,28,0,2,155.56
DJ Hooda,C Sakariya,30,44,0,4,146.67
DJ Hooda,CH Morris,24,32,4,5,133.33
DJ Hooda,CJ Jordan,6,6,0,2,100.0
DJ Hooda,CR Woakes,10,10,0,3,100.0
DJ Hooda,D Pretorius,6,4,0,2,66.67
DJ Hooda,D Wiese,12,8,2,3,66.67
DJ Hooda,DJ Bravo,42,54,6,7,128.57
DJ Hooda,DJ Willey,6,6,0,2,100.0
DJ Hooda,DL Chahar,24,14,4,4,58.33
DJ Hooda,DR Sams,12,8,0,2,66.67
DJ Hooda,G Coetzee,6,10,0,2,166.67
DJ Hooda,GJ Maxwell,10,28,0,3,280.0
DJ Hooda,HH Pandya,62,88,2,6,141.94
DJ Hooda,HV Patel,36,38,0,5,105.56
DJ Hooda,Harbhajan Singh,6,2,2,2,33.33
DJ Hooda,Harshit Rana,8,20,0,3,250.0
DJ Hooda,I Sharma,10,4,4,3,40.0
DJ Hooda,Imran Tahir,26,38,2,4,146.15
DJ Hooda,JD Unadkat,50,76,6,7,152.0
DJ Hooda,JJ Bumrah,48,54,2,8,112.5
DJ Hooda,JO Holder,6,14,2,3,233.33
DJ Hooda,JP Behrendorff,26,18,2,4,69.23
DJ Hooda,JR Hazlewood,16,22,0,3,137.5
DJ Hooda,K Rabada,28,32,0,5,114.29
DJ Hooda,KA Pollard,8,8,0,2,100.0
DJ Hooda,KH Pandya,26,26,0,5,100.0
DJ Hooda,KR Sen,8,2,2,2,25.0
DJ Hooda,KV Sharma,18,20,4,3,111.11
DJ Hooda,Karanveer Singh,16,34,0,2,212.5
DJ Hooda,Kuldeep Yadav,66,86,2,9,130.3
DJ Hooda,L Ngidi,24,58,2,3,241.67
DJ Hooda,LH Ferguson,16,6,0,2,37.5
DJ Hooda,LS Livingstone,14,30,0,2,214.29
DJ Hooda,Lalit Yadav,6,8,0,2,133.33
DJ Hooda,M Markande,8,12,0,2,150.0
DJ Hooda,M Pathirana,10,22,0,2,220.0
DJ Hooda,M Prasidh Krishna,10,10,2,3,100.0
DJ Hooda,MA Starc,18,10,2,3,55.56
DJ Hooda,MJ McClenaghan,8,12,0,3,150.0
DJ Hooda,MJ Santner,10,6,2,3,60.0
DJ Hooda,MM Ali,6,2,0,2,33.33
DJ Hooda,MM Sharma,30,28,2,6,93.33
DJ Hooda,MP Stoinis,8,20,0,2,250.0
DJ Hooda,MR Marsh,6,0,0,2,0.0
DJ Hooda,Mohammed Shami,16,38,2,5,237.5
DJ Hooda,Mohammed Siraj,12,4,2,4,33.33
DJ Hooda,Mukesh Kumar,10,8,0,2,80.0
DJ Hooda,Mustafizur Rahman,34,46,0,6,135.29
DJ Hooda,N Burger,8,22,0,2,275.0
DJ Hooda,N Wadhera,10,16,0,2,160.0
DJ Hooda,NLTC Perera,10,2,0,2,20.0
DJ Hooda,NM Coulter-Nile,34,46,2,5,135.29
DJ Hooda,OC McCoy,12,18,0,2,150.0
DJ Hooda,P Negi,14,22,0,2,157.14
DJ Hooda,PJ Cummins,12,6,0,2,50.0
DJ Hooda,PP Chawla,38,36,2,6,94.74
DJ Hooda,PWH de Silva,26,40,4,4,153.85
DJ Hooda,R Ashwin,68,64,6,8,94.12
DJ Hooda,R Dhawan,20,20,0,3,100.0
DJ Hooda,R Sai Kishore,12,8,0,2,66.67
DJ Hooda,R Sathish,8,8,0,2,100.0
DJ Hooda,R Shepherd,12,16,2,2,133.33
DJ Hooda,R Tewatia,12,12,0,3,100.0
DJ Hooda,RA Jadeja,44,48,2,5,109.09
DJ Hooda,RD Chahar,38,44,0,5,115.79
DJ Hooda,RS Bopara,8,8,0,2,100.0
DJ Hooda,Rashid Khan,64,64,6,7,100.0
DJ Hooda,S Aravind,10,4,2,2,40.0
DJ Hooda,S Dube,8,26,0,2,325.0
DJ Hooda,S Gopal,24,76,0,3,316.67
DJ Hooda,S Kaushik,18,16,0,3,88.89
DJ Hooda,S Lamichhane,6,6,2,2,100.0
DJ Hooda,SM Curran,18,14,0,3,77.78
DJ Hooda,SN Thakur,66,106,4,9,160.61
DJ Hooda,SP Narine,58,58,4,9,100.0
DJ Hooda,Sandeep Sharma,30,20,2,6,66.67
DJ Hooda,Shahbaz Ahmed,38,44,2,4,115.79
DJ Hooda,Shakib Al Hasan,6,6,0,3,100.0
DJ Hooda,Shivam Mavi,24,28,2,4,116.67
DJ Hooda,Shivam Sharma,6,8,2,2,133.33
DJ Hooda,T Natarajan,18,20,0,2,111.11
DJ Hooda,TA Boult,82,120,0,9,146.34
DJ Hooda,TS Mills,14,26,0,3,185.71
DJ Hooda,Umran Malik,20,54,0,2,270.0
DJ Hooda,V Puthur,6,2,2,2,33.33
DJ Hooda,V Shankar,6,10,0,2,166.67
DJ Hooda,VG Arora,10,12,0,2,120.0
DJ Hooda,VR Aaron,12,34,0,2,283.33
DJ Hooda,WD Parnell,6,10,2,2,166.67
DJ Hooda,YS Chahal,78,106,8,12,135.9
DJ Hooda,Yash Dayal,10,18,0,2,180.0
DJ Hussey,A Chandila,8,16,0,2,200.0
DJ Hussey,A Kumble,22,50,0,3,227.27
DJ Hussey,A Mishra,72,106,0,6,147.22
DJ Hussey,A Nehra,26,24,2,4,92.31
DJ Hussey,A Singh,12,16,0,2,133.33
DJ Hussey,A Symonds,32,40,0,5,125.0
DJ Hussey,AA Chavan,10,16,0,2,160.0
DJ Hussey,AA Noffke,8,2,2,2,25.0
DJ Hussey,AB McDonald,30,26,0,4,86.67
DJ Hussey,AG Murtaza,18,20,0,2,111.11
DJ Hussey,AN Ahmed,6,4,0,2,66.67
DJ Hussey,AUK Pathan,8,26,0,2,325.0
DJ Hussey,B Akhil,8,4,2,2,50.0
DJ Hussey,B Kumar,12,8,2,3,66.67
DJ Hussey,B Lee,8,4,0,2,50.0
DJ Hussey,CH Morris,22,24,0,3,109.09
DJ Hussey,CJ McKay,16,34,0,2,212.5
DJ Hussey,CL White,6,12,0,2,200.0
DJ Hussey,CRD Fernando,8,2,0,2,25.0
DJ Hussey,DE Bollinger,6,0,0,2,0.0
DJ Hussey,DJ Bravo,40,48,2,5,120.0
DJ Hussey,DJ Harris,10,2,0,2,20.0
DJ Hussey,DJG Sammy,6,18,0,2,300.0
DJ Hussey,DL Vettori,44,40,0,3,90.91
DJ Hussey,DP Nannes,10,14,0,2,140.0
DJ Hussey,DP Vijaykumar,6,8,0,2,133.33
DJ Hussey,DS Kulkarni,24,46,0,3,191.67
DJ Hussey,DW Steyn,26,24,0,4,92.31
DJ Hussey,GD McGrath,12,18,0,2,150.0
DJ Hussey,Gagandeep Singh,34,66,2,2,194.12
DJ Hussey,HV Patel,20,38,2,2,190.0
DJ Hussey,Harbhajan Singh,50,60,0,5,120.0
DJ Hussey,Harmeet Singh,10,40,0,2,400.0
DJ Hussey,I Sharma,12,16,2,2,133.33
DJ Hussey,IK Pathan,58,94,0,7,162.07
DJ Hussey,Iqbal Abdulla,10,10,2,2,100.0
DJ Hussey,J Botha,10,6,2,3,60.0
DJ Hussey,JA Morkel,10,6,2,3,60.0
DJ Hussey,JD Ryder,24,30,0,3,125.0
DJ Hussey,JD Unadkat,8,10,0,2,125.0
DJ Hussey,JEC Franklin,6,8,0,2,133.33
DJ Hussey,JH Kallis,24,28,2,5,116.67
DJ Hussey,JJ Bumrah,20,26,0,2,130.0
DJ Hussey,JP Faulkner,8,12,0,2,150.0
DJ Hussey,JR Hopes,32,68,2,3,212.5
DJ Hussey,KA Pollard,46,52,2,5,113.04
DJ Hussey,KAJ Roach,8,16,0,2,200.0
DJ Hussey,KK Cooper,14,28,0,3,200.0
DJ Hussey,KP Appanna,20,44,0,3,220.0
DJ Hussey,KV Sharma,20,18,0,3,90.0
DJ Hussey,L Balaji,16,16,0,5,100.0
DJ Hussey,M Kartik,16,10,2,3,62.5
DJ Hussey,M Morkel,18,26,0,3,144.44
DJ Hussey,M Muralitharan,20,16,2,2,80.0
DJ Hussey,MA Starc,6,2,0,2,33.33
DJ Hussey,MF Maharoof,22,24,2,2,109.09
DJ Hussey,MM Patel,50,40,4,7,80.0
DJ Hussey,MM Sharma,6,10,0,2,166.67
DJ Hussey,MR Marsh,14,4,0,2,28.57
DJ Hussey,MS Gony,18,18,0,3,100.0
DJ Hussey,NLTC Perera,18,18,0,3,100.0
DJ Hussey,P Awana,6,2,2,2,33.33
DJ Hussey,P Kumar,10,34,0,3,340.0
DJ Hussey,P Negi,10,14,0,2,140.0
DJ Hussey,PP Chawla,14,8,4,3,57.14
DJ Hussey,PP Ojha,78,82,2,7,105.13
DJ Hussey,Parvez Rasool,14,12,0,2,85.71
DJ Hussey,R Ashwin,32,36,6,5,112.5
DJ Hussey,R Bhatia,90,82,0,7,91.11
DJ Hussey,R McLaren,8,18,0,2,225.0
DJ Hussey,R Sharma,18,28,2,3,155.56
DJ Hussey,R Vinay Kumar,32,40,0,5,125.0
DJ Hussey,RA Jadeja,30,28,0,3,93.33
DJ Hussey,RE van der Merwe,20,12,0,2,60.0
DJ Hussey,RG Sharma,6,6,0,2,100.0
DJ Hussey,RP Singh,44,76,0,8,172.73
DJ Hussey,RR Powar,6,2,0,2,33.33
DJ Hussey,S Sreesanth,34,50,0,5,147.06
DJ Hussey,SB Bangar,24,16,0,2,66.67
DJ Hussey,SB Joshi,6,4,0,2,66.67
DJ Hussey,SB Styris,24,36,0,3,150.0
DJ Hussey,SJ Srivastava,6,10,0,2,166.67
DJ Hussey,SK Trivedi,54,70,8,6,129.63
DJ Hussey,SK Warne,30,34,0,4,113.33
DJ Hussey,SL Malinga,6,18,0,2,300.0
DJ Hussey,SM Pollock,12,18,2,3,150.0
DJ Hussey,SMSM Senanayake,10,14,0,3,140.0
DJ Hussey,SP Narine,18,12,2,4,66.67
DJ Hussey,ST Jayasuriya,14,10,2,2,71.43
DJ Hussey,SW Tait,6,8,0,2,133.33
DJ Hussey,Shakib Al Hasan,34,42,0,2,123.53
DJ Hussey,Sohail Tanvir,8,10,0,2,125.0
DJ Hussey,TP Sudhindra,12,32,0,2,266.67
DJ Hussey,UT Yadav,48,20,4,5,41.67
DJ Hussey,V Pratap Singh,14,14,2,2,100.0
DJ Hussey,VR Aaron,28,16,0,5,57.14
DJ Hussey,VRV Singh,30,40,0,3,133.33
DJ Hussey,VY Mahesh,10,8,0,2,80.0
DJ Hussey,WPUJC Vaas,12,26,0,3,216.67
DJ Hussey,Y Venugopal Rao,22,26,0,3,118.18
DJ Hussey,YK Pathan,20,18,2,4,90.0
DJ Hussey,YS Chahal,14,22,0,2,157.14
DJ Hussey,Yuvraj Singh,6,6,0,2,100.0
DJ Hussey,Z Khan,16,14,0,4,87.5
DJ Jacobs,A Mishra,8,10,0,2,125.0
DJ Jacobs,A Singh,12,6,2,2,50.0
DJ Jacobs,AB Dinda,8,2,0,2,25.0
DJ Jacobs,AL Menaria,8,4,0,2,50.0
DJ Jacobs,BA Bhatt,6,4,0,2,66.67
DJ Jacobs,DL Vettori,6,4,0,2,66.67
DJ Jacobs,DT Christian,8,20,0,2,250.0
DJ Jacobs,I Sharma,12,20,2,2,166.67
DJ Jacobs,IK Pathan,10,0,0,2,0.0
DJ Jacobs,NLTC Perera,6,8,0,2,133.33
DJ Jacobs,P Kumar,12,16,0,2,133.33
DJ Jacobs,PP Ojha,8,14,0,2,175.0
DJ Jacobs,R Vinay Kumar,6,2,0,2,33.33
DJ Jacobs,RP Singh,22,4,0,2,18.18
DJ Jacobs,RV Gomez,8,10,2,2,125.0
DJ Jacobs,S Nadeem,10,0,2,2,0.0
DJ Jacobs,SR Watson,10,20,0,2,200.0
DJ Jacobs,Z Khan,22,40,0,2,181.82
DJ Malan,AR Patel,16,8,2,2,50.0
DJ Malan,Avesh Khan,6,2,0,2,33.33
DJ Malan,I Sharma,10,24,0,2,240.0
DJ Malan,Lalit Yadav,16,16,0,2,100.0
DJ Mitchell,AR Patel,20,28,2,2,140.0
DJ Mitchell,AS Joseph,6,8,0,2,133.33
DJ Mitchell,Arshdeep Singh,12,24,0,2,200.0
DJ Mitchell,B Kumar,12,18,0,3,150.0
DJ Mitchell,CV Varun,10,8,0,2,80.0
DJ Mitchell,DR Sams,8,4,2,2,50.0
DJ Mitchell,GJ Maxwell,12,8,0,3,66.67
DJ Mitchell,HH Pandya,10,10,2,2,100.0
DJ Mitchell,HV Patel,16,16,2,3,100.0
DJ Mitchell,JD Unadkat,20,26,2,3,130.0
DJ Mitchell,JJ Bumrah,14,18,0,2,128.57
DJ Mitchell,JR Hazlewood,14,0,2,2,0.0
DJ Mitchell,K Kartikeya,24,24,0,2,100.0
DJ Mitchell,KA Pollard,6,4,0,2,66.67
DJ Mitchell,KK Ahmed,12,10,0,2,83.33
DJ Mitchell,KV Sharma,10,28,0,2,280.0
DJ Mitchell,Kartik Tyagi,12,26,0,2,216.67
DJ Mitchell,MJ Henry,10,8,0,2,80.0
DJ Mitchell,MM Sharma,18,16,2,3,88.89
DJ Mitchell,Mayank Dagar,16,6,0,2,37.5
DJ Mitchell,Mohammed Siraj,6,6,0,3,100.0
DJ Mitchell,Noor Ahmad,8,8,0,2,100.0
DJ Mitchell,PJ Cummins,20,38,0,3,190.0
DJ Mitchell,PWH de Silva,8,8,0,2,100.0
DJ Mitchell,R Ashwin,12,22,0,2,183.33
DJ Mitchell,Rashid Khan,24,50,0,3,208.33
DJ Mitchell,Rasikh Salam,16,26,0,2,162.5
DJ Mitchell,S Sandeep Warrier,18,40,0,2,222.22
DJ Mitchell,SH Johnson,16,18,0,2,112.5
DJ Mitchell,SM Curran,12,14,0,2,116.67
DJ Mitchell,SP Narine,16,34,2,2,212.5
DJ Mitchell,Sandeep Sharma,8,18,0,2,225.0
DJ Mitchell,Shahbaz Ahmed,20,36,0,3,180.0
DJ Mitchell,T Natarajan,20,18,2,3,90.0
DJ Mitchell,UT Yadav,12,16,0,2,133.33
DJ Mitchell,VG Arora,10,6,0,2,60.0
DJ Thornely,AB Agarkar,8,2,0,2,25.0
DJ Thornely,DNT Zoysa,8,4,0,2,50.0
DJ Thornely,PJ Sangwan,26,26,0,2,100.0
DJ Thornely,R Bhatia,6,14,2,2,233.33
DJ Thornely,RP Singh,8,2,0,2,25.0
DJ Thornely,Shahid Afridi,14,6,2,2,42.86
DJ Thornely,VY Mahesh,16,20,0,2,125.0
DJ Thornely,Z Khan,6,0,0,2,0.0
DJ Willey,AD Russell,14,14,0,3,100.0
DJ Willey,CV Varun,24,22,0,4,91.67
DJ Willey,SN Thakur,10,16,0,2,160.0
DJ Willey,SP Narine,28,14,2,3,50.0
DJ Willey,Suyash Sharma,18,16,0,2,88.89
DJ Willey,UT Yadav,14,2,0,2,14.29
DJ Willey,VG Arora,8,14,0,2,175.0
DJG Sammy,AB Dinda,6,2,0,2,33.33
DJG Sammy,AR Patel,12,22,0,2,183.33
DJG Sammy,BMAJ Mendis,16,24,0,2,150.0
DJG Sammy,BW Hilfenhaus,12,20,0,2,166.67
DJG Sammy,CJ Anderson,8,20,2,2,250.0
DJG Sammy,DJ Bravo,8,12,2,2,150.0
DJG Sammy,HV Patel,8,12,2,2,150.0
DJG Sammy,Iqbal Abdulla,8,30,0,2,375.0
DJG Sammy,J Botha,12,6,0,2,50.0
DJG Sammy,JP Faulkner,18,22,4,4,122.22
DJG Sammy,KK Cooper,30,56,0,4,186.67
DJG Sammy,KV Sharma,12,8,0,2,66.67
DJG Sammy,L Balaji,10,8,2,2,80.0
DJG Sammy,MM Sharma,18,38,2,3,211.11
DJG Sammy,PP Chawla,20,6,2,4,30.0
DJG Sammy,PV Tambe,18,8,0,3,44.44
DJG Sammy,R Bhatia,10,6,0,2,60.0
DJG Sammy,R Vinay Kumar,6,14,2,2,233.33
DJG Sammy,RA Jadeja,16,16,2,3,100.0
DJG Sammy,S Nadeem,12,6,0,2,50.0
DJG Sammy,SK Trivedi,32,40,0,4,125.0
DJG Sammy,SP Narine,40,18,0,5,45.0
DJG Sammy,SR Watson,30,66,0,4,220.0
DJG Sammy,STR Binny,38,36,0,3,94.74
DJG Sammy,Shakib Al Hasan,26,38,4,4,146.15
DJG Sammy,UT Yadav,10,6,0,3,60.0
DJM Short,A Mishra,12,6,0,2,50.0
DJM Short,B Kumar,8,8,0,2,100.0
DJM Short,CR Woakes,8,6,0,2,75.0
DJM Short,GJ Maxwell,8,36,2,2,450.0
DJM Short,JJ Bumrah,10,8,2,2,80.0
DJM Short,Kuldeep Yadav,14,4,0,2,28.57
DJM Short,LE Plunkett,10,16,0,2,160.0
DJM Short,N Rana,12,12,2,2,100.0
DJM Short,PP Chawla,20,8,0,2,40.0
DJM Short,S Nadeem,8,14,0,3,175.0
DJM Short,SP Narine,10,12,0,2,120.0
DJM Short,Shivam Mavi,22,38,0,2,172.73
DJM Short,TA Boult,14,24,0,3,171.43
DJM Short,TK Curran,8,14,0,2,175.0
DJM Short,Washington Sundar,12,4,0,2,33.33
DJM Short,YS Chahal,10,10,2,2,100.0
DL Chahar,AJ Tye,6,8,0,2,133.33
DL Chahar,AR Patel,14,22,0,2,157.14
DL Chahar,I Udana,10,10,0,2,100.0
DL Chahar,JC Archer,6,4,0,2,66.67
DL Chahar,JJ Bumrah,14,12,2,3,85.71
DL Chahar,KK Ahmed,12,28,0,3,233.33
DL Chahar,Kartik Tyagi,6,4,2,2,66.67
DL Chahar,M Prasidh Krishna,6,10,0,2,166.67
DL Chahar,Mohammed Siraj,6,4,0,2,66.67
DL Chahar,N Burger,8,16,0,3,200.0
DL Chahar,NT Ellis,14,30,0,2,214.29
DL Chahar,Noor Ahmad,8,2,0,2,25.0
DL Chahar,PJ Cummins,8,26,0,2,325.0
DL Chahar,R Ashwin,20,48,2,2,240.0
DL Chahar,RD Chahar,8,0,2,2,0.0
DL Chahar,SR Dubey,8,16,0,2,200.0
DL Chahar,Sandeep Sharma,10,24,2,3,240.0
DL Vettori,AB Agarkar,6,18,0,2,300.0
DL Vettori,AB Dinda,6,6,0,3,100.0
DL Vettori,DW Steyn,6,2,0,2,33.33
DL Vettori,IK Pathan,14,14,2,3,100.0
DL Vettori,JH Kallis,8,14,0,2,175.0
DL Vettori,JR Hopes,12,14,0,2,116.67
DL Vettori,Kamran Khan,8,22,0,2,275.0
DL Vettori,L Balaji,16,18,2,2,112.5
DL Vettori,MM Patel,18,6,2,2,33.33
DL Vettori,PP Chawla,8,4,2,3,50.0
DL Vettori,R Bhatia,10,24,0,3,240.0
DL Vettori,R Vinay Kumar,16,16,0,2,100.0
DL Vettori,RA Jadeja,8,14,0,2,175.0
DL Vettori,SK Warne,8,8,0,2,100.0
DL Vettori,UT Yadav,8,6,0,2,75.0
DL Vettori,YK Pathan,14,8,0,2,57.14
DM Bravo,DT Christian,8,4,0,2,50.0
DNT Zoysa,A Nehra,6,2,0,2,33.33
DNT Zoysa,CRD Fernando,8,18,0,2,225.0
DP Conway,A Nortje,42,60,2,3,142.86
DP Conway,A Zampa,20,30,2,3,150.0
DP Conway,AK Markram,28,54,0,3,192.86
DP Conway,AR Patel,30,42,2,4,140.0
DP Conway,Arshdeep Singh,24,38,0,3,158.33
DP Conway,Avesh Khan,10,18,0,2,180.0
DP Conway,B Kumar,42,34,0,3,80.95
DP Conway,C Sakariya,18,32,0,2,177.78
DP Conway,CV Varun,32,44,2,3,137.5
DP Conway,D Wiese,20,42,0,2,210.0
DP Conway,DG Nalkande,20,28,0,2,140.0
DP Conway,G Coetzee,14,20,0,2,142.86
DP Conway,GJ Maxwell,48,56,0,4,116.67
DP Conway,HH Pandya,24,30,0,4,125.0
DP Conway,HV Patel,18,28,2,3,155.56
DP Conway,Harshit Rana,10,12,0,2,120.0
DP Conway,J Little,10,26,0,2,260.0
DP Conway,JC Archer,32,38,0,2,118.75
DP Conway,JO Holder,22,26,0,3,118.18
DP Conway,JP Behrendorff,8,0,2,2,0.0
DP Conway,JR Hazlewood,6,4,0,2,66.67
DP Conway,K Rabada,26,42,0,2,161.54
DP Conway,KH Pandya,12,28,0,2,233.33
DP Conway,KK Ahmed,50,64,2,4,128.0
DP Conway,KR Mayers,10,8,0,2,80.0
DP Conway,KR Sen,14,8,0,2,57.14
DP Conway,Kuldeep Yadav,36,86,0,3,238.89
DP Conway,LH Ferguson,10,8,0,2,80.0
DP Conway,LS Livingstone,8,22,0,2,275.0
DP Conway,Lalit Yadav,24,46,0,3,191.67
DP Conway,M Jansen,72,138,0,4,191.67
DP Conway,M Markande,24,28,0,2,116.67
DP Conway,M Prasidh Krishna,14,10,0,3,71.43
DP Conway,MA Starc,8,6,0,2,75.0
DP Conway,MA Wood,12,26,2,2,216.67
DP Conway,MM Ali,10,4,4,3,40.0
DP Conway,MM Sharma,14,20,0,3,142.86
DP Conway,MP Stoinis,10,16,0,2,160.0
DP Conway,MR Marsh,12,24,0,2,200.0
DP Conway,Mayank Dagar,14,16,0,2,114.29
DP Conway,Mohammed Shami,32,30,6,5,93.75
DP Conway,Mohammed Siraj,32,40,0,4,125.0
DP Conway,Mukesh Kumar,12,8,0,2,66.67
DP Conway,Noor Ahmad,42,46,2,3,109.52
DP Conway,PP Chawla,18,12,0,2,66.67
DP Conway,PWH de Silva,32,60,2,3,187.5
DP Conway,R Ashwin,16,10,2,4,62.5
DP Conway,R Goyal,20,26,0,2,130.0
DP Conway,R Sai Kishore,10,10,0,2,100.0
DP Conway,RD Chahar,20,36,0,2,180.0
DP Conway,Rashid Khan,32,60,2,4,187.5
DP Conway,SM Curran,20,34,0,2,170.0
DP Conway,SN Thakur,18,14,2,3,77.78
DP Conway,SP Narine,20,26,0,3,130.0
DP Conway,Sandeep Sharma,20,12,0,3,60.0
DP Conway,Shahbaz Ahmed,18,34,0,2,188.89
DP Conway,Shashank Singh,6,12,0,2,200.0
DP Conway,Shivam Mavi,10,4,0,2,40.0
DP Conway,Sikandar Raza,20,36,0,2,180.0
DP Conway,Suyash Sharma,16,12,0,2,75.0
DP Conway,T Natarajan,18,38,0,2,211.11
DP Conway,T Stubbs,10,10,0,2,100.0
DP Conway,TA Boult,12,24,0,2,200.0
DP Conway,TU Deshpande,10,12,0,2,120.0
DP Conway,UT Yadav,14,4,2,3,28.57
DP Conway,Umran Malik,24,32,0,3,133.33
DP Conway,VG Arora,38,44,0,4,115.79
DP Conway,Vijaykumar Vyshak,24,64,0,2,266.67
DP Conway,WD Parnell,12,26,0,2,216.67
DP Conway,Washington Sundar,16,10,0,2,62.5
DP Conway,YS Chahal,34,48,2,4,141.18
DP Conway,Yash Thakur,32,32,0,3,100.0
DP Conway,Yudhvir Singh,6,8,2,2,133.33
DP Nannes,Harbhajan Singh,6,0,2,2,0.0
DP Nannes,ST Jayasuriya,12,4,0,2,33.33
DPMD Jayawardene,A Kumble,24,46,0,4,191.67
DPMD Jayawardene,A Mishra,30,40,0,3,133.33
DPMD Jayawardene,A Nehra,32,32,0,5,100.0
DPMD Jayawardene,A Singh,8,14,0,2,175.0
DPMD Jayawardene,A Symonds,24,18,2,3,75.0
DPMD Jayawardene,AA Chavan,10,10,2,3,100.0
DPMD Jayawardene,AB Agarkar,70,88,2,7,125.71
DPMD Jayawardene,AB Dinda,22,34,2,4,154.55
DPMD Jayawardene,AB McDonald,10,12,0,2,120.0
DPMD Jayawardene,AC Thomas,22,26,2,3,118.18
DPMD Jayawardene,AC Voges,8,8,0,2,100.0
DPMD Jayawardene,AD Mascarenhas,8,4,0,2,50.0
DPMD Jayawardene,AD Mathews,18,16,2,3,88.89
DPMD Jayawardene,AG Murtaza,22,20,2,3,90.91
DPMD Jayawardene,AP Dole,16,34,2,2,212.5
DPMD Jayawardene,AUK Pathan,8,8,0,2,100.0
DPMD Jayawardene,Azhar Mahmood,44,70,2,4,159.09
DPMD Jayawardene,B Kumar,26,20,0,3,76.92
DPMD Jayawardene,B Lee,44,74,2,5,168.18
DPMD Jayawardene,BA Bhatt,22,42,0,2,190.91
DPMD Jayawardene,BJ Hodge,14,18,0,2,128.57
DPMD Jayawardene,BW Hilfenhaus,28,36,0,3,128.57
DPMD Jayawardene,Bipul Sharma,18,26,0,2,144.44
DPMD Jayawardene,CH Gayle,24,36,0,4,150.0
DPMD Jayawardene,CH Morris,12,8,2,2,66.67
DPMD Jayawardene,CJ McKay,14,14,0,2,100.0
DPMD Jayawardene,D Kalyankrishna,18,52,0,2,288.89
DPMD Jayawardene,DE Bollinger,18,12,0,3,66.67
DPMD Jayawardene,DJ Bravo,38,36,0,5,94.74
DPMD Jayawardene,DJ Hussey,16,38,0,4,237.5
DPMD Jayawardene,DL Vettori,34,16,6,5,47.06
DPMD Jayawardene,DP Nannes,12,22,0,3,183.33
DPMD Jayawardene,DR Smith,12,20,0,2,166.67
DPMD Jayawardene,DW Steyn,68,48,0,7,70.59
DPMD Jayawardene,HV Patel,12,8,0,2,66.67
DPMD Jayawardene,Harbhajan Singh,76,96,2,8,126.32
DPMD Jayawardene,Harmeet Singh,16,18,0,2,112.5
DPMD Jayawardene,I Sharma,42,54,6,6,128.57
DPMD Jayawardene,IK Pathan,14,6,0,2,42.86
DPMD Jayawardene,Iqbal Abdulla,56,72,2,5,128.57
DPMD Jayawardene,J Syed Mohammad,6,6,0,2,100.0
DPMD Jayawardene,JA Morkel,40,58,6,6,145.0
DPMD Jayawardene,JD Ryder,6,0,0,2,0.0
DPMD Jayawardene,JD Unadkat,48,64,2,5,133.33
DPMD Jayawardene,JH Kallis,76,78,0,8,102.63
DPMD Jayawardene,JJ Bumrah,8,20,0,2,250.0
DPMD Jayawardene,JP Duminy,6,2,0,2,33.33
DPMD Jayawardene,KA Pollard,26,42,0,6,161.54
DPMD Jayawardene,KK Cooper,8,20,0,2,250.0
DPMD Jayawardene,KW Richardson,12,12,0,2,100.0
DPMD Jayawardene,L Balaji,72,92,2,7,127.78
DPMD Jayawardene,LR Shukla,8,12,0,4,150.0
DPMD Jayawardene,M Kartik,46,62,0,4,134.78
DPMD Jayawardene,M Morkel,10,2,0,2,20.0
DPMD Jayawardene,M Muralitharan,38,62,6,5,163.16
DPMD Jayawardene,MC Henriques,22,34,0,3,154.55
DPMD Jayawardene,MF Maharoof,32,56,0,4,175.0
DPMD Jayawardene,MG Johnson,8,4,2,2,50.0
DPMD Jayawardene,MM Patel,58,56,2,6,96.55
DPMD Jayawardene,MM Sharma,10,4,0,2,40.0
DPMD Jayawardene,MR Marsh,12,22,0,2,183.33
DPMD Jayawardene,MS Gony,12,14,0,2,116.67
DPMD Jayawardene,Mohammad Asif,6,2,0,2,33.33
DPMD Jayawardene,NLTC Perera,6,8,0,2,133.33
DPMD Jayawardene,P Awana,48,36,0,4,75.0
DPMD Jayawardene,P Kumar,74,72,2,7,97.3
DPMD Jayawardene,PD Collingwood,10,10,2,2,100.0
DPMD Jayawardene,PJ Sangwan,14,14,2,3,100.0
DPMD Jayawardene,PP Chawla,66,80,0,4,121.21
DPMD Jayawardene,PP Ojha,76,88,0,6,115.79
DPMD Jayawardene,PV Tambe,18,20,0,2,111.11
DPMD Jayawardene,Pankaj Singh,6,2,2,2,33.33
DPMD Jayawardene,R Ashwin,30,56,4,4,186.67
DPMD Jayawardene,R Bhatia,82,114,0,7,139.02
DPMD Jayawardene,R McLaren,6,16,0,2,266.67
DPMD Jayawardene,R Rampaul,16,20,0,2,125.0
DPMD Jayawardene,R Sathish,6,8,0,2,133.33
DPMD Jayawardene,R Sharma,20,28,0,2,140.0
DPMD Jayawardene,R Shukla,18,14,2,3,77.78
DPMD Jayawardene,R Vinay Kumar,26,18,0,3,69.23
DPMD Jayawardene,RA Jadeja,10,10,0,2,100.0
DPMD Jayawardene,RE van der Merwe,22,14,2,4,63.64
DPMD Jayawardene,RJ Harris,52,54,0,4,103.85
DPMD Jayawardene,RJ Peterson,8,10,2,2,125.0
DPMD Jayawardene,RP Singh,78,140,0,7,179.49
DPMD Jayawardene,S Ladda,8,20,0,2,250.0
DPMD Jayawardene,S Sreesanth,8,2,0,2,25.0
DPMD Jayawardene,S Tyagi,6,26,0,2,433.33
DPMD Jayawardene,SB Bangar,10,6,0,2,60.0
DPMD Jayawardene,SB Jakati,26,28,0,3,107.69
DPMD Jayawardene,SB Styris,8,20,0,2,250.0
DPMD Jayawardene,SE Bond,30,44,0,2,146.67
DPMD Jayawardene,SJ Srivastava,22,28,0,2,127.27
DPMD Jayawardene,SK Raina,12,10,0,2,83.33
DPMD Jayawardene,SK Trivedi,54,62,4,6,114.81
DPMD Jayawardene,SK Warne,14,18,0,4,128.57
DPMD Jayawardene,SL Malinga,80,116,6,6,145.0
DPMD Jayawardene,SM Harwood,8,12,2,2,150.0
DPMD Jayawardene,SP Narine,32,30,0,4,93.75
DPMD Jayawardene,SR Tendulkar,8,10,0,2,125.0
DPMD Jayawardene,SR Watson,32,16,0,4,50.0
DPMD Jayawardene,STR Binny,6,2,0,2,33.33
DPMD Jayawardene,SW Tait,20,42,0,4,210.0
DPMD Jayawardene,Sandeep Sharma,12,6,2,2,50.0
DPMD Jayawardene,Shakib Al Hasan,26,24,0,3,92.31
DPMD Jayawardene,Shoaib Ahmed,10,18,0,2,180.0
DPMD Jayawardene,TL Suman,16,36,0,2,225.0
DPMD Jayawardene,UT Yadav,12,16,0,2,133.33
DPMD Jayawardene,Umar Gul,6,0,2,3,0.0
DPMD Jayawardene,V Kohli,10,14,0,2,140.0
DPMD Jayawardene,V Sehwag,8,26,0,2,325.0
DPMD Jayawardene,WD Parnell,20,22,2,3,110.0
DPMD Jayawardene,YK Pathan,66,64,2,6,96.97
DPMD Jayawardene,Z Khan,14,26,0,3,185.71
DR Martyn,A Kumble,16,8,0,2,50.0
DR Martyn,DW Steyn,6,4,0,2,66.67
DR Martyn,JH Kallis,18,14,0,2,77.78
DR Sams,Mukesh Choudhary,8,0,2,2,0.0
DR Sams,PVD Chameera,8,4,0,2,50.0
DR Sams,Ravi Bishnoi,6,6,2,2,100.0
DR Sams,Umran Malik,6,2,2,2,33.33
DR Sams,Washington Sundar,12,26,0,2,216.67
DR Shorey,AS Roy,8,4,2,2,50.0
DR Shorey,C de Grandhomme,10,2,2,2,20.0
DR Shorey,RD Chahar,6,4,0,2,66.67
DR Smith,A Chandila,14,42,0,2,300.0
DR Smith,A Mishra,74,118,2,7,159.46
DR Smith,A Nehra,20,28,2,3,140.0
DR Smith,AB Dinda,18,30,2,3,166.67
DR Smith,AD Russell,16,14,0,3,87.5
DR Smith,AN Ahmed,8,2,0,2,25.0
DR Smith,AR Patel,46,62,4,5,134.78
DR Smith,Ankit Sharma,54,82,2,5,151.85
DR Smith,Azhar Mahmood,12,6,0,2,50.0
DR Smith,B Geeves,8,20,0,2,250.0
DR Smith,B Kumar,86,90,6,8,104.65
DR Smith,BA Stokes,8,2,0,2,25.0
DR Smith,BCJ Cutting,20,26,2,3,130.0
DR Smith,BW Hilfenhaus,32,82,0,3,256.25
DR Smith,Bipul Sharma,12,8,0,2,66.67
DR Smith,CH Morris,60,68,0,6,113.33
DR Smith,CJ Anderson,8,4,0,3,50.0
DR Smith,CJ Jordan,12,18,0,2,150.0
DR Smith,D Wiese,14,34,0,2,242.86
DR Smith,DE Bollinger,6,6,0,2,100.0
DR Smith,DJ Bravo,10,24,2,4,240.0
DR Smith,DJ Hooda,8,20,0,2,250.0
DR Smith,DJ Muthuswami,20,24,0,2,120.0
DR Smith,DL Vettori,16,32,0,2,200.0
DR Smith,DS Kulkarni,22,26,0,3,118.18
DR Smith,DW Steyn,72,54,0,6,75.0
DR Smith,GB Hogg,26,28,0,3,107.69
DR Smith,GJ Maxwell,22,54,2,3,245.45
DR Smith,GS Sandhu,6,12,0,2,200.0
DR Smith,HH Pandya,34,50,0,3,147.06
DR Smith,HV Patel,22,22,4,3,100.0
DR Smith,Harbhajan Singh,102,144,8,8,141.18
DR Smith,I Sharma,76,88,2,5,115.79
DR Smith,IK Pathan,22,8,0,3,36.36
DR Smith,Imran Tahir,30,28,6,5,93.33
DR Smith,Iqbal Abdulla,98,164,2,5,167.35
DR Smith,J Suchith,32,74,0,3,231.25
DR Smith,J Syed Mohammad,10,10,2,3,100.0
DR Smith,JA Morkel,70,126,2,6,180.0
DR Smith,JD Unadkat,50,74,0,4,148.0
DR Smith,JDP Oram,6,22,0,2,366.67
DR Smith,JDS Neesham,10,16,0,2,160.0
DR Smith,JH Kallis,24,18,2,3,75.0
DR Smith,JJ Bumrah,44,56,0,4,127.27
DR Smith,JP Duminy,12,10,0,2,83.33
DR Smith,JP Faulkner,58,120,2,5,206.9
DR Smith,KA Pollard,12,34,0,2,283.33
DR Smith,KC Cariappa,8,2,0,2,25.0
DR Smith,KK Cooper,22,18,2,3,81.82
DR Smith,KV Sharma,74,98,2,5,132.43
DR Smith,KW Richardson,8,14,2,2,175.0
DR Smith,Karanveer Singh,24,52,0,2,216.67
DR Smith,L Balaji,72,54,2,6,75.0
DR Smith,LH Ferguson,14,26,0,2,185.71
DR Smith,LR Shukla,18,26,0,2,144.44
DR Smith,M Ashwin,6,2,0,2,33.33
DR Smith,M Muralitharan,18,14,4,6,77.78
DR Smith,M de Lange,24,0,0,2,0.0
DR Smith,MA Starc,60,50,2,6,83.33
DR Smith,MC Henriques,18,42,2,4,233.33
DR Smith,MF Maharoof,8,4,0,2,50.0
DR Smith,MG Johnson,24,40,0,3,166.67
DR Smith,MJ McClenaghan,48,50,2,5,104.17
DR Smith,MM Sharma,60,88,2,6,146.67
DR Smith,MS Gony,10,20,0,2,200.0
DR Smith,Mohammad Nabi,18,24,0,2,133.33
DR Smith,Mohammed Shami,44,80,0,4,181.82
DR Smith,Mohammed Siraj,14,12,0,2,85.71
DR Smith,NLTC Perera,14,14,2,3,100.0
DR Smith,NM Coulter-Nile,8,2,0,2,25.0
DR Smith,P Awana,28,28,0,4,100.0
DR Smith,P Kumar,80,82,2,6,102.5
DR Smith,P Suyal,18,22,0,2,122.22
DR Smith,PJ Cummins,20,10,4,4,50.0
DR Smith,PJ Sangwan,6,4,0,2,66.67
DR Smith,PP Chawla,16,28,2,4,175.0
DR Smith,PP Ojha,28,38,2,2,135.71
DR Smith,PV Tambe,18,30,0,3,166.67
DR Smith,Parvez Rasool,10,40,0,2,400.0
DR Smith,R Ashwin,42,80,2,5,190.48
DR Smith,R Bhatia,30,60,2,6,200.0
DR Smith,R Dhawan,14,10,0,2,71.43
DR Smith,R McLaren,10,18,0,2,180.0
DR Smith,R Rampaul,14,20,2,3,142.86
DR Smith,R Vinay Kumar,40,66,0,4,165.0
DR Smith,RA Jadeja,40,46,2,5,115.0
DR Smith,RD Chahar,12,20,0,2,166.67
DR Smith,RP Singh,14,8,0,2,57.14
DR Smith,RR Raje,10,18,0,2,180.0
DR Smith,Rashid Khan,20,36,2,3,180.0
DR Smith,S Aravind,22,30,4,4,136.36
DR Smith,S Kaul,6,6,0,2,100.0
DR Smith,S Nadeem,98,118,4,8,120.41
DR Smith,S Sreesanth,16,32,0,2,200.0
DR Smith,SB Jakati,46,62,4,5,134.78
DR Smith,SK Trivedi,72,90,0,6,125.0
DR Smith,SK Warne,26,24,2,4,92.31
DR Smith,SL Malinga,54,42,2,6,77.78
DR Smith,SM Harwood,10,10,2,2,100.0
DR Smith,SMSM Senanayake,16,40,0,2,250.0
DR Smith,SN Thakur,10,4,2,2,40.0
DR Smith,SP Narine,32,20,2,4,62.5
DR Smith,SR Watson,60,58,0,7,96.67
DR Smith,ST Jayasuriya,36,48,4,3,133.33
DR Smith,STR Binny,28,42,4,6,150.0
DR Smith,SW Tait,28,48,0,2,171.43
DR Smith,Sandeep Sharma,50,60,4,5,120.0
DR Smith,Shakib Al Hasan,38,62,4,4,163.16
DR Smith,T Thushara,8,18,0,2,225.0
DR Smith,TA Boult,28,28,0,3,100.0
DR Smith,TG Southee,20,28,0,2,140.0
DR Smith,UT Yadav,20,34,2,3,170.0
DR Smith,VR Aaron,26,40,2,3,153.85
DR Smith,VS Malik,28,38,0,2,135.71
DR Smith,VY Mahesh,8,4,2,2,50.0
DR Smith,WD Parnell,18,4,2,2,22.22
DR Smith,YK Pathan,16,26,2,2,162.5
DR Smith,YS Chahal,64,118,4,5,184.38
DR Smith,Z Khan,72,94,0,6,130.56
DS Kulkarni,AS Rajpoot,6,10,0,2,166.67
DS Kulkarni,B Kumar,12,10,0,4,83.33
DS Kulkarni,B Lee,10,0,0,2,0.0
DS Kulkarni,BA Bhatt,6,2,2,2,33.33
DS Kulkarni,BW Hilfenhaus,6,8,0,2,133.33
DS Kulkarni,CJ Jordan,10,8,2,3,80.0
DS Kulkarni,DW Steyn,6,10,0,2,166.67
DS Kulkarni,MA Starc,12,2,2,3,16.67
DS Kulkarni,R Ashwin,20,38,0,2,190.0
DS Kulkarni,R Bhatia,8,2,0,2,25.0
DS Kulkarni,RA Jadeja,18,20,0,3,111.11
DS Kulkarni,RJ Harris,6,4,0,2,66.67
DS Kulkarni,RP Singh,8,6,0,2,75.0
DS Kulkarni,S Sreesanth,12,2,0,2,16.67
DS Kulkarni,Sandeep Sharma,8,12,0,2,150.0
DS Kulkarni,VRV Singh,10,2,0,2,20.0
DS Kulkarni,YS Chahal,8,4,2,2,50.0
DS Lehmann,B Lee,6,8,0,2,133.33
DS Lehmann,IK Pathan,12,6,2,2,50.0
DS Lehmann,JR Hopes,10,10,0,2,100.0
DS Rathi,Rasikh Salam,6,0,0,2,0.0
DT Christian,A Singh,12,24,0,3,200.0
DT Christian,AB Agarkar,12,14,0,2,116.67
DT Christian,AJ Tye,10,14,0,2,140.0
DT Christian,AM Salvi,14,14,0,2,100.0
DT Christian,AN Ahmed,10,18,0,2,180.0
DT Christian,Azhar Mahmood,6,10,2,2,166.67
DT Christian,B Kumar,12,16,0,4,133.33
DT Christian,BW Hilfenhaus,14,28,0,2,200.0
DT Christian,Basil Thampi,6,6,0,2,100.0
DT Christian,CR Woakes,8,28,0,3,350.0
DT Christian,DJ Bravo,14,16,0,2,114.29
DT Christian,DS Kulkarni,8,4,2,2,50.0
DT Christian,GB Hogg,12,22,0,2,183.33
DT Christian,Harbhajan Singh,40,30,2,6,75.0
DT Christian,IK Pathan,26,22,0,4,84.62
DT Christian,Iqbal Abdulla,10,22,2,2,220.0
DT Christian,J Botha,22,38,0,3,172.73
DT Christian,JA Morkel,8,4,0,3,50.0
DT Christian,JDP Oram,6,2,0,2,33.33
DT Christian,JJ Bumrah,20,12,2,5,60.0
DT Christian,JR Hopes,12,10,2,3,83.33
DT Christian,KA Pollard,26,38,0,5,146.15
DT Christian,Kuldeep Yadav,8,6,0,3,75.0
DT Christian,L Balaji,6,16,0,2,266.67
DT Christian,LH Ferguson,8,12,0,2,150.0
DT Christian,M Morkel,8,4,0,3,50.0
DT Christian,MJ McClenaghan,8,8,0,2,100.0
DT Christian,MM Patel,24,20,4,4,83.33
DT Christian,MM Sharma,12,10,2,3,83.33
DT Christian,Mujeeb Ur Rahman,18,10,0,3,55.56
DT Christian,P Awana,10,34,0,2,340.0
DT Christian,PC Valthaty,16,30,2,2,187.5
DT Christian,PJ Sangwan,6,14,0,2,233.33
DT Christian,PP Ojha,22,28,0,2,127.27
DT Christian,R Ashwin,12,8,0,3,66.67
DT Christian,R Bhatia,12,6,2,3,50.0
DT Christian,R McLaren,8,26,0,2,325.0
DT Christian,R Sathish,6,4,0,2,66.67
DT Christian,R Sharma,8,6,0,3,75.0
DT Christian,RA Jadeja,26,16,0,4,61.54
DT Christian,RJ Harris,8,8,0,3,100.0
DT Christian,RP Singh,8,8,0,2,100.0
DT Christian,S Aravind,6,2,2,2,33.33
DT Christian,S Kaul,12,12,4,4,100.0
DT Christian,S Nadeem,20,18,0,2,90.0
DT Christian,SB Jakati,6,4,2,2,66.67
DT Christian,SK Trivedi,14,6,2,3,42.86
DT Christian,SK Warne,6,4,0,2,66.67
DT Christian,SL Malinga,38,26,0,4,68.42
DT Christian,Sandeep Sharma,8,28,2,2,350.0
DT Christian,Shakib Al Hasan,10,6,0,2,60.0
DT Christian,Shivam Mavi,8,6,0,2,75.0
DT Christian,UT Yadav,24,18,4,4,75.0
DT Christian,Y Nagar,6,12,0,2,200.0
DT Christian,Yuvraj Singh,28,26,2,3,92.86
DT Patil,SK Trivedi,10,6,0,2,60.0
DT Patil,SK Warne,14,12,2,2,85.71
DW Steyn,AR Patel,6,4,0,2,66.67
DW Steyn,CH Morris,6,14,2,2,233.33
DW Steyn,CRD Fernando,6,0,2,2,0.0
DW Steyn,DJ Bravo,12,12,0,2,100.0
DW Steyn,DP Nannes,6,12,0,2,200.0
DW Steyn,IK Pathan,10,16,0,3,160.0
DW Steyn,JD Unadkat,16,16,2,2,100.0
DW Steyn,JP Faulkner,16,18,2,5,112.5
DW Steyn,KA Pollard,12,16,2,3,133.33
DW Steyn,KK Cooper,12,32,0,2,266.67
DW Steyn,KW Richardson,6,10,0,2,166.67
DW Steyn,L Balaji,12,10,2,4,83.33
DW Steyn,M Morkel,6,4,2,2,66.67
DW Steyn,M Muralitharan,6,0,0,2,0.0
DW Steyn,MG Johnson,12,10,0,2,83.33
DW Steyn,MM Patel,8,8,0,3,100.0
DW Steyn,P Kumar,6,2,0,2,33.33
DW Steyn,R Vinay Kumar,16,26,0,3,162.5
DW Steyn,RA Jadeja,20,8,2,3,40.0
DW Steyn,SL Malinga,22,8,4,6,36.36
DW Steyn,Sandeep Sharma,10,8,0,2,80.0
DW Steyn,UT Yadav,16,6,2,4,37.5
DW Steyn,WD Parnell,10,20,2,2,200.0
DW Steyn,Z Khan,8,10,2,3,125.0
Dhruv Jurel,A Kamboj,10,18,2,2,180.0
Dhruv Jurel,A Mishra,10,14,0,2,140.0
Dhruv Jurel,A Nortje,6,10,2,3,166.67
Dhruv Jurel,A Zampa,14,6,2,2,42.86
Dhruv Jurel,AM Ghazanfar,26,52,2,3,200.0
Dhruv Jurel,AR Patel,40,54,2,5,135.0
Dhruv Jurel,Abhinandan Singh,22,70,0,2,318.18
Dhruv Jurel,Abhishek Sharma,38,64,0,3,168.42
Dhruv Jurel,Akash Singh,12,6,2,3,50.0
Dhruv Jurel,Arshdeep Singh,26,60,0,6,230.77
Dhruv Jurel,Ashok Sharma,22,32,0,2,145.45
Dhruv Jurel,Avesh Khan,10,10,2,3,100.0
Dhruv Jurel,Azmatullah Omarzai,22,48,0,2,218.18
Dhruv Jurel,B Kumar,34,64,0,4,188.24
Dhruv Jurel,C Bosch,14,14,2,3,100.0
Dhruv Jurel,C Green,6,2,0,2,33.33
Dhruv Jurel,CV Varun,24,6,4,4,25.0
Dhruv Jurel,DJ Willey,8,20,0,2,250.0
Dhruv Jurel,DS Rathi,28,36,0,2,128.57
Dhruv Jurel,E Malinga,24,42,0,3,175.0
Dhruv Jurel,HV Patel,20,26,2,4,130.0
Dhruv Jurel,Harpreet Brar,32,18,0,4,56.25
Dhruv Jurel,Harshit Rana,22,42,2,3,190.91
Dhruv Jurel,J Little,10,8,0,2,80.0
Dhruv Jurel,J Overton,8,18,0,2,225.0
Dhruv Jurel,JJ Bumrah,10,4,0,2,40.0
Dhruv Jurel,JR Hazlewood,26,20,2,4,76.92
Dhruv Jurel,K Rabada,22,32,2,4,145.45
Dhruv Jurel,KA Jamieson,16,20,0,2,125.0
Dhruv Jurel,KH Pandya,64,68,0,4,106.25
Dhruv Jurel,KV Sharma,14,28,2,3,200.0
Dhruv Jurel,Kuldeep Yadav,30,36,0,4,120.0
Dhruv Jurel,L Ngidi,18,6,2,2,33.33
Dhruv Jurel,LH Ferguson,10,16,0,3,160.0
Dhruv Jurel,M Pathirana,18,52,0,3,288.89
Dhruv Jurel,M Prasidh Krishna,14,24,0,2,171.43
Dhruv Jurel,M Tiwari,22,30,0,2,136.36
Dhruv Jurel,MA Starc,28,34,0,4,121.43
Dhruv Jurel,MG Bracewell,8,2,2,2,25.0
Dhruv Jurel,MM Ali,18,22,0,4,122.22
Dhruv Jurel,MM Sharma,14,34,0,2,242.86
Dhruv Jurel,MP Stoinis,8,24,0,2,300.0
Dhruv Jurel,MP Yadav,10,36,0,2,360.0
Dhruv Jurel,Mohammed Shami,12,18,4,4,150.0
Dhruv Jurel,Mohammed Siraj,44,116,2,5,263.64
Dhruv Jurel,Mohsin Khan,28,58,0,4,207.14
Dhruv Jurel,Mukesh Kumar,18,54,0,4,300.0
Dhruv Jurel,NT Ellis,6,16,0,2,266.67
Dhruv Jurel,Naveen-ul-Haq,10,10,0,2,100.0
Dhruv Jurel,Nithish Kumar Reddy,12,26,2,3,216.67
Dhruv Jurel,Noor Ahmad,24,36,4,5,150.0
Dhruv Jurel,PJ Cummins,68,128,2,6,188.24
Dhruv Jurel,PP Hinge,16,26,4,4,162.5
Dhruv Jurel,Prince Yadav,22,26,0,3,118.18
Dhruv Jurel,R Ashwin,10,16,0,3,160.0
Dhruv Jurel,R Shepherd,16,28,0,2,175.0
Dhruv Jurel,RA Jadeja,18,26,0,3,144.44
Dhruv Jurel,RD Chahar,10,22,0,3,220.0
Dhruv Jurel,Raghu Sharma,10,10,0,2,100.0
Dhruv Jurel,Ramandeep Singh,6,8,0,2,133.33
Dhruv Jurel,Rashid Khan,38,52,4,5,136.84
Dhruv Jurel,Ravi Bishnoi,8,18,0,3,225.0
Dhruv Jurel,SH Johnson,8,2,0,2,25.0
Dhruv Jurel,SM Curran,20,22,2,5,110.0
Dhruv Jurel,SN Thakur,22,28,0,3,127.27
Dhruv Jurel,SP Narine,6,2,2,2,33.33
Dhruv Jurel,Sakib Hussain,12,14,0,2,116.67
Dhruv Jurel,Shahbaz Ahmed,8,18,0,2,225.0
Dhruv Jurel,Shivang Kumar,22,40,0,3,181.82
Dhruv Jurel,Simarjeet Singh,18,52,0,3,288.89
Dhruv Jurel,Suyash Sharma,40,50,0,3,125.0
Dhruv Jurel,T Natarajan,22,16,0,4,72.73
Dhruv Jurel,T Vijay,6,16,0,2,266.67
Dhruv Jurel,TU Deshpande,20,42,2,4,210.0
Dhruv Jurel,WD Parnell,6,0,0,2,0.0
Dhruv Jurel,YS Chahal,32,32,2,3,100.0
Dhruv Jurel,Yash Dayal,18,32,0,3,177.78
Dhruv Jurel,Yash Thakur,26,38,0,3,146.15
E Lewis,A Mishra,14,16,2,2,114.29
E Lewis,AD Russell,6,4,4,3,66.67
E Lewis,AS Rajpoot,10,8,0,3,80.0
E Lewis,B Kumar,6,2,2,3,33.33
E Lewis,B Stanlake,12,28,0,2,233.33
E Lewis,BA Stokes,14,14,0,2,100.0
E Lewis,CJ Anderson,6,2,2,2,33.33
E Lewis,CR Woakes,18,22,0,2,122.22
E Lewis,D Pretorius,18,28,0,2,155.56
E Lewis,DJ Bravo,32,36,2,4,112.5
E Lewis,DJ Hooda,8,16,0,2,200.0
E Lewis,DL Chahar,16,22,2,4,137.5
E Lewis,DS Kulkarni,22,34,4,3,154.55
E Lewis,DT Christian,20,42,0,3,210.0
E Lewis,GHS Garton,24,42,2,2,175.0
E Lewis,GJ Maxwell,44,58,0,4,131.82
E Lewis,HF Gurney,10,14,0,2,140.0
E Lewis,HV Patel,36,76,0,4,211.11
E Lewis,Harbhajan Singh,46,26,0,3,56.52
E Lewis,IC Porel,20,46,0,2,230.0
E Lewis,Imran Tahir,32,62,0,3,193.75
E Lewis,J Yadav,6,14,0,2,233.33
E Lewis,JC Archer,14,6,0,2,42.86
E Lewis,JD Unadkat,12,8,0,2,66.67
E Lewis,JJ Bumrah,14,18,2,2,128.57
E Lewis,K Gowtham,10,22,0,2,220.0
E Lewis,Kuldeep Yadav,20,12,0,3,60.0
E Lewis,LE Plunkett,12,8,0,2,66.67
E Lewis,Lalit Yadav,16,4,2,2,25.0
E Lewis,M Prasidh Krishna,18,34,0,3,188.89
E Lewis,MM Sharma,8,14,0,2,175.0
E Lewis,Mohammad Nabi,10,2,2,3,20.0
E Lewis,Mohammed Shami,22,12,0,3,54.55
E Lewis,Mohammed Siraj,24,30,0,3,125.0
E Lewis,N Rana,16,12,0,2,75.0
E Lewis,NM Coulter-Nile,6,10,0,2,166.67
E Lewis,PP Chawla,14,28,2,3,200.0
E Lewis,R Ashwin,14,16,0,2,114.29
E Lewis,R Tewatia,16,18,2,2,112.5
E Lewis,S Dube,8,32,0,2,400.0
E Lewis,S Gopal,14,36,0,2,257.14
E Lewis,S Kaul,8,12,2,2,150.0
E Lewis,S Nadeem,12,18,0,2,150.0
E Lewis,S Sandeep Warrier,20,16,0,2,80.0
E Lewis,SM Curran,12,28,0,2,233.33
E Lewis,SN Thakur,32,44,2,3,137.5
E Lewis,SP Narine,12,26,0,3,216.67
E Lewis,SR Watson,6,4,0,2,66.67
E Lewis,Sandeep Sharma,34,38,2,4,111.76
E Lewis,TA Boult,22,28,0,4,127.27
E Lewis,TK Curran,8,12,0,2,150.0
E Lewis,TU Deshpande,14,38,0,2,271.43
E Lewis,UT Yadav,12,12,0,2,100.0
E Lewis,VR Aaron,8,18,2,2,225.0
E Lewis,Washington Sundar,16,28,2,3,175.0
E Lewis,YS Chahal,26,46,0,3,176.92
E Malinga,VG Arora,8,2,0,2,25.0
E Malinga,Yash Raj Punja,8,4,0,2,50.0
EJG Morgan,A Mishra,42,58,0,7,138.1
EJG Morgan,A Nortje,24,30,4,4,125.0
EJG Morgan,AB McDonald,8,4,0,2,50.0
EJG Morgan,AD Mathews,8,6,0,2,75.0
EJG Morgan,AD Russell,18,12,0,3,66.67
EJG Morgan,AF Milne,10,6,0,3,60.0
EJG Morgan,AR Patel,10,6,0,2,60.0
EJG Morgan,AS Rajpoot,8,6,0,2,75.0
EJG Morgan,Arshdeep Singh,18,18,0,4,100.0
EJG Morgan,Azhar Mahmood,46,52,4,3,113.04
EJG Morgan,B Kumar,6,16,0,3,266.67
EJG Morgan,BA Bhatt,6,6,2,2,100.0
EJG Morgan,BA Stokes,20,44,0,3,220.0
EJG Morgan,BJ Hodge,10,20,0,2,200.0
EJG Morgan,Basil Thampi,18,42,2,2,233.33
EJG Morgan,C Sakariya,6,2,0,2,33.33
EJG Morgan,CH Morris,44,58,0,6,131.82
EJG Morgan,CJ Jordan,24,22,0,4,91.67
EJG Morgan,DJ Bravo,38,40,2,4,105.26
EJG Morgan,DJ Hooda,32,38,0,4,118.75
EJG Morgan,DJ Hussey,10,28,0,3,280.0
EJG Morgan,DL Chahar,8,12,2,4,150.0
EJG Morgan,DP Nannes,10,26,0,2,260.0
EJG Morgan,DS Kulkarni,12,2,0,2,16.67
EJG Morgan,DT Christian,20,20,2,3,100.0
EJG Morgan,DW Steyn,24,30,0,3,125.0
EJG Morgan,GHS Garton,8,6,0,2,75.0
EJG Morgan,GJ Maxwell,40,90,0,5,225.0
EJG Morgan,HH Pandya,6,4,0,2,66.67
EJG Morgan,HV Patel,30,20,2,4,66.67
EJG Morgan,Harbhajan Singh,20,30,0,4,150.0
EJG Morgan,Harmeet Singh,12,16,0,2,133.33
EJG Morgan,I Sharma,6,8,0,3,133.33
EJG Morgan,I Udana,10,10,0,2,100.0
EJG Morgan,IK Pathan,12,10,0,2,83.33
EJG Morgan,J Botha,22,18,0,3,81.82
EJG Morgan,J Yadav,14,12,2,2,85.71
EJG Morgan,JA Morkel,14,12,2,3,85.71
EJG Morgan,JC Archer,20,18,0,3,90.0
EJG Morgan,JJ Bumrah,30,24,4,5,80.0
EJG Morgan,JL Pattinson,6,14,0,2,233.33
EJG Morgan,JP Duminy,16,16,2,4,100.0
EJG Morgan,JP Faulkner,18,22,0,3,122.22
EJG Morgan,JR Hazlewood,12,2,4,3,16.67
EJG Morgan,K Rabada,24,86,0,3,358.33
EJG Morgan,KA Pollard,14,18,0,3,128.57
EJG Morgan,KH Pandya,8,4,0,2,50.0
EJG Morgan,KJ Abbott,6,10,0,2,166.67
EJG Morgan,KK Cooper,16,10,2,2,62.5
EJG Morgan,KV Sharma,26,18,2,4,69.23
EJG Morgan,Kartik Tyagi,20,30,0,2,150.0
EJG Morgan,L Ngidi,16,16,2,3,100.0
EJG Morgan,M Ashwin,6,14,0,2,233.33
EJG Morgan,M Morkel,10,20,0,2,200.0
EJG Morgan,M Muralitharan,14,12,0,3,85.71
EJG Morgan,MA Starc,10,18,2,2,180.0
EJG Morgan,MC Henriques,24,40,0,3,166.67
EJG Morgan,MG Johnson,18,22,2,2,122.22
EJG Morgan,MJ McClenaghan,22,8,2,3,36.36
EJG Morgan,MM Sharma,32,44,2,4,137.5
EJG Morgan,MP Stoinis,6,2,2,4,33.33
EJG Morgan,MR Marsh,8,2,4,3,25.0
EJG Morgan,MS Gony,8,12,0,2,150.0
EJG Morgan,Mohammad Nabi,28,30,4,4,107.14
EJG Morgan,Mohammed Shami,50,72,2,5,144.0
EJG Morgan,Mohammed Siraj,18,4,0,3,22.22
EJG Morgan,Mujeeb Ur Rahman,12,26,0,2,216.67
EJG Morgan,Mustafizur Rahman,8,12,0,2,150.0
EJG Morgan,NA Saini,6,22,0,2,366.67
EJG Morgan,NLTC Perera,12,40,0,2,333.33
EJG Morgan,NM Coulter-Nile,26,52,2,4,200.0
EJG Morgan,P Awana,12,18,0,2,150.0
EJG Morgan,P Kumar,30,40,0,4,133.33
EJG Morgan,P Negi,6,14,0,2,233.33
EJG Morgan,P Parameswaran,20,10,0,2,50.0
EJG Morgan,PJ Cummins,20,32,2,2,160.0
EJG Morgan,PJ Sangwan,8,14,0,2,175.0
EJG Morgan,PP Chawla,48,78,0,5,162.5
EJG Morgan,PP Ojha,10,2,0,3,20.0
EJG Morgan,PV Tambe,24,42,2,3,175.0
EJG Morgan,Parvez Rasool,24,28,0,3,116.67
EJG Morgan,R Ashwin,18,16,4,5,88.89
EJG Morgan,R Dhawan,12,20,0,2,166.67
EJG Morgan,R Shukla,12,24,0,2,200.0
EJG Morgan,R Tewatia,12,14,0,2,116.67
EJG Morgan,R Vinay Kumar,36,36,0,4,100.0
EJG Morgan,RA Jadeja,20,24,0,6,120.0
EJG Morgan,RD Chahar,46,32,2,5,69.57
EJG Morgan,RP Singh,28,56,2,3,200.0
EJG Morgan,RR Powar,12,6,0,2,50.0
EJG Morgan,RV Gomez,16,18,0,2,112.5
EJG Morgan,Rashid Khan,58,42,2,6,72.41
EJG Morgan,Ravi Bishnoi,44,24,4,4,54.55
EJG Morgan,S Aravind,8,8,0,2,100.0
EJG Morgan,S Gopal,14,48,0,2,342.86
EJG Morgan,S Kaul,24,16,0,4,66.67
EJG Morgan,S Nadeem,14,14,2,4,100.0
EJG Morgan,S Sreesanth,34,32,0,3,94.12
EJG Morgan,SK Raina,18,6,2,3,33.33
EJG Morgan,SK Trivedi,18,26,0,2,144.44
EJG Morgan,SL Malinga,20,20,0,4,100.0
EJG Morgan,SM Curran,8,12,2,3,150.0
EJG Morgan,SN Thakur,32,20,0,5,62.5
EJG Morgan,SP Narine,22,28,0,2,127.27
EJG Morgan,SR Watson,26,58,2,3,223.08
EJG Morgan,STR Binny,16,18,0,2,112.5
EJG Morgan,SW Tait,12,36,0,2,300.0
EJG Morgan,Sandeep Sharma,10,10,0,2,100.0
EJG Morgan,Shakib Al Hasan,22,26,0,2,118.18
EJG Morgan,T Natarajan,22,40,0,3,181.82
EJG Morgan,TA Boult,12,16,0,3,133.33
EJG Morgan,TG Southee,14,16,2,3,114.29
EJG Morgan,TK Curran,24,44,0,2,183.33
EJG Morgan,UT Yadav,24,16,4,4,66.67
EJG Morgan,Washington Sundar,36,44,4,4,122.22
EJG Morgan,YS Chahal,58,44,0,6,75.86
EJG Morgan,Z Khan,24,20,2,5,83.33
ER Dwivedi,B Kumar,10,10,2,2,100.0
ER Dwivedi,CJ Jordan,8,4,0,2,50.0
ER Dwivedi,SR Watson,6,24,2,2,400.0
F Behardien,AB Dinda,10,10,2,2,100.0
F Behardien,CJ Jordan,8,14,0,2,175.0
F Behardien,SR Watson,6,4,0,2,66.67
F du Plessis,A Ashish Reddy,12,12,0,3,100.0
F du Plessis,A Mishra,122,126,2,9,103.28
F du Plessis,A Nehra,34,52,0,4,152.94
F du Plessis,A Nortje,32,52,2,5,162.5
F du Plessis,A Singh,18,34,0,2,188.89
F du Plessis,A Zampa,22,28,0,2,127.27
F du Plessis,AA Jhunjhunwala,12,4,0,2,33.33
F du Plessis,AB Dinda,10,14,0,2,140.0
F du Plessis,AD Mathews,12,20,0,3,166.67
F du Plessis,AD Russell,56,98,0,7,175.0
F du Plessis,AJ Tye,30,66,0,3,220.0
F du Plessis,AL Menaria,12,16,0,2,133.33
F du Plessis,AR Patel,160,176,4,11,110.0
F du Plessis,AS Rajpoot,36,34,2,3,94.44
F du Plessis,AS Roy,22,12,0,2,54.55
F du Plessis,Abhishek Sharma,58,76,0,7,131.03
F du Plessis,Akash Madhwal,18,32,0,3,177.78
F du Plessis,Akash Singh,18,40,0,3,222.22
F du Plessis,Ankit Sharma,56,60,2,6,107.14
F du Plessis,Anureet Singh,6,4,0,2,66.67
F du Plessis,Arshad Khan,20,6,4,3,30.0
F du Plessis,Arshdeep Singh,102,124,2,9,121.57
F du Plessis,Avesh Khan,94,124,2,9,131.91
F du Plessis,Azhar Mahmood,6,4,2,2,66.67
F du Plessis,Azmatullah Omarzai,18,46,0,3,255.56
F du Plessis,B Kumar,158,218,2,19,137.97
F du Plessis,BE Hendricks,10,22,0,2,220.0
F du Plessis,Basil Thampi,12,4,0,2,33.33
F du Plessis,Bipul Sharma,18,44,0,3,244.44
F du Plessis,C Green,22,50,2,3,227.27
F du Plessis,C Sakariya,20,34,0,3,170.0
F du Plessis,CH Morris,34,48,4,7,141.18
F du Plessis,CJ Anderson,28,74,0,3,264.29
F du Plessis,CJ Jordan,66,126,2,5,190.91
F du Plessis,CR Brathwaite,22,54,0,2,245.45
F du Plessis,CV Varun,82,118,4,7,143.9
F du Plessis,D Wiese,24,44,0,4,183.33
F du Plessis,DJ Bravo,12,18,0,2,150.0
F du Plessis,DJ Harris,6,16,0,2,266.67
F du Plessis,DL Chahar,28,44,2,3,157.14
F du Plessis,DL Vettori,28,46,0,2,164.29
F du Plessis,DS Kulkarni,20,30,0,3,150.0
F du Plessis,DS Rathi,8,12,0,2,150.0
F du Plessis,DT Christian,26,30,0,4,115.38
F du Plessis,DW Steyn,42,50,0,5,119.05
F du Plessis,Fazalhaq Farooqi,24,34,0,2,141.67
F du Plessis,G Coetzee,14,24,0,2,171.43
F du Plessis,GB Hogg,46,50,2,4,108.7
F du Plessis,GJ Maxwell,12,12,2,4,100.0
F du Plessis,GS Sandhu,8,12,0,2,150.0
F du Plessis,Gurkeerat Singh,14,10,0,2,71.43
F du Plessis,HF Gurney,18,28,0,3,155.56
F du Plessis,HH Pandya,18,16,0,4,88.89
F du Plessis,HR Shokeen,6,26,0,2,433.33
F du Plessis,HV Patel,44,32,4,6,72.73
F du Plessis,Harbhajan Singh,94,98,6,8,104.26
F du Plessis,Harpreet Brar,106,176,2,8,166.04
F du Plessis,Harshit Rana,28,56,2,4,200.0
F du Plessis,I Sharma,32,40,0,4,125.0
F du Plessis,IK Pathan,18,20,0,2,111.11
F du Plessis,Imran Tahir,8,8,0,2,100.0
F du Plessis,Iqbal Abdulla,34,50,0,4,147.06
F du Plessis,J Little,22,68,2,2,309.09
F du Plessis,J Suchith,54,58,2,6,107.41
F du Plessis,J Yadav,6,6,0,2,100.0
F du Plessis,JA Morkel,24,36,2,3,150.0
F du Plessis,JA Richardson,28,38,0,2,135.71
F du Plessis,JC Archer,36,44,4,4,122.22
F du Plessis,JD Unadkat,82,166,4,9,202.44
F du Plessis,JDS Neesham,34,48,0,4,141.18
F du Plessis,JH Kallis,12,10,0,2,83.33
F du Plessis,JJ Bumrah,86,130,2,9,151.16
F du Plessis,JL Pattinson,12,14,0,2,116.67
F du Plessis,JO Holder,66,88,4,4,133.33
F du Plessis,JP Behrendorff,40,84,0,3,210.0
F du Plessis,JP Duminy,18,24,2,3,133.33
F du Plessis,JP Faulkner,28,24,2,4,85.71
F du Plessis,JR Hazlewood,8,10,0,2,125.0
F du Plessis,K Gowtham,8,6,0,2,75.0
F du Plessis,K Kartikeya,12,14,0,2,116.67
F du Plessis,K Rabada,30,32,6,4,106.67
F du Plessis,KA Jamieson,18,22,0,2,122.22
F du Plessis,KA Pollard,34,26,2,6,76.47
F du Plessis,KH Pandya,124,148,4,9,119.35
F du Plessis,KJ Abbott,24,32,0,2,133.33
F du Plessis,KK Ahmed,102,136,2,8,133.33
F du Plessis,KK Cooper,30,26,2,3,86.67
F du Plessis,KL Nagarkoti,10,24,0,2,240.0
F du Plessis,KM Asif,22,38,2,2,172.73
F du Plessis,KV Sharma,12,14,0,3,116.67
F du Plessis,Kartik Tyagi,26,60,0,3,230.77
F du Plessis,Kuldeep Yadav,40,36,0,3,90.0
F du Plessis,LE Plunkett,8,16,0,2,200.0
F du Plessis,LH Ferguson,54,116,0,4,214.81
F du Plessis,LS Livingstone,16,38,0,3,237.5
F du Plessis,M Ashwin,88,116,0,6,131.82
F du Plessis,M Jansen,6,2,2,3,33.33
F du Plessis,M Kartik,46,58,0,4,126.09
F du Plessis,M Markande,8,8,0,2,100.0
F du Plessis,M Morkel,12,2,2,3,16.67
F du Plessis,M Muralitharan,18,16,2,2,88.89
F du Plessis,M Prasidh Krishna,86,82,2,8,95.35
F du Plessis,M Siddharth,28,44,0,3,157.14
F du Plessis,M Theekshana,52,48,2,6,92.31
F du Plessis,MA Starc,38,68,0,5,178.95
F du Plessis,MA Wood,18,20,0,2,111.11
F du Plessis,MC Henriques,34,42,2,4,123.53
F du Plessis,MG Johnson,24,58,4,4,241.67
F du Plessis,MJ McClenaghan,42,70,2,5,166.67
F du Plessis,MJ Santner,18,16,0,2,88.89
F du Plessis,MJ Suthar,10,24,0,2,240.0
F du Plessis,MM Ali,14,14,4,4,100.0
F du Plessis,MM Patel,8,6,0,2,75.0
F du Plessis,MM Sharma,34,64,2,4,188.24
F du Plessis,MN Samuels,30,24,2,3,80.0
F du Plessis,MP Stoinis,12,28,0,3,233.33
F du Plessis,MR Marsh,14,16,4,3,114.29
F du Plessis,MS Gony,18,38,0,2,211.11
F du Plessis,Mayank Dagar,24,24,0,2,100.0
F du Plessis,Mohammad Nabi,6,10,0,2,166.67
F du Plessis,Mohammed Shami,132,236,4,12,178.79
F du Plessis,Mohammed Siraj,34,54,0,5,158.82
F du Plessis,Mukesh Choudhary,28,60,0,3,214.29
F du Plessis,Mukesh Kumar,16,26,2,3,162.5
F du Plessis,Mustafizur Rahman,50,60,2,7,120.0
F du Plessis,NA Saini,26,22,0,4,84.62
F du Plessis,NT Ellis,26,46,2,2,176.92
F du Plessis,Navdeep Saini,20,46,0,2,230.0
F du Plessis,Naveen-ul-Haq,16,26,0,3,162.5
F du Plessis,Nithish Kumar Reddy,10,6,0,2,60.0
F du Plessis,Noor Ahmad,6,4,2,2,66.67
F du Plessis,OC McCoy,8,4,2,2,50.0
F du Plessis,OF Smith,16,36,0,2,225.0
F du Plessis,P Awana,8,18,0,2,225.0
F du Plessis,P Kumar,54,62,0,6,114.81
F du Plessis,P Sahu,26,38,0,2,146.15
F du Plessis,PJ Cummins,100,184,4,9,184.0
F du Plessis,PJ Sangwan,6,0,2,2,0.0
F du Plessis,PP Chawla,128,136,2,8,106.25
F du Plessis,PP Ojha,8,4,0,2,50.0
F du Plessis,PV Tambe,52,82,2,5,157.69
F du Plessis,PVD Chameera,10,14,0,2,140.0
F du Plessis,PWH de Silva,8,4,0,2,50.0
F du Plessis,R Ashwin,136,144,2,10,105.88
F du Plessis,R Bhatia,44,40,2,5,90.91
F du Plessis,R Dhawan,22,22,4,4,100.0
F du Plessis,R Parag,6,4,0,2,66.67
F du Plessis,R Rampaul,14,22,0,2,157.14
F du Plessis,R Sai Kishore,26,26,2,3,100.0
F du Plessis,R Sharma,38,36,2,3,94.74
F du Plessis,R Shepherd,12,24,0,2,200.0
F du Plessis,R Tewatia,34,52,2,4,152.94
F du Plessis,R Vinay Kumar,52,36,2,6,69.23
F du Plessis,RA Jadeja,52,92,0,5,176.92
F du Plessis,RD Chahar,92,108,2,6,117.39
F du Plessis,RP Meredith,10,4,0,2,40.0
F du Plessis,RR Bhatkal,10,36,0,2,360.0
F du Plessis,Rashid Khan,82,48,6,8,58.54
F du Plessis,Ravi Bishnoi,132,208,2,8,157.58
F du Plessis,S Aravind,16,10,0,2,62.5
F du Plessis,S Gopal,42,60,0,4,142.86
F du Plessis,S Kaul,34,58,0,5,170.59
F du Plessis,S Nadeem,26,46,2,4,176.92
F du Plessis,S Sandeep Warrier,6,14,0,2,233.33
F du Plessis,SB Jakati,38,68,0,3,178.95
F du Plessis,SE Rutherford,12,20,0,2,166.67
F du Plessis,SK Trivedi,28,38,0,2,135.71
F du Plessis,SL Malinga,66,46,4,10,69.7
F du Plessis,SM Curran,50,78,2,4,156.0
F du Plessis,SN Thakur,24,46,0,4,191.67
F du Plessis,SP Narine,108,84,4,11,77.78
F du Plessis,SS Cottrell,12,12,0,2,100.0
F du Plessis,STR Binny,18,32,0,4,177.78
F du Plessis,Sandeep Sharma,162,232,4,14,143.21
F du Plessis,Shahbaz Ahmed,10,34,0,2,340.0
F du Plessis,Shakib Al Hasan,50,70,2,6,140.0
F du Plessis,Shivam Mavi,36,56,4,4,155.56
F du Plessis,Simarjeet Singh,8,16,0,2,200.0
F du Plessis,Suyash Sharma,10,6,2,3,60.0
F du Plessis,T Natarajan,40,42,4,5,105.0
F du Plessis,TA Boult,204,228,8,16,111.76
F du Plessis,TG Southee,18,42,2,3,233.33
F du Plessis,TK Curran,14,24,0,2,171.43
F du Plessis,TU Deshpande,60,94,0,5,156.67
F du Plessis,UT Yadav,42,58,2,8,138.1
F du Plessis,Umran Malik,10,32,0,2,320.0
F du Plessis,V Kaverappa,10,16,2,2,160.0
F du Plessis,V Kohli,10,12,0,3,120.0
F du Plessis,V Pratap Singh,8,10,2,2,125.0
F du Plessis,V Shankar,10,6,4,3,60.0
F du Plessis,VG Arora,14,30,0,3,214.29
F du Plessis,VR Iyer,6,8,0,2,133.33
F du Plessis,Washington Sundar,16,16,2,4,100.0
F du Plessis,YS Chahal,100,88,6,13,88.0
F du Plessis,Yash Dayal,40,40,2,5,100.0
F du Plessis,Yuvraj Singh,38,34,0,3,89.47
F du Plessis,Z Khan,28,44,0,4,157.14
F du Plessis,Zeeshan Ansari,6,6,2,2,100.0
FA Allen,PVD Chameera,6,6,0,2,100.0
FA Allen,Rashid Khan,6,4,0,2,66.67
FA Allen,Ravi Bishnoi,6,10,0,2,166.67
FA Allen,S Kaul,10,4,0,2,40.0
FH Allen,AM Ghazanfar,10,32,0,2,320.0
FH Allen,AR Patel,18,20,0,2,111.11
FH Allen,Arshad Khan,12,44,0,2,366.67
FH Allen,Arshdeep Singh,6,12,0,2,200.0
FH Allen,Auqib Nabi,8,10,0,2,125.0
FH Allen,DA Payne,10,48,0,2,480.0
FH Allen,DL Chahar,10,16,2,2,160.0
FH Allen,HH Pandya,18,32,0,2,177.78
FH Allen,JA Duffy,12,28,0,2,233.33
FH Allen,JO Holder,14,32,0,2,228.57
FH Allen,K Rabada,12,30,0,2,250.0
FH Allen,Kuldeep Yadav,28,64,0,2,228.57
FH Allen,L Ngidi,16,6,2,3,37.5
FH Allen,MA Starc,32,66,0,3,206.25
FH Allen,Mohammed Shami,8,2,0,2,25.0
FH Allen,Mohammed Siraj,18,32,0,2,177.78
FH Allen,PJ Cummins,22,54,2,2,245.45
FH Allen,Prince Yadav,8,16,2,2,200.0
FH Allen,R Sai Kishore,6,14,2,2,233.33
FH Allen,Rashid Khan,8,34,0,2,425.0
FH Allen,V Nigam,16,62,0,2,387.5
FH Allen,XC Bartlett,8,0,2,2,0.0
FY Fazal,A Symonds,30,28,0,3,93.33
FY Fazal,AB Dinda,24,38,0,3,158.33
FY Fazal,DR Smith,8,4,0,2,50.0
FY Fazal,DS Kulkarni,14,14,0,2,100.0
FY Fazal,Harmeet Singh,8,10,0,2,125.0
FY Fazal,I Sharma,18,16,0,2,88.89
FY Fazal,IK Pathan,12,22,0,2,183.33
FY Fazal,J Theron,22,24,0,2,109.09
FY Fazal,Joginder Sharma,10,16,0,2,160.0
FY Fazal,L Balaji,6,4,0,2,66.67
FY Fazal,LR Shukla,6,6,0,2,100.0
FY Fazal,M Kartik,6,6,0,2,100.0
FY Fazal,M Muralitharan,10,4,2,3,40.0
FY Fazal,PP Chawla,18,24,0,2,133.33
FY Fazal,PP Ojha,18,32,2,3,177.78
FY Fazal,RP Singh,32,36,2,3,112.5
FY Fazal,S Sreesanth,16,6,0,3,37.5
FY Fazal,SB Jakati,6,4,2,2,66.67
FY Fazal,SE Bond,18,22,2,3,122.22
FY Fazal,SJ Srivastava,10,12,0,2,120.0
FY Fazal,SK Raina,14,14,0,3,100.0
FY Fazal,SL Malinga,8,4,0,2,50.0
FY Fazal,Z Khan,6,2,0,2,33.33
Fazalhaq Farooqi,HV Patel,8,2,0,2,25.0
Fazalhaq Farooqi,R Tewatia,6,2,0,2,33.33
G Coetzee,AD Russell,6,14,0,2,233.33
G Coetzee,Ashwani Kumar,6,10,0,2,166.67
G Coetzee,DL Chahar,6,14,2,2,233.33
G Coetzee,M Pathirana,8,8,2,2,100.0
G Coetzee,MA Starc,8,2,2,2,25.0
G Coetzee,SH Johnson,6,2,2,2,33.33
G Coetzee,YS Chahal,10,2,2,2,20.0
G Gambhir,A Ashish Reddy,20,34,2,3,170.0
G Gambhir,A Choudhary,6,4,0,2,66.67
G Gambhir,A Mishra,84,108,2,9,128.57
G Gambhir,A Mithun,18,28,0,3,155.56
G Gambhir,A Nehra,54,54,2,6,100.0
G Gambhir,A Nel,8,22,2,2,275.0
G Gambhir,A Singh,46,70,2,6,152.17
G Gambhir,A Symonds,22,12,0,3,54.55
G Gambhir,AA Chavan,10,10,0,2,100.0
G Gambhir,AB Agarkar,44,36,0,5,81.82
G Gambhir,AB Dinda,32,74,0,4,231.25
G Gambhir,AC Thomas,16,16,0,2,100.0
G Gambhir,AD Mascarenhas,56,62,6,6,110.71
G Gambhir,AD Mathews,78,120,0,5,153.85
G Gambhir,AD Russell,8,12,0,3,150.0
G Gambhir,AG Murtaza,10,18,0,2,180.0
G Gambhir,AJ Tye,26,18,2,3,69.23
G Gambhir,AM Nayar,14,22,0,2,157.14
G Gambhir,AN Ahmed,20,30,2,3,150.0
G Gambhir,AR Patel,102,116,0,8,113.73
G Gambhir,AS Rajpoot,16,6,0,2,37.5
G Gambhir,Anand Rajan,24,22,2,3,91.67
G Gambhir,Anureet Singh,16,18,0,3,112.5
G Gambhir,Azhar Mahmood,8,10,2,3,125.0
G Gambhir,B Akhil,20,30,0,3,150.0
G Gambhir,B Kumar,138,168,0,15,121.74
G Gambhir,B Lee,18,10,0,3,55.56
G Gambhir,BA Bhatt,52,70,0,4,134.62
G Gambhir,BA Stokes,20,22,0,2,110.0
G Gambhir,BAW Mendis,10,12,0,2,120.0
G Gambhir,BB Sran,48,60,0,5,125.0
G Gambhir,BCJ Cutting,20,18,2,3,90.0
G Gambhir,BE Hendricks,6,10,0,2,166.67
G Gambhir,BJ Hodge,22,12,0,3,54.55
G Gambhir,BW Hilfenhaus,30,28,2,5,93.33
G Gambhir,Bipul Sharma,16,16,0,4,100.0
G Gambhir,CH Gayle,12,6,0,2,50.0
G Gambhir,CH Morris,58,50,6,6,86.21
G Gambhir,CJ Anderson,28,48,0,3,171.43
G Gambhir,CJ Jordan,18,32,0,3,177.78
G Gambhir,CK Langeveldt,10,4,2,3,40.0
G Gambhir,CL White,6,6,0,2,100.0
G Gambhir,CR Brathwaite,18,12,0,2,66.67
G Gambhir,CR Woakes,8,6,0,2,75.0
G Gambhir,D Salunkhe,6,6,0,2,100.0
G Gambhir,D Wiese,8,10,2,2,125.0
G Gambhir,DB Ravi Teja,10,16,0,2,160.0
G Gambhir,DE Bollinger,28,28,0,3,100.0
G Gambhir,DJ Bravo,46,64,2,5,139.13
G Gambhir,DJ Hooda,18,22,2,3,122.22
G Gambhir,DJ Hussey,20,34,0,3,170.0
G Gambhir,DJ Muthuswami,22,26,0,2,118.18
G Gambhir,DJG Sammy,14,14,0,3,100.0
G Gambhir,DL Vettori,34,42,0,4,123.53
G Gambhir,DP Nannes,6,10,0,2,166.67
G Gambhir,DP Vijaykumar,20,24,0,2,120.0
G Gambhir,DR Smith,14,18,0,2,128.57
G Gambhir,DS Kulkarni,68,86,0,8,126.47
G Gambhir,DT Christian,36,52,2,4,144.44
G Gambhir,DW Steyn,134,138,2,10,102.99
G Gambhir,FH Edwards,14,12,0,2,85.71
G Gambhir,GH Vihari,6,12,0,2,200.0
G Gambhir,GJ Maxwell,48,84,0,7,175.0
G Gambhir,Gurkeerat Singh,14,8,2,3,57.14
G Gambhir,HH Pandya,30,42,2,4,140.0
G Gambhir,HV Patel,54,88,0,5,162.96
G Gambhir,Harbhajan Singh,156,168,8,13,107.69
G Gambhir,Harmeet Singh,12,34,0,2,283.33
G Gambhir,I Sharma,90,114,0,6,126.67
G Gambhir,IC Pandey,36,40,6,5,111.11
G Gambhir,IK Pathan,104,144,2,10,138.46
G Gambhir,Imran Tahir,44,56,2,3,127.27
G Gambhir,Iqbal Abdulla,28,52,0,4,185.71
G Gambhir,J Botha,36,48,2,4,133.33
G Gambhir,J Suchith,24,44,2,3,183.33
G Gambhir,J Syed Mohammad,10,16,0,2,160.0
G Gambhir,JA Morkel,146,196,0,10,134.25
G Gambhir,JD Unadkat,38,48,0,5,126.32
G Gambhir,JH Kallis,52,56,2,5,107.69
G Gambhir,JJ Bumrah,66,58,2,8,87.88
G Gambhir,JO Holder,8,24,2,2,300.0
G Gambhir,JP Duminy,30,52,0,6,173.33
G Gambhir,JP Faulkner,40,48,2,5,120.0
G Gambhir,JR Hopes,10,6,2,2,60.0
G Gambhir,Joginder Sharma,12,22,0,2,183.33
G Gambhir,K Rabada,16,16,0,2,100.0
G Gambhir,K Upadhyay,10,24,0,2,240.0
G Gambhir,KA Pollard,20,10,2,3,50.0
G Gambhir,KH Pandya,18,34,2,3,188.89
G Gambhir,KJ Abbott,14,16,0,2,114.29
G Gambhir,KK Cooper,6,4,0,2,66.67
G Gambhir,KP Appanna,22,42,0,2,190.91
G Gambhir,KS Williamson,6,4,0,2,66.67
G Gambhir,KV Sharma,70,94,4,7,134.29
G Gambhir,KW Richardson,10,12,0,2,120.0
G Gambhir,Kamran Khan,6,14,0,2,233.33
G Gambhir,L Ablish,10,20,0,2,200.0
G Gambhir,L Balaji,44,40,4,5,90.91
G Gambhir,LR Shukla,10,20,0,2,200.0
G Gambhir,M Kartik,40,34,2,3,85.0
G Gambhir,M Morkel,36,56,2,4,155.56
G Gambhir,M Muralitharan,82,102,0,5,124.39
G Gambhir,M Ntini,16,24,0,2,150.0
G Gambhir,MA Starc,14,18,4,4,128.57
G Gambhir,MC Henriques,72,106,2,7,147.22
G Gambhir,MG Johnson,70,94,6,10,134.29
G Gambhir,MJ Clarke,10,14,0,2,140.0
G Gambhir,MJ McClenaghan,64,78,2,5,121.88
G Gambhir,MM Patel,72,86,4,7,119.44
G Gambhir,MM Sharma,78,86,2,10,110.26
G Gambhir,MP Stoinis,32,42,0,4,131.25
G Gambhir,MR Marsh,8,4,2,2,50.0
G Gambhir,MS Gony,70,106,4,5,151.43
G Gambhir,Mohammed Shami,36,22,0,4,61.11
G Gambhir,Mohammed Siraj,8,6,0,2,75.0
G Gambhir,Mujeeb Ur Rahman,16,18,0,2,112.5
G Gambhir,Mustafizur Rahman,40,42,2,4,105.0
G Gambhir,ND Doshi,10,20,0,2,200.0
G Gambhir,NLTC Perera,28,20,0,5,71.43
G Gambhir,NM Coulter-Nile,40,32,2,4,80.0
G Gambhir,P Amarnath,18,48,0,2,266.67
G Gambhir,P Awana,32,42,0,5,131.25
G Gambhir,P Kumar,128,176,4,14,137.5
G Gambhir,P Negi,12,14,0,2,116.67
G Gambhir,P Sahu,22,12,2,2,54.55
G Gambhir,PC Valthaty,10,14,0,2,140.0
G Gambhir,PJ Cummins,26,34,0,3,130.77
G Gambhir,PM Sarvesh Kumar,26,38,0,2,146.15
G Gambhir,PP Chawla,92,110,0,7,119.57
G Gambhir,PP Ojha,84,110,10,9,130.95
G Gambhir,PV Tambe,36,34,0,3,94.44
G Gambhir,Pankaj Singh,16,8,2,2,50.0
G Gambhir,Parvez Rasool,18,22,0,2,122.22
G Gambhir,R Ashwin,110,104,4,8,94.55
G Gambhir,R Bhatia,34,48,2,3,141.18
G Gambhir,R Dhawan,22,32,0,2,145.45
G Gambhir,R Sharma,20,26,0,2,130.0
G Gambhir,R Shukla,10,8,0,2,80.0
G Gambhir,R Tewatia,18,18,2,3,100.0
G Gambhir,R Vinay Kumar,124,124,4,10,100.0
G Gambhir,RA Jadeja,38,62,0,4,163.16
G Gambhir,RA Shaikh,6,10,0,2,166.67
G Gambhir,RA Tripathi,6,12,0,2,200.0
G Gambhir,RJ Harris,16,4,2,3,25.0
G Gambhir,RP Singh,66,104,4,8,157.58
G Gambhir,RR Powar,22,46,2,4,209.09
G Gambhir,Rashid Khan,20,14,2,3,70.0
G Gambhir,S Aravind,44,54,6,6,122.73
G Gambhir,S Badree,6,4,0,2,66.67
G Gambhir,S Dhawan,6,4,0,2,66.67
G Gambhir,S Kaul,36,60,2,4,166.67
G Gambhir,S Kaushik,26,46,0,2,176.92
G Gambhir,S Nadeem,52,78,0,4,150.0
G Gambhir,S Narwal,14,18,2,2,128.57
G Gambhir,S Rana,6,2,0,2,33.33
G Gambhir,S Sreesanth,58,100,0,5,172.41
G Gambhir,S Tyagi,8,4,2,2,50.0
G Gambhir,SA Abbott,12,26,0,2,216.67
G Gambhir,SB Jakati,68,112,2,5,164.71
G Gambhir,SB Joshi,8,24,0,2,300.0
G Gambhir,SB Styris,22,26,0,2,118.18
G Gambhir,SC Ganguly,6,6,0,2,100.0
G Gambhir,SK Raina,58,52,0,6,89.66
G Gambhir,SK Trivedi,66,66,4,7,100.0
G Gambhir,SK Warne,74,100,0,6,135.14
G Gambhir,SL Malinga,82,78,4,12,95.12
G Gambhir,SM Pollock,12,4,0,3,33.33
G Gambhir,SN Thakur,8,6,0,2,75.0
G Gambhir,SR Watson,130,120,6,11,92.31
G Gambhir,SS Sarkar,8,20,0,2,250.0
G Gambhir,ST Jayasuriya,6,4,0,2,66.67
G Gambhir,STR Binny,26,38,0,4,146.15
G Gambhir,SW Tait,36,22,0,5,61.11
G Gambhir,Sandeep Sharma,92,86,4,8,93.48
G Gambhir,Shahid Afridi,6,18,0,2,300.0
G Gambhir,Shoaib Ahmed,10,16,2,2,160.0
G Gambhir,Shoaib Akhtar,6,2,2,2,33.33
G Gambhir,Sohail Tanvir,14,16,0,2,114.29
G Gambhir,Swapnil Singh,20,28,0,3,140.0
G Gambhir,T Shamsi,8,24,0,2,300.0
G Gambhir,TG Southee,54,86,0,5,159.26
G Gambhir,TM Dilshan,20,26,0,3,130.0
G Gambhir,TS Mills,18,18,2,2,100.0
G Gambhir,UT Yadav,50,62,2,6,124.0
G Gambhir,V Kohli,16,26,0,4,162.5
G Gambhir,V Pratap Singh,20,26,0,2,130.0
G Gambhir,VR Aaron,72,88,2,7,122.22
G Gambhir,VRV Singh,12,18,2,4,150.0
G Gambhir,VY Mahesh,8,14,0,2,175.0
G Gambhir,WD Parnell,88,78,4,7,88.64
G Gambhir,WPUJC Vaas,32,36,0,4,112.5
G Gambhir,Washington Sundar,36,52,2,3,144.44
G Gambhir,Y Venugopal Rao,10,18,0,2,180.0
G Gambhir,YA Abdulla,20,26,0,2,130.0
G Gambhir,YK Pathan,28,30,0,3,107.14
G Gambhir,YS Chahal,34,50,4,5,147.06
G Gambhir,Yuvraj Singh,34,32,0,3,94.12
G Gambhir,Z Khan,158,218,12,13,137.97
GB Hogg,HV Patel,10,14,2,2,140.0
GB Hogg,R Vinay Kumar,6,6,0,2,100.0
GB Hogg,SL Malinga,6,2,0,2,33.33
GB Hogg,Sandeep Sharma,6,6,0,2,100.0
GB Hogg,Z Khan,6,6,0,2,100.0
GC Smith,A Kumble,26,30,0,3,115.38
GC Smith,A Mishra,32,40,2,3,125.0
GC Smith,A Nehra,30,20,0,4,66.67
GC Smith,A Symonds,6,4,0,2,66.67
GC Smith,AB Agarkar,10,12,0,3,120.0
GC Smith,AB Dinda,42,38,2,4,90.48
GC Smith,Abdur Razzak,14,38,0,2,271.43
GC Smith,Anureet Singh,6,2,0,2,33.33
GC Smith,BAW Mendis,8,2,2,2,25.0
GC Smith,D Kalyankrishna,16,30,0,2,187.5
GC Smith,D du Preez,10,18,0,2,180.0
GC Smith,DL Vettori,8,10,0,2,125.0
GC Smith,DP Nannes,34,32,2,4,94.12
GC Smith,DP Vijaykumar,10,18,0,2,180.0
GC Smith,DS Kulkarni,14,20,0,2,142.86
GC Smith,GD McGrath,42,32,0,3,76.19
GC Smith,Harbhajan Singh,14,2,2,3,14.29
GC Smith,I Sharma,42,38,2,4,90.48
GC Smith,IK Pathan,24,22,2,4,91.67
GC Smith,JA Morkel,40,42,2,5,105.0
GC Smith,JDP Oram,6,4,0,2,66.67
GC Smith,JH Kallis,40,34,2,4,85.0
GC Smith,JP Duminy,8,2,0,2,25.0
GC Smith,K Goel,8,12,0,2,150.0
GC Smith,L Balaji,22,58,0,3,263.64
GC Smith,M Muralitharan,76,72,2,5,94.74
GC Smith,M Ntini,40,42,0,3,105.0
GC Smith,MF Maharoof,30,36,2,4,120.0
GC Smith,MM Patel,12,10,2,2,83.33
GC Smith,MS Gony,32,46,0,3,143.75
GC Smith,Mohammad Asif,8,10,0,2,125.0
GC Smith,P Kumar,64,32,4,6,50.0
GC Smith,PJ Sangwan,44,44,2,4,100.0
GC Smith,PP Chawla,16,22,0,2,137.5
GC Smith,PP Ojha,28,40,0,3,142.86
GC Smith,R McLaren,12,18,0,2,150.0
GC Smith,R Vinay Kumar,26,34,0,3,130.77
GC Smith,RP Singh,44,36,2,5,81.82
GC Smith,RR Powar,22,28,2,3,127.27
GC Smith,S Sreesanth,34,48,0,3,141.18
GC Smith,S Tyagi,12,8,0,3,66.67
GC Smith,S Vidyut,6,4,0,2,66.67
GC Smith,SB Bangar,6,6,0,2,100.0
GC Smith,SB Jakati,8,8,0,2,100.0
GC Smith,SB Joshi,18,28,2,2,155.56
GC Smith,SB Styris,12,10,0,2,83.33
GC Smith,SC Ganguly,6,10,0,2,166.67
GC Smith,SK Raina,32,36,2,4,112.5
GC Smith,SL Malinga,16,16,0,3,100.0
GC Smith,SM Pollock,12,4,2,2,33.33
GC Smith,Shahid Afridi,44,50,2,3,113.64
GC Smith,TM Dilshan,6,4,0,2,66.67
GC Smith,Umar Gul,6,0,2,2,0.0
GC Smith,V Kohli,10,12,0,2,120.0
GC Smith,WPUJC Vaas,22,34,2,3,154.55
GC Smith,Y Venugopal Rao,6,8,0,2,133.33
GC Smith,YA Abdulla,16,40,0,2,250.0
GC Smith,Yuvraj Singh,6,6,0,2,100.0
GC Smith,Z Khan,70,106,0,4,151.43
GC Viljoen,K Rabada,8,4,2,3,50.0
GD McGrath,MM Patel,6,8,0,2,133.33
GD Phillips,AS Roy,8,4,0,2,50.0
GD Phillips,CV Varun,6,4,0,3,66.67
GD Phillips,JDS Neesham,16,4,0,2,25.0
GD Phillips,JO Holder,8,14,0,2,175.0
GD Phillips,K Yadav,10,44,2,2,440.0
GD Phillips,KA Pollard,6,4,0,2,66.67
GD Phillips,Kartik Tyagi,8,20,0,2,250.0
GD Phillips,Krish Bhagat,8,6,0,2,75.0
GD Phillips,L Ngidi,6,2,0,2,33.33
GD Phillips,LH Ferguson,12,0,0,2,0.0
GD Phillips,M Jansen,6,6,0,2,100.0
GD Phillips,Mohammed Siraj,6,2,2,2,33.33
GD Phillips,Mukesh Kumar,8,22,0,2,275.0
GD Phillips,SM Curran,10,26,0,2,260.0
GD Phillips,SP Narine,6,12,0,2,200.0
GD Phillips,VG Arora,10,10,0,2,100.0
GD Phillips,Vijaykumar Vyshak,10,14,2,2,140.0
GD Phillips,XC Bartlett,6,4,0,2,66.67
GD Phillips,YS Chahal,16,32,0,3,200.0
GF Linde,Ashok Sharma,10,10,2,2,100.0
GF Linde,B Kumar,6,2,2,2,33.33
GF Linde,CV Varun,6,16,0,2,266.67
GF Linde,JR Hazlewood,8,12,0,2,150.0
GF Linde,M Prasidh Krishna,6,20,0,2,333.33
GH Vihari,AB Dinda,10,12,0,3,120.0
GH Vihari,AD Mascarenhas,24,30,0,2,125.0
GH Vihari,Anureet Singh,10,18,2,2,180.0
GH Vihari,Azhar Mahmood,6,10,0,2,166.67
GH Vihari,B Kumar,24,6,4,3,25.0
GH Vihari,DJ Bravo,8,12,2,2,150.0
GH Vihari,DR Smith,6,12,0,2,200.0
GH Vihari,DS Kulkarni,14,12,2,3,85.71
GH Vihari,GB Hogg,8,4,0,2,50.0
GH Vihari,Harbhajan Singh,12,12,0,3,100.0
GH Vihari,Harmeet Singh,8,2,0,2,25.0
GH Vihari,Iqbal Abdulla,14,8,2,2,57.14
GH Vihari,J Botha,14,10,0,3,71.43
GH Vihari,JD Unadkat,10,10,0,2,100.0
GH Vihari,JP Faulkner,26,8,0,4,30.77
GH Vihari,KA Pollard,6,8,0,2,133.33
GH Vihari,KK Cooper,6,4,2,3,66.67
GH Vihari,M Kartik,20,18,0,2,90.0
GH Vihari,M Morkel,12,6,2,2,50.0
GH Vihari,M Muralitharan,22,22,0,2,100.0
GH Vihari,MC Henriques,12,8,0,2,66.67
GH Vihari,MG Johnson,26,24,0,4,92.31
GH Vihari,MM Sharma,14,8,0,4,57.14
GH Vihari,MN Samuels,6,6,0,2,100.0
GH Vihari,Mohammed Shami,16,2,2,3,12.5
GH Vihari,P Kumar,20,16,0,2,80.0
GH Vihari,PP Chawla,36,40,4,3,111.11
GH Vihari,PP Ojha,34,36,0,3,105.88
GH Vihari,PV Tambe,14,10,0,2,71.43
GH Vihari,R Vinay Kumar,32,44,0,3,137.5
GH Vihari,RP Singh,6,8,0,2,133.33
GH Vihari,S Nadeem,24,22,0,2,91.67
GH Vihari,SK Raina,6,2,2,2,33.33
GH Vihari,SK Trivedi,12,10,2,2,83.33
GH Vihari,SL Malinga,32,34,4,4,106.25
GH Vihari,SR Watson,20,8,0,3,40.0
GH Vihari,Sandeep Sharma,6,8,2,2,133.33
GH Vihari,UT Yadav,10,16,0,2,160.0
GH Vihari,VS Malik,6,0,2,2,0.0
GJ Bailey,A Kumble,24,8,0,2,33.33
GJ Bailey,A Mishra,28,38,2,6,135.71
GJ Bailey,A Nehra,30,18,4,6,60.0
GJ Bailey,AB Agarkar,6,8,0,2,133.33
GJ Bailey,AB Dinda,30,36,0,3,120.0
GJ Bailey,AD Russell,24,30,0,3,125.0
GJ Bailey,AR Patel,8,2,2,2,25.0
GJ Bailey,AS Rajpoot,14,20,0,2,142.86
GJ Bailey,B Kumar,32,32,2,5,100.0
GJ Bailey,B Lee,16,20,0,2,125.0
GJ Bailey,BAW Mendis,8,10,0,2,125.0
GJ Bailey,BB Sran,12,14,0,2,116.67
GJ Bailey,BJ Hodge,6,6,0,2,100.0
GJ Bailey,BW Hilfenhaus,10,32,0,2,320.0
GJ Bailey,CH Morris,20,14,0,3,70.0
GJ Bailey,CJ Anderson,6,12,0,2,200.0
GJ Bailey,D Wiese,6,14,0,2,233.33
GJ Bailey,DS Kulkarni,6,8,0,2,133.33
GJ Bailey,DW Steyn,30,54,0,4,180.0
GJ Bailey,HV Patel,6,8,0,2,133.33
GJ Bailey,Harbhajan Singh,26,20,2,4,76.92
GJ Bailey,IC Pandey,10,12,0,3,120.0
GJ Bailey,IK Pathan,14,14,0,3,100.0
GJ Bailey,Imran Tahir,22,18,4,4,81.82
GJ Bailey,J Suchith,14,30,0,2,214.29
GJ Bailey,JA Morkel,6,0,2,2,0.0
GJ Bailey,JH Kallis,8,12,0,2,150.0
GJ Bailey,JJ Bumrah,22,34,2,2,154.55
GJ Bailey,JP Duminy,10,12,0,3,120.0
GJ Bailey,JP Faulkner,24,60,2,3,250.0
GJ Bailey,K Santokie,12,26,0,2,216.67
GJ Bailey,KA Pollard,16,18,0,4,112.5
GJ Bailey,KK Cooper,12,10,0,2,83.33
GJ Bailey,KV Sharma,22,14,0,4,63.64
GJ Bailey,M Kartik,8,6,0,2,75.0
GJ Bailey,M Morkel,24,26,0,4,108.33
GJ Bailey,MC Henriques,38,30,6,4,78.95
GJ Bailey,MJ McClenaghan,8,10,0,2,125.0
GJ Bailey,MM Sharma,30,84,0,4,280.0
GJ Bailey,Mustafizur Rahman,6,2,0,2,33.33
GJ Bailey,NM Coulter-Nile,26,24,0,3,92.31
GJ Bailey,P Kumar,18,30,0,4,166.67
GJ Bailey,P Negi,6,14,0,2,233.33
GJ Bailey,P Suyal,8,20,0,2,250.0
GJ Bailey,PP Chawla,66,62,4,6,93.94
GJ Bailey,PP Ojha,16,8,0,2,50.0
GJ Bailey,PV Tambe,18,14,0,3,77.78
GJ Bailey,R Vinay Kumar,16,32,2,3,200.0
GJ Bailey,RA Jadeja,6,6,2,3,100.0
GJ Bailey,S Gopal,8,8,0,2,100.0
GJ Bailey,SL Malinga,32,54,0,3,168.75
GJ Bailey,SP Narine,44,50,2,6,113.64
GJ Bailey,Shakib Al Hasan,34,48,0,3,141.18
GJ Bailey,TA Boult,6,4,0,3,66.67
GJ Bailey,UT Yadav,28,50,2,5,178.57
GJ Bailey,VR Aaron,6,12,0,2,200.0
GJ Bailey,YS Chahal,22,10,2,5,45.45
GJ Bailey,Yuvraj Singh,18,24,0,3,133.33
GJ Bailey,Z Khan,22,20,0,4,90.91
GJ Maxwell,A Mishra,82,160,10,8,195.12
GJ Maxwell,A Nehra,20,20,0,4,100.0
GJ Maxwell,A Nortje,22,26,0,4,118.18
GJ Maxwell,A Zampa,10,12,0,2,120.0
GJ Maxwell,AA Chavan,20,32,0,2,160.0
GJ Maxwell,AB Dinda,12,24,0,3,200.0
GJ Maxwell,AD Russell,44,52,0,7,118.18
GJ Maxwell,AF Milne,30,62,0,2,206.67
GJ Maxwell,AJ Tye,14,18,0,3,128.57
GJ Maxwell,AR Patel,70,90,0,6,128.57
GJ Maxwell,AS Joseph,8,2,0,2,25.0
GJ Maxwell,AS Rajpoot,26,38,2,4,146.15
GJ Maxwell,Akash Madhwal,6,12,0,2,200.0
GJ Maxwell,Akash Singh,10,24,0,2,240.0
GJ Maxwell,Arshdeep Singh,6,14,0,2,233.33
GJ Maxwell,Avesh Khan,46,94,0,6,204.35
GJ Maxwell,B Kumar,68,78,4,11,114.71
GJ Maxwell,B Stanlake,8,28,0,2,350.0
GJ Maxwell,BA Stokes,12,24,0,2,200.0
GJ Maxwell,BB Sran,8,8,0,2,100.0
GJ Maxwell,Basil Thampi,12,22,0,3,183.33
GJ Maxwell,Bipul Sharma,8,14,0,2,175.0
GJ Maxwell,C Green,8,24,0,3,300.0
GJ Maxwell,C Sakariya,6,10,0,2,166.67
GJ Maxwell,C de Grandhomme,18,40,0,3,222.22
GJ Maxwell,CH Morris,24,52,2,4,216.67
GJ Maxwell,CJ Anderson,6,8,0,2,133.33
GJ Maxwell,CJ Jordan,14,42,0,2,300.0
GJ Maxwell,CR Woakes,18,16,0,3,88.89
GJ Maxwell,CV Varun,66,100,10,9,151.52
GJ Maxwell,D Wiese,6,2,0,2,33.33
GJ Maxwell,DJ Bravo,30,40,4,5,133.33
GJ Maxwell,DJG Sammy,16,26,0,2,162.5
GJ Maxwell,DL Chahar,6,4,2,3,66.67
GJ Maxwell,DR Sams,6,10,0,2,166.67
GJ Maxwell,DR Smith,34,86,2,3,252.94
GJ Maxwell,DS Kulkarni,26,48,0,4,184.62
GJ Maxwell,DW Steyn,16,14,0,3,87.5
GJ Maxwell,G Coetzee,6,0,0,2,0.0
GJ Maxwell,GB Hogg,26,78,0,3,300.0
GJ Maxwell,HH Pandya,16,44,0,3,275.0
GJ Maxwell,HV Patel,28,26,4,6,92.86
GJ Maxwell,Harbhajan Singh,60,120,2,7,200.0
GJ Maxwell,Harpreet Brar,34,36,8,6,105.88
GJ Maxwell,Harshit Rana,20,36,0,3,180.0
GJ Maxwell,I Sharma,10,0,0,2,0.0
GJ Maxwell,IC Pandey,20,38,0,3,190.0
GJ Maxwell,IK Pathan,8,22,0,2,275.0
GJ Maxwell,Imran Tahir,46,90,4,5,195.65
GJ Maxwell,J Little,6,8,2,2,133.33
GJ Maxwell,J Suchith,16,32,4,4,200.0
GJ Maxwell,JC Archer,14,6,2,5,42.86
GJ Maxwell,JD Unadkat,24,46,2,5,191.67
GJ Maxwell,JH Kallis,26,34,0,4,130.77
GJ Maxwell,JJ Bumrah,74,88,10,10,118.92
GJ Maxwell,JL Pattinson,6,6,0,2,100.0
GJ Maxwell,JO Holder,36,58,2,5,161.11
GJ Maxwell,JP Behrendorff,20,34,2,2,170.0
GJ Maxwell,JP Duminy,6,6,0,2,100.0
GJ Maxwell,JP Faulkner,34,54,2,5,158.82
GJ Maxwell,K Gowtham,8,8,0,3,100.0
GJ Maxwell,K Kartikeya,18,28,0,3,155.56
GJ Maxwell,K Rabada,40,46,4,5,115.0
GJ Maxwell,KA Pollard,20,36,0,3,180.0
GJ Maxwell,KH Pandya,70,84,6,10,120.0
GJ Maxwell,KK Ahmed,8,10,0,2,125.0
GJ Maxwell,KM Asif,8,2,0,2,25.0
GJ Maxwell,KV Sharma,56,150,0,4,267.86
GJ Maxwell,KW Richardson,14,26,2,2,185.71
GJ Maxwell,Kartik Tyagi,30,36,2,4,120.0
GJ Maxwell,Kuldeep Yadav,44,118,8,5,268.18
GJ Maxwell,LH Ferguson,24,42,2,5,175.0
GJ Maxwell,Lalit Yadav,8,26,0,2,325.0
GJ Maxwell,M Ashwin,8,24,0,2,300.0
GJ Maxwell,M Jansen,22,24,2,3,109.09
GJ Maxwell,M Markande,8,26,0,2,325.0
GJ Maxwell,M Morkel,30,44,2,5,146.67
GJ Maxwell,M Muralitharan,8,6,2,2,75.0
GJ Maxwell,M Pathirana,20,52,0,2,260.0
GJ Maxwell,M Prasidh Krishna,32,28,0,3,87.5
GJ Maxwell,M Theekshana,36,66,4,4,183.33
GJ Maxwell,MA Wood,20,14,2,2,70.0
GJ Maxwell,MC Henriques,22,14,2,3,63.64
GJ Maxwell,MG Johnson,10,20,0,2,200.0
GJ Maxwell,MJ McClenaghan,30,74,2,6,246.67
GJ Maxwell,MK Lomror,12,8,0,2,66.67
GJ Maxwell,MM Sharma,14,24,2,3,171.43
GJ Maxwell,MR Marsh,6,4,2,3,66.67
GJ Maxwell,Mohammed Shami,16,38,2,4,237.5
GJ Maxwell,Mohammed Siraj,6,6,0,2,100.0
GJ Maxwell,Mukesh Choudhary,6,12,0,2,200.0
GJ Maxwell,Mustafizur Rahman,24,26,0,4,108.33
GJ Maxwell,N Burger,6,2,2,2,33.33
GJ Maxwell,NLTC Perera,12,18,0,2,150.0
GJ Maxwell,Noor Ahmad,8,22,0,2,275.0
GJ Maxwell,P Kumar,6,0,2,2,0.0
GJ Maxwell,P Negi,36,72,0,4,200.0
GJ Maxwell,PJ Cummins,26,38,2,2,146.15
GJ Maxwell,PJ Sangwan,20,44,0,3,220.0
GJ Maxwell,PP Chawla,90,152,6,10,168.89
GJ Maxwell,PV Tambe,28,24,0,3,85.71
GJ Maxwell,PVD Chameera,8,28,0,2,350.0
GJ Maxwell,PWH de Silva,10,10,0,2,100.0
GJ Maxwell,R Ashwin,144,282,8,13,195.83
GJ Maxwell,R Bhatia,34,74,0,4,217.65
GJ Maxwell,R Dhawan,16,28,0,2,175.0
GJ Maxwell,R Tewatia,18,18,2,3,100.0
GJ Maxwell,RA Jadeja,102,140,12,12,137.25
GJ Maxwell,RD Chahar,88,130,4,7,147.73
GJ Maxwell,RV Patel,12,16,0,2,133.33
GJ Maxwell,Rashid Khan,84,98,2,9,116.67
GJ Maxwell,Ravi Bishnoi,40,74,2,5,185.0
GJ Maxwell,S Aravind,10,8,2,3,80.0
GJ Maxwell,S Dube,10,8,2,2,80.0
GJ Maxwell,S Kaul,18,22,2,4,122.22
GJ Maxwell,S Nadeem,26,38,0,2,146.15
GJ Maxwell,SL Malinga,30,38,0,5,126.67
GJ Maxwell,SM Curran,10,20,0,2,200.0
GJ Maxwell,SN Thakur,38,44,4,5,115.79
GJ Maxwell,SP Narine,140,134,8,18,95.71
GJ Maxwell,SR Watson,10,10,2,3,100.0
GJ Maxwell,SS Agarwal,18,30,0,2,166.67
GJ Maxwell,Sandeep Sharma,30,50,4,5,166.67
GJ Maxwell,Shakib Al Hasan,44,72,0,6,163.64
GJ Maxwell,Shivam Mavi,12,14,0,3,116.67
GJ Maxwell,T Natarajan,34,44,2,6,129.41
GJ Maxwell,TA Boult,48,62,4,6,129.17
GJ Maxwell,TG Southee,18,30,0,2,166.67
GJ Maxwell,TK Curran,20,36,0,3,180.0
GJ Maxwell,TS Mills,10,20,0,2,200.0
GJ Maxwell,TU Deshpande,6,12,0,4,200.0
GJ Maxwell,UT Yadav,38,34,6,6,89.47
GJ Maxwell,Umran Malik,20,16,0,3,80.0
GJ Maxwell,VG Arora,6,2,0,2,33.33
GJ Maxwell,YK Pathan,10,4,0,3,40.0
GJ Maxwell,YS Chahal,92,130,6,10,141.3
GJ Maxwell,Yash Dayal,10,16,0,2,160.0
GJ Maxwell,Yudhvir Singh,10,22,0,2,220.0
GJ Maxwell,Yuvraj Singh,10,34,0,2,340.0
GR Napier,CH Gayle,16,20,2,2,125.0
GR Napier,M Kartik,10,4,0,2,40.0
Gulbadin Naib,R Ashwin,8,6,0,2,75.0
Gulbadin Naib,Sandeep Sharma,8,4,0,2,50.0
Gulbadin Naib,YS Chahal,10,26,0,2,260.0
Gurkeerat Singh,A Chandila,8,8,0,2,100.0
Gurkeerat Singh,A Mishra,26,38,0,3,146.15
Gurkeerat Singh,A Nehra,16,24,0,3,150.0
Gurkeerat Singh,A Zampa,16,14,0,2,87.5
Gurkeerat Singh,AD Russell,20,40,2,4,200.0
Gurkeerat Singh,B Kumar,20,22,2,3,110.0
Gurkeerat Singh,Basil Thampi,34,46,0,2,135.29
Gurkeerat Singh,CH Gayle,6,6,0,2,100.0
Gurkeerat Singh,CV Varun,20,28,0,2,140.0
Gurkeerat Singh,DJ Bravo,12,6,4,3,50.0
Gurkeerat Singh,DL Chahar,12,14,0,3,116.67
Gurkeerat Singh,DT Christian,8,12,0,2,150.0
Gurkeerat Singh,DW Steyn,10,14,2,3,140.0
Gurkeerat Singh,GB Hogg,8,4,0,2,50.0
Gurkeerat Singh,I Sharma,18,34,2,3,188.89
Gurkeerat Singh,IC Pandey,8,10,0,2,125.0
Gurkeerat Singh,IK Pathan,22,54,0,3,245.45
Gurkeerat Singh,J Botha,18,22,2,2,122.22
Gurkeerat Singh,JC Archer,8,10,0,2,125.0
Gurkeerat Singh,JD Unadkat,12,12,0,2,100.0
Gurkeerat Singh,JH Kallis,6,4,0,2,66.67
Gurkeerat Singh,JJ Bumrah,10,4,0,2,40.0
Gurkeerat Singh,JO Holder,8,6,0,2,75.0
Gurkeerat Singh,JP Faulkner,6,6,0,2,100.0
Gurkeerat Singh,KK Ahmed,12,12,2,2,100.0
Gurkeerat Singh,KV Sharma,8,8,0,3,100.0
Gurkeerat Singh,Kartik Tyagi,8,8,0,2,100.0
Gurkeerat Singh,L Balaji,8,34,0,2,425.0
Gurkeerat Singh,LH Ferguson,32,14,0,2,43.75
Gurkeerat Singh,M Kartik,8,12,2,2,150.0
Gurkeerat Singh,M Morkel,6,4,2,3,66.67
Gurkeerat Singh,MC Henriques,34,36,2,4,105.88
Gurkeerat Singh,MS Gony,8,32,0,2,400.0
Gurkeerat Singh,Mohammad Nabi,10,10,0,2,100.0
Gurkeerat Singh,Mustafizur Rahman,14,14,0,2,100.0
Gurkeerat Singh,P Negi,10,16,2,2,160.0
Gurkeerat Singh,PP Chawla,14,20,0,3,142.86
Gurkeerat Singh,R Ashwin,50,78,4,4,156.0
Gurkeerat Singh,R Parag,6,12,2,2,200.0
Gurkeerat Singh,R Rampaul,6,0,0,2,0.0
Gurkeerat Singh,R Vinay Kumar,8,6,0,2,75.0
Gurkeerat Singh,RA Jadeja,28,26,0,3,92.86
Gurkeerat Singh,Rashid Khan,22,22,0,3,100.0
Gurkeerat Singh,S Gopal,6,8,0,2,133.33
Gurkeerat Singh,S Sreesanth,12,4,0,2,33.33
Gurkeerat Singh,SK Trivedi,22,18,2,3,81.82
Gurkeerat Singh,SMSM Senanayake,6,10,0,2,166.67
Gurkeerat Singh,SP Narine,16,8,2,4,50.0
Gurkeerat Singh,SR Watson,12,6,0,2,50.0
Gurkeerat Singh,Sandeep Sharma,6,6,0,2,100.0
Gurkeerat Singh,Shakib Al Hasan,8,12,0,2,150.0
Gurkeerat Singh,T Natarajan,22,12,0,2,54.55
Gurkeerat Singh,TA Boult,12,24,0,2,200.0
Gurkeerat Singh,TG Southee,6,10,0,2,166.67
Gurkeerat Singh,UT Yadav,8,6,2,3,75.0
Gurkeerat Singh,V Shankar,10,28,0,2,280.0
Gurkeerat Singh,VR Aaron,6,12,0,3,200.0
Gurkeerat Singh,YS Chahal,14,16,2,3,114.29
H Das,DJ Bravo,6,2,0,2,33.33
H Klaasen,A Kamboj,12,2,2,4,16.67
H Klaasen,A Mishra,16,36,2,3,225.0
H Klaasen,A Nortje,36,72,2,4,200.0
H Klaasen,AD Russell,34,64,0,7,188.24
H Klaasen,AJ Hosein,16,24,0,2,150.0
H Klaasen,AM Ghazanfar,18,52,0,2,288.89
H Klaasen,AR Patel,38,58,2,5,152.63
H Klaasen,AS Roy,30,56,0,3,186.67
H Klaasen,Akash Deep,8,10,0,2,125.0
H Klaasen,Akash Madhwal,12,22,2,2,183.33
H Klaasen,Arshdeep Singh,38,44,0,5,115.79
H Klaasen,Ashwani Kumar,10,34,0,2,340.0
H Klaasen,Avesh Khan,56,80,4,6,142.86
H Klaasen,B Kumar,14,26,0,3,185.71
H Klaasen,B Muzarabani,16,26,2,2,162.5
H Klaasen,Brijesh Sharma,22,22,2,3,100.0
H Klaasen,C Green,16,36,2,3,225.0
H Klaasen,CJ Jordan,6,6,0,2,100.0
H Klaasen,CV Varun,78,162,2,8,207.69
H Klaasen,DL Chahar,30,56,0,4,186.67
H Klaasen,DS Rathi,30,50,0,4,166.67
H Klaasen,G Coetzee,26,36,0,3,138.46
H Klaasen,Gurjapneet Singh,22,28,0,2,127.27
H Klaasen,HH Pandya,42,66,0,6,157.14
H Klaasen,HV Patel,44,70,4,4,159.09
H Klaasen,Harpreet Brar,14,22,2,3,157.14
H Klaasen,Harshit Rana,52,96,4,7,184.62
H Klaasen,I Sharma,6,12,0,2,200.0
H Klaasen,J Overton,26,42,0,2,161.54
H Klaasen,JA Duffy,14,12,0,2,85.71
H Klaasen,JC Archer,22,48,0,5,218.18
H Klaasen,JJ Bumrah,58,106,4,5,182.76
H Klaasen,JO Holder,14,12,2,2,85.71
H Klaasen,JR Hazlewood,10,46,0,2,460.0
H Klaasen,K Rabada,20,16,0,3,80.0
H Klaasen,K Yadav,8,16,0,2,200.0
H Klaasen,KH Pandya,40,34,2,5,85.0
H Klaasen,KT Maphaka,8,22,0,2,275.0
H Klaasen,KV Sharma,20,56,0,2,280.0
H Klaasen,Kartik Tyagi,12,20,0,2,166.67
H Klaasen,Kuldeep Yadav,36,62,0,6,172.22
H Klaasen,L Ngidi,12,42,0,3,350.0
H Klaasen,LH Ferguson,36,50,2,3,138.89
H Klaasen,M Jansen,32,60,0,3,187.5
H Klaasen,M Pathirana,18,16,4,3,88.89
H Klaasen,M Prasidh Krishna,24,18,2,5,75.0
H Klaasen,M Siddharth,24,28,0,2,116.67
H Klaasen,M Theekshana,16,22,0,3,137.5
H Klaasen,MA Starc,28,66,0,3,235.71
H Klaasen,MG Bracewell,14,20,0,2,142.86
H Klaasen,MJ Santner,24,28,0,3,116.67
H Klaasen,MK Lomror,10,28,0,2,280.0
H Klaasen,MM Sharma,30,34,2,4,113.33
H Klaasen,MR Marsh,10,6,0,2,60.0
H Klaasen,Mohammed Shami,14,10,2,3,71.43
H Klaasen,Mohammed Siraj,28,56,2,3,200.0
H Klaasen,Mukesh Kumar,24,74,0,4,308.33
H Klaasen,Mustafizur Rahman,10,4,2,3,40.0
H Klaasen,N Burger,18,16,0,4,88.89
H Klaasen,Noor Ahmad,80,178,2,5,222.5
H Klaasen,O Thomas,6,2,2,2,33.33
H Klaasen,PP Chawla,34,58,4,5,170.59
H Klaasen,Prince Yadav,38,56,0,3,147.37
H Klaasen,R Ashwin,16,18,0,4,112.5
H Klaasen,R Parag,8,10,0,3,125.0
H Klaasen,R Ravindra,8,2,0,2,25.0
H Klaasen,R Sai Kishore,16,22,2,2,137.5
H Klaasen,R Shepherd,18,28,2,3,155.56
H Klaasen,RA Jadeja,46,50,2,6,108.7
H Klaasen,RD Chahar,6,16,0,2,266.67
H Klaasen,RJW Topley,12,22,0,2,183.33
H Klaasen,RP Meredith,6,10,0,2,166.67
H Klaasen,Rashid Khan,64,92,2,5,143.75
H Klaasen,Ravi Bishnoi,46,94,0,5,204.35
H Klaasen,S Dube,8,18,0,2,225.0
H Klaasen,SM Curran,10,16,0,3,160.0
H Klaasen,SN Thakur,54,82,6,6,151.85
H Klaasen,SP Narine,108,184,0,10,170.37
H Klaasen,SZ Mulani,16,52,0,2,325.0
H Klaasen,Sandeep Sharma,52,80,4,5,153.85
H Klaasen,Shahbaz Ahmed,24,64,0,2,266.67
H Klaasen,Shashank Singh,22,40,0,4,181.82
H Klaasen,Suyash Sharma,30,54,2,5,180.0
H Klaasen,Swapnil Singh,6,14,2,2,233.33
H Klaasen,T Natarajan,10,16,0,2,160.0
H Klaasen,TA Boult,50,74,0,6,148.0
H Klaasen,TU Deshpande,24,46,2,5,191.67
H Klaasen,UT Yadav,14,20,0,3,142.86
H Klaasen,V Nigam,6,6,0,2,100.0
H Klaasen,V Puthur,12,30,0,2,250.0
H Klaasen,VG Arora,20,24,2,4,120.0
H Klaasen,Vijaykumar Vyshak,44,80,2,4,181.82
H Klaasen,WD Parnell,14,16,0,2,114.29
H Klaasen,WG Jacks,10,0,0,2,0.0
H Klaasen,XC Bartlett,14,14,2,2,100.0
H Klaasen,YS Chahal,94,156,2,8,165.96
H Klaasen,Yash Dayal,20,34,0,3,170.0
H Klaasen,Yash Raj Punja,6,14,2,2,233.33
H Klaasen,Yash Thakur,14,22,0,3,157.14
HC Brook,A Nortje,8,2,2,2,25.0
HC Brook,AD Russell,12,6,0,3,50.0
HC Brook,Akash Singh,16,16,2,2,100.0
HC Brook,Arjun Tendulkar,10,10,0,2,100.0
HC Brook,Arshdeep Singh,10,16,2,2,160.0
HC Brook,CV Varun,24,34,0,2,141.67
HC Brook,HV Patel,8,6,0,2,75.0
HC Brook,Harpreet Brar,6,2,0,2,33.33
HC Brook,I Sharma,12,6,0,2,50.0
HC Brook,KM Asif,8,8,0,2,100.0
HC Brook,KV Sharma,6,22,0,2,366.67
HC Brook,LH Ferguson,20,54,0,2,270.0
HC Brook,Mohammed Siraj,12,8,0,2,66.67
HC Brook,Mukesh Kumar,6,4,0,2,66.67
HC Brook,R Ashwin,6,10,0,2,166.67
HC Brook,Ravi Bishnoi,8,6,2,2,75.0
HC Brook,SM Curran,12,8,0,2,66.67
HC Brook,SP Narine,18,14,0,2,77.78
HC Brook,Shahbaz Ahmed,6,10,0,2,166.67
HC Brook,Suyash Sharma,16,20,0,2,125.0
HC Brook,TA Boult,14,2,0,2,14.29
HC Brook,TU Deshpande,10,20,0,2,200.0
HC Brook,UT Yadav,22,62,0,2,281.82
HC Brook,WD Parnell,6,8,0,2,133.33
HC Brook,YS Chahal,10,6,2,2,60.0
HE van der Dussen,A Nortje,6,12,0,2,200.0
HE van der Dussen,HH Pandya,6,8,0,2,133.33
HE van der Dussen,JO Holder,6,8,0,2,133.33
HE van der Dussen,SN Thakur,10,6,0,2,60.0
HF Gurney,RA Jadeja,6,0,0,2,0.0
HH Gibbs,A Kumble,38,30,2,4,78.95
HH Gibbs,A Mishra,24,10,2,3,41.67
HH Gibbs,AA Jhunjhunwala,10,26,0,2,260.0
HH Gibbs,AB Agarkar,18,14,0,4,77.78
HH Gibbs,AB Dinda,22,32,2,3,145.45
HH Gibbs,AD Mathews,40,38,0,3,95.0
HH Gibbs,B Akhil,24,24,2,3,100.0
HH Gibbs,B Lee,50,68,0,4,136.0
HH Gibbs,BJ Hodge,24,24,0,3,100.0
HH Gibbs,Bipul Sharma,8,14,0,2,175.0
HH Gibbs,CH Gayle,8,26,0,2,325.0
HH Gibbs,DE Bollinger,10,2,0,2,20.0
HH Gibbs,DJ Bravo,22,26,0,2,118.18
HH Gibbs,DJ Hussey,6,4,0,2,66.67
HH Gibbs,DP Nannes,28,44,2,3,157.14
HH Gibbs,DS Kulkarni,14,22,2,3,157.14
HH Gibbs,DW Steyn,48,48,2,5,100.0
HH Gibbs,GD McGrath,18,28,0,2,155.56
HH Gibbs,Gagandeep Singh,8,2,2,2,25.0
HH Gibbs,Harbhajan Singh,40,56,0,4,140.0
HH Gibbs,I Sharma,28,22,0,4,78.57
HH Gibbs,IK Pathan,16,18,0,4,112.5
HH Gibbs,JA Morkel,32,32,0,4,100.0
HH Gibbs,JDP Oram,20,24,0,2,120.0
HH Gibbs,JH Kallis,58,66,0,6,113.79
HH Gibbs,JM Kemp,14,24,0,2,171.43
HH Gibbs,Joginder Sharma,6,12,0,2,200.0
HH Gibbs,L Balaji,40,38,0,4,95.0
HH Gibbs,M Kartik,74,56,2,5,75.68
HH Gibbs,M Muralitharan,54,54,0,4,100.0
HH Gibbs,M Ntini,28,28,2,3,100.0
HH Gibbs,MB Parmar,18,32,0,2,177.78
HH Gibbs,MM Patel,18,18,2,2,100.0
HH Gibbs,MS Gony,22,44,2,4,200.0
HH Gibbs,Mohammad Asif,6,10,0,2,166.67
HH Gibbs,P Kumar,50,92,4,5,184.0
HH Gibbs,PP Chawla,64,60,4,6,93.75
HH Gibbs,R Ashwin,38,24,0,3,63.16
HH Gibbs,R Bhatia,26,32,0,3,123.08
HH Gibbs,R McLaren,6,4,0,2,66.67
HH Gibbs,R Vinay Kumar,40,60,0,5,150.0
HH Gibbs,RA Jadeja,12,12,0,2,100.0
HH Gibbs,RE van der Merwe,38,52,0,3,136.84
HH Gibbs,RR Powar,14,22,0,3,157.14
HH Gibbs,S Narwal,8,6,0,2,75.0
HH Gibbs,S Sreesanth,62,56,0,6,90.32
HH Gibbs,SB Jakati,6,4,2,2,66.67
HH Gibbs,SC Ganguly,6,12,0,2,200.0
HH Gibbs,SE Bond,20,18,2,2,90.0
HH Gibbs,SJ Srivastava,6,4,0,2,66.67
HH Gibbs,SK Raina,24,24,0,2,100.0
HH Gibbs,SK Warne,12,6,2,3,50.0
HH Gibbs,SL Malinga,24,12,0,4,50.0
HH Gibbs,SP Narine,40,42,0,3,105.0
HH Gibbs,SR Watson,12,14,0,2,116.67
HH Gibbs,ST Jayasuriya,12,20,0,2,166.67
HH Gibbs,Shakib Al Hasan,40,22,0,3,55.0
HH Gibbs,UT Yadav,8,4,0,2,50.0
HH Gibbs,V Kohli,24,24,0,3,100.0
HH Gibbs,VRV Singh,8,12,0,3,150.0
HH Gibbs,Y Nagar,6,2,2,2,33.33
HH Gibbs,YK Pathan,8,4,2,2,50.0
HH Gibbs,Yuvraj Singh,20,8,4,3,40.0
HH Gibbs,Z Khan,50,64,4,5,128.0
HH Pandya,A Choudhary,8,18,0,2,225.0
HH Pandya,A Kamboj,8,10,2,2,125.0
HH Pandya,A Mishra,28,18,4,5,64.29
HH Pandya,A Nehra,8,2,2,3,25.0
HH Pandya,A Nortje,70,100,4,7,142.86
HH Pandya,A Zampa,50,120,2,7,240.0
HH Pandya,AB Dinda,18,60,0,2,333.33
HH Pandya,AD Russell,48,70,4,8,145.83
HH Pandya,AJ Tye,44,54,4,5,122.73
HH Pandya,AK Markram,8,16,0,2,200.0
HH Pandya,AN Ahmed,10,30,0,2,300.0
HH Pandya,AR Patel,84,92,2,8,109.52
HH Pandya,AS Rajpoot,22,84,0,4,381.82
HH Pandya,Akash Madhwal,28,58,0,4,207.14
HH Pandya,Arjun Tendulkar,10,10,0,2,100.0
HH Pandya,Arshdeep Singh,58,44,2,9,75.86
HH Pandya,Ashok Sharma,6,4,0,2,66.67
HH Pandya,Avesh Khan,80,70,6,10,87.5
HH Pandya,Azmatullah Omarzai,8,10,2,2,125.0
HH Pandya,B Kumar,68,88,4,10,129.41
HH Pandya,B Muzarabani,6,16,0,2,266.67
HH Pandya,BA Stokes,22,22,2,4,100.0
HH Pandya,BB Sran,16,6,0,3,37.5
HH Pandya,Basil Thampi,20,28,2,4,140.0
HH Pandya,Brijesh Sharma,6,4,0,2,66.67
HH Pandya,C Green,14,14,0,3,100.0
HH Pandya,C de Grandhomme,20,28,0,2,140.0
HH Pandya,CH Morris,50,82,2,5,164.0
HH Pandya,CJ Anderson,8,24,0,3,300.0
HH Pandya,CJ Green,6,12,0,2,200.0
HH Pandya,CJ Jordan,10,26,0,3,260.0
HH Pandya,CR Woakes,12,36,0,3,300.0
HH Pandya,CV Varun,66,66,2,7,100.0
HH Pandya,DJ Bravo,74,110,2,10,148.65
HH Pandya,DL Chahar,16,20,2,5,125.0
HH Pandya,DR Sams,8,20,0,2,250.0
HH Pandya,DS Kulkarni,20,30,2,5,150.0
HH Pandya,DS Rathi,10,20,0,2,200.0
HH Pandya,DT Christian,22,22,2,5,100.0
HH Pandya,DW Steyn,8,2,0,2,25.0
HH Pandya,E Malinga,16,24,2,3,150.0
HH Pandya,Fazalhaq Farooqi,14,50,0,2,357.14
HH Pandya,G Coetzee,12,38,0,2,316.67
HH Pandya,GC Viljoen,28,46,0,3,164.29
HH Pandya,GJ Maxwell,20,20,0,2,100.0
HH Pandya,HF Gurney,16,42,2,2,262.5
HH Pandya,HV Patel,32,48,6,7,150.0
HH Pandya,Harpreet Brar,12,18,2,3,150.0
HH Pandya,Harshit Rana,6,2,2,2,33.33
HH Pandya,I Sharma,46,66,0,5,143.48
HH Pandya,Imran Tahir,40,32,2,9,80.0
HH Pandya,J Overton,20,10,0,2,50.0
HH Pandya,JA Duffy,8,12,2,2,150.0
HH Pandya,JA Richardson,16,20,0,2,125.0
HH Pandya,JC Archer,72,84,6,9,116.67
HH Pandya,JD Unadkat,58,118,4,6,203.45
HH Pandya,JDS Neesham,20,48,0,3,240.0
HH Pandya,JJ Bumrah,6,12,0,2,200.0
HH Pandya,JO Holder,14,12,2,3,85.71
HH Pandya,JP Behrendorff,20,14,2,4,70.0
HH Pandya,JR Hazlewood,28,70,2,3,250.0
HH Pandya,K Gowtham,6,14,0,2,233.33
HH Pandya,K Kartikeya,6,14,0,2,233.33
HH Pandya,K Rabada,92,116,4,12,126.09
HH Pandya,K Yadav,6,4,0,2,66.67
HH Pandya,KA Jamieson,14,16,0,3,114.29
HH Pandya,KH Pandya,70,64,2,7,91.43
HH Pandya,KK Ahmed,52,74,6,6,142.31
HH Pandya,KMA Paul,8,24,0,2,300.0
HH Pandya,KR Sen,24,48,0,2,200.0
HH Pandya,Kartik Tyagi,36,68,0,5,188.89
HH Pandya,Kuldeep Yadav,78,92,0,8,117.95
HH Pandya,M Ashwin,10,16,0,4,160.0
HH Pandya,M Jansen,26,44,4,5,169.23
HH Pandya,M Markande,12,28,0,2,233.33
HH Pandya,M Pathirana,18,14,2,4,77.78
HH Pandya,M Prasidh Krishna,86,126,2,9,146.51
HH Pandya,M Theekshana,12,14,2,3,116.67
HH Pandya,MA Wood,14,24,0,2,171.43
HH Pandya,MC Henriques,16,10,0,3,62.5
HH Pandya,MD Shanaka,8,22,0,2,275.0
HH Pandya,MG Johnson,12,16,0,3,133.33
HH Pandya,MJ Henry,6,26,0,2,433.33
HH Pandya,MJ Santner,18,10,0,3,55.56
HH Pandya,MM Ali,6,10,0,2,166.67
HH Pandya,MP Stoinis,36,56,4,7,155.56
HH Pandya,Mohammad Nabi,10,4,0,2,40.0
HH Pandya,Mohammed Shami,50,90,6,8,180.0
HH Pandya,Mohammed Siraj,60,90,2,9,150.0
HH Pandya,Mohsin Khan,20,16,4,4,80.0
HH Pandya,Mujeeb Ur Rahman,14,26,0,3,185.71
HH Pandya,Mukesh Kumar,10,26,0,3,260.0
HH Pandya,Mustafizur Rahman,12,4,4,5,33.33
HH Pandya,N Burger,24,44,0,3,183.33
HH Pandya,NA Saini,28,46,0,4,164.29
HH Pandya,NM Coulter-Nile,10,0,2,2,0.0
HH Pandya,NT Ellis,10,4,0,2,40.0
HH Pandya,Naveen-ul-Haq,16,14,2,3,87.5
HH Pandya,Noor Ahmad,12,4,2,3,33.33
HH Pandya,OC McCoy,34,50,0,3,147.06
HH Pandya,P Kumar,10,12,2,3,120.0
HH Pandya,P Negi,22,78,0,3,354.55
HH Pandya,PJ Cummins,68,130,0,9,191.18
HH Pandya,PP Chawla,44,92,4,6,209.09
HH Pandya,PP Hinge,10,34,0,2,340.0
HH Pandya,PVD Chameera,16,20,2,4,125.0
HH Pandya,PWH de Silva,32,26,0,3,81.25
HH Pandya,Prince Yadav,6,4,0,2,66.67
HH Pandya,R Ashwin,96,158,0,10,164.58
HH Pandya,R Parag,8,14,0,3,175.0
HH Pandya,R Sai Kishore,14,10,2,3,71.43
HH Pandya,R Tewatia,10,16,0,3,160.0
HH Pandya,RA Jadeja,32,36,4,5,112.5
HH Pandya,RD Chahar,14,20,0,2,142.86
HH Pandya,RP Meredith,12,18,0,3,150.0
HH Pandya,RS Ghosh,8,12,0,2,150.0
HH Pandya,RS Hangargekar,6,6,0,2,100.0
HH Pandya,Rashid Khan,84,76,4,9,90.48
HH Pandya,Rasikh Salam,12,6,2,2,50.0
HH Pandya,Ravi Bishnoi,66,146,2,7,221.21
HH Pandya,S Aravind,6,6,0,3,100.0
HH Pandya,S Gopal,10,6,0,3,60.0
HH Pandya,S Kaul,50,42,4,6,84.0
HH Pandya,S Lamichhane,12,26,0,2,216.67
HH Pandya,SM Curran,18,44,2,3,244.44
HH Pandya,SN Thakur,36,66,0,9,183.33
HH Pandya,SP Narine,106,158,2,11,149.06
HH Pandya,SR Dubey,6,10,0,2,166.67
HH Pandya,SR Watson,14,24,0,4,171.43
HH Pandya,Sandeep Sharma,24,32,2,6,133.33
HH Pandya,Shahbaz Ahmed,6,4,2,3,66.67
HH Pandya,Shashank Singh,8,6,0,2,75.0
HH Pandya,Shivam Mavi,28,40,0,4,142.86
HH Pandya,Suyash Sharma,26,58,0,3,223.08
HH Pandya,T Natarajan,30,46,0,3,153.33
HH Pandya,TA Boult,52,84,2,9,161.54
HH Pandya,TG Southee,34,40,4,3,117.65
HH Pandya,TK Curran,32,56,2,3,175.0
HH Pandya,TS Mills,6,12,0,2,200.0
HH Pandya,TU Deshpande,24,48,2,5,200.0
HH Pandya,UT Yadav,46,90,2,6,195.65
HH Pandya,Umran Malik,36,56,2,4,155.56
HH Pandya,VG Arora,6,4,0,2,66.67
HH Pandya,Vijaykumar Vyshak,16,30,0,4,187.5
HH Pandya,Washington Sundar,42,44,0,6,104.76
HH Pandya,XC Bartlett,6,6,0,2,100.0
HH Pandya,YS Chahal,150,142,8,16,94.67
HH Pandya,Yash Raj Punja,6,28,0,2,466.67
HH Pandya,Yash Thakur,8,16,0,2,200.0
HH Pandya,Z Khan,8,12,0,3,150.0
HM Amla,A Choudhary,6,2,2,2,33.33
HM Amla,A Nehra,22,50,0,2,227.27
HM Amla,AB Dinda,22,16,0,3,72.73
HM Amla,AJ Tye,18,38,0,2,211.11
HM Amla,Ankit Soni,20,32,0,2,160.0
HM Amla,B Kumar,20,22,4,3,110.0
HM Amla,B Stanlake,20,28,0,2,140.0
HM Amla,BA Stokes,6,4,0,2,66.67
HM Amla,BCJ Cutting,6,10,0,2,166.67
HM Amla,Basil Thampi,36,82,2,3,227.78
HM Amla,C de Grandhomme,8,0,2,2,0.0
HM Amla,CH Morris,24,18,2,4,75.0
HM Amla,CJ Jordan,6,6,0,3,100.0
HM Amla,CR Woakes,8,20,0,2,250.0
HM Amla,DL Chahar,18,14,0,2,77.78
HM Amla,DS Kulkarni,28,30,0,2,107.14
HM Amla,DT Christian,8,22,0,2,275.0
HM Amla,HH Pandya,8,6,0,2,75.0
HM Amla,Harbhajan Singh,8,10,0,2,125.0
HM Amla,IK Pathan,16,20,0,2,125.0
HM Amla,Imran Tahir,8,6,0,2,75.0
HM Amla,Iqbal Abdulla,12,18,0,2,150.0
HM Amla,JJ Bumrah,18,26,0,2,144.44
HM Amla,JP Faulkner,26,50,0,2,192.31
HM Amla,K Rabada,14,16,0,2,114.29
HM Amla,KH Pandya,30,40,0,2,133.33
HM Amla,KV Sharma,22,24,0,2,109.09
HM Amla,MC Henriques,20,42,0,2,210.0
HM Amla,MJ McClenaghan,24,24,0,2,100.0
HM Amla,Mohammed Shami,6,2,0,2,33.33
HM Amla,Mustafizur Rahman,18,32,0,2,177.78
HM Amla,NB Singh,8,2,0,2,25.0
HM Amla,NLTC Perera,6,14,0,2,233.33
HM Amla,PJ Sangwan,12,20,0,2,166.67
HM Amla,R Ashwin,6,8,2,2,133.33
HM Amla,R Bhatia,6,6,0,2,100.0
HM Amla,RA Jadeja,32,50,0,3,156.25
HM Amla,RD Chahar,12,6,2,2,50.0
HM Amla,S Aravind,6,14,2,2,233.33
HM Amla,S Nadeem,16,14,0,4,87.5
HM Amla,SL Malinga,32,102,0,2,318.75
HM Amla,SP Narine,18,4,0,2,22.22
HM Amla,SR Watson,14,18,2,3,128.57
HM Amla,SS Agarwal,16,24,2,2,150.0
HM Amla,STR Binny,16,12,0,3,75.0
HM Amla,TA Boult,14,20,0,2,142.86
HM Amla,TG Southee,10,0,2,2,0.0
HM Amla,TS Mills,6,14,0,2,233.33
HM Amla,YS Chahal,44,62,0,3,140.91
HM Amla,Yuvraj Singh,6,12,0,2,200.0
HM Amla,Z Khan,12,20,0,2,166.67
HR Shokeen,D Pretorius,24,32,0,3,133.33
HR Shokeen,DJ Bravo,20,22,2,3,110.0
HR Shokeen,M Theekshana,10,12,0,2,120.0
HR Shokeen,MJ Santner,16,12,0,2,75.0
HR Shokeen,Mukesh Choudhary,8,0,0,2,0.0
HR Shokeen,RA Jadeja,24,34,0,2,141.67
HR Shokeen,SSB Magala,6,6,0,2,100.0
HR Shokeen,Simarjeet Singh,8,2,0,2,25.0
HV Patel,A Ashish Reddy,6,6,0,2,100.0
HV Patel,AD Russell,6,2,2,2,33.33
HV Patel,Arshdeep Singh,6,4,0,2,66.67
HV Patel,Avesh Khan,14,18,0,2,128.57
HV Patel,CJ Jordan,12,34,0,2,283.33
HV Patel,CV Varun,16,8,2,4,50.0
HV Patel,DJ Bravo,22,58,2,4,263.64
HV Patel,G Coetzee,8,2,0,2,25.0
HV Patel,Imran Tahir,6,0,2,2,0.0
HV Patel,J Suchith,12,6,0,2,50.0
HV Patel,JC Archer,12,16,2,2,133.33
HV Patel,JJ Bumrah,20,20,4,3,100.0
HV Patel,KR Sen,8,0,2,2,0.0
HV Patel,Kartik Tyagi,16,18,2,3,112.5
HV Patel,L Ngidi,8,10,0,2,125.0
HV Patel,LH Ferguson,6,8,2,2,133.33
HV Patel,M Jansen,6,8,0,2,133.33
HV Patel,M Prasidh Krishna,6,6,0,3,100.0
HV Patel,MM Sharma,10,6,2,4,60.0
HV Patel,Mohammed Shami,14,30,2,3,214.29
HV Patel,R Tewatia,6,4,0,2,66.67
HV Patel,RA Jadeja,16,2,0,3,12.5
HV Patel,RD Chahar,6,12,0,3,200.0
HV Patel,RJ Gleeson,12,2,0,2,16.67
HV Patel,RN ten Doeschate,6,4,0,2,66.67
HV Patel,Rashid Khan,16,12,0,2,75.0
HV Patel,S Kaul,6,16,0,2,266.67
HV Patel,SN Thakur,18,14,0,3,77.78
HV Patel,SP Narine,8,22,0,3,275.0
HV Patel,Sandeep Sharma,8,16,0,2,200.0
HV Patel,Shakib Al Hasan,16,20,2,3,125.0
HV Patel,Shivam Mavi,12,16,0,2,133.33
HV Patel,Simarjeet Singh,8,20,2,2,250.0
HV Patel,TA Boult,8,8,2,4,100.0
HV Patel,TG Southee,6,14,0,3,233.33
HV Patel,V Nigam,8,4,0,2,50.0
HV Patel,VR Iyer,10,18,0,2,180.0
HV Patel,YS Chahal,12,14,0,2,116.67
Harbhajan Singh,A Mishra,6,6,0,2,100.0
Harbhajan Singh,A Mithun,8,24,0,2,300.0
Harbhajan Singh,A Nehra,8,6,2,3,75.0
Harbhajan Singh,A Symonds,8,24,0,2,300.0
Harbhajan Singh,A Uniyal,8,14,0,2,175.0
Harbhajan Singh,AB Agarkar,12,32,0,2,266.67
Harbhajan Singh,AB Dinda,28,26,4,5,92.86
Harbhajan Singh,AD Mathews,8,2,2,3,25.0
Harbhajan Singh,AR Patel,18,16,0,3,88.89
Harbhajan Singh,AS Rajpoot,20,14,0,3,70.0
Harbhajan Singh,Anureet Singh,20,58,2,2,290.0
Harbhajan Singh,Azhar Mahmood,10,6,0,2,60.0
Harbhajan Singh,B Kumar,30,16,2,6,53.33
Harbhajan Singh,B Laughlin,18,44,0,3,244.44
Harbhajan Singh,B Lee,28,46,0,5,164.29
Harbhajan Singh,BA Bhatt,8,12,2,2,150.0
Harbhajan Singh,BJ Hodge,8,28,2,2,350.0
Harbhajan Singh,CH Morris,6,2,2,3,33.33
Harbhajan Singh,DE Bollinger,22,42,2,2,190.91
Harbhajan Singh,DJ Bravo,66,92,8,11,139.39
Harbhajan Singh,DP Nannes,14,30,0,4,214.29
Harbhajan Singh,DW Steyn,6,6,0,2,100.0
Harbhajan Singh,FH Edwards,8,14,0,2,175.0
Harbhajan Singh,HV Patel,6,6,0,3,100.0
Harbhajan Singh,I Sharma,16,52,0,3,325.0
Harbhajan Singh,IK Pathan,22,26,2,5,118.18
Harbhajan Singh,Imran Tahir,8,4,0,3,50.0
Harbhajan Singh,Iqbal Abdulla,16,10,0,2,62.5
Harbhajan Singh,J Botha,8,6,0,3,75.0
Harbhajan Singh,JD Unadkat,14,34,0,3,242.86
Harbhajan Singh,JDP Oram,16,34,0,3,212.5
Harbhajan Singh,JH Kallis,6,4,0,3,66.67
Harbhajan Singh,JP Faulkner,16,10,0,4,62.5
Harbhajan Singh,KAJ Roach,12,38,0,2,316.67
Harbhajan Singh,KK Cooper,16,42,0,4,262.5
Harbhajan Singh,KW Richardson,6,8,0,2,133.33
Harbhajan Singh,L Balaji,10,24,0,2,240.0
Harbhajan Singh,LR Shukla,10,10,0,3,100.0
Harbhajan Singh,M Ashwin,22,18,0,2,81.82
Harbhajan Singh,M Kartik,6,4,2,2,66.67
Harbhajan Singh,M Morkel,16,24,2,3,150.0
Harbhajan Singh,M Muralitharan,18,28,2,3,155.56
Harbhajan Singh,MA Starc,8,4,2,3,50.0
Harbhajan Singh,MC Henriques,16,18,0,2,112.5
Harbhajan Singh,MG Johnson,6,14,0,2,233.33
Harbhajan Singh,MM Sharma,50,74,4,7,148.0
Harbhajan Singh,MN Samuels,8,12,0,2,150.0
Harbhajan Singh,Mustafizur Rahman,30,32,0,5,106.67
Harbhajan Singh,NM Coulter-Nile,14,24,2,3,171.43
Harbhajan Singh,P Amarnath,6,14,0,2,233.33
Harbhajan Singh,P Awana,8,8,2,3,100.0
Harbhajan Singh,P Kumar,12,0,8,5,0.0
Harbhajan Singh,PJ Sangwan,10,14,0,2,140.0
Harbhajan Singh,PP Ojha,6,4,0,2,66.67
Harbhajan Singh,R Ashwin,34,30,2,6,88.24
Harbhajan Singh,R Bhatia,20,18,2,4,90.0
Harbhajan Singh,R Dhawan,18,52,0,2,288.89
Harbhajan Singh,R Vinay Kumar,10,10,0,4,100.0
Harbhajan Singh,RA Jadeja,24,26,0,4,108.33
Harbhajan Singh,RG Sharma,12,26,2,3,216.67
Harbhajan Singh,RJ Harris,6,12,0,2,200.0
Harbhajan Singh,RP Singh,26,70,2,5,269.23
Harbhajan Singh,Rashid Khan,8,0,0,2,0.0
Harbhajan Singh,S Aravind,6,2,2,2,33.33
Harbhajan Singh,S Kaul,8,2,0,2,25.0
Harbhajan Singh,S Nadeem,16,16,0,4,100.0
Harbhajan Singh,SB Jakati,20,8,0,3,40.0
Harbhajan Singh,SK Raina,10,8,2,3,80.0
Harbhajan Singh,SK Warne,8,8,0,3,100.0
Harbhajan Singh,SP Narine,6,0,4,3,0.0
Harbhajan Singh,SR Watson,16,34,0,4,212.5
Harbhajan Singh,Sandeep Sharma,16,10,0,4,62.5
Harbhajan Singh,Shakib Al Hasan,16,16,0,3,100.0
Harbhajan Singh,UT Yadav,16,14,2,3,87.5
Harbhajan Singh,VR Aaron,8,14,2,2,175.0
Harbhajan Singh,WD Parnell,8,2,2,3,25.0
Harbhajan Singh,YK Pathan,6,4,0,2,66.67
Harbhajan Singh,Z Khan,16,26,0,3,162.5
Harmeet Singh,DW Steyn,8,6,0,2,75.0
Harmeet Singh,JH Kallis,6,20,0,2,333.33
Harmeet Singh,SP Narine,6,8,2,2,133.33
Harpreet Brar,AR Patel,8,12,0,3,150.0
Harpreet Brar,Akash Madhwal,6,12,0,2,200.0
Harpreet Brar,Avesh Khan,6,10,0,3,166.67
Harpreet Brar,B Kumar,10,16,0,2,160.0
Harpreet Brar,CV Varun,8,2,0,2,25.0
Harpreet Brar,DR Sams,6,4,0,2,66.67
Harpreet Brar,G Coetzee,10,18,0,2,180.0
Harpreet Brar,HH Pandya,8,8,2,2,100.0
Harpreet Brar,HV Patel,24,60,2,5,250.0
Harpreet Brar,I Sharma,12,16,0,3,133.33
Harpreet Brar,J Little,6,14,0,2,233.33
Harpreet Brar,JJ Bumrah,32,22,0,3,68.75
Harpreet Brar,JO Holder,14,14,0,2,100.0
Harpreet Brar,K Rabada,10,18,0,2,180.0
Harpreet Brar,MA Wood,6,10,2,2,166.67
Harpreet Brar,MM Sharma,10,20,0,3,200.0
Harpreet Brar,Mohammed Siraj,22,10,2,4,45.45
Harpreet Brar,NM Coulter-Nile,12,6,0,2,50.0
Harpreet Brar,PWH de Silva,12,14,0,3,116.67
Harpreet Brar,R Sai Kishore,14,34,2,2,242.86
Harpreet Brar,R Shepherd,6,0,2,3,0.0
Harpreet Brar,RD Chahar,6,4,0,2,66.67
Harpreet Brar,Rashid Khan,10,4,0,2,40.0
Harpreet Brar,Rasikh Salam,6,10,0,2,166.67
Harpreet Brar,SN Thakur,10,16,0,2,160.0
Harpreet Brar,SP Narine,18,18,0,2,100.0
Harpreet Brar,Shahbaz Ahmed,6,6,0,2,100.0
Harpreet Brar,Suyash Sharma,18,6,0,3,33.33
Harpreet Brar,TG Southee,6,8,0,2,133.33
Harpreet Brar,TU Deshpande,8,12,0,2,150.0
Harpreet Brar,VG Arora,8,18,0,2,225.0
Harpreet Brar,YS Chahal,6,4,0,3,66.67
Harpreet Brar,Yash Dayal,8,6,0,2,75.0
Harpreet Singh,Arjun Tendulkar,8,36,0,2,450.0
Harpreet Singh,Avesh Khan,6,4,0,2,66.67
Harpreet Singh,C Green,12,6,2,2,50.0
Harpreet Singh,HH Pandya,8,0,0,2,0.0
Harpreet Singh,HR Shokeen,26,24,0,2,92.31
Harpreet Singh,JC Archer,6,14,0,2,233.33
Harpreet Singh,JJ Bumrah,10,10,0,2,100.0
Harpreet Singh,K Gowtham,6,4,0,2,66.67
Harpreet Singh,KH Pandya,16,24,2,2,150.0
Harpreet Singh,M Shahrukh Khan,8,8,0,2,100.0
Harpreet Singh,MA Wood,6,4,0,2,66.67
Harpreet Singh,MM Sharma,14,6,0,2,42.86
Harpreet Singh,Mohammed Siraj,6,10,0,2,166.67
Harpreet Singh,R Bhatia,6,8,0,2,133.33
Harpreet Singh,R Sai Kishore,8,10,0,2,125.0
Harpreet Singh,Rashid Khan,8,4,0,2,50.0
Harpreet Singh,SK Trivedi,10,8,0,2,80.0
Harpreet Singh,SR Watson,20,12,2,2,60.0
Harpreet Singh,WD Parnell,10,14,0,2,140.0
Harpreet Singh,Yudhvir Singh,10,8,0,2,80.0
Harsh Dubey,R Shepherd,6,6,2,2,100.0
Harsh Dubey,VG Arora,6,18,0,2,300.0
Harshit Rana,Abhishek Sharma,12,38,0,2,316.67
Harshit Rana,Ashwani Kumar,6,2,0,2,33.33
Harshit Rana,DS Rathi,6,0,0,2,0.0
Harshit Rana,E Malinga,12,12,2,2,100.0
Harshit Rana,HV Patel,10,14,0,2,140.0
Harshit Rana,JD Unadkat,6,2,0,2,33.33
Harshit Rana,JR Hazlewood,10,8,2,2,80.0
Harshit Rana,M Jansen,10,4,2,2,40.0
Harshit Rana,MJ Santner,8,6,0,2,75.0
Harshit Rana,Ravi Bishnoi,6,10,0,2,166.67
Harshit Rana,SN Thakur,6,10,0,2,166.67
Himmat Singh,A Kamboj,8,12,2,2,150.0
Himmat Singh,AM Ghazanfar,6,22,0,2,366.67
Himmat Singh,Brijesh Sharma,6,6,0,2,100.0
Himmat Singh,DL Chahar,16,20,0,2,125.0
Himmat Singh,J Overton,6,12,0,2,200.0
Himmat Singh,JJ Bumrah,20,16,0,2,80.0
Himmat Singh,Kartik Tyagi,12,26,2,2,216.67
Himmat Singh,Noor Ahmad,8,8,0,2,100.0
Himmat Singh,RA Jadeja,14,20,0,2,142.86
Himmat Singh,Raghu Sharma,20,22,0,2,110.0
Himmat Singh,Ravi Bishnoi,10,4,2,2,40.0
I Malhotra,AM Salvi,6,12,0,2,200.0
I Sharma,B Kumar,8,6,0,3,75.0
I Sharma,DJ Bravo,6,10,0,3,166.67
I Sharma,DJ Thornely,6,0,2,2,0.0
I Sharma,Harmeet Singh,8,18,0,2,225.0
I Sharma,JD Unadkat,6,2,0,3,33.33
I Sharma,M Muralitharan,8,4,0,2,50.0
I Sharma,R Ashwin,10,4,0,2,40.0
I Sharma,RA Jadeja,6,20,0,2,333.33
I Sharma,RP Singh,6,0,2,2,0.0
I Sharma,SK Raina,8,4,0,2,50.0
I Sharma,VG Arora,6,2,0,2,33.33
I Udana,A Nortje,8,10,2,3,125.0
I Udana,Mohammed Shami,6,16,0,2,266.67
IK Pathan,A Kumble,6,14,0,3,233.33
IK Pathan,A Mishra,70,58,4,8,82.86
IK Pathan,A Mithun,8,12,0,2,150.0
IK Pathan,A Nehra,20,22,2,4,110.0
IK Pathan,A Symonds,10,10,0,2,100.0
IK Pathan,AA Jhunjhunwala,6,4,0,2,66.67
IK Pathan,AB Agarkar,14,16,0,2,114.29
IK Pathan,AB Dinda,18,34,0,5,188.89
IK Pathan,AD Mathews,30,38,2,4,126.67
IK Pathan,AG Murtaza,22,14,0,3,63.64
IK Pathan,AM Salvi,12,12,2,2,100.0
IK Pathan,AP Dole,8,6,0,2,75.0
IK Pathan,AR Patel,10,4,2,3,40.0
IK Pathan,Anand Rajan,16,8,0,2,50.0
IK Pathan,B Kumar,8,4,0,2,50.0
IK Pathan,B Lee,16,34,0,2,212.5
IK Pathan,CH Gayle,12,10,0,3,83.33
IK Pathan,DE Bollinger,28,50,0,3,178.57
IK Pathan,DJ Bravo,50,42,2,6,84.0
IK Pathan,DJ Hussey,26,20,0,3,76.92
IK Pathan,DJG Sammy,14,10,0,2,71.43
IK Pathan,DL Vettori,6,4,0,3,66.67
IK Pathan,DS Kulkarni,6,2,0,3,33.33
IK Pathan,DT Christian,8,12,0,3,150.0
IK Pathan,DW Steyn,30,16,4,6,53.33
IK Pathan,FY Fazal,6,6,0,2,100.0
IK Pathan,GJ Maxwell,6,4,0,2,66.67
IK Pathan,Harbhajan Singh,48,54,0,5,112.5
IK Pathan,Harmeet Singh,16,16,0,4,100.0
IK Pathan,I Sharma,46,70,0,6,152.17
IK Pathan,JA Morkel,52,100,0,7,192.31
IK Pathan,JD Ryder,16,18,0,2,112.5
IK Pathan,JD Unadkat,16,14,0,3,87.5
IK Pathan,JH Kallis,38,44,0,4,115.79
IK Pathan,JP Duminy,10,6,0,3,60.0
IK Pathan,JP Faulkner,16,16,0,2,100.0
IK Pathan,KA Pollard,6,4,0,2,66.67
IK Pathan,KK Cooper,10,8,0,3,80.0
IK Pathan,KV Sharma,6,6,0,2,100.0
IK Pathan,KW Richardson,16,10,0,2,62.5
IK Pathan,Kamran Khan,10,0,2,2,0.0
IK Pathan,L Balaji,38,36,4,5,94.74
IK Pathan,M Muralitharan,30,40,0,5,133.33
IK Pathan,M Ntini,10,4,0,2,40.0
IK Pathan,M de Lange,10,32,0,2,320.0
IK Pathan,MC Henriques,10,18,0,2,180.0
IK Pathan,MF Maharoof,16,22,0,3,137.5
IK Pathan,MM Patel,16,28,0,4,175.0
IK Pathan,MS Gony,42,60,0,4,142.86
IK Pathan,Mohammad Asif,10,18,2,2,180.0
IK Pathan,NLTC Perera,16,12,2,3,75.0
IK Pathan,P Amarnath,6,18,0,2,300.0
IK Pathan,P Awana,16,38,0,3,237.5
IK Pathan,P Kumar,32,46,2,7,143.75
IK Pathan,PC Valthaty,6,2,2,2,33.33
IK Pathan,PJ Sangwan,20,50,0,4,250.0
IK Pathan,PP Chawla,38,38,0,5,100.0
IK Pathan,PP Ojha,28,22,4,5,78.57
IK Pathan,R Ashwin,46,58,0,7,126.09
IK Pathan,R Bhatia,32,34,0,7,106.25
IK Pathan,R Dhawan,10,6,4,4,60.0
IK Pathan,R Rampaul,26,58,0,3,223.08
IK Pathan,R Sharma,6,6,0,2,100.0
IK Pathan,R Vinay Kumar,18,26,0,6,144.44
IK Pathan,RA Jadeja,8,0,2,2,0.0
IK Pathan,RE van der Merwe,8,14,0,2,175.0
IK Pathan,RG Sharma,14,20,0,2,142.86
IK Pathan,RJ Harris,12,18,2,3,150.0
IK Pathan,RP Singh,62,136,2,8,219.35
IK Pathan,RR Powar,8,16,0,2,200.0
IK Pathan,S Aravind,6,14,0,2,233.33
IK Pathan,SB Jakati,12,8,0,3,66.67
IK Pathan,SC Ganguly,16,20,4,3,125.0
IK Pathan,SE Bond,8,14,2,2,175.0
IK Pathan,SK Raina,20,12,0,4,60.0
IK Pathan,SK Trivedi,42,26,2,5,61.9
IK Pathan,SK Warne,48,78,2,5,162.5
IK Pathan,SL Malinga,32,38,4,7,118.75
IK Pathan,SM Harwood,6,4,0,2,66.67
IK Pathan,SP Narine,38,44,4,6,115.79
IK Pathan,SR Watson,16,16,0,4,100.0
IK Pathan,SW Tait,8,16,0,2,200.0
IK Pathan,Sandeep Sharma,10,0,2,2,0.0
IK Pathan,Shakib Al Hasan,6,6,0,2,100.0
IK Pathan,T Thushara,10,12,2,2,120.0
IK Pathan,TL Suman,6,8,2,3,133.33
IK Pathan,UT Yadav,6,6,0,2,100.0
IK Pathan,Umar Gul,30,22,2,3,73.33
IK Pathan,VS Yeligati,8,16,0,2,200.0
IK Pathan,VY Mahesh,14,16,0,3,114.29
IK Pathan,WD Parnell,6,10,0,2,166.67
IK Pathan,WPUJC Vaas,6,16,0,2,266.67
IK Pathan,YK Pathan,46,62,0,5,134.78
IK Pathan,Yuvraj Singh,12,10,2,3,83.33
IK Pathan,Z Khan,40,52,4,6,130.0
IR Jaggi,A Nehra,6,8,0,2,133.33
IR Jaggi,A Singh,12,18,0,2,150.0
IR Jaggi,AC Thomas,6,10,0,2,166.67
IR Jaggi,B Lee,8,2,0,2,25.0
IR Jaggi,Iqbal Abdulla,14,4,2,2,28.57
IR Jaggi,J Botha,14,18,0,2,128.57
IR Jaggi,JDP Oram,12,4,0,2,33.33
IR Jaggi,JJ Bumrah,8,0,0,2,0.0
IR Jaggi,KH Pandya,12,10,0,2,83.33
IR Jaggi,KV Sharma,18,8,2,2,44.44
IR Jaggi,MG Johnson,6,14,0,2,233.33
IR Jaggi,MM Patel,10,2,0,2,20.0
IR Jaggi,Rashid Khan,6,4,0,2,66.67
IR Jaggi,SK Warne,16,8,2,2,50.0
IR Jaggi,SL Malinga,18,24,0,2,133.33
IS Sodhi,AR Patel,8,2,0,2,25.0
IS Sodhi,M Prasidh Krishna,6,0,2,2,0.0
Imran Tahir,AR Patel,8,8,2,2,100.0
Imran Tahir,BCJ Cutting,8,8,0,2,100.0
Imran Tahir,JJ Bumrah,10,10,0,2,100.0
Imran Tahir,KH Pandya,8,14,0,2,175.0
Imran Tahir,MJ McClenaghan,14,10,0,3,71.43
Iqbal Abdulla,Anand Rajan,6,4,0,2,66.67
Iqbal Abdulla,CH Morris,8,4,0,2,50.0
Iqbal Abdulla,DJ Bravo,26,32,2,3,123.08
Iqbal Abdulla,DR Smith,6,6,0,2,100.0
Iqbal Abdulla,Harbhajan Singh,6,4,0,2,66.67
Iqbal Abdulla,JJ Bumrah,16,26,0,2,162.5
Iqbal Abdulla,M Muralitharan,6,2,0,3,33.33
Iqbal Abdulla,PJ Cummins,6,6,0,2,100.0
Iqbal Abdulla,R Vinay Kumar,8,10,0,2,125.0
Iqbal Abdulla,RA Jadeja,8,4,0,2,50.0
Iqbal Abdulla,RP Singh,6,12,0,2,200.0
Iqbal Abdulla,SB Jakati,12,20,0,2,166.67
Iqbal Abdulla,SL Malinga,20,18,0,3,90.0
Iqbal Abdulla,TG Southee,6,6,0,2,100.0
Ishan Kishan,A Kamboj,40,64,2,3,160.0
Ishan Kishan,A Mishra,16,16,6,4,100.0
Ishan Kishan,A Nortje,66,152,0,9,230.3
Ishan Kishan,A Zampa,18,28,0,2,155.56
Ishan Kishan,AD Russell,26,44,0,5,169.23
Ishan Kishan,AJ Hosein,14,12,0,2,85.71
Ishan Kishan,AJ Tye,14,6,2,2,42.86
Ishan Kishan,AK Markram,8,22,0,2,275.0
Ishan Kishan,AR Patel,114,170,2,12,149.12
Ishan Kishan,AS Joseph,14,14,2,2,100.0
Ishan Kishan,AS Rajpoot,34,46,0,3,135.29
Ishan Kishan,Abhinandan Singh,26,60,2,2,230.77
Ishan Kishan,Akash Deep,28,28,4,4,100.0
Ishan Kishan,Arshdeep Singh,48,84,10,9,175.0
Ishan Kishan,Avesh Khan,12,6,0,3,50.0
Ishan Kishan,Azmatullah Omarzai,8,0,2,2,0.0
Ishan Kishan,B Kumar,96,176,2,10,183.33
Ishan Kishan,BA Stokes,24,24,2,4,100.0
Ishan Kishan,Brijesh Sharma,12,32,0,2,266.67
Ishan Kishan,C Green,12,10,0,2,83.33
Ishan Kishan,C Sakariya,30,52,0,2,173.33
Ishan Kishan,CH Morris,6,8,0,2,133.33
Ishan Kishan,CV Varun,50,68,2,7,136.0
Ishan Kishan,D Ferreira,6,22,0,2,366.67
Ishan Kishan,DJ Bravo,32,44,2,5,137.5
Ishan Kishan,DJ Hooda,22,20,0,3,90.91
Ishan Kishan,DJ Willey,18,16,0,2,88.89
Ishan Kishan,DL Chahar,50,60,4,8,120.0
Ishan Kishan,DR Sams,12,20,0,2,166.67
Ishan Kishan,DS Kulkarni,28,36,2,3,128.57
Ishan Kishan,DS Rathi,22,16,2,3,72.73
Ishan Kishan,DT Christian,18,26,2,3,144.44
Ishan Kishan,DW Steyn,8,16,0,2,200.0
Ishan Kishan,Fazalhaq Farooqi,12,26,0,3,216.67
Ishan Kishan,G Coetzee,10,8,2,2,80.0
Ishan Kishan,GC Viljoen,6,2,0,2,33.33
Ishan Kishan,GJ Maxwell,54,88,0,7,162.96
Ishan Kishan,HH Pandya,6,6,0,4,100.0
Ishan Kishan,HV Patel,18,22,2,5,122.22
Ishan Kishan,Harbhajan Singh,84,88,2,6,104.76
Ishan Kishan,Harpreet Brar,12,26,0,2,216.67
Ishan Kishan,Harshit Rana,16,30,0,3,187.5
Ishan Kishan,I Sharma,12,22,0,2,183.33
Ishan Kishan,I Udana,18,40,2,2,222.22
Ishan Kishan,Imran Tahir,58,90,10,7,155.17
Ishan Kishan,JA Duffy,8,8,0,2,100.0
Ishan Kishan,JC Archer,110,226,4,9,205.45
Ishan Kishan,JD Unadkat,40,62,2,5,155.0
Ishan Kishan,JDS Neesham,14,8,0,2,57.14
Ishan Kishan,JJ Bumrah,16,16,0,3,100.0
Ishan Kishan,JO Holder,30,48,0,4,160.0
Ishan Kishan,JR Hazlewood,50,84,0,4,168.0
Ishan Kishan,K Gowtham,36,34,2,5,94.44
Ishan Kishan,K Rabada,72,128,6,10,177.78
Ishan Kishan,K Yadav,12,20,0,2,166.67
Ishan Kishan,KC Cariappa,14,14,0,2,100.0
Ishan Kishan,KH Pandya,100,170,0,9,170.0
Ishan Kishan,KK Ahmed,70,116,0,7,165.71
Ishan Kishan,KS Williamson,12,24,0,2,200.0
Ishan Kishan,Kartik Tyagi,42,58,2,4,138.1
Ishan Kishan,Kuldeep Yadav,58,122,4,6,210.34
Ishan Kishan,L Ngidi,18,30,0,2,166.67
Ishan Kishan,LB Williams,14,12,0,2,85.71
Ishan Kishan,LE Plunkett,8,6,0,2,75.0
Ishan Kishan,LH Ferguson,32,40,2,4,125.0
Ishan Kishan,LS Livingstone,8,4,0,2,50.0
Ishan Kishan,Lalit Yadav,60,48,0,5,80.0
Ishan Kishan,M Jansen,40,52,4,5,130.0
Ishan Kishan,M Markande,14,24,0,2,171.43
Ishan Kishan,M Prasidh Krishna,54,70,2,7,129.63
Ishan Kishan,M Theekshana,24,50,0,2,208.33
Ishan Kishan,MA Starc,16,32,4,4,200.0
Ishan Kishan,MA Wood,10,4,0,2,40.0
Ishan Kishan,MC Henriques,18,6,0,3,33.33
Ishan Kishan,MG Johnson,8,10,2,2,125.0
Ishan Kishan,MJ McClenaghan,26,42,2,3,161.54
Ishan Kishan,MJ Santner,6,6,0,2,100.0
Ishan Kishan,MM Ali,16,14,0,3,87.5
Ishan Kishan,MM Sharma,28,56,0,4,200.0
Ishan Kishan,MP Stoinis,72,92,2,10,127.78
Ishan Kishan,MP Yadav,14,14,0,2,100.0
Ishan Kishan,MR Marsh,18,10,0,2,55.56
Ishan Kishan,MW Short,6,2,0,2,33.33
Ishan Kishan,Mohammad Nabi,48,50,2,5,104.17
Ishan Kishan,Mohammed Shami,102,114,0,10,111.76
Ishan Kishan,Mohammed Siraj,116,164,4,11,141.38
Ishan Kishan,Mohsin Khan,28,34,0,5,121.43
Ishan Kishan,Mujeeb Ur Rahman,26,20,4,3,76.92
Ishan Kishan,Mukesh Choudhary,32,38,6,5,118.75
Ishan Kishan,Mukesh Kumar,10,6,2,4,60.0
Ishan Kishan,Mustafizur Rahman,26,62,0,4,238.46
Ishan Kishan,N Burger,26,44,2,4,169.23
Ishan Kishan,N Rana,10,10,0,3,100.0
Ishan Kishan,NA Saini,40,76,0,2,190.0
Ishan Kishan,NM Coulter-Nile,6,2,0,2,33.33
Ishan Kishan,NT Ellis,20,26,0,2,130.0
Ishan Kishan,Navdeep Saini,14,36,0,2,257.14
Ishan Kishan,Naveen-ul-Haq,28,28,2,5,100.0
Ishan Kishan,Nithish Kumar Reddy,12,20,0,2,166.67
Ishan Kishan,Noor Ahmad,34,54,2,5,158.82
Ishan Kishan,P Dubey,28,56,0,3,200.0
Ishan Kishan,P Negi,8,26,0,2,325.0
Ishan Kishan,P Sahu,8,12,0,2,150.0
Ishan Kishan,PJ Cummins,42,44,8,6,104.76
Ishan Kishan,PJ Sangwan,12,20,0,2,166.67
Ishan Kishan,PP Chawla,12,28,0,2,233.33
Ishan Kishan,PVD Chameera,24,12,0,3,50.0
Ishan Kishan,PWH de Silva,20,42,2,3,210.0
Ishan Kishan,R Ashwin,126,114,2,11,90.48
Ishan Kishan,R Dhawan,12,28,0,2,233.33
Ishan Kishan,R Parag,16,24,0,4,150.0
Ishan Kishan,R Shepherd,34,58,0,4,170.59
Ishan Kishan,R Tewatia,26,70,0,4,269.23
Ishan Kishan,RA Jadeja,64,74,2,9,115.62
Ishan Kishan,RD Chahar,14,18,0,2,128.57
Ishan Kishan,RJW Topley,32,46,0,3,143.75
Ishan Kishan,Rashid Khan,134,156,4,12,116.42
Ishan Kishan,Rasikh Salam,28,48,2,3,171.43
Ishan Kishan,Ravi Bishnoi,98,118,8,11,120.41
Ishan Kishan,S Aravind,26,66,0,3,253.85
Ishan Kishan,S Badree,16,24,2,2,150.0
Ishan Kishan,S Gopal,28,38,2,5,135.71
Ishan Kishan,S Kaul,52,90,2,6,173.08
Ishan Kishan,S Nadeem,16,10,0,3,62.5
Ishan Kishan,SH Johnson,20,36,0,2,180.0
Ishan Kishan,SL Malinga,16,18,0,3,112.5
Ishan Kishan,SM Curran,24,32,0,4,133.33
Ishan Kishan,SN Thakur,66,120,2,10,181.82
Ishan Kishan,SP Narine,86,124,6,10,144.19
Ishan Kishan,SR Watson,10,12,0,2,120.0
Ishan Kishan,SS Cottrell,16,14,0,2,87.5
Ishan Kishan,SSB Magala,20,52,0,2,260.0
Ishan Kishan,Sandeep Sharma,102,164,8,11,160.78
Ishan Kishan,Shashank Singh,16,24,0,3,150.0
Ishan Kishan,Suyash Sharma,66,110,0,5,166.67
Ishan Kishan,Swapnil Singh,8,18,0,2,225.0
Ishan Kishan,T Natarajan,52,50,2,6,96.15
Ishan Kishan,TA Boult,76,72,4,7,94.74
Ishan Kishan,TG Southee,14,10,2,3,71.43
Ishan Kishan,TM Head,10,20,0,2,200.0
Ishan Kishan,TU Deshpande,74,116,0,7,156.76
Ishan Kishan,UT Yadav,24,28,2,4,116.67
Ishan Kishan,Umran Malik,34,66,4,3,194.12
Ishan Kishan,VG Arora,46,46,6,7,100.0
Ishan Kishan,VR Iyer,6,12,0,2,200.0
Ishan Kishan,Vijaykumar Vyshak,26,70,0,4,269.23
Ishan Kishan,W O'Rourke,8,14,0,2,175.0
Ishan Kishan,WG Jacks,12,14,2,3,116.67
Ishan Kishan,Washington Sundar,102,90,0,8,88.24
Ishan Kishan,YK Pathan,6,4,0,2,66.67
Ishan Kishan,YS Chahal,80,124,6,10,155.0
Ishan Kishan,Yash Dayal,10,28,0,2,280.0
Ishan Kishan,Yash Thakur,18,16,2,4,88.89
Ishan Kishan,Z Khan,20,24,0,2,120.0
J Arunkumar,AB Dinda,18,18,0,2,100.0
J Arunkumar,I Sharma,6,2,0,2,33.33
J Arunkumar,Sohail Tanvir,6,0,2,2,0.0
J Arunkumar,Umar Gul,10,24,0,2,240.0
J Botha,A Mishra,60,56,0,6,93.33
J Botha,AA Kazi,12,14,0,2,116.67
J Botha,AB Agarkar,6,8,2,2,133.33
J Botha,AB Dinda,6,12,0,2,200.0
J Botha,AC Thomas,8,0,0,2,0.0
J Botha,AD Mathews,6,14,0,2,233.33
J Botha,AG Murtaza,14,10,0,2,71.43
J Botha,AM Salvi,16,20,0,2,125.0
J Botha,Anand Rajan,16,12,4,3,75.0
J Botha,Azhar Mahmood,10,20,0,2,200.0
J Botha,B Lee,14,18,0,2,128.57
J Botha,CK Langeveldt,10,12,0,3,120.0
J Botha,DE Bollinger,6,2,2,2,33.33
J Botha,DJ Bravo,10,10,0,3,100.0
J Botha,DP Nannes,10,0,0,2,0.0
J Botha,DT Christian,22,48,0,3,218.18
J Botha,DW Steyn,32,26,2,5,81.25
J Botha,Harbhajan Singh,22,26,0,2,118.18
J Botha,I Sharma,20,18,0,3,90.0
J Botha,JE Taylor,6,0,0,2,0.0
J Botha,JO Holder,26,44,0,2,169.23
J Botha,KA Pollard,12,14,0,2,116.67
J Botha,L Balaji,12,14,0,3,116.67
J Botha,LR Shukla,10,14,0,2,140.0
J Botha,M Morkel,22,12,0,2,54.55
J Botha,MF Maharoof,16,26,2,2,162.5
J Botha,MM Patel,10,10,2,2,100.0
J Botha,MM Sharma,8,2,0,2,25.0
J Botha,NL McCullum,6,4,0,2,66.67
J Botha,NLTC Perera,8,0,2,3,0.0
J Botha,PP Ojha,26,58,0,2,223.08
J Botha,R Ashwin,24,12,2,5,50.0
J Botha,R Sathish,8,6,0,2,75.0
J Botha,RA Jadeja,22,20,2,3,90.91
J Botha,RE van der Merwe,16,30,0,2,187.5
J Botha,S Nadeem,16,20,0,2,125.0
J Botha,S Randiv,6,10,0,2,166.67
J Botha,SB Jakati,16,16,2,3,100.0
J Botha,SL Malinga,18,28,2,3,155.56
J Botha,SP Narine,8,2,0,2,25.0
J Botha,ST Jayasuriya,6,4,0,2,66.67
J Botha,V Kohli,20,18,0,2,90.0
J Botha,VY Mahesh,12,8,0,2,66.67
J Botha,Yuvraj Singh,8,12,0,2,150.0
J Botha,Z Khan,10,34,0,2,340.0
J Fraser-McGurk,Abhishek Sharma,10,16,0,2,160.0
J Fraser-McGurk,Arshad Khan,12,20,2,3,166.67
J Fraser-McGurk,Avesh Khan,12,56,0,2,466.67
J Fraser-McGurk,Azmatullah Omarzai,14,24,0,2,171.43
J Fraser-McGurk,B Kumar,12,10,2,3,83.33
J Fraser-McGurk,HH Pandya,14,52,0,2,371.43
J Fraser-McGurk,HV Patel,14,6,0,2,42.86
J Fraser-McGurk,JC Archer,12,18,2,2,150.0
J Fraser-McGurk,JJ Bumrah,8,30,0,2,375.0
J Fraser-McGurk,KH Pandya,14,38,0,2,271.43
J Fraser-McGurk,KK Ahmed,10,0,2,2,0.0
J Fraser-McGurk,L Wood,12,38,0,2,316.67
J Fraser-McGurk,M Markande,10,38,2,2,380.0
J Fraser-McGurk,MA Starc,10,24,2,2,240.0
J Fraser-McGurk,Mohammed Shami,14,2,0,2,14.29
J Fraser-McGurk,Mohammed Siraj,10,28,0,2,280.0
J Fraser-McGurk,N Thushara,8,24,0,2,300.0
J Fraser-McGurk,Naveen-ul-Haq,10,10,2,2,100.0
J Fraser-McGurk,PJ Cummins,16,36,0,3,225.0
J Fraser-McGurk,PP Chawla,12,24,2,2,200.0
J Fraser-McGurk,Ravi Bishnoi,12,10,0,2,83.33
J Fraser-McGurk,S Sandeep Warrier,22,42,2,3,190.91
J Fraser-McGurk,SH Johnson,12,20,2,2,166.67
J Fraser-McGurk,Swapnil Singh,6,14,0,2,233.33
J Fraser-McGurk,TA Boult,24,42,0,2,175.0
J Fraser-McGurk,Washington Sundar,14,60,0,2,428.57
J Fraser-McGurk,Yash Dayal,6,14,0,2,233.33
J Fraser-McGurk,Yash Thakur,22,30,0,2,136.36
J Fraser-McGurk,Zeeshan Ansari,16,38,2,2,237.5
J Overton,Arshad Khan,10,36,2,2,360.0
J Overton,Ashwani Kumar,12,28,2,2,233.33
J Overton,B Kumar,8,20,0,2,250.0
J Overton,Brijesh Sharma,6,6,0,2,100.0
J Overton,E Malinga,12,20,0,2,166.67
J Overton,JC Archer,14,16,0,2,114.29
J Overton,JJ Bumrah,6,10,0,3,166.67
J Overton,Kartik Tyagi,10,12,0,2,120.0
J Overton,N Burger,18,10,0,2,55.56
J Overton,Nithish Kumar Reddy,6,4,0,2,66.67
J Overton,PP Hinge,6,4,2,2,66.67
J Overton,R Shepherd,8,34,0,2,425.0
J Overton,RA Jadeja,14,20,0,2,142.86
J Overton,Ravi Bishnoi,6,4,0,2,66.67
J Overton,Sakib Hussain,6,4,0,2,66.67
J Overton,Sandeep Sharma,22,52,0,3,236.36
J Overton,Suyash Sharma,14,18,2,2,128.57
J Suchith,AR Patel,16,34,0,2,212.5
J Suchith,Avesh Khan,6,16,0,2,266.67
J Suchith,B Kumar,6,12,0,2,200.0
J Suchith,DJ Bravo,12,6,0,3,50.0
J Suchith,Harbhajan Singh,8,2,0,2,25.0
J Suchith,Imran Tahir,10,4,0,2,40.0
J Suchith,K Rabada,6,12,0,2,200.0
J Suchith,MG Johnson,8,20,0,2,250.0
J Suchith,Mohammed Siraj,6,0,0,2,0.0
J Suchith,PWH de Silva,8,4,2,2,50.0
J Suchith,R Dhawan,14,12,0,2,85.71
J Syed Mohammad,DR Smith,6,4,2,2,66.67
J Syed Mohammad,Harbhajan Singh,10,4,0,2,40.0
J Syed Mohammad,JR Hopes,6,4,0,2,66.67
J Syed Mohammad,SL Malinga,6,10,0,2,166.67
J Syed Mohammad,UT Yadav,14,20,2,3,142.86
J Theron,P Awana,6,10,0,2,166.67
J Yadav,A Mishra,8,8,0,2,100.0
J Yadav,Iqbal Abdulla,6,6,0,2,100.0
J Yadav,K Rabada,14,8,2,2,57.14
J Yadav,Lalit Yadav,8,8,0,2,100.0
J Yadav,MP Stoinis,8,10,0,2,125.0
J Yadav,R Ashwin,16,26,2,4,162.5
J Yadav,SR Watson,8,4,0,2,50.0
JA Morkel,A Kumble,18,26,0,4,144.44
JA Morkel,A Nehra,30,36,2,5,120.0
JA Morkel,A Symonds,14,22,0,2,157.14
JA Morkel,AA Jhunjhunwala,30,34,2,3,113.33
JA Morkel,AB Agarkar,16,38,0,2,237.5
JA Morkel,AM Salvi,6,4,0,2,66.67
JA Morkel,Azhar Mahmood,14,24,4,3,171.43
JA Morkel,B Kumar,8,8,0,2,100.0
JA Morkel,B Lee,14,12,0,3,85.71
JA Morkel,CH Gayle,12,4,2,3,33.33
JA Morkel,DJ Bravo,32,58,0,2,181.25
JA Morkel,DL Vettori,18,30,0,4,166.67
JA Morkel,DS Kulkarni,8,10,2,2,125.0
JA Morkel,DW Steyn,24,18,4,6,75.0
JA Morkel,GJ Maxwell,24,52,0,3,216.67
JA Morkel,Harbhajan Singh,16,36,2,4,225.0
JA Morkel,I Sharma,12,38,0,2,316.67
JA Morkel,IC Pandey,26,32,0,2,123.08
JA Morkel,IK Pathan,16,20,0,4,125.0
JA Morkel,Iqbal Abdulla,12,4,0,2,33.33
JA Morkel,J Theron,12,10,0,3,83.33
JA Morkel,JD Unadkat,10,20,0,2,200.0
JA Morkel,JH Kallis,34,44,2,6,129.41
JA Morkel,KA Pollard,22,12,2,4,54.55
JA Morkel,KW Richardson,8,6,0,2,75.0
JA Morkel,L Balaji,26,18,2,4,69.23
JA Morkel,M Morkel,6,4,0,2,66.67
JA Morkel,MM Patel,34,60,0,4,176.47
JA Morkel,MM Sharma,16,24,0,2,150.0
JA Morkel,MR Marsh,8,16,0,2,200.0
JA Morkel,P Awana,22,28,2,4,127.27
JA Morkel,P Kumar,38,38,2,6,100.0
JA Morkel,P Negi,6,14,2,2,233.33
JA Morkel,PJ Sangwan,26,40,0,4,153.85
JA Morkel,PP Chawla,20,16,0,5,80.0
JA Morkel,PP Ojha,36,38,4,7,105.56
JA Morkel,Pankaj Singh,20,38,0,3,190.0
JA Morkel,R Ashwin,36,26,0,3,72.22
JA Morkel,R Bhatia,6,4,2,3,66.67
JA Morkel,R Dhawan,8,6,0,2,75.0
JA Morkel,R Sathish,12,20,0,3,166.67
JA Morkel,R Sharma,6,0,0,3,0.0
JA Morkel,R Vinay Kumar,28,48,4,6,171.43
JA Morkel,RA Jadeja,12,22,0,3,183.33
JA Morkel,RE van der Merwe,10,8,0,2,80.0
JA Morkel,RG Sharma,16,24,0,3,150.0
JA Morkel,RP Singh,36,56,2,7,155.56
JA Morkel,S Aravind,8,30,0,3,375.0
JA Morkel,SB Bangar,10,14,0,2,140.0
JA Morkel,SB Styris,16,16,0,3,100.0
JA Morkel,SK Trivedi,10,4,0,2,40.0
JA Morkel,SK Warne,74,178,0,6,240.54
JA Morkel,SP Narine,16,44,0,3,275.0
JA Morkel,SR Watson,40,38,0,6,95.0
JA Morkel,SW Tait,22,28,2,3,127.27
JA Morkel,Shahid Afridi,6,4,0,2,66.67
JA Morkel,Shivam Sharma,8,4,2,2,50.0
JA Morkel,Sohail Tanvir,16,18,4,3,112.5
JA Morkel,UT Yadav,16,14,4,6,87.5
JA Morkel,V Kohli,12,56,0,2,466.67
JA Morkel,V Pratap Singh,6,14,0,2,233.33
JA Morkel,V Sehwag,22,50,2,3,227.27
JA Morkel,VRV Singh,14,30,0,3,214.29
JA Morkel,VY Mahesh,14,12,0,3,85.71
JA Morkel,WPUJC Vaas,6,8,0,2,133.33
JA Morkel,Y Venugopal Rao,6,14,2,2,233.33
JA Morkel,YK Pathan,62,94,2,7,151.61
JA Morkel,Z Khan,26,32,0,5,123.08
JA Richardson,DL Chahar,8,0,0,2,0.0
JA Richardson,MM Ali,8,4,2,2,50.0
JA Richardson,RA Jadeja,22,14,0,2,63.64
JA Richardson,SN Thakur,6,12,0,2,200.0
JC Archer,AD Russell,16,20,2,4,125.0
JC Archer,C Bosch,28,58,0,3,207.14
JC Archer,CH Morris,6,4,2,2,66.67
JC Archer,CV Varun,8,14,2,3,175.0
JC Archer,DJ Bravo,10,20,0,2,200.0
JC Archer,DL Chahar,8,18,0,3,225.0
JC Archer,HH Pandya,10,2,2,3,20.0
JC Archer,Harshit Rana,10,16,0,3,160.0
JC Archer,I Udana,10,18,0,2,180.0
JC Archer,JJ Bumrah,34,40,2,4,117.65
JC Archer,JO Holder,20,20,2,4,100.0
JC Archer,K Rabada,12,2,4,3,16.67
JC Archer,KV Sharma,16,20,0,2,125.0
JC Archer,L Ngidi,16,54,0,3,337.5
JC Archer,M Pathirana,6,6,0,3,100.0
JC Archer,M Prasidh Krishna,26,58,4,5,223.08
JC Archer,Mohammed Shami,12,30,2,4,250.0
JC Archer,NA Saini,8,12,0,2,150.0
JC Archer,Nithish Kumar Reddy,10,8,2,2,80.0
JC Archer,RA Jadeja,8,4,0,2,50.0
JC Archer,Rashid Khan,6,8,0,3,133.33
JC Archer,SH Johnson,8,18,2,2,225.0
JC Archer,SN Thakur,32,66,2,4,206.25
JC Archer,SP Narine,14,18,0,4,128.57
JC Archer,Sakib Hussain,8,2,2,2,25.0
JC Archer,Shivam Mavi,6,6,0,2,100.0
JC Archer,T Natarajan,10,24,0,3,240.0
JC Archer,TA Boult,10,16,2,3,160.0
JC Archer,UT Yadav,8,0,2,2,0.0
JC Archer,VG Arora,12,20,0,3,166.67
JC Buttler,A Choudhary,10,8,0,2,80.0
JC Buttler,A Kamboj,16,26,0,3,162.5
JC Buttler,A Mishra,28,38,4,4,135.71
JC Buttler,A Nehra,10,14,4,3,140.0
JC Buttler,A Nortje,48,102,2,6,212.5
JC Buttler,AB Dinda,6,18,0,3,300.0
JC Buttler,AD Russell,46,106,2,7,230.43
JC Buttler,AF Milne,8,26,0,2,325.0
JC Buttler,AJ Hosein,14,22,0,2,157.14
JC Buttler,AJ Tye,32,44,0,4,137.5
JC Buttler,AR Patel,140,196,2,12,140.0
JC Buttler,AS Joseph,36,100,0,3,277.78
JC Buttler,AS Rajpoot,32,54,2,4,168.75
JC Buttler,AS Roy,16,12,0,4,75.0
JC Buttler,Abhishek Sharma,16,26,0,3,162.5
JC Buttler,Akash Deep,24,58,0,2,241.67
JC Buttler,Akash Madhwal,12,4,2,2,33.33
JC Buttler,Akash Singh,14,12,2,4,85.71
JC Buttler,Ankit Soni,6,2,0,2,33.33
JC Buttler,Arshdeep Singh,50,84,2,7,168.0
JC Buttler,Ashwani Kumar,10,6,2,2,60.0
JC Buttler,Avesh Khan,84,180,4,9,214.29
JC Buttler,B Kumar,148,168,8,14,113.51
JC Buttler,BA Stokes,14,24,2,3,171.43
JC Buttler,BB Sran,6,2,2,2,33.33
JC Buttler,Basil Thampi,28,84,0,4,300.0
JC Buttler,Bipul Sharma,10,10,0,2,100.0
JC Buttler,C Green,38,44,0,4,115.79
JC Buttler,C Sakariya,18,4,2,2,22.22
JC Buttler,CH Morris,36,74,2,6,205.56
JC Buttler,CJ Jordan,22,62,0,3,281.82
JC Buttler,CR Woakes,30,40,4,4,133.33
JC Buttler,CV Varun,100,170,6,8,170.0
JC Buttler,DJ Bravo,42,50,4,5,119.05
JC Buttler,DJ Willey,46,62,0,3,134.78
JC Buttler,DL Chahar,90,144,0,8,160.0
JC Buttler,DR Sams,44,60,0,3,136.36
JC Buttler,DR Smith,20,22,0,2,110.0
JC Buttler,DS Kulkarni,16,10,0,2,62.5
JC Buttler,DS Rathi,30,50,2,3,166.67
JC Buttler,Fazalhaq Farooqi,26,50,2,3,192.31
JC Buttler,GB Hogg,12,28,0,2,233.33
JC Buttler,GF Linde,24,32,0,2,133.33
JC Buttler,GJ Maxwell,30,42,0,3,140.0
JC Buttler,Gurjapneet Singh,14,20,0,3,142.86
JC Buttler,H Sharma,10,22,0,2,220.0
JC Buttler,HF Gurney,10,16,2,2,160.0
JC Buttler,HH Pandya,92,166,6,10,180.43
JC Buttler,HR Shokeen,22,64,2,2,290.91
JC Buttler,HV Patel,54,80,0,4,148.15
JC Buttler,Harbhajan Singh,16,38,0,2,237.5
JC Buttler,Harshit Rana,44,80,0,4,181.82
JC Buttler,I Sharma,30,26,0,4,86.67
JC Buttler,I Udana,14,34,0,3,242.86
JC Buttler,Imran Tahir,22,38,2,4,172.73
JC Buttler,Iqbal Abdulla,16,38,2,2,237.5
JC Buttler,J Overton,10,18,0,2,180.0
JC Buttler,J Yadav,20,42,0,2,210.0
JC Buttler,JA Duffy,16,28,0,3,175.0
JC Buttler,JC Archer,40,64,0,5,160.0
JC Buttler,JD Unadkat,12,16,0,3,133.33
JC Buttler,JJ Bumrah,154,140,4,12,90.91
JC Buttler,JL Pattinson,14,12,2,2,85.71
JC Buttler,JO Holder,16,20,0,3,125.0
JC Buttler,JP Behrendorff,8,24,0,2,300.0
JC Buttler,JP Faulkner,12,12,2,3,100.0
JC Buttler,JR Hazlewood,98,168,4,9,171.43
JC Buttler,JW Hastings,16,10,0,2,62.5
JC Buttler,K Kartikeya,30,28,0,3,93.33
JC Buttler,K Rabada,58,94,4,6,162.07
JC Buttler,KA Pollard,34,66,0,4,194.12
JC Buttler,KC Cariappa,8,4,0,2,50.0
JC Buttler,KH Pandya,100,144,2,7,144.0
JC Buttler,KK Ahmed,92,122,4,8,132.61
JC Buttler,KL Nagarkoti,14,22,0,2,157.14
JC Buttler,KT Maphaka,6,10,0,2,166.67
JC Buttler,KV Sharma,18,18,0,3,100.0
JC Buttler,Kartik Tyagi,28,58,0,3,207.14
JC Buttler,Kuldeep Yadav,126,174,6,11,138.1
JC Buttler,L Ngidi,12,10,0,2,83.33
JC Buttler,LE Plunkett,8,24,0,2,300.0
JC Buttler,LH Ferguson,20,32,2,3,160.0
JC Buttler,LS Livingstone,6,22,0,2,366.67
JC Buttler,Lalit Yadav,24,52,0,2,216.67
JC Buttler,M Ashwin,42,70,0,4,166.67
JC Buttler,M Jansen,82,122,2,5,148.78
JC Buttler,M Markande,48,76,0,3,158.33
JC Buttler,M Prasidh Krishna,22,24,0,3,109.09
JC Buttler,M Theekshana,76,110,2,6,144.74
JC Buttler,MA Starc,48,102,0,3,212.5
JC Buttler,MC Henriques,6,10,0,2,166.67
JC Buttler,MJ Henry,16,38,0,2,237.5
JC Buttler,MJ McClenaghan,22,24,0,2,109.09
JC Buttler,MJ Santner,18,34,0,2,188.89
JC Buttler,MM Ali,18,50,2,3,277.78
JC Buttler,MM Patel,12,10,2,2,83.33
JC Buttler,MM Sharma,40,84,4,5,210.0
JC Buttler,MP Stoinis,70,82,4,9,117.14
JC Buttler,Mayank Dagar,12,40,0,2,333.33
JC Buttler,Mohammad Nabi,14,44,0,3,314.29
JC Buttler,Mohammed Shami,134,180,6,13,134.33
JC Buttler,Mohammed Siraj,84,110,4,7,130.95
JC Buttler,Mohsin Khan,20,22,0,3,110.0
JC Buttler,Mujeeb Ur Rahman,86,122,6,6,141.86
JC Buttler,Mukesh Choudhary,18,30,0,3,166.67
JC Buttler,Mukesh Kumar,64,126,2,6,196.88
JC Buttler,Mustafizur Rahman,24,40,2,2,166.67
JC Buttler,N Burger,10,10,2,2,100.0
JC Buttler,N Thushara,14,24,0,2,171.43
JC Buttler,NA Saini,32,38,2,4,118.75
JC Buttler,Naveen-ul-Haq,24,26,2,3,108.33
JC Buttler,Nithish Kumar Reddy,6,8,0,2,133.33
JC Buttler,Noor Ahmad,28,50,0,3,178.57
JC Buttler,P Kumar,28,18,0,4,64.29
JC Buttler,P Negi,8,12,2,3,150.0
JC Buttler,P Sahu,6,16,0,2,266.67
JC Buttler,PHKD Mendis,10,12,0,2,120.0
JC Buttler,PJ Cummins,82,114,6,8,139.02
JC Buttler,PP Chawla,58,74,4,6,127.59
JC Buttler,PP Hinge,8,2,2,2,25.0
JC Buttler,PVD Chameera,14,8,0,3,57.14
JC Buttler,PVSN Raju,6,12,0,2,200.0
JC Buttler,PWH de Silva,56,104,0,4,185.71
JC Buttler,Prince Yadav,8,2,0,2,25.0
JC Buttler,R Ashwin,66,66,2,6,100.0
JC Buttler,R Bhatia,6,4,0,2,66.67
JC Buttler,R Powell,6,6,0,2,100.0
JC Buttler,R Sai Kishore,12,12,0,2,100.0
JC Buttler,R Shepherd,10,10,0,2,100.0
JC Buttler,R Tewatia,12,20,0,2,166.67
JC Buttler,RA Jadeja,122,158,6,12,129.51
JC Buttler,RD Chahar,52,86,4,4,165.38
JC Buttler,RJW Topley,22,24,0,2,109.09
JC Buttler,RP Meredith,30,42,0,3,140.0
JC Buttler,Rashid Khan,100,60,8,10,60.0
JC Buttler,Rasikh Salam,30,60,0,3,200.0
JC Buttler,Ravi Bishnoi,46,50,0,6,108.7
JC Buttler,S Aravind,6,10,0,2,166.67
JC Buttler,S Badree,6,2,0,2,33.33
JC Buttler,S Dube,8,10,0,2,125.0
JC Buttler,S Nadeem,16,30,0,4,187.5
JC Buttler,SB Jakati,20,16,2,3,80.0
JC Buttler,SH Johnson,30,40,0,3,133.33
JC Buttler,SM Curran,42,68,0,5,161.9
JC Buttler,SN Thakur,98,138,4,9,140.82
JC Buttler,SP Narine,140,162,2,14,115.71
JC Buttler,SR Dubey,6,2,2,2,33.33
JC Buttler,SR Watson,26,30,0,6,115.38
JC Buttler,SS Cottrell,6,2,2,2,33.33
JC Buttler,SSB Magala,12,12,0,2,100.0
JC Buttler,STR Binny,8,6,2,3,75.0
JC Buttler,Sandeep Sharma,98,194,2,8,197.96
JC Buttler,Shahbaz Ahmed,42,88,0,5,209.52
JC Buttler,Shakib Al Hasan,20,18,0,4,90.0
JC Buttler,Shivam Mavi,80,118,2,7,147.5
JC Buttler,Simarjeet Singh,10,2,4,3,20.0
JC Buttler,Suyash Sharma,26,58,0,3,223.08
JC Buttler,Swapnil Singh,8,8,0,2,100.0
JC Buttler,T Natarajan,48,76,0,5,158.33
JC Buttler,TA Boult,56,64,0,6,114.29
JC Buttler,TK Curran,6,14,0,2,233.33
JC Buttler,TS Mills,22,18,0,2,81.82
JC Buttler,TU Deshpande,64,90,0,8,140.62
JC Buttler,UT Yadav,76,110,0,6,144.74
JC Buttler,Umran Malik,16,40,2,2,250.0
JC Buttler,V Nigam,28,58,0,2,207.14
JC Buttler,V Shankar,16,36,2,3,225.0
JC Buttler,VG Arora,18,36,0,3,200.0
JC Buttler,VR Aaron,16,32,0,3,200.0
JC Buttler,Vijaykumar Vyshak,26,36,2,4,138.46
JC Buttler,Vivrant Sharma,16,30,0,2,187.5
JC Buttler,W O'Rourke,14,14,0,2,100.0
JC Buttler,Washington Sundar,36,58,0,6,161.11
JC Buttler,XC Bartlett,24,46,0,3,191.67
JC Buttler,YK Pathan,8,10,0,2,125.0
JC Buttler,YS Chahal,82,66,4,7,80.49
JC Buttler,Yash Dayal,100,200,0,6,200.0
JC Buttler,Yash Raj Punja,10,14,0,2,140.0
JC Buttler,Yash Thakur,6,10,2,2,166.67
JC Buttler,Yudhvir Singh,16,16,0,3,100.0
JC Buttler,Z Khan,16,20,0,3,125.0
JC Buttler,Zeeshan Ansari,22,44,0,2,200.0
JD Ryder,A Mithun,16,28,0,2,175.0
JD Ryder,AB Dinda,8,2,0,2,25.0
JD Ryder,AD Mascarenhas,8,4,2,3,50.0
JD Ryder,AD Mathews,6,14,0,2,233.33
JD Ryder,AG Murtaza,18,16,0,2,88.89
JD Ryder,AN Ahmed,6,0,2,2,0.0
JD Ryder,Ankit Sharma,8,10,2,2,125.0
JD Ryder,B Lee,8,2,0,2,25.0
JD Ryder,BA Bhatt,6,2,2,2,33.33
JD Ryder,BAW Mendis,8,4,0,2,50.0
JD Ryder,CH Gayle,8,10,0,2,125.0
JD Ryder,DE Bollinger,24,32,2,4,133.33
JD Ryder,DJ Bravo,18,30,0,2,166.67
JD Ryder,DL Vettori,14,18,0,3,128.57
JD Ryder,DW Steyn,30,44,2,3,146.67
JD Ryder,HV Patel,18,26,2,2,144.44
JD Ryder,Harbhajan Singh,12,6,4,3,50.0
JD Ryder,I Sharma,16,28,0,4,175.0
JD Ryder,IK Pathan,50,60,4,6,120.0
JD Ryder,Iqbal Abdulla,10,18,0,2,180.0
JD Ryder,J Botha,20,26,2,2,130.0
JD Ryder,JA Morkel,12,14,0,3,116.67
JD Ryder,JP Duminy,22,36,0,4,163.64
JD Ryder,KMDN Kulasekara,54,84,2,4,155.56
JD Ryder,KP Pietersen,12,16,0,2,133.33
JD Ryder,L Balaji,12,4,0,2,33.33
JD Ryder,M Kartik,10,6,0,2,60.0
JD Ryder,M Morkel,24,50,2,2,208.33
JD Ryder,MM Patel,16,12,0,2,75.0
JD Ryder,NJ Rimmington,10,16,0,2,160.0
JD Ryder,P Awana,10,4,0,2,40.0
JD Ryder,P Kumar,50,50,0,5,100.0
JD Ryder,PP Ojha,6,4,2,2,66.67
JD Ryder,R Ashwin,40,38,2,4,95.0
JD Ryder,R McLaren,18,34,2,2,188.89
JD Ryder,R Vinay Kumar,6,6,2,3,100.0
JD Ryder,RP Singh,12,20,0,2,166.67
JD Ryder,RR Bose,24,48,0,2,200.0
JD Ryder,S Aravind,18,24,0,2,133.33
JD Ryder,S Nadeem,34,56,2,3,164.71
JD Ryder,SJ Srivastava,8,10,0,2,125.0
JD Ryder,SK Raina,22,16,0,2,72.73
JD Ryder,SL Malinga,6,8,0,2,133.33
JD Ryder,SP Narine,6,4,0,2,66.67
JD Ryder,Shakib Al Hasan,14,16,0,2,114.29
JD Ryder,UT Yadav,36,80,0,3,222.22
JD Ryder,V Sehwag,8,10,0,2,125.0
JD Ryder,VY Mahesh,8,18,0,2,225.0
JD Ryder,Y Nagar,8,6,0,2,75.0
JD Ryder,Y Venugopal Rao,12,28,0,2,233.33
JD Ryder,YA Abdulla,8,2,2,2,25.0
JD Ryder,YK Pathan,10,2,4,3,20.0
JD Ryder,Z Khan,28,56,0,3,200.0
JD Unadkat,AD Russell,8,4,0,3,50.0
JD Unadkat,AF Milne,10,4,0,2,40.0
JD Unadkat,AJ Tye,12,8,2,3,66.67
JD Unadkat,AS Rajpoot,6,4,2,3,66.67
JD Unadkat,Arshdeep Singh,6,6,0,2,100.0
JD Unadkat,Avesh Khan,8,18,0,3,225.0
JD Unadkat,B Kumar,6,8,0,2,133.33
JD Unadkat,CR Woakes,8,14,0,2,175.0
JD Unadkat,CV Varun,16,14,0,3,87.5
JD Unadkat,D Pretorius,6,8,0,2,133.33
JD Unadkat,DJ Bravo,22,42,0,3,190.91
JD Unadkat,HV Patel,22,30,2,3,136.36
JD Unadkat,Harshit Rana,12,2,0,2,16.67
JD Unadkat,JO Holder,8,20,0,2,250.0
JD Unadkat,KV Sharma,10,20,2,2,200.0
JD Unadkat,Kuldeep Yadav,20,12,2,3,60.0
JD Unadkat,LH Ferguson,8,20,2,3,250.0
JD Unadkat,M Prasidh Krishna,6,4,2,2,66.67
JD Unadkat,MM Ali,10,6,0,2,60.0
JD Unadkat,Mohammed Siraj,20,8,0,3,40.0
JD Unadkat,OF Smith,6,16,2,2,266.67
JD Unadkat,R Ashwin,8,0,0,2,0.0
JD Unadkat,RA Jadeja,6,6,0,3,100.0
JD Unadkat,SM Curran,12,34,0,3,283.33
JD Unadkat,SN Thakur,10,16,2,3,160.0
JD Unadkat,SP Narine,18,24,2,3,133.33
JD Unadkat,Shivam Mavi,12,22,0,2,183.33
JD Unadkat,TK Curran,6,8,0,2,133.33
JDP Oram,B Akhil,6,2,0,2,33.33
JDP Oram,DJ Bravo,6,2,0,2,33.33
JDP Oram,FH Edwards,14,16,0,2,114.29
JDP Oram,IK Pathan,10,14,4,3,140.0
JDP Oram,MM Patel,6,2,2,2,33.33
JDP Oram,P Kumar,8,18,0,3,225.0
JDP Oram,PP Chawla,10,10,0,2,100.0
JDP Oram,R Bhatia,6,4,0,2,66.67
JDP Oram,R Vinay Kumar,8,0,4,3,0.0
JDP Oram,RE van der Merwe,18,8,0,3,44.44
JDP Oram,RG Sharma,10,12,0,2,120.0
JDP Oram,RP Singh,10,10,0,2,100.0
JDP Oram,RR Powar,6,2,0,2,33.33
JDP Oram,S Sreesanth,12,10,0,2,83.33
JDP Oram,SK Warne,8,2,0,3,25.0
JDP Oram,ST Jayasuriya,6,14,2,2,233.33
JDP Oram,Shoaib Ahmed,16,38,0,2,237.5
JDP Oram,WA Mota,18,18,0,3,100.0
JDS Neesham,AR Patel,16,8,0,3,50.0
JDS Neesham,DR Sams,6,16,0,2,266.67
JDS Neesham,DR Smith,8,10,0,2,125.0
JDS Neesham,JL Pattinson,6,6,0,2,100.0
JDS Neesham,KH Pandya,10,12,0,2,120.0
JDS Neesham,Karanveer Singh,16,6,2,2,37.5
JDS Neesham,MG Johnson,8,10,0,2,125.0
JDS Neesham,Mohammed Shami,8,10,0,2,125.0
JDS Neesham,PP Chawla,14,14,2,2,100.0
JDS Neesham,R Ashwin,6,4,0,3,66.67
JDS Neesham,R Dhawan,6,2,0,2,33.33
JDS Neesham,RA Jadeja,20,30,2,3,150.0
JDS Neesham,Rashid Khan,16,18,0,2,112.5
JDS Neesham,Ravi Bishnoi,12,14,0,2,116.67
JDS Neesham,SP Narine,8,2,0,2,25.0
JE Root,Mohammed Siraj,12,10,0,2,83.33
JE Root,WD Parnell,16,8,2,2,50.0
JEC Franklin,A Mishra,14,16,0,2,114.29
JEC Franklin,A Nehra,12,28,0,2,233.33
JEC Franklin,AB Dinda,6,2,2,2,33.33
JEC Franklin,AC Thomas,12,12,0,2,100.0
JEC Franklin,Azhar Mahmood,20,20,2,3,100.0
JEC Franklin,B Kumar,24,24,2,3,100.0
JEC Franklin,B Lee,18,24,0,3,133.33
JEC Franklin,BA Bhatt,26,54,0,3,207.69
JEC Franklin,BW Hilfenhaus,16,0,2,2,0.0
JEC Franklin,CH Gayle,6,4,0,2,66.67
JEC Franklin,DE Bollinger,8,10,0,2,125.0
JEC Franklin,DJ Bravo,18,8,2,3,44.44
JEC Franklin,DL Vettori,16,14,0,2,87.5
JEC Franklin,DT Christian,10,14,0,3,140.0
JEC Franklin,DW Steyn,16,6,0,3,37.5
JEC Franklin,Iqbal Abdulla,14,26,0,3,185.71
JEC Franklin,J Syed Mohammad,8,2,0,2,25.0
JEC Franklin,JA Morkel,28,28,0,4,100.0
JEC Franklin,JH Kallis,10,10,0,2,100.0
JEC Franklin,L Balaji,30,66,0,3,220.0
JEC Franklin,M Kartik,18,16,0,3,88.89
JEC Franklin,MN Samuels,24,12,0,2,50.0
JEC Franklin,P Awana,26,32,0,3,123.08
JEC Franklin,P Kumar,46,66,2,3,143.48
JEC Franklin,PP Chawla,24,26,0,3,108.33
JEC Franklin,R Ashwin,26,20,0,3,76.92
JEC Franklin,R Bhatia,6,4,0,2,66.67
JEC Franklin,R Sharma,22,10,0,2,45.45
JEC Franklin,SB Jakati,8,12,0,2,150.0
JEC Franklin,SK Warne,6,12,0,2,200.0
JEC Franklin,Shakib Al Hasan,18,18,0,3,100.0
JEC Franklin,WD Parnell,24,22,0,3,91.67
JEC Franklin,Z Khan,12,14,2,3,116.67
JG Bethell,A Kamboj,14,16,0,2,114.29
JG Bethell,AM Ghazanfar,10,10,0,2,100.0
JG Bethell,AR Patel,8,4,2,2,50.0
JG Bethell,Azmatullah Omarzai,6,10,0,2,166.67
JG Bethell,C Bosch,8,4,2,2,50.0
JG Bethell,DL Chahar,8,20,0,2,250.0
JG Bethell,JJ Bumrah,14,8,0,2,57.14
JG Bethell,K Rabada,6,10,0,2,166.67
JG Bethell,KA Jamieson,20,38,2,2,190.0
JG Bethell,KK Ahmed,20,40,0,2,200.0
JG Bethell,M Pathirana,6,2,2,2,33.33
JG Bethell,Mohammed Shami,10,8,2,2,80.0
JG Bethell,Mohammed Siraj,24,28,4,3,116.67
JG Bethell,Noor Ahmad,12,28,0,2,233.33
JG Bethell,RA Jadeja,8,12,0,2,150.0
JG Bethell,SM Curran,6,12,0,2,200.0
JG Bethell,SR Dubey,20,30,0,2,150.0
JG Bethell,WG Jacks,10,8,0,2,80.0
JH Kallis,A Ashish Reddy,10,14,0,2,140.0
JH Kallis,A Mishra,80,68,4,8,85.0
JH Kallis,A Mithun,20,26,2,2,130.0
JH Kallis,A Nehra,54,62,0,5,114.81
JH Kallis,A Singh,50,34,2,5,68.0
JH Kallis,A Symonds,46,42,0,4,91.3
JH Kallis,AA Chavan,22,14,0,4,63.64
JH Kallis,AB Agarkar,28,38,2,4,135.71
JH Kallis,AB Dinda,32,26,2,4,81.25
JH Kallis,AB McDonald,16,18,0,3,112.5
JH Kallis,AD Mascarenhas,14,10,0,2,71.43
JH Kallis,AD Mathews,26,12,2,4,46.15
JH Kallis,AL Menaria,18,30,0,2,166.67
JH Kallis,AM Nayar,36,34,0,3,94.44
JH Kallis,AM Salvi,30,26,0,2,86.67
JH Kallis,AN Ahmed,32,28,0,3,87.5
JH Kallis,Anand Rajan,12,4,0,3,33.33
JH Kallis,Ankit Sharma,14,8,0,2,57.14
JH Kallis,Azhar Mahmood,16,18,2,3,112.5
JH Kallis,B Kumar,20,12,0,4,60.0
JH Kallis,B Lee,6,6,0,2,100.0
JH Kallis,BA Bhatt,58,68,4,5,117.24
JH Kallis,BAW Mendis,18,18,0,2,100.0
JH Kallis,BJ Hodge,10,8,0,3,80.0
JH Kallis,BW Hilfenhaus,18,8,2,3,44.44
JH Kallis,Bipul Sharma,22,64,0,2,290.91
JH Kallis,C Ganapathy,8,12,0,2,150.0
JH Kallis,CH Gayle,24,24,0,3,100.0
JH Kallis,CK Langeveldt,28,36,2,3,128.57
JH Kallis,CL White,6,6,0,2,100.0
JH Kallis,CRD Fernando,20,22,0,3,110.0
JH Kallis,DE Bollinger,8,10,0,2,125.0
JH Kallis,DJ Bravo,80,90,6,8,112.5
JH Kallis,DJ Hussey,8,10,0,2,125.0
JH Kallis,DJG Sammy,6,16,0,2,266.67
JH Kallis,DL Vettori,86,90,6,7,104.65
JH Kallis,DP Nannes,18,12,2,4,66.67
JH Kallis,DP Vijaykumar,12,20,0,3,166.67
JH Kallis,DR Smith,30,30,2,2,100.0
JH Kallis,DS Kulkarni,16,14,0,3,87.5
JH Kallis,DT Christian,10,8,0,3,80.0
JH Kallis,DW Steyn,42,52,4,6,123.81
JH Kallis,FH Edwards,12,20,0,2,166.67
JH Kallis,GB Hogg,40,46,0,3,115.0
JH Kallis,GD McGrath,26,20,0,3,76.92
JH Kallis,HV Patel,12,20,0,3,166.67
JH Kallis,Harbhajan Singh,92,98,4,8,106.52
JH Kallis,Harmeet Singh,32,34,2,4,106.25
JH Kallis,I Sharma,122,156,2,9,127.87
JH Kallis,IK Pathan,92,112,4,9,121.74
JH Kallis,J Botha,36,26,2,3,72.22
JH Kallis,J Syed Mohammad,22,8,0,2,36.36
JH Kallis,JA Morkel,110,130,4,12,118.18
JH Kallis,JD Unadkat,32,30,0,3,93.75
JH Kallis,JEC Franklin,18,38,2,2,211.11
JH Kallis,JP Faulkner,14,4,0,2,28.57
JH Kallis,Joginder Sharma,10,14,2,2,140.0
JH Kallis,KA Pollard,54,90,0,6,166.67
JH Kallis,KV Sharma,18,10,0,3,55.56
JH Kallis,Kamran Khan,6,0,2,2,0.0
JH Kallis,L Balaji,22,34,4,4,154.55
JH Kallis,M Kartik,56,38,2,6,67.86
JH Kallis,M Morkel,50,80,2,7,160.0
JH Kallis,M Muralitharan,40,50,0,5,125.0
JH Kallis,M Ntini,6,10,0,2,166.67
JH Kallis,MA Starc,18,18,0,2,100.0
JH Kallis,MC Henriques,14,12,0,2,85.71
JH Kallis,MF Maharoof,34,44,2,4,129.41
JH Kallis,MG Johnson,48,38,0,4,79.17
JH Kallis,MJ Clarke,12,8,2,2,66.67
JH Kallis,MM Patel,92,112,4,7,121.74
JH Kallis,MM Sharma,10,12,0,3,120.0
JH Kallis,MR Marsh,20,26,2,2,130.0
JH Kallis,MS Gony,44,60,4,5,136.36
JH Kallis,Mohammad Asif,16,30,0,2,187.5
JH Kallis,ND Doshi,14,26,0,2,185.71
JH Kallis,NLTC Perera,22,24,0,3,109.09
JH Kallis,P Amarnath,8,12,0,2,150.0
JH Kallis,P Kumar,26,10,0,5,38.46
JH Kallis,P Negi,26,12,0,2,46.15
JH Kallis,P Parameswaran,16,14,0,2,87.5
JH Kallis,PJ Sangwan,50,62,2,4,124.0
JH Kallis,PP Chawla,74,68,0,6,91.89
JH Kallis,PP Ojha,168,178,6,11,105.95
JH Kallis,PV Tambe,6,2,2,2,33.33
JH Kallis,Parvez Rasool,10,2,2,2,20.0
JH Kallis,R Ashwin,76,72,4,7,94.74
JH Kallis,R Bhatia,34,44,0,4,129.41
JH Kallis,R McLaren,12,8,2,2,66.67
JH Kallis,R Rampaul,30,20,0,2,66.67
JH Kallis,R Vinay Kumar,52,50,6,7,96.15
JH Kallis,RA Jadeja,48,50,0,6,104.17
JH Kallis,RJ Harris,82,72,0,6,87.8
JH Kallis,RP Singh,96,102,8,10,106.25
JH Kallis,RS Bopara,20,20,0,3,100.0
JH Kallis,RS Gavaskar,8,10,0,2,125.0
JH Kallis,RV Gomez,12,4,2,2,33.33
JH Kallis,RW Price,14,20,0,2,142.86
JH Kallis,S Dhawan,6,4,0,2,66.67
JH Kallis,S Nadeem,24,28,2,5,116.67
JH Kallis,S Narwal,20,20,0,2,100.0
JH Kallis,S Randiv,26,18,0,3,69.23
JH Kallis,S Sreesanth,54,42,0,5,77.78
JH Kallis,S Tyagi,6,4,0,2,66.67
JH Kallis,SB Bangar,12,12,0,2,100.0
JH Kallis,SB Jakati,92,112,2,7,121.74
JH Kallis,SC Ganguly,30,30,0,4,100.0
JH Kallis,SK Raina,10,12,0,2,120.0
JH Kallis,SK Trivedi,60,76,4,6,126.67
JH Kallis,SK Warne,46,36,0,4,78.26
JH Kallis,SL Malinga,128,168,4,10,131.25
JH Kallis,SM Pollock,6,4,0,2,66.67
JH Kallis,SR Tendulkar,6,6,0,2,100.0
JH Kallis,SR Watson,50,64,0,6,128.0
JH Kallis,ST Jayasuriya,38,34,0,4,89.47
JH Kallis,Shoaib Malik,6,2,0,2,33.33
JH Kallis,Sohail Tanvir,8,2,0,2,25.0
JH Kallis,T Thushara,18,16,0,2,88.89
JH Kallis,TG Southee,18,32,0,2,177.78
JH Kallis,TM Dilshan,18,20,0,3,111.11
JH Kallis,UT Yadav,80,92,4,6,115.0
JH Kallis,V Sehwag,8,18,0,2,225.0
JH Kallis,VR Aaron,24,16,0,4,66.67
JH Kallis,VY Mahesh,40,46,0,4,115.0
JH Kallis,WD Parnell,18,14,2,4,77.78
JH Kallis,WPUJC Vaas,24,36,0,2,150.0
JH Kallis,Y Nagar,8,8,0,2,100.0
JH Kallis,YA Abdulla,44,60,2,4,136.36
JH Kallis,YS Chahal,36,30,2,3,83.33
JH Kallis,Yuvraj Singh,48,84,2,4,175.0
JH Kallis,Z Khan,130,184,0,10,141.54
JJ Bumrah,Avesh Khan,14,18,0,3,128.57
JJ Bumrah,B Kumar,10,2,0,3,20.0
JJ Bumrah,BB Sran,16,10,2,2,62.5
JJ Bumrah,DL Chahar,6,10,0,2,166.67
JJ Bumrah,DT Christian,10,24,0,2,240.0
JJ Bumrah,Gurjapneet Singh,8,2,2,2,25.0
JJ Bumrah,HV Patel,12,12,2,4,100.0
JJ Bumrah,JD Unadkat,8,4,0,2,50.0
JJ Bumrah,KH Pandya,6,0,0,3,0.0
JJ Bumrah,S Kaul,14,16,0,3,114.29
JJ Bumrah,Sandeep Sharma,6,8,0,4,133.33
JJ Bumrah,YS Chahal,12,2,2,3,16.67
JJ Roy,A Dananjaya,24,36,0,2,150.0
JJ Roy,A Nehra,8,12,0,2,150.0
JJ Roy,A Nortje,8,12,0,2,150.0
JJ Roy,AR Patel,6,4,0,2,66.67
JJ Roy,Arshdeep Singh,14,18,0,2,128.57
JJ Roy,B Kumar,50,54,2,4,108.0
JJ Roy,Bipul Sharma,18,26,0,2,144.44
JJ Roy,C Sakariya,6,2,2,2,33.33
JJ Roy,CH Morris,20,36,0,2,180.0
JJ Roy,DL Chahar,14,10,2,3,71.43
JJ Roy,DT Christian,10,4,2,2,40.0
JJ Roy,GHS Garton,8,12,0,2,150.0
JJ Roy,HH Pandya,14,44,0,2,314.29
JJ Roy,HV Patel,18,28,0,3,155.56
JJ Roy,I Sharma,22,18,0,2,81.82
JJ Roy,JD Unadkat,8,6,0,2,75.0
JJ Roy,JJ Bumrah,42,78,0,4,185.71
JJ Roy,JR Hazlewood,8,0,2,2,0.0
JJ Roy,K Gowtham,12,18,0,2,150.0
JJ Roy,KH Pandya,42,60,2,3,142.86
JJ Roy,Kartik Tyagi,10,12,2,2,120.0
JJ Roy,Kuldeep Yadav,14,16,2,2,114.29
JJ Roy,LS Livingstone,8,18,0,2,225.0
JJ Roy,M Markande,10,20,0,2,200.0
JJ Roy,M Pathirana,16,16,0,2,100.0
JJ Roy,M Theekshana,14,40,2,2,285.71
JJ Roy,MK Lomror,12,8,0,2,66.67
JJ Roy,MM Ali,8,38,0,2,475.0
JJ Roy,MR Marsh,12,16,0,2,133.33
JJ Roy,Mohammed Siraj,18,26,0,3,144.44
JJ Roy,Mukesh Kumar,16,20,0,2,125.0
JJ Roy,Mustafizur Rahman,38,48,0,3,126.32
JJ Roy,Naveen-ul-Haq,12,30,0,2,250.0
JJ Roy,PP Chawla,24,30,4,4,125.0
JJ Roy,PWH de Silva,12,12,0,2,100.0
JJ Roy,R Dhawan,16,22,0,2,137.5
JJ Roy,R Tewatia,26,50,0,2,192.31
JJ Roy,RA Jadeja,14,28,0,2,200.0
JJ Roy,SL Malinga,6,16,0,2,266.67
JJ Roy,SM Curran,6,16,0,2,266.67
JJ Roy,Sandeep Sharma,8,12,0,2,150.0
JJ Roy,Shahbaz Ahmed,38,74,0,3,194.74
JJ Roy,Shakib Al Hasan,6,2,2,2,33.33
JJ Roy,Shivam Mavi,12,2,2,2,16.67
JJ Roy,TA Boult,40,50,4,4,125.0
JJ Roy,TG Southee,14,18,0,2,128.57
JJ Roy,TU Deshpande,22,18,0,2,81.82
JJ Roy,UT Yadav,26,26,0,3,100.0
JJ Roy,Vijaykumar Vyshak,12,10,2,2,83.33
JJ Roy,YS Chahal,34,24,4,4,70.59
JJ van der Wath,JA Morkel,8,14,0,2,175.0
JJ van der Wath,PC Valthaty,6,6,0,2,100.0
JJ van der Wath,TG Southee,10,14,0,2,140.0
JL Pattinson,JO Holder,8,6,0,2,75.0
JL Pattinson,L Ngidi,12,12,2,2,100.0
JM Bairstow,A Mishra,22,34,0,2,154.55
JM Bairstow,A Nortje,26,36,2,3,138.46
JM Bairstow,AD Russell,44,100,0,6,227.27
JM Bairstow,AF Milne,10,30,0,2,300.0
JM Bairstow,AR Patel,56,74,0,6,132.14
JM Bairstow,AS Rajpoot,16,22,0,3,137.5
JM Bairstow,AS Roy,18,58,0,2,322.22
JM Bairstow,Arshdeep Singh,56,70,0,5,125.0
JM Bairstow,Avesh Khan,26,36,2,5,138.46
JM Bairstow,Azmatullah Omarzai,24,60,0,3,250.0
JM Bairstow,B Kumar,16,26,0,4,162.5
JM Bairstow,BA Stokes,10,28,0,2,280.0
JM Bairstow,C Sakariya,10,30,0,2,300.0
JM Bairstow,C de Grandhomme,8,28,0,2,350.0
JM Bairstow,CH Morris,24,38,0,4,158.33
JM Bairstow,CV Varun,56,106,2,4,189.29
JM Bairstow,DJ Bravo,6,12,0,2,200.0
JM Bairstow,DJ Hooda,16,20,0,2,125.0
JM Bairstow,DL Chahar,44,46,2,5,104.55
JM Bairstow,FA Allen,34,28,0,2,82.35
JM Bairstow,Fazalhaq Farooqi,8,4,2,2,50.0
JM Bairstow,GJ Maxwell,26,64,0,3,246.15
JM Bairstow,HF Gurney,6,6,0,2,100.0
JM Bairstow,HH Pandya,6,8,0,2,133.33
JM Bairstow,Harshit Rana,20,34,0,2,170.0
JM Bairstow,I Sharma,28,44,0,3,157.14
JM Bairstow,Imran Tahir,20,10,0,2,50.0
JM Bairstow,JC Archer,26,24,2,4,92.31
JM Bairstow,JJ Bumrah,22,14,0,4,63.64
JM Bairstow,JL Pattinson,12,24,0,2,200.0
JM Bairstow,JP Behrendorff,12,26,0,2,216.67
JM Bairstow,JR Hazlewood,12,40,0,2,333.33
JM Bairstow,K Gowtham,8,6,0,2,75.0
JM Bairstow,K Rabada,44,56,2,5,127.27
JM Bairstow,KA Jamieson,24,34,0,3,141.67
JM Bairstow,KA Maharaj,8,6,2,2,75.0
JM Bairstow,KC Cariappa,10,26,0,2,260.0
JM Bairstow,KH Pandya,46,64,2,5,139.13
JM Bairstow,KK Ahmed,22,42,2,4,190.91
JM Bairstow,KMA Paul,12,6,2,2,50.0
JM Bairstow,KR Sen,20,30,0,3,150.0
JM Bairstow,KV Sharma,18,46,0,2,255.56
JM Bairstow,Kartik Tyagi,20,24,2,3,120.0
JM Bairstow,Kuldeep Yadav,8,8,0,2,100.0
JM Bairstow,LH Ferguson,32,38,4,5,118.75
JM Bairstow,M Ashwin,58,56,2,4,96.55
JM Bairstow,M Jansen,14,22,0,2,157.14
JM Bairstow,M Prasidh Krishna,54,98,0,5,181.48
JM Bairstow,MC Henriques,10,12,0,2,120.0
JM Bairstow,MJ Santner,6,2,0,2,33.33
JM Bairstow,MM Ali,24,44,0,3,183.33
JM Bairstow,MP Stoinis,30,40,0,4,133.33
JM Bairstow,MP Yadav,12,10,2,2,83.33
JM Bairstow,Mohammed Shami,52,54,2,6,103.85
JM Bairstow,Mohammed Siraj,72,138,2,6,191.67
JM Bairstow,Mohsin Khan,14,18,0,3,128.57
JM Bairstow,Mujeeb Ur Rahman,36,48,2,3,133.33
JM Bairstow,Mustafizur Rahman,24,34,0,4,141.67
JM Bairstow,N Rana,8,14,0,2,175.0
JM Bairstow,NA Saini,22,24,0,2,109.09
JM Bairstow,Naveen-ul-Haq,10,22,0,2,220.0
JM Bairstow,P Ray Barman,30,82,0,2,273.33
JM Bairstow,PJ Cummins,54,32,6,5,59.26
JM Bairstow,PP Chawla,44,90,2,3,204.55
JM Bairstow,PVD Chameera,14,14,2,3,100.0
JM Bairstow,PWH de Silva,8,12,0,2,150.0
JM Bairstow,R Ashwin,40,42,0,4,105.0
JM Bairstow,R Tewatia,12,12,4,3,100.0
JM Bairstow,RA Jadeja,62,72,2,4,116.13
JM Bairstow,RJ Gleeson,14,10,0,2,71.43
JM Bairstow,Rashid Khan,10,6,0,3,60.0
JM Bairstow,Ravi Bishnoi,48,72,2,5,150.0
JM Bairstow,S Gopal,42,42,2,3,100.0
JM Bairstow,S Lamichhane,10,32,0,2,320.0
JM Bairstow,SM Curran,8,12,2,3,150.0
JM Bairstow,SN Thakur,30,54,0,4,180.0
JM Bairstow,SP Narine,52,62,0,5,119.23
JM Bairstow,SS Cottrell,18,32,0,2,177.78
JM Bairstow,Sandeep Sharma,18,6,0,2,33.33
JM Bairstow,Shahbaz Ahmed,14,6,4,3,42.86
JM Bairstow,Shakib Al Hasan,20,20,0,2,100.0
JM Bairstow,TA Boult,68,130,2,6,191.18
JM Bairstow,TS Mills,8,12,0,2,150.0
JM Bairstow,TU Deshpande,6,12,2,2,200.0
JM Bairstow,UT Yadav,62,118,0,4,190.32
JM Bairstow,Vijaykumar Vyshak,6,4,2,2,66.67
JM Bairstow,Washington Sundar,10,18,0,2,180.0
JM Bairstow,Y Prithvi Raj,16,24,0,2,150.0
JM Bairstow,YS Chahal,70,58,8,7,82.86
JM Bairstow,Yash Dayal,16,24,0,3,150.0
JM Kemp,DP Nannes,8,2,2,2,25.0
JM Kemp,Jaskaran Singh,6,14,0,2,233.33
JM Kemp,PP Ojha,24,28,2,2,116.67
JM Sharma,A Badoni,6,16,0,2,266.67
JM Sharma,A Nortje,18,12,2,3,66.67
JM Sharma,A Zampa,12,18,0,2,150.0
JM Sharma,AR Patel,38,30,4,5,78.95
JM Sharma,AS Joseph,26,18,0,3,69.23
JM Sharma,Akash Madhwal,14,18,2,3,128.57
JM Sharma,Akash Singh,8,10,0,2,125.0
JM Sharma,Arshad Khan,28,36,0,4,128.57
JM Sharma,Arshdeep Singh,8,20,0,2,250.0
JM Sharma,Avesh Khan,34,38,2,5,111.76
JM Sharma,B Kumar,8,8,0,2,100.0
JM Sharma,Basil Thampi,6,4,0,2,66.67
JM Sharma,C Bosch,14,12,2,2,85.71
JM Sharma,C Green,8,26,0,3,325.0
JM Sharma,CV Varun,8,4,2,2,50.0
JM Sharma,D Pretorius,8,6,2,2,75.0
JM Sharma,DS Rathi,20,60,0,3,300.0
JM Sharma,Fazalhaq Farooqi,10,26,0,3,260.0
JM Sharma,GJ Maxwell,6,4,0,2,66.67
JM Sharma,HH Pandya,28,46,0,5,164.29
JM Sharma,HV Patel,22,30,2,3,136.36
JM Sharma,Harpreet Brar,6,6,0,2,100.0
JM Sharma,I Sharma,26,54,0,3,207.69
JM Sharma,J Suchith,14,26,2,3,185.71
JM Sharma,JC Archer,28,46,0,4,164.29
JM Sharma,JD Unadkat,30,74,2,4,246.67
JM Sharma,JJ Bumrah,42,56,0,5,133.33
JM Sharma,JO Holder,6,8,2,3,133.33
JM Sharma,JP Behrendorff,8,24,2,2,300.0
JM Sharma,JR Hazlewood,8,18,0,2,225.0
JM Sharma,K Kartikeya,6,16,0,2,266.67
JM Sharma,KA Jamieson,6,26,0,2,433.33
JM Sharma,KA Maharaj,20,18,0,2,90.0
JM Sharma,KK Ahmed,16,32,2,4,200.0
JM Sharma,KM Asif,8,8,0,2,100.0
JM Sharma,KR Sen,24,48,0,3,200.0
JM Sharma,KV Sharma,6,8,2,2,133.33
JM Sharma,Kuldeep Yadav,62,66,4,6,106.45
JM Sharma,L Ngidi,12,14,2,2,116.67
JM Sharma,M Jansen,26,10,2,3,38.46
JM Sharma,M Pathirana,18,32,0,4,177.78
JM Sharma,M Prasidh Krishna,38,46,0,5,121.05
JM Sharma,MA Starc,8,2,0,2,25.0
JM Sharma,MA Wood,6,2,2,2,33.33
JM Sharma,MM Ali,8,14,0,2,175.0
JM Sharma,MM Sharma,20,10,2,4,50.0
JM Sharma,MP Yadav,10,2,2,2,20.0
JM Sharma,Mayank Dagar,8,28,0,2,350.0
JM Sharma,Mohammed Shami,10,18,0,2,180.0
JM Sharma,Mohammed Siraj,26,34,2,4,130.77
JM Sharma,Mohsin Khan,14,14,0,3,100.0
JM Sharma,Mukesh Choudhary,10,14,0,2,140.0
JM Sharma,Mukesh Kumar,10,4,0,2,40.0
JM Sharma,Mustafizur Rahman,8,10,0,2,125.0
JM Sharma,N Wadhera,6,14,0,2,233.33
JM Sharma,Navdeep Saini,14,30,2,2,214.29
JM Sharma,Naveen-ul-Haq,6,8,0,2,133.33
JM Sharma,Nithish Kumar Reddy,20,54,2,4,270.0
JM Sharma,Noor Ahmad,18,24,2,4,133.33
JM Sharma,PJ Cummins,12,22,0,3,183.33
JM Sharma,PWH de Silva,16,22,2,3,137.5
JM Sharma,Prince Yadav,8,2,4,3,25.0
JM Sharma,R Ashwin,22,34,0,4,154.55
JM Sharma,R Sai Kishore,16,24,4,3,150.0
JM Sharma,R Tewatia,6,26,0,2,433.33
JM Sharma,RA Bawa,6,14,0,2,233.33
JM Sharma,RA Jadeja,18,36,0,4,200.0
JM Sharma,Rashid Khan,62,90,4,8,145.16
JM Sharma,Ravi Bishnoi,14,20,0,4,142.86
JM Sharma,S Gopal,6,6,0,2,100.0
JM Sharma,SN Thakur,12,16,2,2,133.33
JM Sharma,SP Narine,18,24,0,3,133.33
JM Sharma,Sandeep Sharma,22,52,0,3,236.36
JM Sharma,Shahbaz Ahmed,10,34,0,2,340.0
JM Sharma,Sumit Kumar,8,12,0,2,150.0
JM Sharma,Suyash Sharma,18,32,0,2,177.78
JM Sharma,T Natarajan,20,28,0,4,140.0
JM Sharma,TA Boult,32,72,2,5,225.0
JM Sharma,TG Southee,6,12,2,2,200.0
JM Sharma,TU Deshpande,10,16,2,2,160.0
JM Sharma,UT Yadav,8,12,0,2,150.0
JM Sharma,Umran Malik,10,18,2,2,180.0
JM Sharma,VG Arora,6,6,0,2,100.0
JM Sharma,Vijaykumar Vyshak,12,22,2,3,183.33
JM Sharma,W O'Rourke,18,64,0,2,355.56
JM Sharma,YS Chahal,70,82,6,8,117.14
JM Sharma,Yash Thakur,8,26,2,2,325.0
JO Holder,A Nortje,8,8,0,2,100.0
JO Holder,A Zampa,6,6,0,2,100.0
JO Holder,AR Patel,16,8,4,3,50.0
JO Holder,Arshdeep Singh,30,24,2,5,80.0
JO Holder,B Kumar,12,8,4,5,66.67
JO Holder,C Green,6,16,0,2,266.67
JO Holder,CJ Jordan,10,6,2,2,60.0
JO Holder,CV Varun,6,2,2,2,33.33
JO Holder,DJ Bravo,18,28,2,3,155.56
JO Holder,DT Christian,6,10,0,2,166.67
JO Holder,HV Patel,36,52,4,4,144.44
JO Holder,Harpreet Brar,8,4,0,2,50.0
JO Holder,I Udana,10,18,0,2,180.0
JO Holder,JR Hazlewood,18,26,0,5,144.44
JO Holder,K Rabada,10,16,0,3,160.0
JO Holder,KH Pandya,10,34,0,2,340.0
JO Holder,M Prasidh Krishna,12,0,2,2,0.0
JO Holder,Mohammed Shami,8,14,0,2,175.0
JO Holder,Mohammed Siraj,8,12,2,4,150.0
JO Holder,Mustafizur Rahman,12,12,2,3,100.0
JO Holder,NA Saini,18,42,0,3,233.33
JO Holder,NT Ellis,20,48,0,2,240.0
JO Holder,P Dubey,8,6,0,2,75.0
JO Holder,PP Chawla,8,4,0,2,50.0
JO Holder,PP Hinge,6,4,0,2,66.67
JO Holder,R Ashwin,8,4,0,2,50.0
JO Holder,R Shepherd,16,34,0,3,212.5
JO Holder,RD Chahar,8,16,2,2,200.0
JO Holder,RP Meredith,6,2,0,3,33.33
JO Holder,Rasikh Salam,10,4,2,3,40.0
JO Holder,Ravi Bishnoi,10,20,0,2,200.0
JO Holder,S Dube,6,4,0,2,66.67
JO Holder,SP Narine,20,4,0,3,20.0
JO Holder,Sakib Hussain,10,14,0,2,140.0
JO Holder,Shakib Al Hasan,6,0,0,2,0.0
JO Holder,Suyash Sharma,8,4,2,2,50.0
JO Holder,TA Boult,16,16,0,2,100.0
JO Holder,TU Deshpande,12,12,2,3,100.0
JO Holder,UT Yadav,8,30,0,2,375.0
JO Holder,Washington Sundar,6,2,0,2,33.33
JO Holder,XC Bartlett,8,4,0,2,50.0
JO Holder,YS Chahal,12,20,0,4,166.67
JP Behrendorff,J Little,12,6,0,3,50.0
JP Behrendorff,MM Sharma,6,6,0,3,100.0
JP Duminy,A Chandila,12,10,0,2,83.33
JP Duminy,A Kumble,26,24,2,4,92.31
JP Duminy,A Mishra,12,40,0,3,333.33
JP Duminy,A Mithun,24,38,0,2,158.33
JP Duminy,A Nehra,24,18,0,3,75.0
JP Duminy,A Singh,20,60,0,2,300.0
JP Duminy,A Zampa,6,6,0,2,100.0
JP Duminy,AA Jhunjhunwala,10,10,0,2,100.0
JP Duminy,AB Agarkar,12,24,0,3,200.0
JP Duminy,AB Dinda,46,100,2,6,217.39
JP Duminy,AC Thomas,12,10,0,2,83.33
JP Duminy,AN Ahmed,12,12,0,2,100.0
JP Duminy,AR Patel,10,2,0,4,20.0
JP Duminy,Anureet Singh,10,10,0,2,100.0
JP Duminy,B Kumar,40,44,2,7,110.0
JP Duminy,B Lee,16,22,0,3,137.5
JP Duminy,BAW Mendis,6,6,0,2,100.0
JP Duminy,BB Sran,10,4,2,2,40.0
JP Duminy,BE Hendricks,6,4,2,2,66.67
JP Duminy,BJ Hodge,14,12,0,3,85.71
JP Duminy,C de Grandhomme,6,4,0,2,66.67
JP Duminy,CH Gayle,40,52,0,4,130.0
JP Duminy,CH Morris,14,34,0,2,242.86
JP Duminy,CJ Anderson,6,6,0,2,100.0
JP Duminy,D Wiese,20,20,2,3,100.0
JP Duminy,D du Preez,8,0,2,2,0.0
JP Duminy,DE Bollinger,6,12,0,2,200.0
JP Duminy,DJ Bravo,18,22,2,3,122.22
JP Duminy,DJ Hooda,26,22,0,3,84.62
JP Duminy,DJ Hussey,10,4,0,2,40.0
JP Duminy,DL Vettori,8,16,0,2,200.0
JP Duminy,DP Nannes,20,18,4,3,90.0
JP Duminy,DR Smith,32,32,2,5,100.0
JP Duminy,DS Kulkarni,48,38,0,6,79.17
JP Duminy,DW Steyn,30,48,2,4,160.0
JP Duminy,FH Edwards,10,10,0,2,100.0
JP Duminy,GB Hogg,6,6,0,3,100.0
JP Duminy,HH Pandya,8,14,0,2,175.0
JP Duminy,HV Patel,46,52,0,4,113.04
JP Duminy,Harbhajan Singh,70,70,2,8,100.0
JP Duminy,Harmeet Singh,18,38,0,3,211.11
JP Duminy,I Sharma,16,12,0,3,75.0
JP Duminy,IC Pandey,28,22,4,4,78.57
JP Duminy,IK Pathan,40,34,0,7,85.0
JP Duminy,J Botha,44,42,0,5,95.45
JP Duminy,J Suchith,6,10,2,2,166.67
JP Duminy,JA Morkel,26,32,2,4,123.08
JP Duminy,JD Unadkat,14,18,2,2,128.57
JP Duminy,JEC Franklin,14,16,0,2,114.29
JP Duminy,JH Kallis,28,60,0,5,214.29
JP Duminy,JJ Bumrah,66,140,2,5,212.12
JP Duminy,JJ van der Wath,14,22,0,2,157.14
JP Duminy,JP Faulkner,58,70,2,5,120.69
JP Duminy,JR Hopes,22,36,0,2,163.64
JP Duminy,Joginder Sharma,8,14,0,2,175.0
JP Duminy,K Goel,16,6,0,2,37.5
JP Duminy,KA Pollard,34,60,0,5,176.47
JP Duminy,KH Pandya,16,16,0,3,100.0
JP Duminy,KK Cooper,6,2,0,2,33.33
JP Duminy,KP Appanna,14,12,0,2,85.71
JP Duminy,KP Pietersen,10,18,0,3,180.0
JP Duminy,KV Sharma,22,28,2,4,127.27
JP Duminy,KW Richardson,22,34,2,2,154.55
JP Duminy,L Balaji,20,30,0,3,150.0
JP Duminy,LR Shukla,20,40,0,3,200.0
JP Duminy,M Ashwin,18,26,0,2,144.44
JP Duminy,M Kartik,24,18,0,3,75.0
JP Duminy,M Manhas,18,16,0,2,88.89
JP Duminy,M Morkel,32,66,0,5,206.25
JP Duminy,M Muralitharan,74,88,2,5,118.92
JP Duminy,M de Lange,14,12,0,2,85.71
JP Duminy,MA Starc,44,72,2,5,163.64
JP Duminy,MC Henriques,6,4,0,2,66.67
JP Duminy,MG Johnson,16,16,0,3,100.0
JP Duminy,MJ McClenaghan,24,28,0,5,116.67
JP Duminy,MM Patel,10,20,0,2,200.0
JP Duminy,MM Sharma,30,60,0,4,200.0
JP Duminy,MN Samuels,12,22,0,2,183.33
JP Duminy,MR Marsh,16,14,2,3,87.5
JP Duminy,MS Gony,6,4,2,2,66.67
JP Duminy,Mohammed Siraj,14,16,0,2,114.29
JP Duminy,Mustafizur Rahman,6,8,0,2,133.33
JP Duminy,N Rana,6,2,0,2,33.33
JP Duminy,P Kumar,26,18,0,5,69.23
JP Duminy,P Parameswaran,24,20,0,2,83.33
JP Duminy,PC Valthaty,18,16,0,3,88.89
JP Duminy,PP Chawla,52,66,2,7,126.92
JP Duminy,PP Ojha,46,44,2,4,95.65
JP Duminy,PV Tambe,30,34,2,5,113.33
JP Duminy,Pankaj Singh,8,26,0,2,325.0
JP Duminy,Parvez Rasool,16,14,0,2,87.5
JP Duminy,R Ashwin,58,62,0,6,106.9
JP Duminy,R Bhatia,48,62,0,6,129.17
JP Duminy,R Dhawan,28,26,0,4,92.86
JP Duminy,R Sharma,44,32,0,4,72.73
JP Duminy,R Vinay Kumar,60,124,0,7,206.67
JP Duminy,RA Jadeja,26,36,0,4,138.46
JP Duminy,RE van der Merwe,10,18,0,2,180.0
JP Duminy,RG Sharma,20,24,2,4,120.0
JP Duminy,RJ Harris,20,24,2,4,120.0
JP Duminy,RN ten Doeschate,6,6,0,2,100.0
JP Duminy,RP Singh,32,38,0,3,118.75
JP Duminy,RR Powar,54,58,0,3,107.41
JP Duminy,RS Bopara,28,58,0,2,207.14
JP Duminy,S Gopal,8,16,0,2,200.0
JP Duminy,S Kaushik,10,22,0,2,220.0
JP Duminy,S Tyagi,14,18,0,2,128.57
JP Duminy,SB Jakati,22,32,0,2,145.45
JP Duminy,SC Ganguly,6,10,0,2,166.67
JP Duminy,SK Raina,30,28,0,3,93.33
JP Duminy,SK Trivedi,50,48,4,6,96.0
JP Duminy,SK Warne,44,44,2,4,100.0
JP Duminy,SL Malinga,46,24,2,5,52.17
JP Duminy,SM Boland,6,4,0,2,66.67
JP Duminy,SP Narine,80,120,2,7,150.0
JP Duminy,SR Watson,30,40,0,4,133.33
JP Duminy,STR Binny,12,24,2,3,200.0
JP Duminy,Sandeep Sharma,10,16,0,2,160.0
JP Duminy,Shakib Al Hasan,28,24,0,3,85.71
JP Duminy,Shivam Sharma,20,14,0,2,70.0
JP Duminy,Shoaib Ahmed,18,22,0,2,122.22
JP Duminy,TG Southee,36,30,0,5,83.33
JP Duminy,TL Suman,34,20,0,3,58.82
JP Duminy,UT Yadav,26,30,0,4,115.38
JP Duminy,VR Aaron,42,34,0,4,80.95
JP Duminy,VS Malik,14,20,0,2,142.86
JP Duminy,WA Mota,12,6,0,2,50.0
JP Duminy,WD Parnell,18,16,2,4,88.89
JP Duminy,Y Nagar,10,20,0,2,200.0
JP Duminy,Y Venugopal Rao,14,14,0,3,100.0
JP Duminy,YA Abdulla,22,24,2,2,109.09
JP Duminy,YK Pathan,32,22,0,4,68.75
JP Duminy,YS Chahal,72,98,0,6,136.11
JP Duminy,Yuvraj Singh,58,82,0,6,141.38
JP Duminy,Z Khan,20,34,4,3,170.0
JP Faulkner,A Mishra,10,8,0,3,80.0
JP Faulkner,A Nehra,8,12,0,2,150.0
JP Faulkner,A Singh,8,12,0,2,150.0
JP Faulkner,AB Dinda,18,12,2,5,66.67
JP Faulkner,AD Mathews,8,8,0,2,100.0
JP Faulkner,AD Russell,6,8,2,2,133.33
JP Faulkner,AR Patel,42,38,0,4,90.48
JP Faulkner,Anureet Singh,8,6,2,2,75.0
JP Faulkner,B Kumar,18,42,4,5,233.33
JP Faulkner,BE Hendricks,10,26,0,2,260.0
JP Faulkner,CH Morris,24,42,2,3,175.0
JP Faulkner,DJ Bravo,10,16,0,2,160.0
JP Faulkner,DS Kulkarni,14,12,2,2,85.71
JP Faulkner,DT Christian,6,8,0,2,133.33
JP Faulkner,DW Steyn,16,14,0,3,87.5
JP Faulkner,GS Sandhu,6,16,0,2,266.67
JP Faulkner,HV Patel,6,4,2,2,66.67
JP Faulkner,Harbhajan Singh,24,28,0,4,116.67
JP Faulkner,I Sharma,8,28,0,2,350.0
JP Faulkner,Imran Tahir,14,14,2,4,100.0
JP Faulkner,J Botha,6,4,0,2,66.67
JP Faulkner,JJ Bumrah,38,54,2,5,142.11
JP Faulkner,K Santokie,12,36,0,2,300.0
JP Faulkner,KC Cariappa,6,8,0,2,133.33
JP Faulkner,KH Pandya,16,8,0,2,50.0
JP Faulkner,KV Sharma,16,20,2,4,125.0
JP Faulkner,Karanveer Singh,8,12,0,2,150.0
JP Faulkner,L Balaji,14,40,0,3,285.71
JP Faulkner,MA Starc,14,40,0,3,285.71
JP Faulkner,MC Henriques,10,16,0,2,160.0
JP Faulkner,MG Johnson,52,74,0,5,142.31
JP Faulkner,MJ McClenaghan,10,12,2,3,120.0
JP Faulkner,MK Tiwary,8,20,0,2,250.0
JP Faulkner,MM Sharma,22,28,2,4,127.27
JP Faulkner,MP Stoinis,16,18,0,2,112.5
JP Faulkner,Mohammed Shami,10,10,0,3,100.0
JP Faulkner,Mohammed Siraj,6,10,2,2,166.67
JP Faulkner,NLTC Perera,16,26,0,3,162.5
JP Faulkner,NM Coulter-Nile,10,20,0,4,200.0
JP Faulkner,P Kumar,14,16,0,3,114.29
JP Faulkner,P Suyal,6,8,0,2,133.33
JP Faulkner,PJ Cummins,10,22,0,2,220.0
JP Faulkner,PP Ojha,12,8,0,3,66.67
JP Faulkner,R Shukla,8,26,0,2,325.0
JP Faulkner,R Vinay Kumar,14,14,0,5,100.0
JP Faulkner,RA Jadeja,6,2,2,3,33.33
JP Faulkner,RP Singh,6,0,2,2,0.0
JP Faulkner,RS Bopara,8,8,0,2,100.0
JP Faulkner,Rashid Khan,8,4,0,2,50.0
JP Faulkner,S Aravind,8,8,2,2,100.0
JP Faulkner,S Gopal,16,16,0,4,100.0
JP Faulkner,S Kaul,6,2,0,2,33.33
JP Faulkner,SL Malinga,12,6,0,3,50.0
JP Faulkner,SMSM Senanayake,6,2,0,2,33.33
JP Faulkner,Sandeep Sharma,10,10,4,3,100.0
JP Faulkner,Shakib Al Hasan,6,4,0,2,66.67
JP Faulkner,VR Aaron,10,38,0,2,380.0
JP Faulkner,YS Chahal,8,4,0,2,50.0
JP Faulkner,Z Khan,8,10,0,2,125.0
JP Inglis,A Kamboj,20,54,0,3,270.0
JP Inglis,AD Russell,8,12,0,2,150.0
JP Inglis,AJ Hosein,18,66,0,2,366.67
JP Inglis,AM Ghazanfar,6,16,2,2,266.67
JP Inglis,Akash Singh,18,22,2,2,122.22
JP Inglis,Arshdeep Singh,22,66,0,2,300.0
JP Inglis,Ashwani Kumar,10,34,0,3,340.0
JP Inglis,Azmatullah Omarzai,6,6,0,2,100.0
JP Inglis,CV Varun,8,4,2,2,50.0
JP Inglis,DL Chahar,8,14,0,2,175.0
JP Inglis,Gurjapneet Singh,12,14,0,2,116.67
JP Inglis,HH Pandya,18,24,2,3,133.33
JP Inglis,J Overton,6,4,2,2,66.67
JP Inglis,JC Archer,12,18,0,2,150.0
JP Inglis,JJ Bumrah,40,78,0,4,195.0
JP Inglis,JR Hazlewood,12,6,4,3,50.0
JP Inglis,KH Pandya,40,60,2,4,150.0
JP Inglis,M Jansen,10,4,0,2,40.0
JP Inglis,M Pathirana,6,2,0,2,33.33
JP Inglis,MJ Santner,32,46,2,3,143.75
JP Inglis,MP Yadav,10,38,0,2,380.0
JP Inglis,Mukesh Choudhary,24,50,2,3,208.33
JP Inglis,Mukesh Kumar,8,20,0,2,250.0
JP Inglis,Mustafizur Rahman,8,22,0,2,275.0
JP Inglis,Noor Ahmad,30,26,0,3,86.67
JP Inglis,R Shepherd,26,56,0,3,215.38
JP Inglis,RA Jadeja,6,10,0,2,166.67
JP Inglis,SH Johnson,20,28,0,2,140.0
JP Inglis,SS Mishra,12,22,0,2,183.33
JP Inglis,Sandeep Sharma,20,58,0,2,290.0
JP Inglis,Shashank Singh,22,28,2,2,127.27
JP Inglis,Suyash Sharma,20,26,2,4,130.0
JP Inglis,TA Boult,16,30,0,3,187.5
JP Inglis,Vijaykumar Vyshak,14,26,0,2,185.71
JP Inglis,YS Chahal,14,14,0,2,100.0
JP Inglis,Yash Dayal,26,22,0,4,84.62
JP Inglis,Yash Raj Punja,10,18,2,2,180.0
JPR Scantlebury-Searles,JC Archer,6,2,0,2,33.33
JR Hazlewood,Arshdeep Singh,6,12,0,2,200.0
JR Hazlewood,CJ Jordan,6,4,0,2,66.67
JR Hazlewood,DJ Bravo,8,10,0,2,125.0
JR Hazlewood,T Natarajan,10,4,0,2,40.0
JR Hazlewood,Umran Malik,10,0,0,2,0.0
JR Hopes,A Mishra,20,30,2,4,150.0
JR Hopes,A Mithun,14,10,2,2,71.43
JR Hopes,A Symonds,10,14,0,2,140.0
JR Hopes,AB Agarkar,8,18,0,2,225.0
JR Hopes,AB Dinda,8,8,2,2,100.0
JR Hopes,CH Gayle,18,34,0,2,188.89
JR Hopes,D Salunkhe,10,14,0,3,140.0
JR Hopes,DE Bollinger,6,10,0,2,166.67
JR Hopes,DL Vettori,18,20,0,2,111.11
JR Hopes,DS Kulkarni,18,26,0,2,144.44
JR Hopes,DW Steyn,18,18,0,5,100.0
JR Hopes,GD McGrath,8,6,0,2,75.0
JR Hopes,Harbhajan Singh,10,2,0,2,20.0
JR Hopes,I Sharma,18,30,0,3,166.67
JR Hopes,Iqbal Abdulla,20,20,2,2,100.0
JR Hopes,J Syed Mohammad,14,26,0,2,185.71
JR Hopes,JA Morkel,8,6,2,2,75.0
JR Hopes,JD Unadkat,16,14,0,2,87.5
JR Hopes,JDP Oram,22,44,0,2,200.0
JR Hopes,JH Kallis,12,6,0,2,50.0
JR Hopes,JP Duminy,8,8,0,2,100.0
JR Hopes,Joginder Sharma,8,20,0,2,250.0
JR Hopes,KA Pollard,16,30,0,2,187.5
JR Hopes,M Muralitharan,18,24,0,3,133.33
JR Hopes,MM Patel,46,48,0,4,104.35
JR Hopes,MS Gony,18,52,0,3,288.89
JR Hopes,P Amarnath,12,28,2,2,233.33
JR Hopes,P Kumar,10,18,0,2,180.0
JR Hopes,PC Valthaty,10,12,0,2,120.0
JR Hopes,Pankaj Singh,14,20,0,2,142.86
JR Hopes,S Aravind,10,14,0,2,140.0
JR Hopes,SK Trivedi,14,34,0,3,242.86
JR Hopes,SK Warne,12,8,2,2,66.67
JR Hopes,SL Malinga,8,10,0,2,125.0
JR Hopes,SR Watson,22,20,0,3,90.91
JR Hopes,Umar Gul,6,2,2,2,33.33
JR Hopes,YK Pathan,16,24,2,3,150.0
JR Hopes,Z Khan,36,42,2,4,116.67
JR Philippe,A Nortje,6,4,0,2,66.67
JR Philippe,DR Sams,20,16,0,2,80.0
JR Philippe,JJ Bumrah,10,10,0,2,100.0
JR Philippe,JL Pattinson,6,12,0,2,200.0
JR Philippe,JO Holder,10,12,0,2,120.0
JR Philippe,KH Pandya,12,14,0,2,116.67
JR Philippe,R Ashwin,6,4,0,2,66.67
JR Philippe,Rashid Khan,14,6,2,2,42.86
JR Philippe,S Nadeem,16,30,0,2,187.5
JR Philippe,Sandeep Sharma,18,16,0,2,88.89
JR Philippe,TA Boult,16,22,0,2,137.5
Jaskaran Singh,Harbhajan Singh,8,2,2,3,25.0
Jaskaran Singh,S Sreesanth,6,6,0,2,100.0
Joginder Sharma,DJ Bravo,10,14,0,2,140.0
Joginder Sharma,DP Nannes,6,8,0,2,133.33
Joginder Sharma,PP Ojha,6,4,0,2,66.67
Joginder Sharma,SL Malinga,8,6,0,2,75.0
Joginder Sharma,Shahid Afridi,6,12,0,2,200.0
Joginder Sharma,Z Khan,12,12,0,2,100.0
K Goel,A Kumble,12,2,0,2,16.67
K Goel,A Nehra,12,12,0,2,100.0
K Goel,A Singh,8,2,2,2,25.0
K Goel,AD Mathews,12,8,0,2,66.67
K Goel,AM Salvi,8,20,0,2,250.0
K Goel,DJ Bravo,8,12,0,2,150.0
K Goel,DJ Hussey,12,12,0,2,100.0
K Goel,DP Nannes,8,8,0,2,100.0
K Goel,GD McGrath,6,2,2,2,33.33
K Goel,Harbhajan Singh,26,26,2,4,100.0
K Goel,I Sharma,14,0,2,2,0.0
K Goel,JA Morkel,6,4,0,3,66.67
K Goel,JD Ryder,8,8,0,2,100.0
K Goel,JDP Oram,14,16,0,2,114.29
K Goel,JH Kallis,28,22,0,3,78.57
K Goel,JP Duminy,16,16,0,2,100.0
K Goel,M Muralitharan,8,6,0,2,75.0
K Goel,MM Patel,32,42,2,2,131.25
K Goel,MS Gony,38,34,4,4,89.47
K Goel,P Kumar,20,18,0,3,90.0
K Goel,PJ Sangwan,10,6,0,2,60.0
K Goel,Pankaj Singh,14,22,0,2,157.14
K Goel,R Vinay Kumar,6,4,0,2,66.67
K Goel,RE van der Merwe,8,2,2,2,25.0
K Goel,S Tyagi,22,18,0,2,81.82
K Goel,SE Bond,14,22,0,2,157.14
K Goel,SL Malinga,16,12,2,4,75.0
K Goel,SM Pollock,16,6,0,2,37.5
K Goel,SR Watson,10,10,0,2,100.0
K Goel,VY Mahesh,16,42,2,2,262.5
K Goel,Z Khan,14,12,0,3,85.71
K Gowtham,AD Russell,12,26,0,3,216.67
K Gowtham,AR Patel,22,20,0,3,90.91
K Gowtham,AS Rajpoot,6,8,4,3,133.33
K Gowtham,Basil Thampi,8,14,2,2,175.0
K Gowtham,DJ Willey,8,26,2,2,325.0
K Gowtham,DL Chahar,10,28,0,2,280.0
K Gowtham,HH Pandya,6,20,0,2,333.33
K Gowtham,Imran Tahir,12,16,0,2,133.33
K Gowtham,JJ Bumrah,20,34,0,4,170.0
K Gowtham,KV Sharma,12,26,0,2,216.67
K Gowtham,Kuldeep Yadav,6,4,0,2,66.67
K Gowtham,M Pathirana,6,2,2,2,33.33
K Gowtham,M Prasidh Krishna,10,14,0,2,140.0
K Gowtham,MM Sharma,12,38,0,3,316.67
K Gowtham,MP Stoinis,6,0,2,3,0.0
K Gowtham,Mohammed Shami,8,10,0,3,125.0
K Gowtham,Mustafizur Rahman,8,26,0,2,325.0
K Gowtham,PP Chawla,10,8,0,3,80.0
K Gowtham,PWH de Silva,12,18,0,2,150.0
K Gowtham,RS Hangargekar,6,2,0,2,33.33
K Gowtham,S Kaul,6,2,2,3,33.33
K Gowtham,SP Narine,6,18,0,2,300.0
K Gowtham,TA Boult,24,44,2,4,183.33
K Gowtham,TG Southee,10,28,0,2,280.0
K Gowtham,TU Deshpande,6,4,0,2,66.67
K Kartikeya,J Little,6,10,0,2,166.67
K Kartikeya,KV Sharma,8,4,2,2,50.0
K Kartikeya,MM Sharma,8,2,2,2,25.0
K Kartikeya,TG Southee,6,2,0,2,33.33
K Rabada,AR Patel,28,16,0,3,57.14
K Rabada,Ashwani Kumar,18,20,0,2,111.11
K Rabada,Avesh Khan,6,4,0,3,66.67
K Rabada,B Kumar,16,22,0,4,137.5
K Rabada,C Sakariya,8,18,0,2,225.0
K Rabada,CJ Jordan,10,8,0,2,80.0
K Rabada,CV Varun,20,16,0,3,80.0
K Rabada,D Pretorius,6,10,0,2,166.67
K Rabada,DJ Bravo,10,14,0,3,140.0
K Rabada,DL Chahar,6,14,0,2,233.33
K Rabada,GJ Maxwell,12,8,0,2,66.67
K Rabada,HH Pandya,22,44,2,4,200.0
K Rabada,Harbhajan Singh,30,32,0,3,106.67
K Rabada,JA Duffy,6,10,0,2,166.67
K Rabada,JC Archer,20,22,0,3,110.0
K Rabada,JJ Bumrah,50,36,2,6,72.0
K Rabada,KA Pollard,10,22,0,2,220.0
K Rabada,KH Pandya,8,12,2,3,150.0
K Rabada,KK Ahmed,6,18,0,2,300.0
K Rabada,KV Sharma,6,0,2,2,0.0
K Rabada,MJ McClenaghan,8,6,0,2,75.0
K Rabada,NM Coulter-Nile,12,6,0,2,50.0
K Rabada,PJ Cummins,10,4,2,2,40.0
K Rabada,RJ Gleeson,8,16,0,2,200.0
K Rabada,Rasikh Salam,6,6,0,2,100.0
K Rabada,Ravi Bishnoi,10,10,0,2,100.0
K Rabada,SL Malinga,6,6,0,2,100.0
K Rabada,SN Thakur,16,18,2,3,112.5
K Rabada,Sandeep Sharma,8,14,2,3,175.0
K Rabada,Shivam Mavi,6,18,0,2,300.0
K Rabada,T Natarajan,8,2,2,2,25.0
K Rabada,TA Boult,8,20,0,2,250.0
K Rabada,TG Southee,12,30,0,3,250.0
K Upadhyay,R Vinay Kumar,8,14,0,2,175.0
K Upadhyay,Z Khan,8,8,0,2,100.0
K Yadav,NM Coulter-Nile,6,0,0,2,0.0
KA Jamieson,B Kumar,8,16,0,2,200.0
KA Jamieson,CJ Jordan,12,8,0,2,66.67
KA Jamieson,CV Varun,6,2,0,2,33.33
KA Jamieson,DJ Bravo,8,14,0,2,175.0
KA Jamieson,Harbhajan Singh,8,22,0,2,275.0
KA Jamieson,Imran Tahir,8,12,0,2,150.0
KA Jamieson,JJ Bumrah,6,6,0,2,100.0
KA Jamieson,Mohammed Shami,6,10,0,2,166.67
KA Jamieson,R Shepherd,16,22,0,3,137.5
KA Jamieson,RA Jadeja,6,4,0,2,66.67
KA Jamieson,SP Narine,18,6,0,2,33.33
KA Jamieson,Suyash Sharma,14,2,0,2,14.29
KA Jamieson,T Natarajan,8,8,0,2,100.0
KA Jamieson,TA Boult,6,6,0,3,100.0
KA Pollard,A Badoni,6,8,0,2,133.33
KA Pollard,A Kumble,16,8,2,3,50.0
KA Pollard,A Mishra,164,272,4,14,165.85
KA Pollard,A Nehra,48,92,4,9,191.67
KA Pollard,A Nortje,28,32,2,5,114.29
KA Pollard,A Singh,8,4,0,2,50.0
KA Pollard,A Zampa,32,86,2,4,268.75
KA Pollard,AA Chavan,18,32,2,2,177.78
KA Pollard,AB Agarkar,20,26,0,5,130.0
KA Pollard,AB Dinda,22,28,0,5,127.27
KA Pollard,AB McDonald,10,48,0,2,480.0
KA Pollard,AC Thomas,12,34,0,2,283.33
KA Pollard,AD Mathews,14,10,0,3,71.43
KA Pollard,AD Russell,64,48,2,8,75.0
KA Pollard,AF Milne,6,14,0,2,233.33
KA Pollard,AJ Tye,14,24,4,3,171.43
KA Pollard,AL Menaria,10,22,0,2,220.0
KA Pollard,AP Dole,16,34,2,2,212.5
KA Pollard,AR Patel,60,84,2,7,140.0
KA Pollard,AS Rajpoot,32,80,2,5,250.0
KA Pollard,Abhishek Sharma,6,6,2,2,100.0
KA Pollard,Anand Rajan,10,26,2,2,260.0
KA Pollard,Ankit Sharma,12,20,0,4,166.67
KA Pollard,Anureet Singh,8,8,0,2,100.0
KA Pollard,Arshdeep Singh,18,64,0,4,355.56
KA Pollard,Avesh Khan,6,10,0,2,166.67
KA Pollard,Azhar Mahmood,26,22,0,5,84.62
KA Pollard,B Kumar,58,98,6,8,168.97
KA Pollard,B Laughlin,12,18,0,2,150.0
KA Pollard,B Lee,10,12,0,3,120.0
KA Pollard,B Stanlake,16,22,2,2,137.5
KA Pollard,BA Bhatt,6,14,2,2,233.33
KA Pollard,BA Stokes,26,30,2,4,115.38
KA Pollard,BB Sran,10,18,0,2,180.0
KA Pollard,BE Hendricks,6,2,0,2,33.33
KA Pollard,BW Hilfenhaus,18,22,0,3,122.22
KA Pollard,Basil Thampi,26,28,2,4,107.69
KA Pollard,CH Gayle,12,34,0,2,283.33
KA Pollard,CH Morris,56,76,2,10,135.71
KA Pollard,CJ Anderson,12,16,0,3,133.33
KA Pollard,CJ Jordan,28,62,0,3,221.43
KA Pollard,CL White,6,16,0,2,266.67
KA Pollard,CR Woakes,10,10,4,3,100.0
KA Pollard,CV Varun,6,14,0,2,233.33
KA Pollard,D Wiese,10,12,2,3,120.0
KA Pollard,DE Bollinger,16,44,0,3,275.0
KA Pollard,DJ Bravo,178,272,6,15,152.81
KA Pollard,DJ Hussey,6,6,0,2,100.0
KA Pollard,DJG Sammy,10,16,0,2,160.0
KA Pollard,DL Chahar,6,14,0,2,233.33
KA Pollard,DL Vettori,8,2,2,2,25.0
KA Pollard,DP Nannes,16,14,0,3,87.5
KA Pollard,DR Smith,10,22,0,3,220.0
KA Pollard,DS Kulkarni,42,40,2,8,95.24
KA Pollard,DT Christian,12,8,4,4,66.67
KA Pollard,DW Steyn,86,76,2,9,88.37
KA Pollard,GB Hogg,16,26,0,2,162.5
KA Pollard,GC Viljoen,20,14,0,3,70.0
KA Pollard,GJ Maxwell,6,4,0,2,66.67
KA Pollard,HV Patel,48,54,4,6,112.5
KA Pollard,I Sharma,32,38,2,7,118.75
KA Pollard,I Udana,10,14,0,2,140.0
KA Pollard,IC Pandey,12,24,0,3,200.0
KA Pollard,IK Pathan,28,26,6,4,92.86
KA Pollard,Imran Tahir,56,92,2,7,164.29
KA Pollard,Iqbal Abdulla,16,14,0,3,87.5
KA Pollard,J Botha,22,50,2,4,227.27
KA Pollard,J Syed Mohammad,14,38,0,3,271.43
KA Pollard,J Theron,12,16,2,2,133.33
KA Pollard,JA Morkel,16,12,2,3,75.0
KA Pollard,JC Archer,18,8,2,4,44.44
KA Pollard,JD Unadkat,50,92,4,8,184.0
KA Pollard,JE Taylor,16,20,2,2,125.0
KA Pollard,JH Kallis,14,8,2,5,57.14
KA Pollard,JO Holder,26,38,2,5,146.15
KA Pollard,JP Duminy,6,14,0,2,233.33
KA Pollard,JP Faulkner,54,88,4,6,162.96
KA Pollard,Joginder Sharma,6,10,0,2,166.67
KA Pollard,K Gowtham,12,40,0,2,333.33
KA Pollard,K Rabada,38,26,2,8,68.42
KA Pollard,KA Jamieson,6,10,0,2,166.67
KA Pollard,KC Cariappa,16,30,0,2,187.5
KA Pollard,KK Ahmed,26,18,2,4,69.23
KA Pollard,KK Cooper,20,34,2,5,170.0
KA Pollard,KMA Paul,6,4,2,2,66.67
KA Pollard,KP Appanna,6,26,0,2,433.33
KA Pollard,KR Sen,6,2,2,2,33.33
KA Pollard,KV Sharma,38,42,0,5,110.53
KA Pollard,KW Richardson,8,24,0,2,300.0
KA Pollard,Kuldeep Yadav,20,10,2,4,50.0
KA Pollard,L Balaji,22,18,2,5,81.82
KA Pollard,L Ngidi,28,66,2,3,235.71
KA Pollard,LH Ferguson,30,18,0,4,60.0
KA Pollard,LR Shukla,10,8,0,2,80.0
KA Pollard,M Kartik,14,10,0,3,71.43
KA Pollard,M Morkel,22,22,0,5,100.0
KA Pollard,M Muralitharan,26,24,2,4,92.31
KA Pollard,M Prasidh Krishna,48,56,0,5,116.67
KA Pollard,M Theekshana,8,16,2,2,200.0
KA Pollard,MA Starc,26,46,0,3,176.92
KA Pollard,MC Henriques,12,6,2,3,50.0
KA Pollard,MG Johnson,32,50,0,4,156.25
KA Pollard,MJ Henry,6,26,0,2,433.33
KA Pollard,MJ Santner,8,0,0,2,0.0
KA Pollard,MM Patel,14,22,0,2,157.14
KA Pollard,MM Sharma,64,74,6,8,115.62
KA Pollard,MP Stoinis,38,54,2,4,142.11
KA Pollard,MR Marsh,20,26,0,3,130.0
KA Pollard,MS Gony,14,6,0,2,42.86
KA Pollard,Mohammed Shami,54,90,0,8,166.67
KA Pollard,Mohammed Siraj,26,16,2,6,61.54
KA Pollard,Mohsin Khan,14,18,0,2,128.57
KA Pollard,Mujeeb Ur Rahman,6,14,0,2,233.33
KA Pollard,Mustafizur Rahman,12,26,0,3,216.67
KA Pollard,NA Saini,14,16,2,2,114.29
KA Pollard,NLTC Perera,34,100,0,4,294.12
KA Pollard,NM Coulter-Nile,14,22,0,3,157.14
KA Pollard,NT Ellis,6,6,0,2,100.0
KA Pollard,Navdeep Saini,12,8,2,2,66.67
KA Pollard,P Awana,24,24,4,5,100.0
KA Pollard,P Kumar,24,62,0,4,258.33
KA Pollard,P Negi,42,82,0,5,195.24
KA Pollard,PC Valthaty,8,16,0,2,200.0
KA Pollard,PJ Cummins,62,100,2,6,161.29
KA Pollard,PJ Sangwan,6,2,0,2,33.33
KA Pollard,PP Chawla,84,116,2,12,138.1
KA Pollard,PP Ojha,16,4,2,4,25.0
KA Pollard,PV Tambe,28,42,2,4,150.0
KA Pollard,PVD Chameera,22,36,2,3,163.64
KA Pollard,Pankaj Singh,10,40,0,2,400.0
KA Pollard,R Ashwin,78,108,8,12,138.46
KA Pollard,R Bhatia,44,60,4,6,136.36
KA Pollard,R Dhawan,16,22,0,3,137.5
KA Pollard,R McLaren,8,8,2,2,100.0
KA Pollard,R Sathish,8,40,0,2,500.0
KA Pollard,R Sharma,24,8,2,3,33.33
KA Pollard,R Tewatia,14,38,0,3,271.43
KA Pollard,R Vinay Kumar,40,82,2,7,205.0
KA Pollard,RA Jadeja,102,228,4,12,223.53
KA Pollard,RD Chahar,14,16,0,2,114.29
KA Pollard,RE van der Merwe,8,20,0,2,250.0
KA Pollard,RJ Harris,26,46,2,4,176.92
KA Pollard,RP Singh,10,30,0,2,300.0
KA Pollard,RR Powar,8,8,0,2,100.0
KA Pollard,Rashid Khan,92,56,4,12,60.87
KA Pollard,Ravi Bishnoi,18,22,0,5,122.22
KA Pollard,S Aravind,46,56,2,4,121.74
KA Pollard,S Badree,12,6,0,2,50.0
KA Pollard,S Gopal,20,14,2,4,70.0
KA Pollard,S Kaul,34,60,0,6,176.47
KA Pollard,S Ladda,16,34,2,3,212.5
KA Pollard,S Nadeem,44,34,2,6,77.27
KA Pollard,S Sandeep Warrier,6,6,0,2,100.0
KA Pollard,SB Jakati,10,6,0,5,60.0
KA Pollard,SJ Srivastava,12,16,0,2,133.33
KA Pollard,SK Trivedi,38,20,0,6,52.63
KA Pollard,SK Warne,12,8,0,3,66.67
KA Pollard,SM Curran,46,108,0,4,234.78
KA Pollard,SMSM Senanayake,10,18,0,2,180.0
KA Pollard,SN Thakur,52,108,0,6,207.69
KA Pollard,SP Narine,74,80,2,10,108.11
KA Pollard,SR Watson,78,150,2,8,192.31
KA Pollard,STR Binny,18,34,2,4,188.89
KA Pollard,Sandeep Sharma,46,88,2,8,191.3
KA Pollard,Shakib Al Hasan,64,78,2,9,121.88
KA Pollard,Shivam Mavi,10,22,0,2,220.0
KA Pollard,Shivam Sharma,6,14,0,2,233.33
KA Pollard,T Natarajan,26,76,0,3,292.31
KA Pollard,TA Boult,36,52,2,4,144.44
KA Pollard,TG Southee,24,56,2,4,233.33
KA Pollard,TS Mills,16,24,0,2,150.0
KA Pollard,UT Yadav,52,72,2,9,138.46
KA Pollard,VR Aaron,20,18,0,4,90.0
KA Pollard,WD Parnell,14,6,0,2,42.86
KA Pollard,Washington Sundar,10,4,2,2,40.0
KA Pollard,YS Chahal,100,142,8,12,142.0
KA Pollard,Yuvraj Singh,12,20,0,3,166.67
KA Pollard,Z Khan,62,90,2,8,145.16
KAJ Roach,SL Malinga,6,8,0,2,133.33
KAJ Roach,Z Khan,8,2,2,2,25.0
KB Arun Karthik,DP Nannes,8,6,0,2,75.0
KB Arun Karthik,DS Kulkarni,8,16,0,2,200.0
KB Arun Karthik,Harbhajan Singh,10,10,2,3,100.0
KB Arun Karthik,JDP Oram,20,20,0,2,100.0
KB Arun Karthik,M Morkel,8,8,0,2,100.0
KB Arun Karthik,MG Johnson,8,10,0,2,125.0
KB Arun Karthik,MM Patel,6,4,0,2,66.67
KB Arun Karthik,PP Chawla,8,8,2,2,100.0
KB Arun Karthik,SK Trivedi,6,2,0,2,33.33
KC Cariappa,B Kumar,6,0,2,2,0.0
KC Cariappa,CH Gayle,10,20,0,2,200.0
KC Cariappa,Rashid Khan,6,18,0,2,300.0
KC Sangakkara,A Kumble,26,26,4,4,100.0
KC Sangakkara,A Mishra,14,10,0,2,71.43
KC Sangakkara,A Nehra,56,78,2,5,139.29
KC Sangakkara,A Singh,28,20,0,3,71.43
KC Sangakkara,A Symonds,18,46,0,4,255.56
KC Sangakkara,AB Agarkar,40,46,0,5,115.0
KC Sangakkara,AB Dinda,34,32,2,5,94.12
KC Sangakkara,AD Mascarenhas,26,38,0,2,146.15
KC Sangakkara,AD Mathews,44,72,0,4,163.64
KC Sangakkara,AM Nayar,8,16,0,2,200.0
KC Sangakkara,AM Salvi,12,10,0,2,83.33
KC Sangakkara,AN Ahmed,14,20,0,2,142.86
KC Sangakkara,B Kumar,24,20,0,3,83.33
KC Sangakkara,BAW Mendis,12,8,0,2,66.67
KC Sangakkara,BJ Hodge,6,20,2,2,333.33
KC Sangakkara,BMAJ Mendis,8,4,0,2,50.0
KC Sangakkara,CH Gayle,14,16,2,4,114.29
KC Sangakkara,D Kalyankrishna,8,6,2,2,75.0
KC Sangakkara,DE Bollinger,12,12,2,3,100.0
KC Sangakkara,DJ Bravo,48,54,0,5,112.5
KC Sangakkara,DJ Hussey,52,62,0,6,119.23
KC Sangakkara,DL Vettori,76,86,2,5,113.16
KC Sangakkara,DP Nannes,10,6,0,3,60.0
KC Sangakkara,DP Vijaykumar,12,22,0,2,183.33
KC Sangakkara,DS Kulkarni,42,64,2,4,152.38
KC Sangakkara,DW Steyn,6,10,2,2,166.67
KC Sangakkara,GB Hogg,8,10,0,2,125.0
KC Sangakkara,HV Patel,10,8,0,2,80.0
KC Sangakkara,Harbhajan Singh,128,126,6,9,98.44
KC Sangakkara,I Sharma,32,28,2,5,87.5
KC Sangakkara,IK Pathan,36,22,0,5,61.11
KC Sangakkara,Iqbal Abdulla,18,16,2,3,88.89
KC Sangakkara,J Botha,42,34,4,4,80.95
KC Sangakkara,JD Ryder,22,24,0,3,109.09
KC Sangakkara,JD Unadkat,18,16,2,4,88.89
KC Sangakkara,JH Kallis,12,14,0,4,116.67
KC Sangakkara,JJ van der Wath,6,2,2,2,33.33
KC Sangakkara,JP Duminy,38,54,0,4,142.11
KC Sangakkara,JP Faulkner,8,8,2,2,100.0
KC Sangakkara,JR Hopes,26,34,2,3,130.77
KC Sangakkara,Joginder Sharma,22,50,0,2,227.27
KC Sangakkara,KA Pollard,42,58,0,4,138.1
KC Sangakkara,KP Appanna,18,16,0,2,88.89
KC Sangakkara,KP Pietersen,26,40,0,4,153.85
KC Sangakkara,Kamran Khan,18,22,0,2,122.22
KC Sangakkara,L Balaji,18,18,2,4,100.0
KC Sangakkara,LR Shukla,28,42,0,3,150.0
KC Sangakkara,M Kartik,38,34,2,4,89.47
KC Sangakkara,M Manhas,18,22,0,2,122.22
KC Sangakkara,M Morkel,42,48,2,6,114.29
KC Sangakkara,M Muralitharan,72,52,6,7,72.22
KC Sangakkara,MA Khote,16,26,0,2,162.5
KC Sangakkara,MF Maharoof,36,40,2,3,111.11
KC Sangakkara,MM Patel,46,48,2,7,104.35
KC Sangakkara,MN Samuels,18,44,0,3,244.44
KC Sangakkara,MR Marsh,44,52,0,4,118.18
KC Sangakkara,MS Gony,12,12,2,4,100.0
KC Sangakkara,NLTC Perera,16,36,0,2,225.0
KC Sangakkara,P Amarnath,18,22,0,2,122.22
KC Sangakkara,P Awana,8,2,2,2,25.0
KC Sangakkara,P Kumar,40,66,2,5,165.0
KC Sangakkara,P Parameswaran,14,24,0,3,171.43
KC Sangakkara,PD Collingwood,18,18,2,2,100.0
KC Sangakkara,PJ Sangwan,12,18,0,2,150.0
KC Sangakkara,PP Chawla,6,2,2,2,33.33
KC Sangakkara,PP Ojha,34,40,0,5,117.65
KC Sangakkara,Pankaj Singh,14,26,0,2,185.71
KC Sangakkara,R Ashwin,52,42,6,6,80.77
KC Sangakkara,R Bhatia,40,48,4,5,120.0
KC Sangakkara,R McLaren,18,20,0,3,111.11
KC Sangakkara,R Ninan,8,14,0,2,175.0
KC Sangakkara,R Sathish,20,18,0,3,90.0
KC Sangakkara,R Sharma,40,24,10,6,60.0
KC Sangakkara,R Vinay Kumar,58,68,2,6,117.24
KC Sangakkara,RA Jadeja,14,20,0,2,142.86
KC Sangakkara,RG Sharma,38,64,2,5,168.42
KC Sangakkara,RJ Harris,18,34,0,4,188.89
KC Sangakkara,RP Singh,42,52,2,6,123.81
KC Sangakkara,S Aravind,8,6,0,2,75.0
KC Sangakkara,S Kaul,12,16,0,2,133.33
KC Sangakkara,S Nadeem,30,42,0,4,140.0
KC Sangakkara,S Randiv,8,14,0,2,175.0
KC Sangakkara,S Sreesanth,24,26,0,2,108.33
KC Sangakkara,S Tyagi,10,16,0,2,160.0
KC Sangakkara,SB Jakati,8,12,0,2,150.0
KC Sangakkara,SB Styris,10,26,0,2,260.0
KC Sangakkara,SC Ganguly,30,44,0,3,146.67
KC Sangakkara,SK Raina,26,24,2,4,92.31
KC Sangakkara,SK Trivedi,32,46,4,6,143.75
KC Sangakkara,SK Warne,24,36,2,3,150.0
KC Sangakkara,SL Malinga,44,38,4,6,86.36
KC Sangakkara,SM Pollock,22,48,0,2,218.18
KC Sangakkara,SP Narine,6,0,0,2,0.0
KC Sangakkara,ST Jayasuriya,6,6,0,2,100.0
KC Sangakkara,SW Tait,14,30,2,2,214.29
KC Sangakkara,Shoaib Ahmed,6,8,2,2,133.33
KC Sangakkara,TL Suman,44,40,0,4,90.91
KC Sangakkara,TM Dilshan,28,52,0,4,185.71
KC Sangakkara,UT Yadav,6,10,0,2,166.67
KC Sangakkara,Umar Gul,32,56,4,3,175.0
KC Sangakkara,VR Aaron,8,8,2,2,100.0
KC Sangakkara,VS Malik,10,8,0,2,80.0
KC Sangakkara,WD Parnell,20,28,0,2,140.0
KC Sangakkara,WPUJC Vaas,6,0,2,2,0.0
KC Sangakkara,Y Nagar,6,18,0,2,300.0
KC Sangakkara,Y Venugopal Rao,40,58,0,5,145.0
KC Sangakkara,YK Pathan,66,74,2,6,112.12
KC Sangakkara,Yuvraj Singh,10,10,0,3,100.0
KC Sangakkara,Z Khan,36,50,0,4,138.89
KD Karthik,A Flintoff,8,8,0,2,100.0
KD Karthik,A Kumble,36,62,2,5,172.22
KD Karthik,A Mishra,122,176,4,13,144.26
KD Karthik,A Mithun,8,20,0,2,250.0
KD Karthik,A Nehra,72,92,6,9,127.78
KD Karthik,A Nel,12,16,0,2,133.33
KD Karthik,A Symonds,8,12,2,2,150.0
KD Karthik,A Uniyal,8,12,0,2,150.0
KD Karthik,AA Chavan,24,14,0,2,58.33
KD Karthik,AA Jhunjhunwala,8,16,0,2,200.0
KD Karthik,AB Agarkar,36,30,4,6,83.33
KD Karthik,AB Dinda,44,52,4,7,118.18
KD Karthik,AD Mascarenhas,22,16,2,3,72.73
KD Karthik,AD Mathews,14,26,0,3,185.71
KD Karthik,AD Russell,60,116,2,7,193.33
KD Karthik,AG Murtaza,16,12,2,2,75.0
KD Karthik,AJ Tye,28,34,0,5,121.43
KD Karthik,AL Menaria,6,2,0,2,33.33
KD Karthik,AM Salvi,14,30,2,2,214.29
KD Karthik,AR Patel,88,128,4,10,145.45
KD Karthik,AS Rajpoot,28,54,0,4,192.86
KD Karthik,Akash Madhwal,20,66,0,2,330.0
KD Karthik,Anureet Singh,8,16,0,2,200.0
KD Karthik,Arshdeep Singh,58,102,6,9,175.86
KD Karthik,Avesh Khan,58,68,4,7,117.24
KD Karthik,Azhar Mahmood,26,42,0,4,161.54
KD Karthik,B Akhil,6,4,2,3,66.67
KD Karthik,B Kumar,120,164,2,15,136.67
KD Karthik,B Laughlin,36,44,2,5,122.22
KD Karthik,B Lee,20,20,0,3,100.0
KD Karthik,BA Stokes,26,32,0,4,123.08
KD Karthik,BAW Mendis,22,4,0,3,18.18
KD Karthik,BB Sran,10,6,4,3,60.0
KD Karthik,BCJ Cutting,22,16,0,4,72.73
KD Karthik,BE Hendricks,14,16,4,3,114.29
KD Karthik,BJ Hodge,10,26,0,2,260.0
KD Karthik,BMAJ Mendis,10,20,0,2,200.0
KD Karthik,BW Hilfenhaus,14,22,2,3,157.14
KD Karthik,Basil Thampi,6,10,0,2,166.67
KD Karthik,Bipul Sharma,32,42,0,4,131.25
KD Karthik,C Green,8,2,2,3,25.0
KD Karthik,C Sakariya,20,26,0,3,130.0
KD Karthik,CH Gayle,10,12,2,2,120.0
KD Karthik,CH Morris,66,66,8,12,100.0
KD Karthik,CJ Anderson,20,36,0,3,180.0
KD Karthik,CJ Jordan,42,64,6,5,152.38
KD Karthik,CR Brathwaite,32,28,2,3,87.5
KD Karthik,CR Woakes,14,34,0,4,242.86
KD Karthik,CV Varun,12,8,2,4,66.67
KD Karthik,D Pretorius,20,40,0,2,200.0
KD Karthik,DE Bollinger,14,16,0,2,114.29
KD Karthik,DJ Bravo,68,98,8,12,144.12
KD Karthik,DJ Hooda,8,12,2,3,150.0
KD Karthik,DJ Hussey,8,20,0,2,250.0
KD Karthik,DJ Thornely,14,24,0,2,171.43
KD Karthik,DJG Sammy,20,32,0,3,160.0
KD Karthik,DL Chahar,36,40,0,7,111.11
KD Karthik,DL Vettori,8,4,0,2,50.0
KD Karthik,DP Nannes,14,14,0,2,100.0
KD Karthik,DR Smith,36,54,0,5,150.0
KD Karthik,DS Kulkarni,20,32,2,5,160.0
KD Karthik,DT Christian,48,76,2,7,158.33
KD Karthik,DW Steyn,32,28,6,8,87.5
KD Karthik,FH Edwards,6,12,0,2,200.0
KD Karthik,Fazalhaq Farooqi,8,44,0,2,550.0
KD Karthik,GB Hogg,14,34,2,2,242.86
KD Karthik,GJ Maxwell,12,14,0,3,116.67
KD Karthik,HH Pandya,58,90,0,7,155.17
KD Karthik,HV Patel,72,88,4,7,122.22
KD Karthik,Harbhajan Singh,32,26,2,10,81.25
KD Karthik,Harpreet Brar,6,4,0,3,66.67
KD Karthik,Harshit Rana,18,20,0,3,111.11
KD Karthik,I Sharma,42,30,4,8,71.43
KD Karthik,IC Pandey,28,40,2,5,142.86
KD Karthik,IK Pathan,72,94,4,8,130.56
KD Karthik,IS Sodhi,42,34,0,3,80.95
KD Karthik,Imran Tahir,54,62,6,7,114.81
KD Karthik,Iqbal Abdulla,78,98,0,8,125.64
KD Karthik,J Suchith,6,0,2,2,0.0
KD Karthik,J Syed Mohammad,44,74,0,3,168.18
KD Karthik,JA Morkel,38,26,4,7,68.42
KD Karthik,JC Archer,52,76,2,5,146.15
KD Karthik,JD Unadkat,124,248,0,10,200.0
KD Karthik,JH Kallis,70,106,2,8,151.43
KD Karthik,JJ Bumrah,74,136,0,8,183.78
KD Karthik,JL Pattinson,6,10,0,2,166.67
KD Karthik,JO Holder,22,24,0,4,109.09
KD Karthik,JP Duminy,24,28,0,4,116.67
KD Karthik,JP Faulkner,42,44,4,7,104.76
KD Karthik,JR Hazlewood,6,12,2,2,200.0
KD Karthik,K Gowtham,8,18,0,3,225.0
KD Karthik,K Kartikeya,22,44,0,2,200.0
KD Karthik,K Khejroliya,18,16,0,2,88.89
KD Karthik,K Rabada,40,30,6,9,75.0
KD Karthik,KA Pollard,44,60,2,6,136.36
KD Karthik,KC Cariappa,24,24,0,4,100.0
KD Karthik,KH Pandya,56,48,4,8,85.71
KD Karthik,KK Ahmed,26,48,4,4,184.62
KD Karthik,KK Cooper,26,32,4,5,123.08
KD Karthik,KP Appanna,12,10,2,3,83.33
KD Karthik,KV Sharma,46,52,4,6,113.04
KD Karthik,KW Richardson,36,42,0,4,116.67
KD Karthik,Kartik Tyagi,8,16,0,2,200.0
KD Karthik,Kuldeep Yadav,32,24,2,4,75.0
KD Karthik,L Balaji,44,50,4,6,113.64
KD Karthik,L Ngidi,24,42,2,4,175.0
KD Karthik,LE Plunkett,14,24,0,2,171.43
KD Karthik,M Ashwin,8,14,0,2,175.0
KD Karthik,M Kartik,42,38,2,4,90.48
KD Karthik,M Markande,22,38,0,4,172.73
KD Karthik,M Morkel,72,76,4,8,105.56
KD Karthik,M Muralitharan,86,106,6,8,123.26
KD Karthik,M Prasidh Krishna,14,22,2,3,157.14
KD Karthik,M Theekshana,42,80,0,5,190.48
KD Karthik,M de Lange,6,2,2,2,33.33
KD Karthik,MC Henriques,36,28,2,6,77.78
KD Karthik,MG Johnson,22,36,0,3,163.64
KD Karthik,MJ McClenaghan,30,32,0,5,106.67
KD Karthik,MJ Santner,14,18,0,2,128.57
KD Karthik,MK Tiwary,8,10,0,2,125.0
KD Karthik,MM Patel,20,40,2,6,200.0
KD Karthik,MM Sharma,156,166,0,12,106.41
KD Karthik,MN Samuels,16,18,0,3,112.5
KD Karthik,MP Stoinis,24,38,0,5,158.33
KD Karthik,MP Yadav,8,2,0,2,25.0
KD Karthik,MR Marsh,20,18,4,3,90.0
KD Karthik,MS Gony,8,8,2,2,100.0
KD Karthik,Mohammed Shami,68,106,4,9,155.88
KD Karthik,Mohammed Siraj,24,36,4,4,150.0
KD Karthik,Mohsin Khan,8,8,0,2,100.0
KD Karthik,Mujeeb Ur Rahman,26,66,0,4,253.85
KD Karthik,Mukesh Choudhary,12,42,0,2,350.0
KD Karthik,Mustafizur Rahman,58,108,2,6,186.21
KD Karthik,NA Saini,24,28,2,3,116.67
KD Karthik,NLTC Perera,12,24,0,3,200.0
KD Karthik,NM Coulter-Nile,10,4,2,3,40.0
KD Karthik,NT Ellis,8,12,0,3,150.0
KD Karthik,Navdeep Saini,8,22,0,2,275.0
KD Karthik,Naveen-ul-Haq,16,16,2,3,100.0
KD Karthik,Noor Ahmad,8,4,0,2,50.0
KD Karthik,O Thomas,12,20,0,2,166.67
KD Karthik,OF Smith,10,32,0,2,320.0
KD Karthik,P Awana,20,14,2,5,70.0
KD Karthik,P Kumar,36,48,2,6,133.33
KD Karthik,P Negi,18,16,0,5,88.89
KD Karthik,P Parameswaran,12,22,0,2,183.33
KD Karthik,P Sahu,16,26,0,2,162.5
KD Karthik,PJ Cummins,40,70,4,5,175.0
KD Karthik,PP Chawla,94,112,4,11,119.15
KD Karthik,PP Ojha,62,90,4,6,145.16
KD Karthik,PV Tambe,34,38,2,4,111.76
KD Karthik,PVD Chameera,8,22,0,2,275.0
KD Karthik,R Ashwin,116,152,2,17,131.03
KD Karthik,R Bhatia,44,40,0,5,90.91
KD Karthik,R Dhawan,38,60,0,3,157.89
KD Karthik,R McLaren,8,22,0,2,275.0
KD Karthik,R Rampaul,6,4,0,2,66.67
KD Karthik,R Sharma,56,64,0,5,114.29
KD Karthik,R Shepherd,6,8,0,2,133.33
KD Karthik,R Tewatia,16,14,2,3,87.5
KD Karthik,R Vinay Kumar,98,114,4,10,116.33
KD Karthik,RA Jadeja,142,210,6,16,147.89
KD Karthik,RD Chahar,32,46,4,6,143.75
KD Karthik,RE van der Merwe,24,16,0,3,66.67
KD Karthik,RG Sharma,6,16,0,2,266.67
KD Karthik,RJ Harris,8,14,2,2,175.0
KD Karthik,RP Singh,42,50,2,6,119.05
KD Karthik,RR Powar,20,10,0,3,50.0
KD Karthik,RR Raje,18,30,0,3,166.67
KD Karthik,RV Gomez,10,22,0,2,220.0
KD Karthik,Rashid Khan,76,98,6,11,128.95
KD Karthik,Ravi Bishnoi,26,16,0,4,61.54
KD Karthik,S Aravind,12,8,2,4,66.67
KD Karthik,S Dube,6,2,0,2,33.33
KD Karthik,S Gopal,74,98,0,7,132.43
KD Karthik,S Kaul,36,40,0,5,111.11
KD Karthik,S Lamichhane,12,14,0,2,116.67
KD Karthik,S Nadeem,48,80,0,7,166.67
KD Karthik,S Narwal,8,30,0,2,375.0
KD Karthik,S Sreesanth,18,10,0,3,55.56
KD Karthik,SB Jakati,32,52,4,4,162.5
KD Karthik,SB Wagh,14,0,2,2,0.0
KD Karthik,SC Kuggeleijn,6,6,0,2,100.0
KD Karthik,SK Raina,32,62,0,4,193.75
KD Karthik,SK Trivedi,52,70,2,7,134.62
KD Karthik,SK Warne,70,72,2,8,102.86
KD Karthik,SL Malinga,34,24,6,8,70.59
KD Karthik,SM Curran,50,130,2,7,260.0
KD Karthik,SM Pollock,16,14,0,3,87.5
KD Karthik,SMSM Senanayake,6,10,2,2,166.67
KD Karthik,SN Thakur,56,68,2,10,121.43
KD Karthik,SP Narine,82,102,2,10,124.39
KD Karthik,SR Watson,62,62,2,7,100.0
KD Karthik,ST Jayasuriya,22,38,0,2,172.73
KD Karthik,STR Binny,34,56,0,6,164.71
KD Karthik,SW Tait,52,64,4,4,123.08
KD Karthik,Sandeep Sharma,72,136,6,11,188.89
KD Karthik,Shakib Al Hasan,50,52,4,7,104.0
KD Karthik,Shivam Sharma,24,44,0,2,183.33
KD Karthik,Shoaib Ahmed,12,8,0,2,66.67
KD Karthik,Suyash Sharma,14,12,2,3,85.71
KD Karthik,T Natarajan,72,132,2,8,183.33
KD Karthik,T Shamsi,22,14,0,2,63.64
KD Karthik,TA Boult,38,50,2,7,131.58
KD Karthik,TG Southee,26,30,0,5,115.38
KD Karthik,TL Suman,14,22,0,2,157.14
KD Karthik,TU Deshpande,40,70,4,4,175.0
KD Karthik,UT Yadav,64,120,2,7,187.5
KD Karthik,V Kohli,6,8,0,2,133.33
KD Karthik,V Pratap Singh,6,2,0,2,33.33
KD Karthik,V Shankar,10,18,0,3,180.0
KD Karthik,VR Aaron,38,64,0,5,168.42
KD Karthik,VRV Singh,14,22,0,2,157.14
KD Karthik,WD Parnell,26,26,0,3,100.0
KD Karthik,WPUJC Vaas,10,36,0,2,360.0
KD Karthik,Washington Sundar,18,22,0,4,122.22
KD Karthik,Y Venugopal Rao,12,16,0,2,133.33
KD Karthik,YA Abdulla,14,14,2,2,100.0
KD Karthik,YK Pathan,36,42,2,4,116.67
KD Karthik,YS Chahal,110,98,6,14,89.09
KD Karthik,Yash Thakur,6,6,0,3,100.0
KD Karthik,Yuvraj Singh,72,90,4,9,125.0
KD Karthik,Z Khan,32,40,0,5,125.0
KH Pandya,A Mishra,38,82,2,5,215.79
KH Pandya,A Nehra,24,46,0,3,191.67
KH Pandya,A Nortje,22,20,0,5,90.91
KH Pandya,A Zampa,16,12,0,2,75.0
KH Pandya,AD Russell,56,78,4,7,139.29
KH Pandya,AJ Tye,20,36,0,4,180.0
KH Pandya,AK Markram,10,14,0,2,140.0
KH Pandya,AM Ghazanfar,26,56,2,2,215.38
KH Pandya,AR Patel,60,70,0,7,116.67
KH Pandya,AS Rajpoot,24,30,2,4,125.0
KH Pandya,AS Roy,6,4,0,2,66.67
KH Pandya,AU Rashid,10,16,0,2,160.0
KH Pandya,Akash Madhwal,16,10,0,3,62.5
KH Pandya,Arshdeep Singh,22,32,2,7,145.45
KH Pandya,Avesh Khan,14,10,0,4,71.43
KH Pandya,B Kumar,34,42,2,6,123.53
KH Pandya,BA Stokes,6,4,0,3,66.67
KH Pandya,BB Sran,12,12,2,3,100.0
KH Pandya,BCJ Cutting,12,30,0,2,250.0
KH Pandya,Basil Thampi,16,12,0,2,75.0
KH Pandya,Bipul Sharma,12,42,0,2,350.0
KH Pandya,C Bosch,22,36,0,2,163.64
KH Pandya,C Green,14,8,0,3,57.14
KH Pandya,C Sakariya,10,20,0,3,200.0
KH Pandya,C de Grandhomme,10,14,0,2,140.0
KH Pandya,CH Morris,28,42,2,4,150.0
KH Pandya,CJ Jordan,18,24,0,4,133.33
KH Pandya,CV Varun,10,6,0,3,60.0
KH Pandya,DJ Bravo,44,40,0,4,90.91
KH Pandya,DJ Hooda,6,2,0,2,33.33
KH Pandya,DL Chahar,8,6,0,2,75.0
KH Pandya,DR Sams,8,8,0,3,100.0
KH Pandya,DR Smith,6,8,2,2,133.33
KH Pandya,DS Rathi,8,8,0,2,100.0
KH Pandya,DT Christian,32,64,2,4,200.0
KH Pandya,GC Viljoen,6,16,2,2,266.67
KH Pandya,GJ Maxwell,38,28,6,5,73.68
KH Pandya,HH Pandya,10,12,0,3,120.0
KH Pandya,HR Shokeen,30,24,0,3,80.0
KH Pandya,HV Patel,68,102,2,6,150.0
KH Pandya,Harshit Rana,16,18,2,4,112.5
KH Pandya,I Sharma,16,34,0,4,212.5
KH Pandya,IK Pathan,8,20,0,2,250.0
KH Pandya,Imran Tahir,66,118,4,8,178.79
KH Pandya,JC Archer,28,16,4,6,57.14
KH Pandya,JD Unadkat,56,84,2,8,150.0
KH Pandya,JJ Bumrah,8,6,0,2,75.0
KH Pandya,JO Holder,18,26,0,3,144.44
KH Pandya,JP Behrendorff,12,20,0,2,166.67
KH Pandya,JP Faulkner,26,46,0,3,176.92
KH Pandya,JR Hazlewood,6,4,2,3,66.67
KH Pandya,K Khejroliya,16,22,0,2,137.5
KH Pandya,K Rabada,60,86,6,11,143.33
KH Pandya,KA Jamieson,8,12,0,2,150.0
KH Pandya,KC Cariappa,6,8,0,2,133.33
KH Pandya,KK Ahmed,8,20,0,3,250.0
KH Pandya,KMA Paul,14,24,0,3,171.43
KH Pandya,KR Sen,8,12,0,2,150.0
KH Pandya,Kuldeep Yadav,70,72,2,7,102.86
KH Pandya,L Ngidi,24,52,2,4,216.67
KH Pandya,LH Ferguson,26,22,2,5,84.62
KH Pandya,M Ashwin,16,28,0,2,175.0
KH Pandya,M Pathirana,6,0,2,2,0.0
KH Pandya,M Prasidh Krishna,52,82,0,8,157.69
KH Pandya,MA Starc,14,6,0,3,42.86
KH Pandya,MA Wood,20,66,0,2,330.0
KH Pandya,MC Henriques,6,4,0,2,66.67
KH Pandya,MJ Santner,10,16,0,3,160.0
KH Pandya,MJ Suthar,14,32,0,2,228.57
KH Pandya,MM Ali,38,14,2,5,36.84
KH Pandya,MM Sharma,18,34,4,3,188.89
KH Pandya,MP Stoinis,42,102,6,6,242.86
KH Pandya,Mohammad Nabi,18,16,0,4,88.89
KH Pandya,Mohammed Shami,44,74,6,7,168.18
KH Pandya,Mohammed Siraj,60,62,4,7,103.33
KH Pandya,Mukesh Kumar,50,86,2,6,172.0
KH Pandya,Mustafizur Rahman,46,72,2,5,156.52
KH Pandya,N Burger,8,2,0,2,25.0
KH Pandya,N Thushara,6,10,0,2,166.67
KH Pandya,NM Coulter-Nile,8,10,0,2,125.0
KH Pandya,Noor Ahmad,14,8,2,2,57.14
KH Pandya,OC McCoy,12,14,0,2,116.67
KH Pandya,P Negi,16,12,0,4,75.0
KH Pandya,PJ Cummins,30,26,2,5,86.67
KH Pandya,PP Chawla,64,128,4,8,200.0
KH Pandya,PVD Chameera,18,32,0,2,177.78
KH Pandya,R Ashwin,48,38,2,8,79.17
KH Pandya,R Bhatia,6,4,2,2,66.67
KH Pandya,R Sai Kishore,6,0,2,2,0.0
KH Pandya,R Sathish,6,10,0,2,166.67
KH Pandya,R Tewatia,42,56,0,4,133.33
KH Pandya,RA Bawa,14,26,0,2,185.71
KH Pandya,RA Jadeja,26,24,0,4,92.31
KH Pandya,RD Chahar,8,6,0,2,75.0
KH Pandya,Rashid Khan,82,80,8,13,97.56
KH Pandya,Ravi Bishnoi,16,6,4,3,37.5
KH Pandya,S Aravind,18,18,0,2,100.0
KH Pandya,S Dube,6,8,0,2,133.33
KH Pandya,S Gopal,8,2,0,2,25.0
KH Pandya,S Kaul,40,82,2,5,205.0
KH Pandya,S Lamichhane,6,8,2,2,133.33
KH Pandya,S Nadeem,18,28,2,3,155.56
KH Pandya,SM Curran,20,26,2,4,130.0
KH Pandya,SN Thakur,50,64,4,9,128.0
KH Pandya,SP Narine,66,62,6,10,93.94
KH Pandya,STR Binny,6,8,0,2,133.33
KH Pandya,Sakib Hussain,10,14,0,2,140.0
KH Pandya,Sandeep Sharma,28,38,0,6,135.71
KH Pandya,Shahbaz Ahmed,36,38,0,4,105.56
KH Pandya,Shakib Al Hasan,22,30,2,3,136.36
KH Pandya,Shivam Mavi,10,4,0,3,40.0
KH Pandya,Shivang Kumar,6,14,0,2,233.33
KH Pandya,Sikandar Raza,12,14,0,2,116.67
KH Pandya,T Natarajan,30,34,2,5,113.33
KH Pandya,TA Boult,26,28,2,5,107.69
KH Pandya,TG Southee,14,16,0,3,114.29
KH Pandya,TM Head,6,10,0,2,166.67
KH Pandya,TS Mills,16,22,0,2,137.5
KH Pandya,UT Yadav,16,24,2,5,150.0
KH Pandya,Umran Malik,12,18,2,2,150.0
KH Pandya,V Nigam,16,20,2,3,125.0
KH Pandya,V Viyaskanth,22,12,0,2,54.55
KH Pandya,VG Arora,6,6,0,3,100.0
KH Pandya,VR Aaron,6,12,0,2,200.0
KH Pandya,WG Jacks,14,16,0,2,114.29
KH Pandya,Washington Sundar,20,16,0,3,80.0
KH Pandya,YS Chahal,80,108,4,11,135.0
KH Pandya,Z Khan,30,54,0,4,180.0
KJ Abbott,AD Russell,6,20,0,2,333.33
KJ Abbott,UT Yadav,6,4,0,2,66.67
KK Cooper,DW Steyn,10,22,2,2,220.0
KK Cooper,Harbhajan Singh,16,20,2,3,125.0
KK Cooper,Imran Tahir,16,20,0,2,125.0
KK Cooper,Iqbal Abdulla,6,8,0,2,133.33
KK Cooper,JP Faulkner,6,22,0,2,366.67
KK Cooper,NLTC Perera,10,26,0,2,260.0
KK Cooper,PP Ojha,8,6,0,2,75.0
KK Cooper,S Nadeem,12,32,0,2,266.67
KK Cooper,SL Malinga,8,14,0,2,175.0
KK Cooper,Z Khan,8,16,2,2,200.0
KK Nair,A Kamboj,10,14,0,2,140.0
KK Nair,A Mishra,84,122,4,6,145.24
KK Nair,A Zampa,36,40,2,3,111.11
KK Nair,AB Dinda,44,66,0,4,150.0
KK Nair,AD Mathews,18,20,0,2,111.11
KK Nair,AD Russell,50,56,2,6,112.0
KK Nair,AJ Hosein,8,2,0,2,25.0
KK Nair,AK Markram,6,12,2,2,200.0
KK Nair,AR Patel,30,38,4,5,126.67
KK Nair,AS Roy,18,22,2,3,122.22
KK Nair,Anureet Singh,22,24,4,4,109.09
KK Nair,Arshad Khan,12,26,0,2,216.67
KK Nair,Avesh Khan,26,30,0,3,115.38
KK Nair,B Kumar,54,58,4,7,107.41
KK Nair,BA Stokes,30,48,2,3,160.0
KK Nair,BB Sran,36,74,0,3,205.56
KK Nair,BCJ Cutting,8,26,0,2,325.0
KK Nair,BE Hendricks,6,14,0,2,233.33
KK Nair,Basil Thampi,12,18,0,4,150.0
KK Nair,CH Morris,6,10,0,2,166.67
KK Nair,CJ Jordan,18,16,0,3,88.89
KK Nair,CR Woakes,20,24,0,4,120.0
KK Nair,D Wiese,50,56,0,4,112.0
KK Nair,DJ Bravo,36,82,4,4,227.78
KK Nair,DJ Hooda,18,24,0,3,133.33
KK Nair,DL Chahar,22,36,0,3,163.64
KK Nair,DR Smith,6,24,0,2,400.0
KK Nair,DS Kulkarni,12,14,2,3,116.67
KK Nair,DS Rathi,6,2,0,2,33.33
KK Nair,DT Christian,36,50,2,4,138.89
KK Nair,DW Steyn,12,18,2,3,150.0
KK Nair,GB Hogg,16,16,0,2,100.0
KK Nair,GJ Maxwell,8,4,0,2,50.0
KK Nair,GS Sandhu,16,38,0,2,237.5
KK Nair,HH Pandya,26,38,4,4,146.15
KK Nair,HV Patel,36,62,2,5,172.22
KK Nair,Harbhajan Singh,42,40,8,7,95.24
KK Nair,Harpreet Brar,10,14,2,2,140.0
KK Nair,I Sharma,14,6,0,3,42.86
KK Nair,IK Pathan,20,22,0,2,110.0
KK Nair,Imran Tahir,20,26,0,3,130.0
KK Nair,Iqbal Abdulla,10,16,0,2,160.0
KK Nair,JA Morkel,8,18,0,2,225.0
KK Nair,JC Archer,12,2,2,3,16.67
KK Nair,JD Unadkat,52,82,0,4,157.69
KK Nair,JJ Bumrah,34,66,4,7,194.12
KK Nair,JO Holder,20,28,0,2,140.0
KK Nair,JPR Scantlebury-Searles,6,4,0,2,66.67
KK Nair,JR Hazlewood,8,18,0,3,225.0
KK Nair,JW Hastings,10,0,2,2,0.0
KK Nair,K Khejroliya,14,14,2,2,100.0
KK Nair,K Santokie,16,32,0,2,200.0
KK Nair,KA Pollard,18,28,0,3,155.56
KK Nair,KC Cariappa,10,10,2,2,100.0
KK Nair,KH Pandya,14,10,2,4,71.43
KK Nair,KV Sharma,36,52,0,5,144.44
KK Nair,Kuldeep Yadav,8,18,0,2,225.0
KK Nair,L Balaji,6,8,2,2,133.33
KK Nair,LE Plunkett,12,4,2,2,33.33
KK Nair,M Jansen,24,32,0,2,133.33
KK Nair,M Markande,6,4,0,2,66.67
KK Nair,M Morkel,8,4,0,3,50.0
KK Nair,M Prasidh Krishna,12,14,2,2,116.67
KK Nair,MA Starc,30,30,2,3,100.0
KK Nair,MC Henriques,42,76,4,6,180.95
KK Nair,MG Johnson,26,14,0,3,53.85
KK Nair,MJ McClenaghan,34,54,4,6,158.82
KK Nair,MJ Santner,8,12,2,2,150.0
KK Nair,MM Sharma,18,10,0,4,55.56
KK Nair,MP Stoinis,6,12,0,3,200.0
KK Nair,Mohammed Shami,42,52,0,3,123.81
KK Nair,Mohammed Siraj,36,52,2,5,144.44
KK Nair,Mustafizur Rahman,28,24,0,3,85.71
KK Nair,NLTC Perera,22,6,0,3,27.27
KK Nair,NM Coulter-Nile,42,46,4,4,109.52
KK Nair,Noor Ahmad,8,10,2,2,125.0
KK Nair,P Dubey,14,36,0,2,257.14
KK Nair,P Kumar,10,8,0,3,80.0
KK Nair,P Negi,10,12,0,2,120.0
KK Nair,PJ Sangwan,20,30,2,3,150.0
KK Nair,PP Chawla,8,12,0,2,150.0
KK Nair,PP Ojha,28,70,0,3,250.0
KK Nair,R Ashwin,28,26,2,5,92.86
KK Nair,R Bhatia,12,6,2,2,50.0
KK Nair,R Rampaul,14,6,0,2,42.86
KK Nair,R Sharma,10,28,0,2,280.0
KK Nair,R Tewatia,16,12,0,3,75.0
KK Nair,R Vinay Kumar,24,14,2,5,58.33
KK Nair,RA Jadeja,44,44,2,5,100.0
KK Nair,RN ten Doeschate,12,16,0,2,133.33
KK Nair,RS Bopara,6,0,2,2,0.0
KK Nair,Rashid Khan,36,34,2,6,94.44
KK Nair,S Aravind,14,20,0,4,142.86
KK Nair,S Badree,6,2,2,2,33.33
KK Nair,S Dube,10,18,0,2,180.0
KK Nair,S Gopal,30,62,0,4,206.67
KK Nair,S Kaul,54,88,2,6,162.96
KK Nair,S Nadeem,14,10,2,3,71.43
KK Nair,SL Malinga,8,2,0,3,25.0
KK Nair,SM Boland,10,20,0,2,200.0
KK Nair,SN Thakur,32,64,0,5,200.0
KK Nair,SP Narine,60,54,2,7,90.0
KK Nair,SR Watson,26,22,2,4,84.62
KK Nair,Sandeep Sharma,30,38,0,5,126.67
KK Nair,Shakib Al Hasan,42,54,2,4,128.57
KK Nair,Shivam Mavi,8,6,2,3,75.0
KK Nair,Shivam Sharma,8,18,0,2,225.0
KK Nair,TA Boult,16,38,0,3,237.5
KK Nair,TG Southee,10,14,0,2,140.0
KK Nair,UT Yadav,50,76,4,8,152.0
KK Nair,VG Arora,14,12,2,2,85.71
KK Nair,VR Aaron,12,0,2,3,0.0
KK Nair,WD Parnell,16,26,0,2,162.5
KK Nair,Washington Sundar,32,36,0,3,112.5
KK Nair,YS Chahal,76,98,2,8,128.95
KK Nair,Yuvraj Singh,26,34,2,3,130.77
KL Nagarkoti,AS Rajpoot,8,14,0,2,175.0
KL Nagarkoti,CH Morris,8,4,2,2,50.0
KL Nagarkoti,M Ashwin,14,2,2,2,14.29
KL Nagarkoti,Ravi Bishnoi,12,10,0,2,83.33
KL Rahul,A Kamboj,20,20,0,4,100.0
KL Rahul,A Mishra,34,94,0,4,276.47
KL Rahul,A Nehra,48,52,2,4,108.33
KL Rahul,A Nortje,16,20,0,2,125.0
KL Rahul,A Zampa,14,6,2,2,42.86
KL Rahul,AB Dinda,30,40,2,3,133.33
KL Rahul,AD Mathews,6,4,2,2,66.67
KL Rahul,AD Russell,46,74,2,6,160.87
KL Rahul,AF Milne,14,30,0,2,214.29
KL Rahul,AJ Hosein,22,34,2,3,154.55
KL Rahul,AK Markram,22,36,0,3,163.64
KL Rahul,AN Ahmed,14,22,0,2,157.14
KL Rahul,AR Patel,78,60,4,7,76.92
KL Rahul,AS Joseph,18,38,0,2,211.11
KL Rahul,AS Rajpoot,20,20,2,2,100.0
KL Rahul,AS Roy,20,32,2,4,160.0
KL Rahul,AU Rashid,16,22,2,2,137.5
KL Rahul,Abdul Samad,6,12,0,2,200.0
KL Rahul,Abhishek Sharma,10,8,2,4,80.0
KL Rahul,Anureet Singh,36,54,0,5,150.0
KL Rahul,Arshad Khan,14,24,0,3,171.43
KL Rahul,Arshdeep Singh,112,180,6,7,160.71
KL Rahul,Ashok Sharma,18,36,0,2,200.0
KL Rahul,Avesh Khan,92,140,2,6,152.17
KL Rahul,Azhar Mahmood,8,16,2,2,200.0
KL Rahul,Azmatullah Omarzai,18,26,0,2,144.44
KL Rahul,B Kumar,208,224,4,14,107.69
KL Rahul,BA Stokes,58,70,2,6,120.69
KL Rahul,BB Sran,12,26,0,3,216.67
KL Rahul,BCJ Cutting,14,30,2,3,214.29
KL Rahul,BE Hendricks,6,2,0,2,33.33
KL Rahul,Bipul Sharma,8,14,0,2,175.0
KL Rahul,Brijesh Sharma,22,26,0,3,118.18
KL Rahul,C Green,10,26,0,2,260.0
KL Rahul,C Sakariya,72,122,6,5,169.44
KL Rahul,CH Morris,80,144,2,6,180.0
KL Rahul,CJ Jordan,6,2,0,2,33.33
KL Rahul,CR Woakes,36,48,0,3,133.33
KL Rahul,CV Varun,106,106,2,8,100.0
KL Rahul,D Madushanka,8,6,0,2,75.0
KL Rahul,DJ Bravo,76,104,0,6,136.84
KL Rahul,DJ Willey,14,12,0,2,85.71
KL Rahul,DJG Sammy,8,16,0,2,200.0
KL Rahul,DL Chahar,206,320,2,14,155.34
KL Rahul,DR Sams,66,100,0,4,151.52
KL Rahul,DR Smith,6,4,2,2,66.67
KL Rahul,DS Kulkarni,60,70,8,8,116.67
KL Rahul,DS Rathi,16,10,0,2,62.5
KL Rahul,DT Christian,6,4,0,2,66.67
KL Rahul,DW Steyn,36,96,0,2,266.67
KL Rahul,E Malinga,16,20,0,3,125.0
KL Rahul,FA Allen,18,42,0,2,233.33
KL Rahul,Fazalhaq Farooqi,12,6,0,2,50.0
KL Rahul,GHS Garton,8,8,0,2,100.0
KL Rahul,GJ Maxwell,28,38,2,4,135.71
KL Rahul,Gurnoor Brar,14,12,0,2,85.71
KL Rahul,HH Pandya,110,192,2,10,174.55
KL Rahul,HR Shokeen,18,14,0,2,77.78
KL Rahul,HV Patel,62,90,2,6,145.16
KL Rahul,Harbhajan Singh,108,162,6,9,150.0
KL Rahul,Harpreet Brar,14,28,0,3,200.0
KL Rahul,Harshit Rana,16,28,2,3,175.0
KL Rahul,I Sharma,40,44,2,5,110.0
KL Rahul,I Udana,12,8,0,2,66.67
KL Rahul,IC Pandey,6,4,0,2,66.67
KL Rahul,IS Sodhi,46,42,0,3,91.3
KL Rahul,Imran Tahir,48,44,0,6,91.67
KL Rahul,J Suchith,48,46,0,3,95.83
KL Rahul,J Yadav,44,36,0,4,81.82
KL Rahul,JC Archer,146,216,4,9,147.95
KL Rahul,JD Unadkat,138,228,4,8,165.22
KL Rahul,JJ Bumrah,244,300,6,15,122.95
KL Rahul,JO Holder,16,18,4,4,112.5
KL Rahul,JP Behrendorff,28,20,0,2,71.43
KL Rahul,JP Faulkner,6,4,0,2,66.67
KL Rahul,JPR Scantlebury-Searles,12,28,0,2,233.33
KL Rahul,JR Hazlewood,124,214,4,9,172.58
KL Rahul,K Gowtham,44,46,0,3,104.55
KL Rahul,K Khejroliya,8,14,0,2,175.0
KL Rahul,K Rabada,118,194,8,11,164.41
KL Rahul,KA Jamieson,14,20,0,2,142.86
KL Rahul,KA Pollard,54,74,2,7,137.04
KL Rahul,KH Pandya,196,206,2,12,105.1
KL Rahul,KK Ahmed,82,104,4,9,126.83
KL Rahul,KL Nagarkoti,20,36,0,2,180.0
KL Rahul,KV Sharma,16,18,2,3,112.5
KL Rahul,Kartik Tyagi,32,68,2,5,212.5
KL Rahul,Kuldeep Yadav,40,68,4,5,170.0
KL Rahul,L Balaji,14,6,0,2,42.86
KL Rahul,L Ngidi,16,8,4,3,50.0
KL Rahul,LH Ferguson,8,0,2,2,0.0
KL Rahul,LI Meriwala,12,16,0,2,133.33
KL Rahul,LS Livingstone,8,24,0,2,300.0
KL Rahul,Lalit Yadav,22,44,0,4,200.0
KL Rahul,M Ashwin,18,28,0,2,155.56
KL Rahul,M Jansen,28,62,2,3,221.43
KL Rahul,M Markande,32,62,2,4,193.75
KL Rahul,M Morkel,12,16,0,4,133.33
KL Rahul,M Pathirana,40,46,4,3,115.0
KL Rahul,M Prasidh Krishna,120,204,6,9,170.0
KL Rahul,M Theekshana,24,40,0,2,166.67
KL Rahul,MA Starc,18,32,0,4,177.78
KL Rahul,MC Henriques,18,24,2,3,133.33
KL Rahul,MD Shanaka,16,24,2,2,150.0
KL Rahul,MJ McClenaghan,112,150,4,8,133.93
KL Rahul,MJ Santner,18,18,0,3,100.0
KL Rahul,MK Lomror,18,26,0,3,144.44
KL Rahul,MM Ali,22,26,4,5,118.18
KL Rahul,MM Sharma,80,92,6,8,115.0
KL Rahul,MP Stoinis,32,68,0,4,212.5
KL Rahul,MW Short,12,6,0,2,50.0
KL Rahul,Mohammad Nabi,42,110,0,4,261.9
KL Rahul,Mohammed Shami,72,86,6,7,119.44
KL Rahul,Mohammed Siraj,182,294,4,11,161.54
KL Rahul,Mukesh Choudhary,54,82,0,4,151.85
KL Rahul,Mukesh Kumar,18,20,0,3,111.11
KL Rahul,Mustafizur Rahman,92,128,2,8,139.13
KL Rahul,N Burger,40,64,0,3,160.0
KL Rahul,N Rana,16,20,0,4,125.0
KL Rahul,N Thushara,38,48,0,3,126.32
KL Rahul,N Wadhera,14,10,0,2,71.43
KL Rahul,NA Saini,70,100,0,5,142.86
KL Rahul,NLTC Perera,18,22,2,3,122.22
KL Rahul,NM Coulter-Nile,22,26,0,3,118.18
KL Rahul,Nithish Kumar Reddy,22,46,0,2,209.09
KL Rahul,Noor Ahmad,56,84,0,4,150.0
KL Rahul,P Kumar,6,18,0,2,300.0
KL Rahul,P Negi,12,8,0,2,66.67
KL Rahul,PJ Cummins,82,112,4,6,136.59
KL Rahul,PP Chawla,60,100,6,7,166.67
KL Rahul,PP Ojha,26,24,0,3,92.31
KL Rahul,PV Tambe,28,16,0,4,57.14
KL Rahul,PWH de Silva,36,44,0,3,122.22
KL Rahul,Prince Yadav,16,26,0,2,162.5
KL Rahul,R Ashwin,110,124,0,7,112.73
KL Rahul,R Bhatia,34,38,2,4,111.76
KL Rahul,R Dhawan,12,20,0,2,166.67
KL Rahul,R Parag,12,16,0,3,133.33
KL Rahul,R Sai Kishore,16,32,0,2,200.0
KL Rahul,R Shepherd,14,20,0,3,142.86
KL Rahul,R Tewatia,38,48,0,6,126.32
KL Rahul,R Vinay Kumar,22,20,0,3,90.91
KL Rahul,RA Jadeja,120,160,0,10,133.33
KL Rahul,RD Chahar,90,94,2,6,104.44
KL Rahul,RP Meredith,22,42,0,2,190.91
KL Rahul,RP Singh,16,16,0,2,100.0
KL Rahul,Rashid Khan,140,130,6,10,92.86
KL Rahul,Rasikh Salam,10,14,0,2,140.0
KL Rahul,Ravi Bishnoi,34,76,0,3,223.53
KL Rahul,S Dube,18,54,0,3,300.0
KL Rahul,S Gopal,80,84,0,6,105.0
KL Rahul,S Kaul,38,70,0,4,184.21
KL Rahul,S Lamichhane,8,20,2,2,250.0
KL Rahul,S Sandeep Warrier,10,2,2,2,20.0
KL Rahul,SA Abbott,6,4,0,2,66.67
KL Rahul,SB Jakati,14,20,0,2,142.86
KL Rahul,SC Kuggeleijn,10,10,2,2,100.0
KL Rahul,SH Johnson,16,20,0,2,125.0
KL Rahul,SL Malinga,30,36,2,3,120.0
KL Rahul,SM Curran,50,58,0,6,116.0
KL Rahul,SN Thakur,86,164,4,8,190.7
KL Rahul,SP Narine,194,282,4,14,145.36
KL Rahul,SR Dubey,8,4,0,2,50.0
KL Rahul,Sandeep Sharma,184,206,2,15,111.96
KL Rahul,Shahbaz Ahmed,84,82,2,7,97.62
KL Rahul,Shakib Al Hasan,6,2,0,2,33.33
KL Rahul,Shivam Mavi,54,60,0,4,111.11
KL Rahul,Sikandar Raza,12,22,0,2,183.33
KL Rahul,Suyash Sharma,72,74,0,4,102.78
KL Rahul,T Natarajan,44,28,2,5,63.64
KL Rahul,TA Boult,142,216,6,13,152.11
KL Rahul,TG Southee,86,128,0,8,148.84
KL Rahul,TK Curran,18,32,0,2,177.78
KL Rahul,TS Mills,24,66,0,2,275.0
KL Rahul,TU Deshpande,54,64,0,7,118.52
KL Rahul,Tilak Varma,10,12,0,2,120.0
KL Rahul,UT Yadav,124,160,2,10,129.03
KL Rahul,Umran Malik,20,26,0,3,130.0
KL Rahul,V Viyaskanth,8,6,0,2,75.0
KL Rahul,VG Arora,32,40,0,5,125.0
KL Rahul,VR Aaron,28,56,0,3,200.0
KL Rahul,VR Iyer,18,26,2,2,144.44
KL Rahul,Vijaykumar Vyshak,24,74,0,2,308.33
KL Rahul,WD Parnell,6,6,0,2,100.0
KL Rahul,Washington Sundar,68,102,2,7,150.0
KL Rahul,XC Bartlett,18,36,0,2,200.0
KL Rahul,YS Chahal,194,296,2,13,152.58
KL Rahul,Yash Dayal,50,94,0,5,188.0
KL Rahul,Yash Raj Punja,30,32,0,2,106.67
KL Rahul,Yuvraj Singh,8,16,0,2,200.0
KL Rahul,Z Khan,24,24,0,3,100.0
KM Jadhav,A Ashish Reddy,6,2,0,2,33.33
KM Jadhav,A Kumble,14,12,0,2,85.71
KM Jadhav,A Mishra,66,92,2,7,139.39
KM Jadhav,A Mithun,6,6,0,2,100.0
KM Jadhav,A Nehra,14,34,0,3,242.86
KM Jadhav,A Nortje,12,4,4,3,33.33
KM Jadhav,AB Dinda,10,18,2,2,180.0
KM Jadhav,AD Russell,14,6,0,3,42.86
KM Jadhav,AJ Tye,26,48,0,3,184.62
KM Jadhav,AN Ahmed,18,46,0,2,255.56
KM Jadhav,AR Patel,24,22,2,5,91.67
KM Jadhav,Abhishek Sharma,6,4,0,2,66.67
KM Jadhav,Akash Madhwal,6,4,0,2,66.67
KM Jadhav,Ankit Soni,8,18,0,2,225.0
KM Jadhav,Anureet Singh,6,4,0,2,66.67
KM Jadhav,Avesh Khan,22,30,0,3,136.36
KM Jadhav,B Kumar,64,78,0,8,121.88
KM Jadhav,BA Stokes,12,24,0,4,200.0
KM Jadhav,BAW Mendis,6,4,2,2,66.67
KM Jadhav,BCJ Cutting,8,16,0,2,200.0
KM Jadhav,BW Hilfenhaus,10,10,0,2,100.0
KM Jadhav,Basil Thampi,12,24,0,2,200.0
KM Jadhav,C Green,6,10,0,2,166.67
KM Jadhav,CH Morris,24,18,2,3,75.0
KM Jadhav,CR Brathwaite,16,48,0,2,300.0
KM Jadhav,CR Woakes,8,10,2,2,125.0
KM Jadhav,CV Varun,6,0,0,2,0.0
KM Jadhav,D Wiese,10,10,0,2,100.0
KM Jadhav,DJ Bravo,10,16,0,3,160.0
KM Jadhav,DS Kulkarni,12,8,4,6,66.67
KM Jadhav,DT Christian,20,20,0,3,100.0
KM Jadhav,DW Steyn,28,30,2,5,107.14
KM Jadhav,HF Gurney,8,4,0,2,50.0
KM Jadhav,HH Pandya,22,14,0,3,63.64
KM Jadhav,HV Patel,16,12,4,3,75.0
KM Jadhav,Harbhajan Singh,12,10,2,2,83.33
KM Jadhav,Harpreet Brar,12,16,0,2,133.33
KM Jadhav,I Sharma,26,42,2,4,161.54
KM Jadhav,IC Pandey,12,14,0,2,116.67
KM Jadhav,IK Pathan,6,4,0,2,66.67
KM Jadhav,Imran Tahir,28,24,0,3,85.71
KM Jadhav,Iqbal Abdulla,26,26,0,3,100.0
KM Jadhav,J Botha,6,16,0,2,266.67
KM Jadhav,J Suchith,16,20,0,2,125.0
KM Jadhav,JA Morkel,10,6,4,3,60.0
KM Jadhav,JC Archer,14,2,2,3,14.29
KM Jadhav,JD Unadkat,18,14,4,5,77.78
KM Jadhav,JH Kallis,24,36,0,3,150.0
KM Jadhav,JJ Bumrah,74,82,0,8,110.81
KM Jadhav,JP Behrendorff,8,4,0,2,50.0
KM Jadhav,JP Faulkner,26,48,0,3,184.62
KM Jadhav,K Rabada,14,16,2,5,114.29
KM Jadhav,KH Pandya,36,28,2,5,77.78
KM Jadhav,KK Ahmed,8,2,0,2,25.0
KM Jadhav,KMA Paul,18,12,0,2,66.67
KM Jadhav,KP Appanna,12,8,0,2,66.67
KM Jadhav,KV Sharma,14,18,2,4,128.57
KM Jadhav,KW Richardson,20,44,0,3,220.0
KM Jadhav,Kartik Tyagi,8,2,0,3,25.0
KM Jadhav,Kuldeep Yadav,12,22,0,2,183.33
KM Jadhav,L Balaji,10,14,0,2,140.0
KM Jadhav,LH Ferguson,10,0,0,2,0.0
KM Jadhav,M Kartik,6,6,0,2,100.0
KM Jadhav,M Markande,14,22,0,2,157.14
KM Jadhav,MA Starc,14,36,0,3,257.14
KM Jadhav,MC Henriques,22,30,0,4,136.36
KM Jadhav,MJ McClenaghan,14,12,2,3,85.71
KM Jadhav,MM Ali,8,4,0,2,50.0
KM Jadhav,MM Sharma,30,40,4,5,133.33
KM Jadhav,Mohammed Shami,14,6,2,4,42.86
KM Jadhav,Mustafizur Rahman,44,54,0,5,122.73
KM Jadhav,NA Saini,6,2,0,2,33.33
KM Jadhav,NLTC Perera,20,26,0,2,130.0
KM Jadhav,NM Coulter-Nile,10,16,2,2,160.0
KM Jadhav,P Awana,8,0,2,2,0.0
KM Jadhav,P Kumar,24,70,0,4,291.67
KM Jadhav,PJ Cummins,12,8,0,3,66.67
KM Jadhav,PP Chawla,18,26,4,4,144.44
KM Jadhav,PV Tambe,8,6,0,3,75.0
KM Jadhav,R Ashwin,50,54,0,6,108.0
KM Jadhav,R Bhatia,8,16,0,3,200.0
KM Jadhav,R Rampaul,6,18,0,2,300.0
KM Jadhav,R Tewatia,36,52,0,4,144.44
KM Jadhav,R Vinay Kumar,38,74,0,5,194.74
KM Jadhav,RA Jadeja,50,78,2,6,156.0
KM Jadhav,RD Chahar,24,18,0,3,75.0
KM Jadhav,RP Singh,10,16,0,2,160.0
KM Jadhav,RS Bopara,10,26,0,2,260.0
KM Jadhav,Rashid Khan,16,12,2,4,75.0
KM Jadhav,Ravi Bishnoi,8,4,2,2,50.0
KM Jadhav,S Gopal,16,32,0,2,200.0
KM Jadhav,S Nadeem,14,10,0,2,71.43
KM Jadhav,SK Trivedi,30,22,2,4,73.33
KM Jadhav,SK Warne,8,4,2,2,50.0
KM Jadhav,SL Malinga,40,54,4,6,135.0
KM Jadhav,SM Curran,6,22,0,2,366.67
KM Jadhav,SP Narine,42,64,0,7,152.38
KM Jadhav,SR Watson,16,20,0,3,125.0
KM Jadhav,STR Binny,6,8,0,2,133.33
KM Jadhav,Sandeep Sharma,16,18,2,5,112.5
KM Jadhav,Shakib Al Hasan,6,4,2,2,66.67
KM Jadhav,UT Yadav,32,24,4,5,75.0
KM Jadhav,VR Aaron,16,12,2,4,75.0
KM Jadhav,YK Pathan,6,6,0,2,100.0
KM Jadhav,YS Chahal,10,6,0,3,60.0
KM Jadhav,Yuvraj Singh,18,12,0,3,66.67
KM Jadhav,Z Khan,38,56,2,4,147.37
KMA Paul,B Kumar,6,12,2,3,200.0
KMA Paul,DJ Bravo,12,2,2,3,16.67
KMA Paul,KK Ahmed,6,10,0,2,166.67
KMA Paul,MJ McClenaghan,6,6,2,2,100.0
KP Pietersen,A Mishra,44,60,2,6,136.36
KP Pietersen,A Nehra,34,52,0,4,152.94
KP Pietersen,AA Chavan,26,18,2,3,69.23
KP Pietersen,AC Thomas,12,4,0,3,33.33
KP Pietersen,AC Voges,10,26,0,2,260.0
KP Pietersen,AD Mascarenhas,28,20,0,2,71.43
KP Pietersen,AD Mathews,10,38,0,2,380.0
KP Pietersen,AN Ahmed,12,10,0,2,83.33
KP Pietersen,AR Patel,40,60,2,4,150.0
KP Pietersen,Ankit Sharma,20,26,0,2,130.0
KP Pietersen,B Kumar,14,20,0,2,142.86
KP Pietersen,B Lee,8,8,0,2,100.0
KP Pietersen,BCJ Cutting,6,6,0,2,100.0
KP Pietersen,BE Hendricks,18,46,0,2,255.56
KP Pietersen,BJ Hodge,10,10,2,2,100.0
KP Pietersen,Bipul Sharma,18,16,0,2,88.89
KP Pietersen,CRD Fernando,6,4,0,2,66.67
KP Pietersen,DJ Bravo,18,26,2,3,144.44
KP Pietersen,DJG Sammy,8,16,0,2,200.0
KP Pietersen,DL Vettori,14,38,2,3,271.43
KP Pietersen,DP Nannes,6,16,0,2,266.67
KP Pietersen,DS Kulkarni,10,2,0,2,20.0
KP Pietersen,DT Christian,24,38,0,2,158.33
KP Pietersen,DW Steyn,36,30,2,4,83.33
KP Pietersen,GB Hogg,18,32,0,2,177.78
KP Pietersen,Harbhajan Singh,60,90,6,6,150.0
KP Pietersen,Harmeet Singh,10,8,0,3,80.0
KP Pietersen,I Sharma,6,4,0,2,66.67
KP Pietersen,IK Pathan,24,48,0,2,200.0
KP Pietersen,JA Morkel,14,30,0,2,214.29
KP Pietersen,JJ Bumrah,18,28,0,2,155.56
KP Pietersen,JP Duminy,22,56,0,2,254.55
KP Pietersen,JP Faulkner,16,24,0,4,150.0
KP Pietersen,KA Pollard,10,10,0,2,100.0
KP Pietersen,KK Cooper,6,2,0,2,33.33
KP Pietersen,KV Sharma,22,26,0,3,118.18
KP Pietersen,Kamran Khan,30,60,0,3,200.0
KP Pietersen,Karanveer Singh,14,16,0,2,114.29
KP Pietersen,LJ Wright,10,6,0,2,60.0
KP Pietersen,M Kartik,22,24,0,4,109.09
KP Pietersen,M Muralitharan,12,6,2,4,50.0
KP Pietersen,M de Lange,10,26,0,2,260.0
KP Pietersen,MA Starc,8,4,0,2,50.0
KP Pietersen,MC Henriques,6,22,0,2,366.67
KP Pietersen,MF Maharoof,10,0,0,2,0.0
KP Pietersen,MG Johnson,12,26,0,2,216.67
KP Pietersen,MM Patel,12,14,0,2,116.67
KP Pietersen,MM Sharma,10,4,2,3,40.0
KP Pietersen,P Awana,22,20,0,2,90.91
KP Pietersen,PJ Sangwan,10,8,2,3,80.0
KP Pietersen,PP Chawla,14,28,0,2,200.0
KP Pietersen,PP Ojha,46,50,2,6,108.7
KP Pietersen,PV Tambe,32,32,2,4,100.0
KP Pietersen,Pankaj Singh,16,20,0,2,125.0
KP Pietersen,R Ashwin,12,22,0,2,183.33
KP Pietersen,R Bhatia,32,26,2,4,81.25
KP Pietersen,R Dhawan,26,42,2,3,161.54
KP Pietersen,R Sharma,38,58,2,4,152.63
KP Pietersen,R Shukla,10,30,0,2,300.0
KP Pietersen,RA Jadeja,26,36,0,3,138.46
KP Pietersen,RG Sharma,16,34,0,2,212.5
KP Pietersen,RJ Peterson,26,46,0,2,176.92
KP Pietersen,RP Singh,28,30,2,4,107.14
KP Pietersen,S Gopal,14,12,0,3,85.71
KP Pietersen,SB Jakati,40,46,0,4,115.0
KP Pietersen,SC Ganguly,8,4,2,4,50.0
KP Pietersen,SJ Srivastava,12,24,0,2,200.0
KP Pietersen,SK Warne,12,30,0,2,250.0
KP Pietersen,SL Malinga,24,28,0,4,116.67
KP Pietersen,SP Narine,10,10,0,2,100.0
KP Pietersen,SR Watson,32,36,2,3,112.5
KP Pietersen,Sandeep Sharma,28,24,0,3,85.71
KP Pietersen,Shakib Al Hasan,14,2,0,2,14.29
KP Pietersen,T Henderson,8,10,2,2,125.0
KP Pietersen,T Thushara,6,14,0,2,233.33
KP Pietersen,V Pratap Singh,16,20,0,2,125.0
KP Pietersen,YS Chahal,16,22,2,2,137.5
KP Pietersen,Yuvraj Singh,26,34,0,3,130.77
KP Pietersen,Z Khan,16,18,0,3,112.5
KR Mayers,AR Patel,20,50,2,2,250.0
KR Mayers,Arshdeep Singh,14,34,0,3,242.86
KR Mayers,B Kumar,22,10,0,3,45.45
KR Mayers,BA Stokes,8,30,0,2,375.0
KR Mayers,C Sakariya,6,8,0,2,133.33
KR Mayers,DL Chahar,40,68,0,3,170.0
KR Mayers,Fazalhaq Farooqi,20,8,2,3,40.0
KR Mayers,Gurnoor Brar,12,22,0,2,183.33
KR Mayers,HH Pandya,18,32,0,2,177.78
KR Mayers,Harpreet Brar,10,2,2,2,20.0
KR Mayers,J Yadav,18,26,0,2,144.44
KR Mayers,JO Holder,14,18,0,2,128.57
KR Mayers,JP Behrendorff,22,32,0,2,145.45
KR Mayers,K Rabada,26,46,2,3,176.92
KR Mayers,KK Ahmed,18,10,0,2,55.56
KR Mayers,Kuldeep Yadav,14,34,0,2,242.86
KR Mayers,MM Ali,10,12,4,3,120.0
KR Mayers,MM Sharma,10,4,2,3,40.0
KR Mayers,MW Short,12,14,0,2,116.67
KR Mayers,Mohammed Shami,20,28,0,3,140.0
KR Mayers,Mohammed Siraj,10,0,4,3,0.0
KR Mayers,Mukesh Kumar,18,44,0,2,244.44
KR Mayers,Noor Ahmad,16,20,0,2,125.0
KR Mayers,R Ashwin,14,8,2,2,57.14
KR Mayers,Rashid Khan,20,34,2,3,170.0
KR Mayers,SM Curran,8,14,0,2,175.0
KR Mayers,Sandeep Sharma,14,14,0,2,100.0
KR Mayers,Sikandar Raza,12,34,0,2,283.33
KR Mayers,TA Boult,22,16,0,2,72.73
KR Mayers,TU Deshpande,20,24,0,3,120.0
KR Mayers,Washington Sundar,6,10,0,2,166.67
KR Mayers,YS Chahal,20,46,0,2,230.0
KR Sen,Yash Dayal,6,0,0,2,0.0
KS Bharat,A Nortje,16,14,0,2,87.5
KS Bharat,AD Russell,8,8,2,2,100.0
KS Bharat,AR Patel,18,50,0,2,277.78
KS Bharat,Avesh Khan,24,32,0,2,133.33
KS Bharat,C Sakariya,6,6,0,2,100.0
KS Bharat,CH Morris,12,24,0,2,200.0
KS Bharat,CV Varun,8,4,0,2,50.0
KS Bharat,JJ Bumrah,8,12,0,2,150.0
KS Bharat,JO Holder,6,2,0,2,33.33
KS Bharat,K Rabada,28,44,0,2,157.14
KS Bharat,KH Pandya,12,8,0,2,66.67
KS Bharat,Kartik Tyagi,6,4,0,2,66.67
KS Bharat,LH Ferguson,16,10,0,3,62.5
KS Bharat,M Prasidh Krishna,14,6,0,2,42.86
KS Bharat,MK Lomror,12,16,0,2,133.33
KS Bharat,Mustafizur Rahman,10,10,2,2,100.0
KS Bharat,R Tewatia,24,28,0,2,116.67
KS Bharat,RD Chahar,16,32,2,2,200.0
KS Bharat,RV Patel,16,14,0,2,87.5
KS Bharat,S Kaul,8,22,0,2,275.0
KS Bharat,SP Narine,10,14,2,3,140.0
KS Bharat,Shakib Al Hasan,14,8,0,2,57.14
KS Bharat,Simarjeet Singh,10,16,2,2,160.0
KS Bharat,TA Boult,14,10,2,3,71.43
KS Bharat,Umran Malik,6,0,2,2,0.0
KS Rathore,MM Ali,6,0,2,2,0.0
KS Sharma,DL Chahar,6,2,0,2,33.33
KS Sharma,MM Ali,16,8,2,2,50.0
KS Sharma,RA Jadeja,8,6,0,2,75.0
KS Sharma,VG Arora,6,4,0,2,66.67
KS Sharma,Yash Dayal,6,8,2,2,133.33
KS Williamson,A Mishra,146,192,0,10,131.51
KS Williamson,A Nehra,8,8,0,2,100.0
KS Williamson,A Nortje,46,46,2,6,100.0
KS Williamson,A Zampa,36,22,2,3,61.11
KS Williamson,AB Dinda,6,2,0,2,33.33
KS Williamson,AD Mathews,18,50,0,2,277.78
KS Williamson,AD Russell,16,20,4,5,125.0
KS Williamson,AJ Tye,14,12,2,2,85.71
KS Williamson,AR Patel,110,126,2,8,114.55
KS Williamson,AS Rajpoot,6,0,2,2,0.0
KS Williamson,Arshdeep Singh,22,18,0,5,81.82
KS Williamson,Avesh Khan,36,50,2,5,138.89
KS Williamson,B Laughlin,12,14,0,2,116.67
KS Williamson,BA Stokes,28,50,2,6,178.57
KS Williamson,BB Sran,14,8,0,2,57.14
KS Williamson,C Sakariya,32,30,0,3,93.75
KS Williamson,C de Grandhomme,18,40,0,4,222.22
KS Williamson,CH Morris,40,36,4,6,90.0
KS Williamson,CJ Jordan,14,14,0,2,100.0
KS Williamson,CR Woakes,16,34,0,2,212.5
KS Williamson,CV Varun,8,4,0,3,50.0
KS Williamson,D Pretorius,10,18,2,2,180.0
KS Williamson,DG Nalkande,12,10,0,2,83.33
KS Williamson,DJ Bravo,68,102,4,9,150.0
KS Williamson,DJ Hooda,10,4,0,2,40.0
KS Williamson,DJM Short,6,2,0,2,33.33
KS Williamson,DL Chahar,96,126,0,8,131.25
KS Williamson,DS Kulkarni,20,22,0,4,110.0
KS Williamson,DT Christian,24,28,2,3,116.67
KS Williamson,FA Allen,12,14,0,2,116.67
KS Williamson,GHS Garton,6,18,0,2,300.0
KS Williamson,GJ Maxwell,12,10,0,3,83.33
KS Williamson,HH Pandya,44,56,4,3,127.27
KS Williamson,HV Patel,44,32,2,6,72.73
KS Williamson,Harbhajan Singh,16,20,2,3,125.0
KS Williamson,Harpreet Brar,14,16,2,2,114.29
KS Williamson,I Sharma,18,50,2,3,277.78
KS Williamson,I Udana,16,4,2,2,25.0
KS Williamson,IS Sodhi,16,26,2,2,162.5
KS Williamson,Imran Tahir,16,8,2,3,50.0
KS Williamson,J Yadav,26,28,0,4,107.69
KS Williamson,JC Archer,30,54,0,3,180.0
KS Williamson,JD Unadkat,56,100,2,5,178.57
KS Williamson,JJ Bumrah,32,40,0,5,125.0
KS Williamson,JO Holder,18,18,0,2,100.0
KS Williamson,JPR Scantlebury-Searles,8,28,2,2,350.0
KS Williamson,JR Hazlewood,14,22,0,3,157.14
KS Williamson,K Gowtham,20,14,0,3,70.0
KS Williamson,K Khejroliya,18,34,0,2,188.89
KS Williamson,K Rabada,70,76,4,7,108.57
KS Williamson,KC Cariappa,10,10,0,2,100.0
KS Williamson,KH Pandya,22,14,2,6,63.64
KS Williamson,KK Ahmed,6,0,0,2,0.0
KS Williamson,KMA Paul,22,12,2,3,54.55
KS Williamson,KV Sharma,38,72,4,4,189.47
KS Williamson,KW Richardson,8,4,0,2,50.0
KS Williamson,Kartik Tyagi,10,12,2,3,120.0
KS Williamson,Kuldeep Yadav,64,78,4,6,121.88
KS Williamson,L Ngidi,26,16,0,4,61.54
KS Williamson,LE Plunkett,48,82,0,3,170.83
KS Williamson,LH Ferguson,18,22,2,3,122.22
KS Williamson,M Ashwin,10,8,0,2,80.0
KS Williamson,M Theekshana,38,32,0,3,84.21
KS Williamson,MJ McClenaghan,6,4,0,2,66.67
KS Williamson,MJ Santner,12,20,0,2,166.67
KS Williamson,MK Lomror,26,40,0,3,153.85
KS Williamson,MM Ali,42,66,0,5,157.14
KS Williamson,MM Sharma,28,68,0,4,242.86
KS Williamson,MP Stoinis,38,58,2,5,152.63
KS Williamson,Mohammed Shami,76,96,8,8,126.32
KS Williamson,Mohammed Siraj,52,54,2,6,103.85
KS Williamson,Mujeeb Ur Rahman,28,42,0,3,150.0
KS Williamson,Mukesh Choudhary,20,6,2,3,30.0
KS Williamson,Mustafizur Rahman,42,54,2,5,128.57
KS Williamson,NA Saini,22,34,0,3,154.55
KS Williamson,NLTC Perera,10,14,0,2,140.0
KS Williamson,NM Coulter-Nile,42,58,2,4,138.1
KS Williamson,O Thomas,6,10,0,2,166.67
KS Williamson,P Dubey,16,22,0,2,137.5
KS Williamson,P Kumar,8,2,2,2,25.0
KS Williamson,PJ Cummins,48,66,0,4,137.5
KS Williamson,PP Chawla,50,50,0,7,100.0
KS Williamson,PWH de Silva,8,12,0,2,150.0
KS Williamson,Parvez Rasool,18,20,0,2,111.11
KS Williamson,R Ashwin,78,116,0,6,148.72
KS Williamson,R Bhatia,14,18,0,2,128.57
KS Williamson,R Tewatia,28,30,0,4,107.14
KS Williamson,RA Jadeja,104,122,0,8,117.31
KS Williamson,RP Singh,8,4,0,2,50.0
KS Williamson,Rashid Khan,16,12,0,2,75.0
KS Williamson,Ravi Bishnoi,8,6,2,3,75.0
KS Williamson,S Dube,6,10,0,2,166.67
KS Williamson,S Gopal,30,20,2,4,66.67
KS Williamson,S Nadeem,14,14,0,2,100.0
KS Williamson,SE Rutherford,10,18,0,2,180.0
KS Williamson,SM Curran,28,36,0,4,128.57
KS Williamson,SN Thakur,88,116,4,10,131.82
KS Williamson,SP Narine,58,46,0,8,79.31
KS Williamson,SR Watson,40,64,2,4,160.0
KS Williamson,Shahbaz Ahmed,20,16,0,2,80.0
KS Williamson,Shakib Al Hasan,12,12,0,3,100.0
KS Williamson,Shivam Mavi,50,88,0,4,176.0
KS Williamson,Simarjeet Singh,12,26,0,2,216.67
KS Williamson,T Shamsi,12,18,0,2,150.0
KS Williamson,TA Boult,40,48,2,5,120.0
KS Williamson,TG Southee,34,58,0,5,170.59
KS Williamson,UT Yadav,114,166,2,8,145.61
KS Williamson,VG Arora,6,4,0,2,66.67
KS Williamson,VR Aaron,40,52,0,3,130.0
KS Williamson,Washington Sundar,30,42,0,4,140.0
KS Williamson,Y Prithvi Raj,6,10,0,2,166.67
KS Williamson,YK Pathan,8,12,0,2,150.0
KS Williamson,YS Chahal,108,108,2,8,100.0
KS Williamson,Z Khan,22,28,0,2,127.27
KV Sharma,A Chandila,10,12,0,2,120.0
KV Sharma,A Mishra,6,12,0,2,200.0
KV Sharma,AD Mathews,6,4,0,3,66.67
KV Sharma,AF Milne,10,20,0,2,200.0
KV Sharma,AS Rajpoot,6,6,0,2,100.0
KV Sharma,B Kumar,12,6,2,3,50.0
KV Sharma,BW Hilfenhaus,6,28,0,2,466.67
KV Sharma,CH Morris,10,10,0,2,100.0
KV Sharma,DJ Bravo,38,34,4,4,89.47
KV Sharma,DT Christian,16,6,0,3,37.5
KV Sharma,GB Hogg,10,8,0,2,80.0
KV Sharma,HV Patel,14,18,0,2,128.57
KV Sharma,Harbhajan Singh,14,10,0,2,71.43
KV Sharma,Harmeet Singh,8,22,0,2,275.0
KV Sharma,Imran Tahir,18,42,0,3,233.33
KV Sharma,J Botha,18,44,2,2,244.44
KV Sharma,J Suchith,8,4,0,2,50.0
KV Sharma,JA Morkel,6,6,0,2,100.0
KV Sharma,JD Unadkat,14,12,2,3,85.71
KV Sharma,JH Kallis,6,4,0,2,66.67
KV Sharma,JO Holder,8,6,0,3,75.0
KV Sharma,JP Faulkner,12,2,2,4,16.67
KV Sharma,KK Cooper,8,10,0,3,125.0
KV Sharma,KW Richardson,6,8,2,2,133.33
KV Sharma,MA Starc,12,38,2,3,316.67
KV Sharma,MG Johnson,8,12,2,2,150.0
KV Sharma,MJ McClenaghan,10,8,0,3,80.0
KV Sharma,MM Sharma,16,34,2,3,212.5
KV Sharma,MR Marsh,6,4,0,2,66.67
KV Sharma,NM Coulter-Nile,22,22,4,3,100.0
KV Sharma,P Awana,8,8,2,2,100.0
KV Sharma,PP Chawla,18,16,0,3,88.89
KV Sharma,R Ashwin,14,22,0,2,157.14
KV Sharma,R Bhatia,8,4,0,2,50.0
KV Sharma,R Sharma,8,2,2,2,25.0
KV Sharma,R Vinay Kumar,8,14,0,3,175.0
KV Sharma,RA Jadeja,14,24,0,2,171.43
KV Sharma,S Kaul,8,10,0,2,125.0
KV Sharma,SB Styris,6,2,2,2,33.33
KV Sharma,SL Malinga,12,4,2,3,33.33
KV Sharma,SP Narine,8,6,0,3,75.0
KV Sharma,SR Watson,14,14,4,4,100.0
KV Sharma,Sandeep Sharma,28,44,2,7,157.14
KV Sharma,Shakib Al Hasan,8,8,0,3,100.0
KV Sharma,UT Yadav,10,8,0,3,80.0
KV Sharma,YS Chahal,8,14,0,2,175.0
KW Richardson,CH Morris,6,6,2,2,100.0
KW Richardson,DJ Bravo,6,6,0,2,100.0
KW Richardson,GJ Maxwell,8,8,0,2,100.0
KW Richardson,MG Johnson,14,2,2,2,14.29
KW Richardson,R Ashwin,10,28,0,2,280.0
KW Richardson,RA Jadeja,14,8,0,2,57.14
KW Richardson,SL Malinga,8,6,0,2,75.0
Kamran Akmal,A Nehra,12,16,0,2,133.33
Kamran Akmal,B Lee,6,14,0,2,233.33
Kamran Akmal,JA Morkel,12,12,0,3,100.0
Kamran Akmal,JR Hopes,6,8,2,2,133.33
Kamran Akmal,M Muralitharan,14,14,0,2,100.0
Kamran Akmal,M Ntini,24,54,0,3,225.0
Kamran Akmal,MS Gony,6,4,0,2,66.67
Kamran Akmal,RP Singh,8,14,0,2,175.0
Kamran Akmal,S Sreesanth,20,54,0,3,270.0
Kamran Akmal,SK Raina,10,20,0,2,200.0
Kamran Akmal,SM Pollock,20,20,0,2,100.0
Kamran Akmal,WPUJC Vaas,10,10,2,2,100.0
Kamran Khan,JD Ryder,8,6,0,2,75.0
Karanveer Singh,CH Morris,8,10,0,2,125.0
Karanveer Singh,DJ Bravo,8,4,0,2,50.0
Karanveer Singh,MA Starc,10,6,2,2,60.0
Kartik Sharma,AM Ghazanfar,34,50,0,3,147.06
Kartik Sharma,AR Patel,12,12,0,2,100.0
Kartik Sharma,Akash Singh,8,6,0,2,75.0
Kartik Sharma,Arshad Khan,16,20,0,3,125.0
Kartik Sharma,Ashwani Kumar,6,2,0,2,33.33
Kartik Sharma,Avesh Khan,8,4,2,2,50.0
Kartik Sharma,DS Rathi,10,6,0,2,60.0
Kartik Sharma,HH Pandya,14,22,0,2,157.14
Kartik Sharma,JJ Bumrah,10,2,2,3,20.0
Kartik Sharma,K Rabada,18,36,2,3,200.0
Kartik Sharma,Krish Bhagat,8,6,0,2,75.0
Kartik Sharma,Kuldeep Yadav,18,18,0,2,100.0
Kartik Sharma,L Ngidi,8,12,0,2,150.0
Kartik Sharma,MA Starc,10,16,0,2,160.0
Kartik Sharma,MJ Santner,16,30,0,2,187.5
Kartik Sharma,MP Yadav,28,26,0,2,92.86
Kartik Sharma,Mohammed Shami,16,30,0,3,187.5
Kartik Sharma,Mohammed Siraj,14,12,0,3,85.71
Kartik Sharma,PJ Cummins,6,0,2,2,0.0
Kartik Sharma,PP Hinge,10,30,0,2,300.0
Kartik Sharma,Prince Yadav,12,38,0,3,316.67
Kartik Sharma,RA Jadeja,6,2,0,2,33.33
Kartik Sharma,Raghu Sharma,24,20,0,2,83.33
Kartik Sharma,Ravi Bishnoi,16,24,0,2,150.0
Kartik Sharma,Sakib Hussain,6,8,0,2,133.33
Kartik Sharma,Shahbaz Ahmed,42,72,2,3,171.43
Kartik Sharma,Shivang Kumar,12,22,0,2,183.33
Kartik Sharma,T Natarajan,14,24,0,2,171.43
Kartik Sharma,TA Boult,6,12,0,2,200.0
Kartik Tyagi,Arshdeep Singh,6,2,2,2,33.33
Kartik Tyagi,HV Patel,6,4,0,3,66.67
Kartik Tyagi,JD Unadkat,6,2,2,2,33.33
Kartik Tyagi,MR Marsh,6,14,0,2,233.33
Kartik Tyagi,Mohammed Siraj,6,12,0,2,200.0
Krish Bhagat,A Kamboj,8,4,0,2,50.0
Krish Bhagat,AJ Hosein,8,4,0,2,50.0
Krish Bhagat,Gurjapneet Singh,6,6,0,2,100.0
Krish Bhagat,J Overton,12,2,2,3,16.67
Krish Bhagat,Noor Ahmad,8,4,0,2,50.0
Kuldeep Yadav,AD Russell,14,22,0,3,157.14
Kuldeep Yadav,Arshdeep Singh,26,14,0,4,53.85
Kuldeep Yadav,B Kumar,6,8,0,2,133.33
Kuldeep Yadav,C Green,6,2,0,2,33.33
Kuldeep Yadav,CH Morris,8,10,0,2,125.0
Kuldeep Yadav,CR Brathwaite,6,0,0,2,0.0
Kuldeep Yadav,CV Varun,6,10,0,2,166.67
Kuldeep Yadav,DJ Bravo,6,4,0,2,66.67
Kuldeep Yadav,GJ Maxwell,6,12,0,2,200.0
Kuldeep Yadav,HH Pandya,20,12,0,3,60.0
Kuldeep Yadav,HV Patel,18,30,0,3,166.67
Kuldeep Yadav,Harshit Rana,12,8,0,2,66.67
Kuldeep Yadav,J Overton,8,4,0,2,50.0
Kuldeep Yadav,JD Unadkat,8,2,0,2,25.0
Kuldeep Yadav,JJ Bumrah,6,4,0,3,66.67
Kuldeep Yadav,K Gowtham,8,4,0,2,50.0
Kuldeep Yadav,K Rabada,8,18,0,2,225.0
Kuldeep Yadav,KH Pandya,16,10,2,3,62.5
Kuldeep Yadav,KV Sharma,8,6,2,2,75.0
Kuldeep Yadav,LH Ferguson,8,6,0,3,75.0
Kuldeep Yadav,M Markande,10,6,0,2,60.0
Kuldeep Yadav,M Prasidh Krishna,8,2,0,3,25.0
Kuldeep Yadav,M Theekshana,6,2,2,3,33.33
Kuldeep Yadav,MA Starc,6,20,0,2,333.33
Kuldeep Yadav,MG Johnson,8,4,0,2,50.0
Kuldeep Yadav,MJ McClenaghan,10,0,0,2,0.0
Kuldeep Yadav,MM Ali,18,4,0,2,22.22
Kuldeep Yadav,Mohammed Siraj,18,14,0,4,77.78
Kuldeep Yadav,NA Saini,8,2,0,2,25.0
Kuldeep Yadav,NT Ellis,16,12,0,2,75.0
Kuldeep Yadav,PVD Chameera,6,12,0,2,200.0
Kuldeep Yadav,Prince Yadav,6,8,0,2,133.33
Kuldeep Yadav,R Tewatia,10,16,0,2,160.0
Kuldeep Yadav,S Aravind,6,0,2,2,0.0
Kuldeep Yadav,SP Narine,6,10,0,2,166.67
Kuldeep Yadav,Sandeep Sharma,12,14,0,3,116.67
Kuldeep Yadav,Suyash Sharma,16,0,2,2,0.0
Kuldeep Yadav,TA Boult,10,8,0,3,80.0
Kuldeep Yadav,TG Southee,10,20,2,2,200.0
Kuldeep Yadav,VG Arora,10,2,0,2,20.0
Kuldeep Yadav,Washington Sundar,12,6,0,2,50.0
Kuldeep Yadav,YS Chahal,10,2,0,3,20.0
Kumar Kushagra,CV Varun,6,2,2,2,33.33
Kumar Kushagra,JC Archer,6,10,0,2,166.67
Kumar Kushagra,Mohammed Siraj,6,4,2,2,66.67
Kumar Kushagra,N Burger,6,2,0,2,33.33
Kumar Kushagra,Sandeep Sharma,12,22,0,2,183.33
L Balaji,A Mishra,10,2,2,2,20.0
L Balaji,A Nehra,6,4,2,2,66.67
L Balaji,A Symonds,8,18,0,2,225.0
L Balaji,CH Morris,6,6,0,2,100.0
L Balaji,IK Pathan,8,2,0,2,25.0
L Balaji,JA Morkel,8,12,0,2,150.0
L Balaji,R Vinay Kumar,8,2,2,4,25.0
L Balaji,RP Singh,8,10,2,2,125.0
L Balaji,TM Dilshan,6,4,0,2,66.67
L Ngidi,A Kamboj,8,4,2,2,50.0
L Ronchi,B Lee,6,2,0,2,33.33
L Ronchi,DNT Zoysa,12,16,0,2,133.33
L Ronchi,IK Pathan,10,20,0,2,200.0
L Ronchi,JDP Oram,6,4,0,2,66.67
L Ronchi,P Kumar,12,16,0,2,133.33
L Ronchi,RP Singh,10,10,2,2,100.0
L Ronchi,Z Khan,8,0,2,2,0.0
L Wood,Mukesh Kumar,6,18,0,2,300.0
LA Carseldine,A Kumble,8,2,0,2,25.0
LA Carseldine,DR Smith,12,26,0,2,216.67
LA Carseldine,FH Edwards,18,8,0,2,44.44
LA Carseldine,IK Pathan,14,28,0,2,200.0
LA Carseldine,L Balaji,8,10,0,2,125.0
LA Carseldine,RG Sharma,12,20,0,2,166.67
LA Carseldine,RP Singh,20,20,0,3,100.0
LA Carseldine,WPUJC Vaas,16,14,2,2,87.5
LA Pomersbach,A Kumble,30,40,0,2,133.33
LA Pomersbach,A Mishra,20,22,0,3,110.0
LA Pomersbach,A Nehra,24,52,0,3,216.67
LA Pomersbach,AM Rahane,6,4,2,2,66.67
LA Pomersbach,B Lee,14,8,0,2,57.14
LA Pomersbach,CRD Fernando,22,26,0,2,118.18
LA Pomersbach,DE Bollinger,6,2,2,2,33.33
LA Pomersbach,DJ Bravo,12,32,0,2,266.67
LA Pomersbach,DJG Sammy,20,30,0,2,150.0
LA Pomersbach,DW Steyn,16,10,0,3,62.5
LA Pomersbach,GH Vihari,10,0,0,2,0.0
LA Pomersbach,IK Pathan,8,18,0,2,225.0
LA Pomersbach,J Botha,6,8,0,2,133.33
LA Pomersbach,JA Morkel,8,6,0,2,75.0
LA Pomersbach,JH Kallis,10,14,2,2,140.0
LA Pomersbach,JP Duminy,6,4,0,2,66.67
LA Pomersbach,KV Sharma,6,6,0,2,100.0
LA Pomersbach,M Muralitharan,22,8,2,2,36.36
LA Pomersbach,MF Maharoof,22,32,2,3,145.45
LA Pomersbach,MM Sharma,10,8,2,2,80.0
LA Pomersbach,MS Gony,6,2,0,2,33.33
LA Pomersbach,NLTC Perera,20,18,0,2,90.0
LA Pomersbach,PP Ojha,12,20,2,2,166.67
LA Pomersbach,R Ashwin,18,14,0,3,77.78
LA Pomersbach,RG Sharma,8,4,0,2,50.0
LA Pomersbach,SB Jakati,16,22,2,3,137.5
LA Pomersbach,SD Chitnis,18,24,0,2,133.33
LA Pomersbach,SK Raina,8,4,0,3,50.0
LA Pomersbach,SM Pollock,12,14,0,2,116.67
LA Pomersbach,T Thushara,18,30,0,2,166.67
LA Pomersbach,V Kohli,6,12,0,2,200.0
LA Pomersbach,VS Yeligati,22,40,0,2,181.82
LG Pretorius,Mohsin Khan,8,10,0,2,125.0
LH Ferguson,CH Morris,16,16,0,2,100.0
LH Ferguson,CJ Jordan,12,24,0,2,200.0
LH Ferguson,DJ Bravo,6,6,0,2,100.0
LH Ferguson,Mohammed Shami,6,14,0,2,233.33
LH Ferguson,Mohammed Siraj,6,6,0,2,100.0
LH Ferguson,SN Thakur,14,28,0,2,200.0
LH Ferguson,YS Chahal,8,14,0,2,175.0
LJ Wright,A Nehra,6,12,0,2,200.0
LJ Wright,Azhar Mahmood,10,32,2,2,320.0
LJ Wright,CH Morris,8,2,0,2,25.0
LJ Wright,IK Pathan,6,2,0,3,33.33
LJ Wright,M Morkel,22,42,0,3,190.91
LJ Wright,P Kumar,10,36,0,2,360.0
LJ Wright,S Nadeem,12,14,0,3,116.67
LJ Wright,UT Yadav,32,54,2,3,168.75
LMP Simmons,A Mishra,32,40,0,3,125.0
LMP Simmons,A Nehra,92,120,0,6,130.43
LMP Simmons,AN Ahmed,8,18,0,2,225.0
LMP Simmons,AR Patel,50,92,0,4,184.0
LMP Simmons,Ankit Sharma,36,22,4,3,61.11
LMP Simmons,Anureet Singh,24,22,2,2,91.67
LMP Simmons,B Kumar,54,26,2,5,48.15
LMP Simmons,BE Hendricks,24,34,0,2,141.67
LMP Simmons,D Wiese,36,50,0,3,138.89
LMP Simmons,DJ Bravo,10,6,0,3,60.0
LMP Simmons,DJ Muthuswami,6,2,2,2,33.33
LMP Simmons,DS Kulkarni,40,38,2,4,95.0
LMP Simmons,DW Steyn,58,84,2,4,144.83
LMP Simmons,GJ Maxwell,14,4,2,3,28.57
LMP Simmons,HV Patel,24,28,0,2,116.67
LMP Simmons,I Sharma,20,30,2,3,150.0
LMP Simmons,IC Pandey,50,40,2,4,80.0
LMP Simmons,IK Pathan,16,34,0,2,212.5
LMP Simmons,Imran Tahir,10,28,2,2,280.0
LMP Simmons,Iqbal Abdulla,26,24,0,2,92.31
LMP Simmons,JD Unadkat,28,14,2,4,50.0
LMP Simmons,JP Duminy,12,18,0,3,150.0
LMP Simmons,JP Faulkner,20,42,0,3,210.0
LMP Simmons,K Rabada,18,30,0,2,166.67
LMP Simmons,KK Cooper,18,28,0,2,155.56
LMP Simmons,KV Sharma,52,100,2,4,192.31
LMP Simmons,Karanveer Singh,24,36,0,2,150.0
LMP Simmons,LH Ferguson,8,2,0,2,25.0
LMP Simmons,M Morkel,30,18,2,3,60.0
LMP Simmons,M Vijay,6,14,0,2,233.33
LMP Simmons,MA Starc,14,18,0,2,128.57
LMP Simmons,MC Henriques,24,12,0,3,50.0
LMP Simmons,MG Johnson,16,8,0,2,50.0
LMP Simmons,MM Sharma,64,116,0,7,181.25
LMP Simmons,Mohammed Shami,18,30,0,2,166.67
LMP Simmons,NM Coulter-Nile,18,18,0,2,100.0
LMP Simmons,P Kumar,36,24,0,3,66.67
LMP Simmons,P Negi,32,42,0,4,131.25
LMP Simmons,PJ Cummins,12,28,0,2,233.33
LMP Simmons,PP Chawla,6,0,2,2,0.0
LMP Simmons,R Ashwin,100,116,4,6,116.0
LMP Simmons,R Bhatia,22,36,0,2,163.64
LMP Simmons,R Dhawan,20,32,0,2,160.0
LMP Simmons,RA Jadeja,88,122,4,6,138.64
LMP Simmons,RP Singh,14,16,0,2,114.29
LMP Simmons,S Aravind,28,20,0,2,71.43
LMP Simmons,S Badree,16,30,0,2,187.5
LMP Simmons,S Kaul,10,12,0,2,120.0
LMP Simmons,S Nadeem,6,4,0,2,66.67
LMP Simmons,SR Watson,14,24,0,2,171.43
LMP Simmons,STR Binny,10,14,0,3,140.0
LMP Simmons,Sandeep Sharma,60,116,0,4,193.33
LMP Simmons,Shakib Al Hasan,20,28,2,3,140.0
LMP Simmons,Shivam Sharma,28,38,0,2,135.71
LMP Simmons,TA Boult,30,24,2,3,80.0
LMP Simmons,TG Southee,16,16,0,2,100.0
LMP Simmons,UT Yadav,14,10,0,4,71.43
LMP Simmons,VR Aaron,34,60,0,2,176.47
LMP Simmons,WD Parnell,12,14,0,2,116.67
LMP Simmons,Washington Sundar,10,4,0,3,40.0
LMP Simmons,YS Chahal,24,36,2,3,150.0
LMP Simmons,Z Khan,22,24,2,3,109.09
LPC Silva,AM Nayar,6,2,2,2,33.33
LPC Silva,CRD Fernando,6,12,0,2,200.0
LPC Silva,RR Raje,12,16,0,2,133.33
LPC Silva,S Sreesanth,8,14,0,2,175.0
LPC Silva,VRV Singh,12,32,0,2,266.67
LR Shukla,A Kumble,10,4,0,3,40.0
LR Shukla,A Mishra,10,16,0,2,160.0
LR Shukla,AA Chavan,6,14,2,2,233.33
LR Shukla,AM Nayar,6,0,0,2,0.0
LR Shukla,CRD Fernando,16,34,0,2,212.5
LR Shukla,DJ Bravo,34,46,2,6,135.29
LR Shukla,DS Kulkarni,6,6,0,2,100.0
LR Shukla,DW Steyn,16,18,2,3,112.5
LR Shukla,GD McGrath,6,6,0,2,100.0
LR Shukla,IK Pathan,14,12,0,3,85.71
LR Shukla,J Botha,30,32,0,3,106.67
LR Shukla,JA Morkel,8,8,0,3,100.0
LR Shukla,JDP Oram,16,28,0,2,175.0
LR Shukla,JM Kemp,12,16,0,2,133.33
LR Shukla,Joginder Sharma,28,42,0,2,150.0
LR Shukla,KV Sharma,6,4,0,2,66.67
LR Shukla,Kamran Khan,6,4,2,2,66.67
LR Shukla,L Balaji,8,12,0,2,150.0
LR Shukla,M Morkel,12,26,0,3,216.67
LR Shukla,M Muralitharan,28,12,2,5,42.86
LR Shukla,M Ntini,8,8,0,2,100.0
LR Shukla,MC Henriques,8,8,2,2,100.0
LR Shukla,MF Maharoof,6,4,2,2,66.67
LR Shukla,MM Patel,8,4,0,2,50.0
LR Shukla,P Amarnath,6,6,0,2,100.0
LR Shukla,PP Ojha,14,10,2,3,71.43
LR Shukla,R Ashwin,20,22,2,3,110.0
LR Shukla,R Vinay Kumar,16,8,0,3,50.0
LR Shukla,RA Jadeja,26,28,2,4,107.69
LR Shukla,RE van der Merwe,16,30,2,3,187.5
LR Shukla,RP Singh,6,28,0,2,466.67
LR Shukla,S Nadeem,14,24,0,2,171.43
LR Shukla,S Sreesanth,8,4,0,3,50.0
LR Shukla,SB Jakati,8,8,0,3,100.0
LR Shukla,SB Styris,10,14,0,3,140.0
LR Shukla,SK Raina,10,28,0,3,280.0
LR Shukla,SK Trivedi,24,14,2,4,58.33
LR Shukla,SK Warne,40,38,0,4,95.0
LR Shukla,SL Malinga,8,8,0,2,100.0
LR Shukla,SP Narine,8,2,2,2,25.0
LR Shukla,ST Jayasuriya,6,6,0,2,100.0
LR Shukla,Sohail Tanvir,6,10,2,2,166.67
LR Shukla,T Henderson,16,16,0,2,100.0
LR Shukla,TG Southee,14,16,2,2,114.29
LR Shukla,UT Yadav,26,26,2,4,100.0
LR Shukla,VR Aaron,6,14,0,2,233.33
LR Shukla,VRV Singh,10,8,4,3,80.0
LR Shukla,YK Pathan,12,14,0,3,116.67
LR Shukla,Z Khan,14,8,4,3,57.14
LRPL Taylor,A Ashish Reddy,10,12,2,2,120.0
LRPL Taylor,A Mishra,58,90,2,5,155.17
LRPL Taylor,A Nehra,16,18,0,3,112.5
LRPL Taylor,A Singh,10,8,0,2,80.0
LRPL Taylor,A Symonds,6,2,2,3,33.33
LRPL Taylor,AA Chavan,10,12,0,2,120.0
LRPL Taylor,AB Agarkar,20,58,0,2,290.0
LRPL Taylor,AB Dinda,30,64,0,4,213.33
LRPL Taylor,AC Thomas,18,28,2,3,155.56
LRPL Taylor,AD Mathews,14,44,0,3,314.29
LRPL Taylor,AM Salvi,10,22,0,2,220.0
LRPL Taylor,B Lee,10,16,0,2,160.0
LRPL Taylor,BAW Mendis,18,30,0,3,166.67
LRPL Taylor,BW Hilfenhaus,8,12,2,3,150.0
LRPL Taylor,C Nanda,14,24,0,2,171.43
LRPL Taylor,CH Morris,6,4,2,2,66.67
LRPL Taylor,CK Langeveldt,12,10,2,2,83.33
LRPL Taylor,CRD Fernando,8,6,2,3,75.0
LRPL Taylor,DE Bollinger,6,12,0,2,200.0
LRPL Taylor,DJ Bravo,16,12,2,4,75.0
LRPL Taylor,DL Vettori,12,16,0,2,133.33
LRPL Taylor,DP Nannes,10,2,0,2,20.0
LRPL Taylor,DR Smith,8,4,0,2,50.0
LRPL Taylor,DT Christian,8,6,0,3,75.0
LRPL Taylor,DW Steyn,10,10,0,3,100.0
LRPL Taylor,GB Hogg,22,16,2,3,72.73
LRPL Taylor,GD McGrath,12,26,2,2,216.67
LRPL Taylor,HV Patel,12,22,0,2,183.33
LRPL Taylor,Harbhajan Singh,58,92,0,7,158.62
LRPL Taylor,Harmeet Singh,16,24,0,2,150.0
LRPL Taylor,Harmeet Singh (2),20,18,2,2,90.0
LRPL Taylor,I Sharma,22,36,0,4,163.64
LRPL Taylor,Iqbal Abdulla,8,6,0,3,75.0
LRPL Taylor,JA Morkel,64,70,4,7,109.38
LRPL Taylor,JDP Oram,26,46,2,4,176.92
LRPL Taylor,JE Taylor,10,6,0,2,60.0
LRPL Taylor,JH Kallis,34,20,4,5,58.82
LRPL Taylor,JP Duminy,6,6,0,2,100.0
LRPL Taylor,JP Faulkner,6,4,0,2,66.67
LRPL Taylor,Joginder Sharma,14,16,0,2,114.29
LRPL Taylor,KA Pollard,34,22,0,5,64.71
LRPL Taylor,KK Cooper,26,16,0,3,61.54
LRPL Taylor,L Balaji,36,64,0,3,177.78
LRPL Taylor,M Kartik,56,88,0,5,157.14
LRPL Taylor,M Morkel,10,6,0,2,60.0
LRPL Taylor,M Muralitharan,50,70,0,4,140.0
LRPL Taylor,MA Starc,16,24,0,2,150.0
LRPL Taylor,MG Johnson,10,8,0,2,80.0
LRPL Taylor,MM Patel,22,50,2,4,227.27
LRPL Taylor,MS Gony,8,18,0,2,225.0
LRPL Taylor,Mohammad Asif,18,32,0,2,177.78
LRPL Taylor,NL McCullum,10,16,0,2,160.0
LRPL Taylor,P Amarnath,16,14,2,2,87.5
LRPL Taylor,P Awana,14,12,2,3,85.71
LRPL Taylor,P Kumar,6,2,2,3,33.33
LRPL Taylor,P Parameswaran,14,30,0,2,214.29
LRPL Taylor,PJ Sangwan,24,20,2,3,83.33
LRPL Taylor,PP Chawla,44,28,2,4,63.64
LRPL Taylor,PP Ojha,32,30,4,6,93.75
LRPL Taylor,PV Tambe,6,6,0,2,100.0
LRPL Taylor,Pankaj Singh,12,6,2,2,50.0
LRPL Taylor,R Ashwin,18,16,0,4,88.89
LRPL Taylor,R Bhatia,32,20,4,4,62.5
LRPL Taylor,R Sharma,30,12,0,3,40.0
LRPL Taylor,R Vinay Kumar,8,2,2,3,25.0
LRPL Taylor,RA Jadeja,8,6,0,3,75.0
LRPL Taylor,RG Sharma,6,8,0,2,133.33
LRPL Taylor,RP Singh,6,2,2,2,33.33
LRPL Taylor,S Aravind,6,8,0,2,133.33
LRPL Taylor,S Nadeem,6,10,0,2,166.67
LRPL Taylor,S Randiv,6,4,0,2,66.67
LRPL Taylor,S Tyagi,14,22,0,2,157.14
LRPL Taylor,SB Jakati,40,60,0,5,150.0
LRPL Taylor,SC Ganguly,12,16,0,2,133.33
LRPL Taylor,SK Trivedi,18,24,0,4,133.33
LRPL Taylor,SK Warne,14,4,0,2,28.57
LRPL Taylor,SL Malinga,28,10,4,5,35.71
LRPL Taylor,SP Narine,12,20,0,3,166.67
LRPL Taylor,SR Watson,16,20,0,3,125.0
LRPL Taylor,ST Jayasuriya,10,14,2,2,140.0
LRPL Taylor,Shakib Al Hasan,28,22,0,4,78.57
LRPL Taylor,Sohail Tanvir,20,48,0,2,240.0
LRPL Taylor,V Pratap Singh,10,12,0,2,120.0
LRPL Taylor,VRV Singh,12,26,0,2,216.67
LRPL Taylor,Y Nagar,14,28,2,2,200.0
LRPL Taylor,YA Abdulla,8,14,2,2,175.0
LRPL Taylor,YK Pathan,8,2,2,3,25.0
LRPL Taylor,YS Chahal,26,14,0,2,53.85
LRPL Taylor,Yuvraj Singh,12,12,0,3,100.0
LRPL Taylor,Z Khan,20,26,0,3,130.0
LS Livingstone,A Kamboj,10,2,2,2,20.0
LS Livingstone,A Nortje,12,18,0,2,150.0
LS Livingstone,A Zampa,8,4,0,2,50.0
LS Livingstone,AD Russell,10,26,0,2,260.0
LS Livingstone,AR Patel,36,30,2,6,83.33
LS Livingstone,AS Joseph,8,6,2,2,75.0
LS Livingstone,AU Rashid,6,4,0,2,66.67
LS Livingstone,Abhishek Sharma,6,6,0,2,100.0
LS Livingstone,Akash Deep,8,20,2,2,250.0
LS Livingstone,Akash Madhwal,22,48,0,2,218.18
LS Livingstone,Akash Singh,8,16,0,2,200.0
LS Livingstone,Arshad Khan,10,26,0,2,260.0
LS Livingstone,Arshdeep Singh,18,34,2,4,188.89
LS Livingstone,Avesh Khan,26,36,2,5,138.46
LS Livingstone,CJ Jordan,6,8,0,2,133.33
LS Livingstone,CV Varun,12,14,2,3,116.67
LS Livingstone,D Pretorius,14,38,0,3,271.43
LS Livingstone,DG Nalkande,22,64,0,2,290.91
LS Livingstone,DJ Bravo,12,18,2,3,150.0
LS Livingstone,Fazalhaq Farooqi,8,8,0,2,100.0
LS Livingstone,GJ Maxwell,12,26,0,2,216.67
LS Livingstone,HH Pandya,10,4,2,3,40.0
LS Livingstone,HV Patel,20,18,2,3,90.0
LS Livingstone,Harpreet Brar,8,4,0,2,50.0
LS Livingstone,I Sharma,40,64,6,5,160.0
LS Livingstone,IC Porel,10,14,0,2,140.0
LS Livingstone,J Suchith,26,30,0,3,115.38
LS Livingstone,JC Archer,28,72,0,3,257.14
LS Livingstone,JJ Bumrah,6,4,2,3,66.67
LS Livingstone,JR Hazlewood,16,50,0,2,312.5
LS Livingstone,K Kartikeya,12,12,0,2,100.0
LS Livingstone,KA Jamieson,6,14,2,2,233.33
LS Livingstone,KH Pandya,36,30,2,5,83.33
LS Livingstone,KK Ahmed,40,66,0,5,165.0
LS Livingstone,KR Sen,10,22,0,2,220.0
LS Livingstone,Kuldeep Yadav,40,40,2,5,100.0
LS Livingstone,LH Ferguson,8,10,2,3,125.0
LS Livingstone,M Jansen,16,40,0,2,250.0
LS Livingstone,M Pathirana,14,18,0,2,128.57
LS Livingstone,M Prasidh Krishna,28,38,2,3,135.71
LS Livingstone,M Siddharth,6,12,0,2,200.0
LS Livingstone,M Theekshana,12,8,0,2,66.67
LS Livingstone,MR Marsh,6,26,0,2,433.33
LS Livingstone,Mayank Dagar,6,2,0,2,33.33
LS Livingstone,Mohammed Shami,38,76,0,4,200.0
LS Livingstone,Mohammed Siraj,14,2,4,4,14.29
LS Livingstone,Mohsin Khan,6,4,2,3,66.67
LS Livingstone,Mukesh Choudhary,24,68,0,2,283.33
LS Livingstone,Mukesh Kumar,26,62,0,2,238.46
LS Livingstone,NA Saini,10,22,0,2,220.0
LS Livingstone,Navdeep Saini,10,12,2,2,120.0
LS Livingstone,Naveen-ul-Haq,16,38,0,2,237.5
LS Livingstone,Noor Ahmad,20,24,4,3,120.0
LS Livingstone,PP Chawla,34,24,2,3,70.59
LS Livingstone,PWH de Silva,30,30,0,4,100.0
LS Livingstone,R Ashwin,6,14,0,2,233.33
LS Livingstone,R Sai Kishore,24,14,0,2,58.33
LS Livingstone,R Shepherd,12,44,0,2,366.67
LS Livingstone,R Tewatia,6,22,0,2,366.67
LS Livingstone,RA Jadeja,26,28,2,3,107.69
LS Livingstone,Rashid Khan,78,132,6,7,169.23
LS Livingstone,Ravi Bishnoi,26,46,2,3,176.92
LS Livingstone,S Kaul,12,40,0,2,333.33
LS Livingstone,SP Narine,12,16,0,3,133.33
LS Livingstone,Shahbaz Ahmed,40,72,0,3,180.0
LS Livingstone,Shakib Al Hasan,14,14,0,2,100.0
LS Livingstone,T Natarajan,14,20,0,2,142.86
LS Livingstone,TA Boult,20,8,0,3,40.0
LS Livingstone,TG Southee,6,12,0,2,200.0
LS Livingstone,TU Deshpande,10,36,2,2,360.0
LS Livingstone,UT Yadav,10,10,2,2,100.0
LS Livingstone,Umran Malik,28,62,0,3,221.43
LS Livingstone,VG Arora,6,10,0,2,166.67
LS Livingstone,Vijaykumar Vyshak,6,6,0,2,100.0
LS Livingstone,XC Bartlett,8,8,2,2,100.0
LS Livingstone,YS Chahal,36,34,2,6,94.44
Lalit Yadav,Arshdeep Singh,10,8,2,2,80.0
Lalit Yadav,Basil Thampi,16,30,0,2,187.5
Lalit Yadav,C Sakariya,6,6,0,2,100.0
Lalit Yadav,CH Morris,14,16,2,2,114.29
Lalit Yadav,DR Sams,16,28,0,2,175.0
Lalit Yadav,G Coetzee,6,4,2,2,66.67
Lalit Yadav,HH Pandya,8,10,0,2,125.0
Lalit Yadav,Harshit Rana,14,16,0,2,114.29
Lalit Yadav,JA Richardson,8,14,0,2,175.0
Lalit Yadav,JD Unadkat,8,2,0,2,25.0
Lalit Yadav,JJ Bumrah,26,36,0,3,138.46
Lalit Yadav,JO Holder,8,16,0,2,200.0
Lalit Yadav,JR Hazlewood,8,2,2,2,25.0
Lalit Yadav,K Rabada,8,10,0,2,125.0
Lalit Yadav,Kartik Tyagi,10,12,0,2,120.0
Lalit Yadav,LH Ferguson,6,0,0,2,0.0
Lalit Yadav,M Ashwin,22,8,0,2,36.36
Lalit Yadav,M Pathirana,20,32,2,3,160.0
Lalit Yadav,M Prasidh Krishna,10,4,2,2,40.0
Lalit Yadav,M Theekshana,6,0,2,2,0.0
Lalit Yadav,Mohammed Shami,10,16,0,2,160.0
Lalit Yadav,Mustafizur Rahman,14,12,0,3,85.71
Lalit Yadav,N Rana,16,16,0,3,100.0
Lalit Yadav,Nithish Kumar Reddy,6,4,0,2,66.67
Lalit Yadav,R Ashwin,16,28,0,3,175.0
Lalit Yadav,R Dhawan,8,10,0,2,125.0
Lalit Yadav,R Parag,12,18,0,3,150.0
Lalit Yadav,R Tewatia,16,4,0,3,25.0
Lalit Yadav,RD Chahar,28,24,0,3,85.71
Lalit Yadav,Rashid Khan,16,20,0,2,125.0
Lalit Yadav,SP Narine,30,8,6,4,26.67
Lalit Yadav,Sandeep Sharma,6,6,0,2,100.0
Lalit Yadav,T Natarajan,6,8,2,2,133.33
Lalit Yadav,TA Boult,28,42,2,4,150.0
Lalit Yadav,TG Southee,12,6,0,2,50.0
Lalit Yadav,TS Mills,14,16,0,2,114.29
Lalit Yadav,TU Deshpande,8,4,0,3,50.0
Lalit Yadav,UT Yadav,6,6,0,2,100.0
Lalit Yadav,Vijaykumar Vyshak,10,4,2,2,40.0
Lalit Yadav,YS Chahal,34,58,0,3,170.59
Liton Das,I Sharma,6,8,0,2,133.33
M Ashwin,K Rabada,6,0,2,3,0.0
M Ashwin,KK Ahmed,14,10,0,3,71.43
M Ashwin,M Prasidh Krishna,8,10,0,2,125.0
M Ashwin,MM Ali,10,6,0,2,60.0
M Ashwin,RA Jadeja,10,4,0,3,40.0
M Ashwin,S Kaul,10,12,2,2,120.0
M Ashwin,SN Thakur,6,2,0,2,33.33
M Jansen,AD Russell,12,6,4,4,50.0
M Jansen,Arshad Khan,8,12,0,2,150.0
M Jansen,Ashok Sharma,6,0,2,2,0.0
M Jansen,B Kumar,14,10,0,2,71.43
M Jansen,C Green,6,18,0,2,300.0
M Jansen,CV Varun,6,2,0,3,33.33
M Jansen,E Malinga,6,6,0,2,100.0
M Jansen,HH Pandya,12,8,2,2,66.67
M Jansen,HV Patel,8,6,2,3,75.0
M Jansen,Harsh Dubey,6,16,0,2,266.67
M Jansen,JJ Bumrah,8,6,0,3,75.0
M Jansen,JR Hazlewood,10,20,0,2,200.0
M Jansen,KK Ahmed,12,22,0,3,183.33
M Jansen,LH Ferguson,6,14,0,2,233.33
M Jansen,M Pathirana,42,56,0,3,133.33
M Jansen,M Prasidh Krishna,10,16,0,2,160.0
M Jansen,M Theekshana,20,10,2,3,50.0
M Jansen,MM Sharma,6,2,2,2,33.33
M Jansen,Noor Ahmad,8,12,0,2,150.0
M Jansen,PJ Cummins,10,10,0,3,100.0
M Jansen,PP Chawla,10,24,0,2,240.0
M Jansen,RP Meredith,6,8,2,2,133.33
M Jansen,Rashid Khan,16,28,2,3,175.0
M Jansen,Sakib Hussain,12,8,0,2,66.67
M Jansen,Sandeep Sharma,8,8,0,3,100.0
M Jansen,Suyash Sharma,8,14,0,2,175.0
M Jansen,TU Deshpande,6,4,0,2,66.67
M Jansen,VG Arora,10,2,4,3,20.0
M Jansen,Yash Dayal,8,6,0,2,75.0
M Kaif,A Mishra,22,22,4,3,100.0
M Kaif,A Symonds,18,50,0,2,277.78
M Kaif,AB Agarkar,16,18,2,3,112.5
M Kaif,AB Dinda,28,50,0,3,178.57
M Kaif,AC Thomas,6,12,0,2,200.0
M Kaif,AC Voges,10,12,0,2,120.0
M Kaif,B Lee,14,10,0,2,71.43
M Kaif,CRD Fernando,6,2,0,2,33.33
M Kaif,GB Hogg,6,12,0,2,200.0
M Kaif,GD McGrath,14,4,0,3,28.57
M Kaif,I Sharma,20,18,0,3,90.0
M Kaif,Iqbal Abdulla,8,10,0,2,125.0
M Kaif,J Botha,14,6,2,2,42.86
M Kaif,JA Morkel,8,12,2,3,150.0
M Kaif,JD Unadkat,8,12,2,2,150.0
M Kaif,JH Kallis,6,6,0,2,100.0
M Kaif,L Balaji,20,22,0,5,110.0
M Kaif,M Muralitharan,20,26,4,3,130.0
M Kaif,MF Maharoof,18,8,0,3,44.44
M Kaif,PP Chawla,6,4,2,2,66.67
M Kaif,PP Ojha,14,22,0,2,157.14
M Kaif,R Ashwin,8,4,0,2,50.0
M Kaif,R Bhatia,16,8,2,2,50.0
M Kaif,R McLaren,6,6,0,2,100.0
M Kaif,RP Singh,14,12,0,2,85.71
M Kaif,RR Raje,16,12,2,3,75.0
M Kaif,S Sreesanth,8,0,4,3,0.0
M Kaif,SC Ganguly,8,12,0,2,150.0
M Kaif,SJ Srivastava,12,24,0,2,200.0
M Kaif,SK Raina,10,10,0,2,100.0
M Kaif,SK Trivedi,12,10,0,2,83.33
M Kaif,ST Jayasuriya,16,14,0,3,87.5
M Kaif,Shahid Afridi,6,4,2,2,66.67
M Kaif,TM Dilshan,6,10,0,2,166.67
M Kaif,Umar Gul,22,12,0,3,54.55
M Kaif,YK Pathan,6,4,2,2,66.67
M Kaif,Z Khan,12,8,0,2,66.67
M Kartik,A Nehra,6,8,0,2,133.33
M Kartik,AN Ahmed,6,12,0,2,200.0
M Kartik,CRD Fernando,8,12,2,2,150.0
M Kartik,DJ Bravo,12,12,0,3,100.0
M Kartik,DS Kulkarni,6,2,0,2,33.33
M Kartik,DW Steyn,10,10,0,2,100.0
M Kartik,FH Edwards,8,8,0,2,100.0
M Kartik,JEC Franklin,6,4,0,2,66.67
M Kartik,M Muralitharan,24,20,0,2,83.33
M Kartik,MM Patel,6,2,0,2,33.33
M Kartik,PJ Sangwan,6,4,0,2,66.67
M Kartik,PP Ojha,8,22,0,2,275.0
M Kartik,R Ashwin,12,14,0,2,116.67
M Kartik,R Bhatia,6,8,0,2,133.33
M Kartik,R Vinay Kumar,8,10,0,2,125.0
M Kartik,RP Singh,6,6,0,2,100.0
M Kartik,SL Malinga,14,8,2,3,57.14
M Kartik,SW Tait,10,8,0,2,80.0
M Kartik,Z Khan,6,14,0,2,233.33
M Klinger,A Mithun,6,4,0,2,66.67
M Klinger,AB Agarkar,8,6,0,2,75.0
M Klinger,CH Gayle,6,0,2,2,0.0
M Klinger,DL Vettori,6,4,0,2,66.67
M Klinger,IK Pathan,30,28,0,3,93.33
M Klinger,Iqbal Abdulla,10,12,0,2,120.0
M Klinger,JD Unadkat,14,20,0,2,142.86
M Klinger,JH Kallis,12,14,0,2,116.67
M Klinger,M Morkel,8,4,2,3,50.0
M Klinger,S Aravind,14,16,0,2,114.29
M Klinger,S Ladda,6,4,0,2,66.67
M Klinger,Z Khan,18,24,0,2,133.33
M Manhas,A Ashish Reddy,10,8,0,2,80.0
M Manhas,A Singh,8,12,0,2,150.0
M Manhas,A Symonds,12,10,0,2,83.33
M Manhas,AD Mascarenhas,10,14,2,2,140.0
M Manhas,AM Nayar,8,10,2,2,125.0
M Manhas,BJ Hodge,8,2,2,2,25.0
M Manhas,DE Bollinger,18,4,2,4,22.22
M Manhas,DL Vettori,6,2,0,2,33.33
M Manhas,Harbhajan Singh,8,4,0,3,50.0
M Manhas,Harmeet Singh,28,46,0,3,164.29
M Manhas,I Sharma,6,4,0,2,66.67
M Manhas,IK Pathan,18,24,0,4,133.33
M Manhas,J Theron,24,46,2,3,191.67
M Manhas,JA Morkel,16,28,0,3,175.0
M Manhas,JD Unadkat,6,4,0,2,66.67
M Manhas,JEC Franklin,20,30,0,2,150.0
M Manhas,JH Kallis,12,24,2,3,200.0
M Manhas,JR Hopes,18,18,2,2,100.0
M Manhas,Joginder Sharma,10,6,0,2,60.0
M Manhas,Kamran Khan,12,18,0,2,150.0
M Manhas,L Balaji,14,18,0,3,128.57
M Manhas,M Muralitharan,12,4,2,3,33.33
M Manhas,MM Patel,8,4,0,3,50.0
M Manhas,MS Gony,6,4,0,2,66.67
M Manhas,Mohammed Shami,10,26,0,2,260.0
M Manhas,NJ Rimmington,14,10,0,2,71.43
M Manhas,NLTC Perera,10,14,0,2,140.0
M Manhas,P Kumar,22,14,2,3,63.64
M Manhas,PP Chawla,68,98,0,6,144.12
M Manhas,PP Ojha,32,40,0,4,125.0
M Manhas,PV Tambe,12,14,0,2,116.67
M Manhas,R Ashwin,32,48,0,4,150.0
M Manhas,R Bhatia,8,6,2,2,75.0
M Manhas,R McLaren,12,12,0,2,100.0
M Manhas,R Rampaul,6,2,0,2,33.33
M Manhas,R Sharma,20,16,2,3,80.0
M Manhas,R Vinay Kumar,26,28,0,4,107.69
M Manhas,RA Jadeja,6,4,0,2,66.67
M Manhas,RP Singh,20,20,0,3,100.0
M Manhas,RR Powar,16,18,0,3,112.5
M Manhas,S Nadeem,12,6,0,3,50.0
M Manhas,S Randiv,16,22,0,2,137.5
M Manhas,S Sreesanth,36,32,0,4,88.89
M Manhas,SB Jakati,16,6,0,3,37.5
M Manhas,SK Raina,34,18,0,4,52.94
M Manhas,SK Trivedi,18,26,2,3,144.44
M Manhas,SK Warne,34,42,0,4,123.53
M Manhas,SL Malinga,12,8,2,4,66.67
M Manhas,SR Watson,18,24,0,3,133.33
M Manhas,SW Tait,10,10,2,3,100.0
M Manhas,UT Yadav,6,14,0,2,233.33
M Manhas,V Pratap Singh,8,14,2,2,175.0
M Manhas,WPUJC Vaas,6,4,0,2,66.67
M Manhas,YA Abdulla,10,16,0,2,160.0
M Manhas,Yuvraj Singh,38,26,0,4,68.42
M Markande,MM Sharma,14,34,0,3,242.86
M Markande,Mohammed Siraj,8,10,2,2,125.0
M Markande,R Tewatia,6,12,0,2,200.0
M Markande,S Kaul,10,14,2,3,140.0
M Markande,S Lamichhane,8,4,0,2,50.0
M Markande,TA Boult,14,10,2,3,71.43
M Morkel,CH Morris,6,8,0,2,133.33
M Morkel,DS Kulkarni,8,4,0,2,50.0
M Morkel,DT Christian,6,16,0,2,266.67
M Morkel,Harmeet Singh,8,8,0,2,100.0
M Morkel,JD Unadkat,10,12,2,2,120.0
M Morkel,KA Pollard,6,16,2,3,266.67
M Morkel,L Balaji,8,10,0,2,125.0
M Morkel,MG Johnson,10,28,0,3,280.0
M Morkel,P Kumar,14,4,0,2,28.57
M Morkel,PP Chawla,8,26,2,2,325.0
M Morkel,R Vinay Kumar,16,28,0,4,175.0
M Morkel,RG Sharma,6,2,2,2,33.33
M Morkel,RJ Harris,6,8,0,3,133.33
M Morkel,RP Singh,10,14,0,2,140.0
M Morkel,SJ Srivastava,8,26,0,2,325.0
M Morkel,SL Malinga,14,16,2,4,114.29
M Muralitharan,DP Nannes,8,4,0,3,50.0
M Muralitharan,Pankaj Singh,10,10,0,2,100.0
M Muralitharan,SR Watson,10,8,0,2,80.0
M Muralitharan,Sohail Tanvir,6,0,2,2,0.0
M Ntini,DW Steyn,6,0,0,2,0.0
M Ntini,P Kumar,6,0,0,2,0.0
M Ntini,SR Watson,12,0,0,2,0.0
M Ntini,Sohail Tanvir,12,22,2,2,183.33
M Prasidh Krishna,B Kumar,10,10,0,2,100.0
M Prasidh Krishna,HV Patel,6,4,0,2,66.67
M Prasidh Krishna,I Udana,6,4,0,2,66.67
M Prasidh Krishna,LH Ferguson,6,4,0,2,66.67
M Prasidh Krishna,M Markande,10,2,0,2,20.0
M Rawat,A Kumble,6,2,0,2,33.33
M Rawat,A Nehra,6,0,2,2,0.0
M Rawat,IK Pathan,8,6,0,3,75.0
M Rawat,JD Ryder,8,6,0,2,75.0
M Rawat,JDP Oram,6,4,0,2,66.67
M Rawat,JH Kallis,8,6,2,2,75.0
M Rawat,JR Hopes,8,2,0,2,25.0
M Rawat,L Balaji,6,12,0,2,200.0
M Rawat,MF Maharoof,6,2,0,2,33.33
M Rawat,PP Chawla,8,14,0,2,175.0
M Rawat,SP Narine,14,4,0,2,28.57
M Rawat,VRV Singh,20,28,0,2,140.0
M Rawat,YA Abdulla,6,4,0,2,66.67
M Shahrukh Khan,A Kamboj,6,0,0,2,0.0
M Shahrukh Khan,A Zampa,6,12,0,2,200.0
M Shahrukh Khan,AM Ghazanfar,10,14,0,2,140.0
M Shahrukh Khan,AR Patel,12,8,0,3,66.67
M Shahrukh Khan,Abhishek Sharma,10,16,0,2,160.0
M Shahrukh Khan,Akash Deep,14,46,0,3,328.57
M Shahrukh Khan,Akash Singh,6,2,0,2,33.33
M Shahrukh Khan,Ashwani Kumar,6,2,4,3,33.33
M Shahrukh Khan,Avesh Khan,28,34,6,6,121.43
M Shahrukh Khan,B Kumar,10,18,2,4,180.0
M Shahrukh Khan,Basil Thampi,6,24,2,2,400.0
M Shahrukh Khan,C Green,28,62,0,3,221.43
M Shahrukh Khan,CR Woakes,10,30,0,2,300.0
M Shahrukh Khan,CV Varun,16,8,0,4,50.0
M Shahrukh Khan,DJ Bravo,8,12,0,2,150.0
M Shahrukh Khan,DL Chahar,10,2,2,3,20.0
M Shahrukh Khan,Fazalhaq Farooqi,14,28,0,3,200.0
M Shahrukh Khan,GHS Garton,6,4,0,2,66.67
M Shahrukh Khan,GJ Maxwell,14,28,0,2,200.0
M Shahrukh Khan,HH Pandya,6,12,2,2,200.0
M Shahrukh Khan,HV Patel,32,50,2,4,156.25
M Shahrukh Khan,Harshit Rana,12,34,0,3,283.33
M Shahrukh Khan,J Suchith,30,32,0,3,106.67
M Shahrukh Khan,JC Archer,10,14,0,3,140.0
M Shahrukh Khan,JJ Bumrah,12,12,2,3,100.0
M Shahrukh Khan,JO Holder,10,12,2,2,120.0
M Shahrukh Khan,JR Hazlewood,16,12,0,3,75.0
M Shahrukh Khan,K Rabada,8,18,0,3,225.0
M Shahrukh Khan,KK Ahmed,22,8,6,6,36.36
M Shahrukh Khan,KV Sharma,30,46,0,3,153.33
M Shahrukh Khan,Kuldeep Yadav,18,14,0,3,77.78
M Shahrukh Khan,M Jansen,10,6,0,3,60.0
M Shahrukh Khan,M Pathirana,6,4,0,2,66.67
M Shahrukh Khan,M Theekshana,14,32,2,2,228.57
M Shahrukh Khan,MA Wood,6,26,0,2,433.33
M Shahrukh Khan,MJ Santner,12,18,0,2,150.0
M Shahrukh Khan,MM Ali,22,26,0,3,118.18
M Shahrukh Khan,MM Sharma,6,10,0,2,166.67
M Shahrukh Khan,Mohammed Shami,14,44,0,3,314.29
M Shahrukh Khan,Mohammed Siraj,16,22,2,5,137.5
M Shahrukh Khan,Mukesh Kumar,8,6,0,3,75.0
M Shahrukh Khan,Mustafizur Rahman,8,12,0,3,150.0
M Shahrukh Khan,N Burger,8,22,0,2,275.0
M Shahrukh Khan,Navdeep Saini,6,6,0,2,100.0
M Shahrukh Khan,Naveen-ul-Haq,6,6,0,2,100.0
M Shahrukh Khan,Noor Ahmad,6,4,0,2,66.67
M Shahrukh Khan,PWH de Silva,16,14,2,3,87.5
M Shahrukh Khan,R Ashwin,14,32,0,3,228.57
M Shahrukh Khan,RA Jadeja,42,40,2,5,95.24
M Shahrukh Khan,Rashid Khan,16,8,2,3,50.0
M Shahrukh Khan,Rasikh Salam,6,12,2,2,200.0
M Shahrukh Khan,Ravi Bishnoi,12,18,0,2,150.0
M Shahrukh Khan,S Dube,10,30,0,2,300.0
M Shahrukh Khan,S Kaul,8,18,0,2,225.0
M Shahrukh Khan,SN Thakur,40,68,0,5,170.0
M Shahrukh Khan,SP Narine,20,18,0,4,90.0
M Shahrukh Khan,Sandeep Sharma,10,8,0,3,80.0
M Shahrukh Khan,Shahbaz Ahmed,14,26,0,2,185.71
M Shahrukh Khan,Shivam Mavi,8,18,0,2,225.0
M Shahrukh Khan,Swapnil Singh,6,8,0,2,133.33
M Shahrukh Khan,T Natarajan,16,20,0,2,125.0
M Shahrukh Khan,TA Boult,30,68,0,5,226.67
M Shahrukh Khan,TG Southee,12,22,2,4,183.33
M Shahrukh Khan,TU Deshpande,6,14,0,2,233.33
M Shahrukh Khan,Umran Malik,14,18,2,4,128.57
M Shahrukh Khan,VG Arora,10,28,0,3,280.0
M Shahrukh Khan,Vijaykumar Vyshak,16,20,2,3,125.0
M Shahrukh Khan,W O'Rourke,10,16,0,2,160.0
M Shahrukh Khan,WD Parnell,6,12,0,2,200.0
M Shahrukh Khan,YS Chahal,30,28,2,6,93.33
M Shahrukh Khan,Yash Dayal,12,18,0,2,150.0
M Shahrukh Khan,Yash Thakur,12,6,2,2,50.0
M Theekshana,HV Patel,8,14,0,2,175.0
M Theekshana,JJ Bumrah,12,2,0,2,16.67
M Theekshana,M Pathirana,6,4,0,2,66.67
M Theekshana,M Prasidh Krishna,12,4,0,2,33.33
M Theekshana,Mohammed Siraj,8,2,0,2,25.0
M Theekshana,R Sai Kishore,6,4,2,2,66.67
M Tiwari,MP Stoinis,6,16,0,2,266.67
M Tiwari,Yash Thakur,6,10,0,2,166.67
M Vijay,A Chandila,8,4,2,2,50.0
M Vijay,A Kumble,16,14,2,4,87.5
M Vijay,A Mishra,16,22,2,3,137.5
M Vijay,A Mithun,12,20,0,2,166.67
M Vijay,A Nehra,60,58,4,6,96.67
M Vijay,A Nortje,6,0,2,2,0.0
M Vijay,A Singh,26,16,0,3,61.54
M Vijay,A Zampa,28,48,0,2,171.43
M Vijay,AA Jhunjhunwala,6,14,0,2,233.33
M Vijay,AB Agarkar,28,38,2,3,135.71
M Vijay,AB Dinda,44,48,0,5,109.09
M Vijay,AC Thomas,16,20,2,3,125.0
M Vijay,AD Mathews,22,22,4,5,100.0
M Vijay,AD Russell,36,42,0,4,116.67
M Vijay,AL Menaria,12,6,0,2,50.0
M Vijay,AM Nayar,18,26,2,3,144.44
M Vijay,AN Ahmed,22,30,0,3,136.36
M Vijay,AR Patel,10,14,0,2,140.0
M Vijay,Ankit Sharma,40,42,2,4,105.0
M Vijay,Azhar Mahmood,24,26,0,2,108.33
M Vijay,B Kumar,84,70,2,7,83.33
M Vijay,B Lee,34,36,0,3,105.88
M Vijay,BA Bhatt,12,22,0,2,183.33
M Vijay,BB Sran,14,20,0,2,142.86
M Vijay,BE Hendricks,6,0,0,2,0.0
M Vijay,BW Hilfenhaus,6,4,0,3,66.67
M Vijay,CH Gayle,28,26,0,3,92.86
M Vijay,CH Morris,36,48,2,4,133.33
M Vijay,CJ Anderson,14,24,0,2,171.43
M Vijay,CJ Jordan,16,40,0,2,250.0
M Vijay,CRD Fernando,10,16,2,2,160.0
M Vijay,DJ Bravo,14,12,0,3,85.71
M Vijay,DJ Hussey,14,38,0,2,271.43
M Vijay,DJ Muthuswami,20,28,0,2,140.0
M Vijay,DJG Sammy,16,22,2,3,137.5
M Vijay,DL Chahar,10,26,0,2,260.0
M Vijay,DL Vettori,54,62,0,4,114.81
M Vijay,DP Nannes,20,24,0,4,120.0
M Vijay,DR Smith,26,38,0,4,146.15
M Vijay,DS Kulkarni,50,40,2,5,80.0
M Vijay,DT Christian,10,2,0,2,20.0
M Vijay,DW Steyn,58,44,0,6,75.86
M Vijay,HH Pandya,16,30,0,3,187.5
M Vijay,Harbhajan Singh,114,86,6,11,75.44
M Vijay,Harmeet Singh,10,18,0,2,180.0
M Vijay,I Sharma,72,104,0,7,144.44
M Vijay,IC Pandey,50,54,0,4,108.0
M Vijay,IK Pathan,66,68,0,8,103.03
M Vijay,Iqbal Abdulla,70,84,4,6,120.0
M Vijay,J Botha,32,52,2,5,162.5
M Vijay,J Suchith,32,50,0,3,156.25
M Vijay,J Syed Mohammad,12,26,0,2,216.67
M Vijay,J Theron,6,0,2,2,0.0
M Vijay,J Yadav,8,4,0,2,50.0
M Vijay,JA Morkel,20,20,0,2,100.0
M Vijay,JC Archer,8,4,0,2,50.0
M Vijay,JD Ryder,6,14,2,2,233.33
M Vijay,JD Unadkat,28,48,0,3,171.43
M Vijay,JE Taylor,28,26,0,3,92.86
M Vijay,JEC Franklin,6,4,2,2,66.67
M Vijay,JH Kallis,56,44,4,7,78.57
M Vijay,JJ Bumrah,42,28,2,5,66.67
M Vijay,JJ van der Wath,8,28,0,2,350.0
M Vijay,JL Pattinson,12,0,2,2,0.0
M Vijay,JP Duminy,10,4,0,2,40.0
M Vijay,JP Faulkner,44,36,2,6,81.82
M Vijay,JR Hopes,12,16,0,2,133.33
M Vijay,K Rabada,12,4,0,2,33.33
M Vijay,KH Pandya,54,62,0,4,114.81
M Vijay,KK Cooper,18,24,0,2,133.33
M Vijay,KP Pietersen,14,44,2,2,314.29
M Vijay,KV Sharma,32,18,0,4,56.25
M Vijay,KW Richardson,6,10,0,2,166.67
M Vijay,LR Shukla,12,30,2,3,250.0
M Vijay,M Ashwin,14,22,2,2,157.14
M Vijay,M Kartik,46,44,0,5,95.65
M Vijay,M Morkel,52,52,4,5,100.0
M Vijay,M Muralitharan,12,4,4,3,33.33
M Vijay,M de Lange,20,38,0,3,190.0
M Vijay,MA Starc,12,16,0,3,133.33
M Vijay,MG Johnson,36,36,4,5,100.0
M Vijay,MJ McClenaghan,48,76,0,4,158.33
M Vijay,MM Patel,38,74,4,5,194.74
M Vijay,MM Sharma,20,20,2,5,100.0
M Vijay,MR Marsh,14,28,0,3,200.0
M Vijay,Mohammed Shami,8,18,0,2,225.0
M Vijay,ND Doshi,8,8,0,2,100.0
M Vijay,NL McCullum,16,8,0,2,50.0
M Vijay,NLTC Perera,28,46,4,5,164.29
M Vijay,NM Coulter-Nile,10,2,0,2,20.0
M Vijay,P Awana,6,8,0,2,133.33
M Vijay,P Kumar,106,170,2,8,160.38
M Vijay,P Negi,24,30,0,2,125.0
M Vijay,P Suyal,14,4,0,3,28.57
M Vijay,PJ Sangwan,38,80,0,4,210.53
M Vijay,PP Chawla,54,66,4,4,122.22
M Vijay,PP Ojha,66,62,2,7,93.94
M Vijay,PV Tambe,12,10,0,3,83.33
M Vijay,R Ashwin,58,56,4,5,96.55
M Vijay,R Bhatia,14,26,2,3,185.71
M Vijay,R McLaren,22,18,0,3,81.82
M Vijay,R Ninan,6,12,2,2,200.0
M Vijay,R Rampaul,14,6,4,3,42.86
M Vijay,R Sharma,20,18,0,4,90.0
M Vijay,R Tewatia,6,4,0,2,66.67
M Vijay,R Vinay Kumar,82,102,0,11,124.39
M Vijay,RA Jadeja,38,34,4,5,89.47
M Vijay,RD Chahar,22,24,2,3,109.09
M Vijay,RE van der Merwe,20,18,0,2,90.0
M Vijay,RG Sharma,8,16,2,4,200.0
M Vijay,RJ Harris,80,84,2,7,105.0
M Vijay,RJ Peterson,12,14,0,2,116.67
M Vijay,RP Singh,78,124,4,9,158.97
M Vijay,RR Powar,20,20,2,3,100.0
M Vijay,S Aravind,52,80,8,6,153.85
M Vijay,S Gopal,14,10,4,3,71.43
M Vijay,S Kaul,14,18,0,2,128.57
M Vijay,S Kaushik,18,18,2,2,100.0
M Vijay,S Ladda,16,18,0,2,112.5
M Vijay,S Nadeem,24,30,0,4,125.0
M Vijay,S Narwal,34,116,0,3,341.18
M Vijay,SA Yadav,8,6,0,2,75.0
M Vijay,SE Bond,10,12,0,2,120.0
M Vijay,SK Trivedi,30,58,2,5,193.33
M Vijay,SK Warne,44,52,0,4,118.18
M Vijay,SL Malinga,90,86,0,13,95.56
M Vijay,SP Narine,50,34,4,7,68.0
M Vijay,SR Watson,94,126,6,7,134.04
M Vijay,STR Binny,54,70,0,7,129.63
M Vijay,SW Tait,38,58,0,3,152.63
M Vijay,Sandeep Sharma,10,10,2,2,100.0
M Vijay,Shakib Al Hasan,20,28,0,4,140.0
M Vijay,Sunny Gupta,18,46,0,2,255.56
M Vijay,TA Boult,34,46,0,4,135.29
M Vijay,TG Southee,50,60,2,4,120.0
M Vijay,TL Suman,10,4,2,2,40.0
M Vijay,UT Yadav,96,142,2,9,147.92
M Vijay,V Sehwag,12,42,0,2,350.0
M Vijay,VR Aaron,88,112,0,6,127.27
M Vijay,VS Malik,12,12,0,2,100.0
M Vijay,WPUJC Vaas,12,6,2,2,50.0
M Vijay,Y Venugopal Rao,8,14,0,2,175.0
M Vijay,YK Pathan,46,78,0,5,169.57
M Vijay,YS Chahal,20,26,2,3,130.0
M Vijay,Yuvraj Singh,6,4,0,2,66.67
M Vijay,Z Khan,80,68,0,11,85.0
M Vohra,A Chandila,8,2,0,2,25.0
M Vohra,A Mishra,14,16,4,4,114.29
M Vohra,A Nehra,10,12,2,3,120.0
M Vohra,AB Agarkar,6,4,0,2,66.67
M Vohra,AB Dinda,28,62,2,4,221.43
M Vohra,AD Mathews,10,14,0,2,140.0
M Vohra,AD Russell,34,36,4,4,105.88
M Vohra,Ankit Sharma,18,18,2,2,100.0
M Vohra,Avesh Khan,10,0,0,2,0.0
M Vohra,B Kumar,56,50,2,8,89.29
M Vohra,B Stanlake,20,24,0,2,120.0
M Vohra,BAW Mendis,8,16,0,2,200.0
M Vohra,BB Sran,34,72,0,3,211.76
M Vohra,Bipul Sharma,10,10,2,2,100.0
M Vohra,C de Grandhomme,6,4,0,2,66.67
M Vohra,CH Morris,16,36,0,3,225.0
M Vohra,CR Brathwaite,10,26,0,2,260.0
M Vohra,CR Woakes,20,36,2,3,180.0
M Vohra,DJ Hooda,6,0,0,2,0.0
M Vohra,DL Chahar,18,24,0,3,133.33
M Vohra,DP Nannes,6,2,0,2,33.33
M Vohra,DT Christian,8,12,0,2,150.0
M Vohra,DW Steyn,16,40,0,2,250.0
M Vohra,GB Hogg,16,6,0,2,37.5
M Vohra,GJ Maxwell,8,4,2,2,50.0
M Vohra,I Sharma,28,48,0,3,171.43
M Vohra,IC Pandey,30,38,4,3,126.67
M Vohra,Imran Tahir,22,16,4,3,72.73
M Vohra,J Botha,16,24,2,3,150.0
M Vohra,J Yadav,6,6,0,2,100.0
M Vohra,JA Richardson,12,24,0,2,200.0
M Vohra,JD Unadkat,16,14,0,3,87.5
M Vohra,JDS Neesham,12,28,0,2,233.33
M Vohra,JH Kallis,26,32,0,3,123.08
M Vohra,JJ Bumrah,24,26,2,4,108.33
M Vohra,JP Duminy,38,70,0,4,184.21
M Vohra,JP Faulkner,14,30,0,3,214.29
M Vohra,JR Hazlewood,10,22,2,2,220.0
M Vohra,K Santokie,8,12,0,2,150.0
M Vohra,KA Jamieson,16,12,2,2,75.0
M Vohra,KH Pandya,16,12,0,2,75.0
M Vohra,KK Cooper,6,14,0,2,233.33
M Vohra,L Balaji,10,20,4,3,200.0
M Vohra,M Ashwin,16,20,0,2,125.0
M Vohra,M Markande,12,18,2,2,150.0
M Vohra,M Morkel,68,86,4,4,126.47
M Vohra,M Theekshana,6,2,2,2,33.33
M Vohra,MA Starc,8,6,2,3,75.0
M Vohra,MC Henriques,22,44,0,3,200.0
M Vohra,MJ McClenaghan,12,8,0,3,66.67
M Vohra,MM Sharma,12,8,0,2,66.67
M Vohra,MR Marsh,14,22,0,2,157.14
M Vohra,Mohammad Nabi,22,32,0,2,145.45
M Vohra,Mohammed Shami,24,52,0,3,216.67
M Vohra,Mohammed Siraj,8,4,0,3,50.0
M Vohra,Mustafizur Rahman,10,0,0,2,0.0
M Vohra,NLTC Perera,10,28,0,2,280.0
M Vohra,P Kumar,30,10,0,3,33.33
M Vohra,P Negi,26,40,0,4,153.85
M Vohra,PP Chawla,28,38,4,4,135.71
M Vohra,PP Ojha,10,18,0,2,180.0
M Vohra,R Ashwin,20,16,0,3,80.0
M Vohra,R Bhatia,16,24,0,3,150.0
M Vohra,R Sharma,18,26,0,3,144.44
M Vohra,R Tewatia,6,2,0,2,33.33
M Vohra,RA Jadeja,30,34,4,4,113.33
M Vohra,RE van der Merwe,6,2,0,2,33.33
M Vohra,Rashid Khan,32,78,0,3,243.75
M Vohra,S Aravind,8,14,0,3,175.0
M Vohra,S Badree,20,16,0,2,80.0
M Vohra,S Gopal,20,20,2,2,100.0
M Vohra,S Kaul,20,34,0,3,170.0
M Vohra,S Ladda,14,32,0,3,228.57
M Vohra,S Nadeem,16,28,2,3,175.0
M Vohra,SL Malinga,12,30,0,2,250.0
M Vohra,SM Curran,14,18,2,2,128.57
M Vohra,SP Narine,58,58,2,7,100.0
M Vohra,SR Watson,44,68,0,4,154.55
M Vohra,Sandeep Sharma,10,6,2,2,60.0
M Vohra,Shahbaz Ahmed,6,14,0,2,233.33
M Vohra,Shakib Al Hasan,42,56,0,4,133.33
M Vohra,TA Boult,20,20,2,5,100.0
M Vohra,TG Southee,10,4,0,2,40.0
M Vohra,TS Mills,8,10,2,2,125.0
M Vohra,UT Yadav,52,60,2,7,115.38
M Vohra,WD Parnell,18,30,0,2,166.67
M Vohra,YS Chahal,6,2,2,2,33.33
M Vohra,Z Khan,30,4,2,4,13.33
MA Agarwal,A Ashish Reddy,6,14,2,2,233.33
MA Agarwal,A Mishra,22,26,4,4,118.18
MA Agarwal,A Nehra,22,18,4,4,81.82
MA Agarwal,A Nortje,44,64,0,4,145.45
MA Agarwal,AB Dinda,6,12,0,2,200.0
MA Agarwal,AD Russell,48,44,6,7,91.67
MA Agarwal,AN Ahmed,12,8,2,3,66.67
MA Agarwal,AR Patel,108,86,4,9,79.63
MA Agarwal,AS Rajpoot,22,36,0,2,163.64
MA Agarwal,Abhishek Sharma,18,18,0,3,100.0
MA Agarwal,Akash Madhwal,16,38,2,2,237.5
MA Agarwal,Akash Singh,12,30,0,2,250.0
MA Agarwal,Anureet Singh,42,50,2,3,119.05
MA Agarwal,Arjun Tendulkar,10,4,0,2,40.0
MA Agarwal,Arshdeep Singh,22,36,0,3,163.64
MA Agarwal,Avesh Khan,62,96,0,5,154.84
MA Agarwal,Azmatullah Omarzai,22,16,2,3,72.73
MA Agarwal,B Kumar,58,62,2,9,106.9
MA Agarwal,B Lee,14,16,0,2,114.29
MA Agarwal,BA Stokes,10,12,2,3,120.0
MA Agarwal,BCJ Cutting,18,42,0,3,233.33
MA Agarwal,BW Hilfenhaus,8,2,0,2,25.0
MA Agarwal,Basil Thampi,22,36,0,3,163.64
MA Agarwal,C Green,12,6,0,3,50.0
MA Agarwal,C Sakariya,22,22,2,3,100.0
MA Agarwal,C de Grandhomme,8,2,2,2,25.0
MA Agarwal,CH Morris,56,80,2,8,142.86
MA Agarwal,CJ Jordan,8,6,0,2,75.0
MA Agarwal,CR Woakes,6,16,0,2,266.67
MA Agarwal,CV Varun,40,32,2,5,80.0
MA Agarwal,D Wiese,8,8,0,2,100.0
MA Agarwal,DE Bollinger,40,50,0,3,125.0
MA Agarwal,DJ Bravo,32,24,2,4,75.0
MA Agarwal,DJ Hooda,6,12,0,2,200.0
MA Agarwal,DJ Willey,14,22,0,2,157.14
MA Agarwal,DL Chahar,38,44,2,5,115.79
MA Agarwal,DP Nannes,12,10,0,2,83.33
MA Agarwal,DR Sams,10,6,0,2,60.0
MA Agarwal,DR Smith,14,6,0,2,42.86
MA Agarwal,DS Kulkarni,20,50,0,4,250.0
MA Agarwal,DS Rathi,14,16,0,2,114.29
MA Agarwal,DT Christian,10,22,0,3,220.0
MA Agarwal,DW Steyn,44,46,2,6,104.55
MA Agarwal,GB Hogg,6,4,2,2,66.67
MA Agarwal,GH Vihari,10,22,0,2,220.0
MA Agarwal,GHS Garton,22,24,0,2,109.09
MA Agarwal,GJ Maxwell,14,20,0,3,142.86
MA Agarwal,HH Pandya,28,24,6,7,85.71
MA Agarwal,HR Shokeen,6,6,0,2,100.0
MA Agarwal,HV Patel,42,42,2,5,100.0
MA Agarwal,Harbhajan Singh,48,88,4,6,183.33
MA Agarwal,Harpreet Brar,16,20,0,3,125.0
MA Agarwal,Harsh Dubey,6,8,0,2,133.33
MA Agarwal,Harshit Rana,36,54,4,3,150.0
MA Agarwal,I Sharma,60,100,2,7,166.67
MA Agarwal,I Udana,8,16,0,2,200.0
MA Agarwal,IC Pandey,6,2,2,2,33.33
MA Agarwal,IS Sodhi,14,26,2,2,185.71
MA Agarwal,Imran Tahir,10,6,2,3,60.0
MA Agarwal,Iqbal Abdulla,12,6,2,2,50.0
MA Agarwal,J Botha,18,46,0,2,255.56
MA Agarwal,JA Morkel,40,58,2,6,145.0
MA Agarwal,JC Archer,34,22,0,5,64.71
MA Agarwal,JD Unadkat,42,58,0,5,138.1
MA Agarwal,JDP Oram,6,2,0,2,33.33
MA Agarwal,JH Kallis,10,12,0,2,120.0
MA Agarwal,JJ Bumrah,42,30,6,9,71.43
MA Agarwal,JL Pattinson,8,16,0,2,200.0
MA Agarwal,JO Holder,20,24,2,4,120.0
MA Agarwal,JP Behrendorff,30,58,0,3,193.33
MA Agarwal,JP Faulkner,6,0,2,2,0.0
MA Agarwal,JR Hazlewood,6,4,0,2,66.67
MA Agarwal,JW Hastings,8,2,0,2,25.0
MA Agarwal,K Gowtham,14,16,2,2,114.29
MA Agarwal,K Kartikeya,32,52,0,2,162.5
MA Agarwal,K Khejroliya,10,12,0,2,120.0
MA Agarwal,K Rabada,74,114,2,7,154.05
MA Agarwal,KA Jamieson,24,20,0,3,83.33
MA Agarwal,KA Pollard,20,18,2,3,90.0
MA Agarwal,KH Pandya,54,102,4,6,188.89
MA Agarwal,KK Ahmed,22,22,2,5,100.0
MA Agarwal,KK Cooper,10,0,0,2,0.0
MA Agarwal,KL Nagarkoti,12,24,0,2,200.0
MA Agarwal,KM Asif,8,10,0,2,125.0
MA Agarwal,KR Sen,6,4,0,2,66.67
MA Agarwal,KT Maphaka,10,4,0,2,40.0
MA Agarwal,Kartik Tyagi,18,30,0,2,166.67
MA Agarwal,Kuldeep Yadav,28,26,0,3,92.86
MA Agarwal,L Balaji,6,4,2,2,66.67
MA Agarwal,LE Plunkett,8,2,2,2,25.0
MA Agarwal,LH Ferguson,8,10,0,3,125.0
MA Agarwal,LI Meriwala,24,44,2,2,183.33
MA Agarwal,Lalit Yadav,24,38,0,3,158.33
MA Agarwal,M Ashwin,18,34,2,2,188.89
MA Agarwal,M Markande,8,18,0,2,225.0
MA Agarwal,M Morkel,26,34,4,4,130.77
MA Agarwal,M Muralitharan,18,34,0,3,188.89
MA Agarwal,M Prasidh Krishna,50,88,2,4,176.0
MA Agarwal,M Theekshana,16,16,2,3,100.0
MA Agarwal,MA Starc,50,48,2,5,96.0
MA Agarwal,MC Henriques,14,18,0,2,128.57
MA Agarwal,MG Johnson,22,40,2,3,181.82
MA Agarwal,MJ McClenaghan,10,6,4,4,60.0
MA Agarwal,MJ Santner,14,12,0,2,85.71
MA Agarwal,MK Lomror,6,8,0,2,133.33
MA Agarwal,MM Ali,10,14,0,2,140.0
MA Agarwal,MM Patel,22,54,0,3,245.45
MA Agarwal,MM Sharma,36,70,0,4,194.44
MA Agarwal,MN Samuels,8,2,2,2,25.0
MA Agarwal,MP Stoinis,42,64,4,4,152.38
MA Agarwal,MR Marsh,18,26,0,2,144.44
MA Agarwal,MS Gony,6,6,2,2,100.0
MA Agarwal,Mohammad Nabi,22,30,0,2,136.36
MA Agarwal,Mohammed Shami,18,12,0,3,66.67
MA Agarwal,Mohammed Siraj,44,68,0,5,154.55
MA Agarwal,Mohsin Khan,20,26,0,2,130.0
MA Agarwal,Mukesh Choudhary,18,18,2,3,100.0
MA Agarwal,Mukesh Kumar,6,10,0,2,166.67
MA Agarwal,Musheer Khan,8,22,2,2,275.0
MA Agarwal,Mustafizur Rahman,28,38,2,4,135.71
MA Agarwal,N Rana,12,20,0,3,166.67
MA Agarwal,NA Saini,26,32,0,4,123.08
MA Agarwal,NLTC Perera,20,30,2,4,150.0
MA Agarwal,NT Ellis,8,4,0,2,50.0
MA Agarwal,Nithish Kumar Reddy,6,2,2,2,33.33
MA Agarwal,P Kumar,20,6,0,4,30.0
MA Agarwal,PJ Cummins,36,38,0,4,105.56
MA Agarwal,PP Chawla,66,98,4,6,148.48
MA Agarwal,PVD Chameera,8,12,2,2,150.0
MA Agarwal,PWH de Silva,8,2,2,3,25.0
MA Agarwal,Pankaj Singh,30,38,2,3,126.67
MA Agarwal,R Ashwin,86,142,6,10,165.12
MA Agarwal,R Bhatia,8,8,0,3,100.0
MA Agarwal,R Dhawan,12,20,0,2,166.67
MA Agarwal,R McLaren,6,0,2,2,0.0
MA Agarwal,R Tewatia,32,68,2,3,212.5
MA Agarwal,R Vinay Kumar,24,44,2,4,183.33
MA Agarwal,RA Jadeja,24,40,4,5,166.67
MA Agarwal,RD Chahar,10,4,4,3,40.0
MA Agarwal,RG Sharma,10,26,0,2,260.0
MA Agarwal,RJ Harris,6,12,2,2,200.0
MA Agarwal,RP Meredith,20,32,2,2,160.0
MA Agarwal,RP Singh,26,48,0,3,184.62
MA Agarwal,Rashid Khan,46,46,2,5,100.0
MA Agarwal,S Gopal,30,82,0,3,273.33
MA Agarwal,S Kaul,34,50,2,5,147.06
MA Agarwal,S Lamichhane,14,8,0,3,57.14
MA Agarwal,S Nadeem,14,14,2,3,100.0
MA Agarwal,S Sandeep Warrier,10,16,0,2,160.0
MA Agarwal,S Sreesanth,10,10,0,2,100.0
MA Agarwal,SB Jakati,6,2,0,2,33.33
MA Agarwal,SK Trivedi,8,4,0,2,50.0
MA Agarwal,SL Malinga,22,30,4,5,136.36
MA Agarwal,SM Curran,32,44,0,4,137.5
MA Agarwal,SN Thakur,52,94,2,6,180.77
MA Agarwal,SP Narine,64,80,4,9,125.0
MA Agarwal,SR Watson,14,24,0,2,171.43
MA Agarwal,STR Binny,6,12,2,2,200.0
MA Agarwal,Sandeep Sharma,84,94,6,9,111.9
MA Agarwal,Shahbaz Ahmed,36,58,0,5,161.11
MA Agarwal,Shakib Al Hasan,14,26,2,3,185.71
MA Agarwal,Shivam Mavi,36,36,0,4,100.0
MA Agarwal,TA Boult,70,116,0,7,165.71
MA Agarwal,TG Southee,70,92,0,7,131.43
MA Agarwal,TK Curran,16,30,2,2,187.5
MA Agarwal,TS Mills,14,26,0,2,185.71
MA Agarwal,UT Yadav,82,84,4,9,102.44
MA Agarwal,V Pratap Singh,6,22,0,2,366.67
MA Agarwal,VG Arora,10,20,0,2,200.0
MA Agarwal,VR Aaron,26,30,0,2,115.38
MA Agarwal,VR Iyer,6,14,0,2,233.33
MA Agarwal,Vijaykumar Vyshak,8,16,0,2,200.0
MA Agarwal,W O'Rourke,6,12,0,2,200.0
MA Agarwal,Washington Sundar,6,2,2,2,33.33
MA Agarwal,YS Chahal,92,144,14,11,156.52
MA Agarwal,Yuvraj Singh,10,6,0,2,60.0
MA Agarwal,Z Khan,12,8,2,2,66.67
MA Khote,B Lee,6,4,0,2,66.67
MA Khote,Joginder Sharma,6,6,0,2,100.0
MA Khote,RP Singh,8,8,0,2,100.0
MA Starc,AR Patel,16,6,0,3,37.5
MA Starc,B Kumar,8,10,0,2,125.0
MA Starc,DJ Bravo,16,8,0,4,50.0
MA Starc,DS Rathi,8,4,0,2,50.0
MA Starc,DW Steyn,10,6,0,3,60.0
MA Starc,JJ Bumrah,8,4,2,3,50.0
MA Starc,KV Sharma,6,4,0,2,66.67
MA Starc,L Balaji,22,22,2,3,100.0
MA Starc,MG Johnson,14,16,2,3,114.29
MA Starc,MM Sharma,12,14,2,3,116.67
MA Starc,Mustafizur Rahman,6,0,2,2,0.0
MA Starc,PV Tambe,14,8,0,2,57.14
MA Starc,R Bhatia,6,10,2,2,166.67
MA Starc,R Dhawan,10,4,0,2,40.0
MA Starc,R Vinay Kumar,12,18,0,2,150.0
MA Starc,SL Malinga,6,8,2,2,133.33
MA Starc,Sandeep Sharma,8,14,0,2,175.0
MA Starc,Shivam Sharma,10,12,0,2,120.0
MA Starc,T Natarajan,6,12,0,2,200.0
MA Starc,TG Southee,8,12,0,2,150.0
MA Wood,TU Deshpande,6,20,0,2,333.33
MC Henriques,A Choudhary,8,12,0,2,150.0
MC Henriques,A Mishra,90,96,2,8,106.67
MC Henriques,A Nehra,14,18,0,2,128.57
MC Henriques,A Zampa,10,6,2,2,60.0
MC Henriques,AB Dinda,24,52,0,3,216.67
MC Henriques,AD Russell,14,12,0,3,85.71
MC Henriques,AR Patel,40,44,2,5,110.0
MC Henriques,Abhishek Sharma,18,18,2,2,100.0
MC Henriques,Ankit Sharma,6,4,0,2,66.67
MC Henriques,Anureet Singh,12,10,0,2,83.33
MC Henriques,B Kumar,8,8,0,2,100.0
MC Henriques,BE Hendricks,8,20,0,2,250.0
MC Henriques,Basil Thampi,6,4,0,2,66.67
MC Henriques,CH Morris,14,16,0,3,114.29
MC Henriques,CR Brathwaite,10,12,0,2,120.0
MC Henriques,CR Woakes,6,10,2,2,166.67
MC Henriques,DP Nannes,14,32,0,2,228.57
MC Henriques,DS Kulkarni,26,44,0,4,169.23
MC Henriques,DT Christian,10,8,0,2,80.0
MC Henriques,DW Steyn,24,34,0,3,141.67
MC Henriques,GB Hogg,10,6,2,2,60.0
MC Henriques,GJ Maxwell,18,20,0,3,111.11
MC Henriques,Gurkeerat Singh,12,12,2,2,100.0
MC Henriques,HH Pandya,12,20,0,3,166.67
MC Henriques,HV Patel,38,74,0,4,194.74
MC Henriques,Harbhajan Singh,36,40,0,3,111.11
MC Henriques,I Sharma,16,8,2,3,50.0
MC Henriques,IK Pathan,6,4,0,2,66.67
MC Henriques,Imran Tahir,16,14,2,3,87.5
MC Henriques,J Botha,8,8,0,2,100.0
MC Henriques,J Suchith,6,2,2,2,33.33
MC Henriques,J Yadav,24,12,0,3,50.0
MC Henriques,JA Morkel,18,42,0,2,233.33
MC Henriques,JD Unadkat,12,36,0,2,300.0
MC Henriques,JJ Bumrah,22,22,2,3,100.0
MC Henriques,JO Holder,10,16,0,2,160.0
MC Henriques,JP Duminy,18,28,2,3,155.56
MC Henriques,JP Faulkner,26,48,0,4,184.62
MC Henriques,K Rabada,8,20,0,2,250.0
MC Henriques,KC Cariappa,10,12,0,2,120.0
MC Henriques,KW Richardson,10,26,0,3,260.0
MC Henriques,Kuldeep Yadav,24,38,2,4,158.33
MC Henriques,M Morkel,16,8,0,4,50.0
MC Henriques,M Vijay,14,14,0,2,100.0
MC Henriques,MG Johnson,6,6,0,2,100.0
MC Henriques,MJ McClenaghan,32,30,0,5,93.75
MC Henriques,MM Sharma,24,34,0,5,141.67
MC Henriques,Mohammed Shami,10,8,2,3,80.0
MC Henriques,Mohammed Siraj,6,4,0,2,66.67
MC Henriques,NLTC Perera,30,38,0,4,126.67
MC Henriques,NM Coulter-Nile,10,14,0,2,140.0
MC Henriques,P Kumar,30,56,2,6,186.67
MC Henriques,P Negi,8,12,2,2,150.0
MC Henriques,PP Chawla,18,14,0,2,77.78
MC Henriques,PP Ojha,12,20,0,3,166.67
MC Henriques,PV Tambe,32,10,2,3,31.25
MC Henriques,Parvez Rasool,14,6,0,2,42.86
MC Henriques,R Ashwin,6,2,0,2,33.33
MC Henriques,R Bhatia,18,18,0,4,100.0
MC Henriques,R Sharma,10,30,0,3,300.0
MC Henriques,R Vinay Kumar,10,6,0,2,60.0
MC Henriques,RN ten Doeschate,6,4,0,2,66.67
MC Henriques,Rashid Khan,16,10,0,2,62.5
MC Henriques,S Aravind,20,42,0,2,210.0
MC Henriques,S Kaul,6,12,0,2,200.0
MC Henriques,S Kaushik,56,64,0,3,114.29
MC Henriques,S Nadeem,16,20,2,2,125.0
MC Henriques,S Sreesanth,24,24,0,2,100.0
MC Henriques,SB Styris,6,2,2,2,33.33
MC Henriques,SK Raina,10,26,0,2,260.0
MC Henriques,SL Malinga,24,30,0,3,125.0
MC Henriques,SN Thakur,32,60,0,3,187.5
MC Henriques,SP Narine,30,34,4,6,113.33
MC Henriques,SR Watson,36,34,2,7,94.44
MC Henriques,Sandeep Sharma,14,4,4,4,28.57
MC Henriques,Shakib Al Hasan,14,8,0,3,57.14
MC Henriques,T Shamsi,12,28,0,2,233.33
MC Henriques,TG Southee,10,2,2,2,20.0
MC Henriques,TM Dilshan,8,4,0,2,50.0
MC Henriques,TM Head,6,16,0,2,266.67
MC Henriques,TS Mills,8,8,0,2,100.0
MC Henriques,Tejas Baroka,12,14,0,2,116.67
MC Henriques,UT Yadav,28,36,2,5,128.57
MC Henriques,YK Pathan,22,54,0,4,245.45
MC Henriques,YS Chahal,46,72,2,5,156.52
MC Henriques,Z Khan,20,42,0,3,210.0
MC Juneja,A Mishra,22,10,2,2,45.45
MC Juneja,AB McDonald,12,22,0,2,183.33
MC Juneja,Anand Rajan,14,14,0,2,100.0
MC Juneja,BA Bhatt,8,4,0,2,50.0
MC Juneja,DJ Hussey,16,12,0,2,75.0
MC Juneja,Harbhajan Singh,14,18,0,2,128.57
MC Juneja,I Sharma,8,6,0,2,75.0
MC Juneja,J Syed Mohammad,8,6,0,2,75.0
MC Juneja,JD Unadkat,6,4,2,2,66.67
MC Juneja,KA Pollard,12,12,0,2,100.0
MC Juneja,KK Cooper,10,4,2,2,40.0
MC Juneja,L Balaji,14,12,2,2,85.71
MC Juneja,MG Johnson,16,32,0,2,200.0
MC Juneja,MM Sharma,6,4,2,2,66.67
MC Juneja,PP Chawla,12,10,0,2,83.33
MC Juneja,PP Ojha,20,22,0,2,110.0
MC Juneja,R Vinay Kumar,6,2,0,2,33.33
MC Juneja,S Badree,6,6,0,2,100.0
MC Juneja,SK Trivedi,10,14,0,2,140.0
MC Juneja,SL Malinga,18,14,0,2,77.78
MC Juneja,STR Binny,6,14,0,2,233.33
MD Choudhary,AR Patel,8,4,0,2,50.0
MD Choudhary,AS Roy,6,2,2,3,33.33
MD Choudhary,Arshdeep Singh,8,10,0,2,125.0
MD Choudhary,B Kumar,10,12,0,2,120.0
MD Choudhary,C Green,12,32,0,2,266.67
MD Choudhary,Gurjapneet Singh,8,10,0,2,125.0
MD Choudhary,HV Patel,8,2,0,2,25.0
MD Choudhary,K Rabada,8,20,0,2,250.0
MD Choudhary,KH Pandya,16,24,0,2,150.0
MD Choudhary,Kartik Tyagi,10,26,0,2,260.0
MD Choudhary,Kuldeep Yadav,8,18,2,2,225.0
MD Choudhary,M Jansen,16,10,2,3,62.5
MD Choudhary,M Prasidh Krishna,6,2,2,2,33.33
MD Choudhary,Mohammed Siraj,10,12,0,2,120.0
MD Choudhary,Mukesh Choudhary,10,14,0,2,140.0
MD Choudhary,Rasikh Salam,8,14,2,2,175.0
MD Choudhary,SP Narine,10,4,0,3,40.0
MD Choudhary,Suyash Sharma,18,22,0,2,122.22
MD Choudhary,VG Arora,20,46,0,2,230.0
MD Choudhary,Vijaykumar Vyshak,6,14,0,2,233.33
MD Choudhary,XC Bartlett,10,10,0,2,100.0
MD Mishra,A Kumble,22,30,0,3,136.36
MD Mishra,A Mishra,16,8,2,3,50.0
MD Mishra,A Nehra,10,26,0,2,260.0
MD Mishra,AB Agarkar,8,8,0,2,100.0
MD Mishra,AD Mathews,10,18,2,2,180.0
MD Mishra,AG Murtaza,6,8,2,2,133.33
MD Mishra,DE Bollinger,30,40,2,4,133.33
MD Mishra,DP Nannes,10,6,0,2,60.0
MD Mishra,DW Steyn,10,4,0,2,40.0
MD Mishra,IK Pathan,10,12,0,3,120.0
MD Mishra,J Theron,8,12,0,2,150.0
MD Mishra,JA Morkel,22,18,2,3,81.82
MD Mishra,JH Kallis,12,16,0,2,133.33
MD Mishra,JR Hopes,8,6,0,2,75.0
MD Mishra,KA Pollard,16,10,2,3,62.5
MD Mishra,KMDN Kulasekara,8,2,0,2,25.0
MD Mishra,KP Appanna,6,14,0,2,233.33
MD Mishra,M Kartik,8,18,0,2,225.0
MD Mishra,M Muralitharan,12,34,0,2,283.33
MD Mishra,MM Patel,8,14,0,2,175.0
MD Mishra,P Kumar,14,8,4,3,57.14
MD Mishra,R Ashwin,18,6,2,2,33.33
MD Mishra,R McLaren,20,26,0,3,130.0
MD Mishra,R Vinay Kumar,6,6,0,3,100.0
MD Mishra,RA Jadeja,18,24,0,2,133.33
MD Mishra,RP Singh,6,10,0,2,166.67
MD Mishra,SE Bond,6,14,0,2,233.33
MD Mishra,SJ Srivastava,14,4,0,2,28.57
MD Mishra,UT Yadav,12,14,0,3,116.67
MD Mishra,V Kohli,18,26,0,2,144.44
MD Mishra,VS Malik,14,16,2,2,114.29
MD Mishra,Z Khan,12,10,2,3,83.33
MD Shanaka,AM Ghazanfar,8,20,0,2,250.0
MD Shanaka,JO Holder,18,6,4,3,33.33
MD Shanaka,L Ngidi,8,12,0,2,150.0
MD Shanaka,M Prasidh Krishna,6,2,0,2,33.33
MD Shanaka,M Theekshana,20,30,0,2,150.0
MD Shanaka,MA Starc,6,6,2,2,100.0
MD Shanaka,Mohammed Siraj,10,16,0,2,160.0
MD Shanaka,RA Jadeja,12,4,2,2,33.33
MD Shanaka,Raghu Sharma,14,20,0,2,142.86
MD Shanaka,Rashid Khan,6,14,0,2,233.33
MD Shanaka,SN Thakur,6,16,0,2,266.67
MD Shanaka,T Natarajan,8,12,0,2,150.0
MDKJ Perera,A Nehra,6,2,0,2,33.33
MDKJ Perera,IK Pathan,10,8,0,2,80.0
MDKJ Perera,UT Yadav,8,18,2,2,225.0
MEK Hussey,A Chandila,18,22,0,2,122.22
MEK Hussey,A Mishra,50,88,2,4,176.0
MEK Hussey,A Mithun,12,24,0,2,200.0
MEK Hussey,A Nehra,40,18,0,5,45.0
MEK Hussey,A Singh,14,28,0,2,200.0
MEK Hussey,AB Agarkar,20,32,0,2,160.0
MEK Hussey,AC Thomas,32,30,0,3,93.75
MEK Hussey,AD Russell,12,8,0,2,66.67
MEK Hussey,AL Menaria,22,48,0,3,218.18
MEK Hussey,AN Ahmed,6,4,0,2,66.67
MEK Hussey,AR Patel,10,4,2,2,40.0
MEK Hussey,Ankit Sharma,22,36,2,2,163.64
MEK Hussey,Azhar Mahmood,24,40,0,2,166.67
MEK Hussey,B Akhil,24,36,0,2,150.0
MEK Hussey,B Lee,62,78,0,5,125.81
MEK Hussey,BE Hendricks,6,2,0,2,33.33
MEK Hussey,BJ Hodge,20,24,0,2,120.0
MEK Hussey,CH Gayle,12,4,0,2,33.33
MEK Hussey,D Wiese,22,22,2,2,100.0
MEK Hussey,DJ Hussey,18,16,0,2,88.89
MEK Hussey,DJG Sammy,18,44,0,3,244.44
MEK Hussey,DL Vettori,36,46,0,3,127.78
MEK Hussey,DS Kulkarni,34,54,2,5,158.82
MEK Hussey,DT Christian,18,18,0,2,100.0
MEK Hussey,DW Steyn,24,16,0,3,66.67
MEK Hussey,HV Patel,10,12,0,2,120.0
MEK Hussey,Harbhajan Singh,92,78,2,7,84.78
MEK Hussey,Harmeet Singh,12,6,2,2,50.0
MEK Hussey,I Sharma,40,76,0,4,190.0
MEK Hussey,IC Pandey,28,22,0,3,78.57
MEK Hussey,IK Pathan,72,118,4,6,163.89
MEK Hussey,Imran Tahir,10,18,0,2,180.0
MEK Hussey,Iqbal Abdulla,20,6,0,4,30.0
MEK Hussey,J Botha,66,58,2,5,87.88
MEK Hussey,J Syed Mohammad,22,48,2,2,218.18
MEK Hussey,JA Morkel,12,4,2,2,33.33
MEK Hussey,JD Unadkat,16,24,2,3,150.0
MEK Hussey,JE Taylor,26,24,2,3,92.31
MEK Hussey,JH Kallis,78,124,2,6,158.97
MEK Hussey,JJ van der Wath,24,44,0,2,183.33
MEK Hussey,JP Duminy,28,26,0,4,92.86
MEK Hussey,JP Faulkner,42,46,0,4,109.52
MEK Hussey,JR Hopes,20,32,0,2,160.0
MEK Hussey,K Goel,18,34,0,2,188.89
MEK Hussey,KA Pollard,48,64,0,5,133.33
MEK Hussey,KK Cooper,38,60,2,5,157.89
MEK Hussey,KV Sharma,24,24,0,3,100.0
MEK Hussey,KW Richardson,6,0,2,2,0.0
MEK Hussey,L Balaji,84,118,4,5,140.48
MEK Hussey,M Kartik,30,30,2,3,100.0
MEK Hussey,M Morkel,66,60,0,4,90.91
MEK Hussey,M Muralitharan,16,16,0,2,100.0
MEK Hussey,M de Lange,6,2,0,2,33.33
MEK Hussey,MA Starc,34,38,0,3,111.76
MEK Hussey,MG Johnson,54,60,0,4,111.11
MEK Hussey,MJ McClenaghan,12,12,2,3,100.0
MEK Hussey,MM Patel,42,60,0,4,142.86
MEK Hussey,MM Sharma,12,20,0,2,166.67
MEK Hussey,MS Gony,10,24,0,2,240.0
MEK Hussey,Mohammed Shami,12,10,0,2,83.33
MEK Hussey,ND Doshi,10,18,0,2,180.0
MEK Hussey,NL McCullum,8,16,0,2,200.0
MEK Hussey,NLTC Perera,12,22,2,2,183.33
MEK Hussey,P Awana,32,48,0,3,150.0
MEK Hussey,P Kumar,40,46,2,4,115.0
MEK Hussey,P Suyal,16,20,0,2,125.0
MEK Hussey,PP Chawla,40,50,2,4,125.0
MEK Hussey,PP Ojha,38,34,2,6,89.47
MEK Hussey,Pankaj Singh,14,12,0,2,85.71
MEK Hussey,R Ashwin,14,22,0,2,157.14
MEK Hussey,R Bhatia,88,118,0,7,134.09
MEK Hussey,R Dhawan,6,4,0,2,66.67
MEK Hussey,R McLaren,6,8,0,2,133.33
MEK Hussey,R Ninan,10,10,0,2,100.0
MEK Hussey,R Rampaul,18,16,0,3,88.89
MEK Hussey,R Sathish,20,40,0,4,200.0
MEK Hussey,R Sharma,36,40,0,3,111.11
MEK Hussey,R Shukla,16,38,0,2,237.5
MEK Hussey,R Vinay Kumar,44,40,4,7,90.91
MEK Hussey,RA Jadeja,24,18,4,3,75.0
MEK Hussey,RE van der Merwe,10,12,0,2,120.0
MEK Hussey,RG Sharma,12,10,0,3,83.33
MEK Hussey,RJ Harris,36,42,0,3,116.67
MEK Hussey,RP Singh,52,56,2,5,107.69
MEK Hussey,S Aravind,32,36,0,4,112.5
MEK Hussey,S Kaul,24,36,0,3,150.0
MEK Hussey,S Nadeem,32,48,0,4,150.0
MEK Hussey,S Sreesanth,36,42,0,3,116.67
MEK Hussey,SK Trivedi,62,92,0,5,148.39
MEK Hussey,SK Warne,22,30,0,3,136.36
MEK Hussey,SL Malinga,74,82,4,9,110.81
MEK Hussey,SMSM Senanayake,24,14,0,2,58.33
MEK Hussey,SP Narine,88,74,6,7,84.09
MEK Hussey,SR Watson,54,60,0,7,111.11
MEK Hussey,STR Binny,44,78,2,5,177.27
MEK Hussey,SW Tait,22,4,0,2,18.18
MEK Hussey,Sandeep Sharma,12,4,2,3,33.33
MEK Hussey,Shakib Al Hasan,20,30,0,2,150.0
MEK Hussey,Sunny Gupta,10,16,0,2,160.0
MEK Hussey,TM Dilshan,28,38,0,3,135.71
MEK Hussey,UT Yadav,42,24,2,5,57.14
MEK Hussey,V Kohli,22,28,0,2,127.27
MEK Hussey,V Sehwag,20,22,2,3,110.0
MEK Hussey,VR Aaron,16,28,2,3,175.0
MEK Hussey,VS Malik,24,26,0,2,108.33
MEK Hussey,WA Mota,12,34,0,2,283.33
MEK Hussey,WD Parnell,28,26,0,3,92.86
MEK Hussey,YK Pathan,50,74,0,7,148.0
MEK Hussey,YS Chahal,24,42,0,2,175.0
MEK Hussey,Yuvraj Singh,10,10,0,2,100.0
MEK Hussey,Z Khan,68,62,8,7,91.18
MF Maharoof,A Nehra,14,20,0,2,142.86
MF Maharoof,AB Dinda,6,4,0,2,66.67
MF Maharoof,B Lee,18,18,2,3,100.0
MF Maharoof,DS Kulkarni,8,16,0,2,200.0
MF Maharoof,DW Steyn,8,14,0,2,175.0
MF Maharoof,Harbhajan Singh,16,38,0,2,237.5
MF Maharoof,IK Pathan,14,14,0,3,100.0
MF Maharoof,Iqbal Abdulla,12,10,2,3,83.33
MF Maharoof,MM Patel,10,14,0,2,140.0
MF Maharoof,P Kumar,16,24,0,2,150.0
MF Maharoof,PP Ojha,12,16,2,2,133.33
MF Maharoof,RE van der Merwe,10,12,0,2,120.0
MF Maharoof,RP Singh,10,22,0,2,220.0
MF Maharoof,SC Ganguly,8,6,0,2,75.0
MF Maharoof,SK Trivedi,16,14,0,3,87.5
MF Maharoof,SK Warne,14,54,2,3,385.71
MF Maharoof,ST Jayasuriya,16,18,2,3,112.5
MF Maharoof,VRV Singh,6,6,0,2,100.0
MG Bracewell,CV Varun,12,14,0,2,116.67
MG Bracewell,MM Sharma,16,36,0,2,225.0
MG Bracewell,Mohammed Shami,8,4,2,2,50.0
MG Bracewell,Noor Ahmad,8,12,0,2,150.0
MG Bracewell,SP Narine,14,10,0,2,71.43
MG Bracewell,Suyash Sharma,8,14,0,2,175.0
MG Bracewell,YS Chahal,10,10,0,2,100.0
MG Johnson,B Kumar,18,16,2,4,88.89
MG Johnson,CH Morris,36,42,2,6,116.67
MG Johnson,DJ Bravo,8,4,4,3,50.0
MG Johnson,DT Christian,14,18,0,2,128.57
MG Johnson,HV Patel,8,18,0,2,225.0
MG Johnson,J Yadav,10,4,0,2,40.0
MG Johnson,JD Unadkat,6,6,0,2,100.0
MG Johnson,JP Faulkner,14,12,6,5,85.71
MG Johnson,KK Cooper,16,14,0,3,87.5
MG Johnson,MA Starc,8,8,2,3,100.0
MG Johnson,MM Sharma,12,22,0,3,183.33
MG Johnson,P Kumar,8,6,0,2,75.0
MG Johnson,R McLaren,6,18,0,2,300.0
MG Johnson,R Rampaul,8,16,0,2,200.0
MG Johnson,R Vinay Kumar,12,18,0,3,150.0
MG Johnson,SK Trivedi,8,10,0,2,125.0
MG Johnson,SL Malinga,8,2,0,3,25.0
MG Johnson,SN Thakur,8,2,0,2,25.0
MG Johnson,SP Narine,34,30,4,5,88.24
MG Johnson,TA Boult,6,18,0,2,300.0
MG Johnson,TG Southee,6,0,0,2,0.0
MG Johnson,UT Yadav,16,6,0,3,37.5
MG Johnson,VR Aaron,12,6,0,2,50.0
MJ Clarke,A Mishra,10,6,0,2,60.0
MJ Clarke,DW Steyn,8,24,0,2,300.0
MJ Clarke,Harbhajan Singh,18,22,2,2,122.22
MJ Clarke,Iqbal Abdulla,12,10,0,3,83.33
MJ Clarke,JP Duminy,14,18,0,2,128.57
MJ Clarke,L Balaji,8,4,0,2,50.0
MJ Clarke,MM Patel,8,2,0,2,25.0
MJ Clarke,R Vinay Kumar,16,24,2,2,150.0
MJ Clarke,SP Narine,6,6,0,2,100.0
MJ Clarke,SR Watson,14,16,0,2,114.29
MJ Clarke,SW Tait,12,10,0,2,83.33
MJ Clarke,Shakib Al Hasan,6,2,0,2,33.33
MJ Clarke,V Pratap Singh,22,30,0,2,136.36
MJ Clarke,YK Pathan,6,6,2,2,100.0
MJ Guptill,A Choudhary,10,8,0,2,80.0
MJ Guptill,A Mishra,32,34,2,4,106.25
MJ Guptill,A Nehra,10,28,0,2,280.0
MJ Guptill,B Kumar,20,22,4,3,110.0
MJ Guptill,BB Sran,10,16,0,2,160.0
MJ Guptill,C de Grandhomme,6,2,0,2,33.33
MJ Guptill,CH Morris,18,32,0,3,177.78
MJ Guptill,DR Smith,6,8,2,2,133.33
MJ Guptill,DS Kulkarni,8,4,0,2,50.0
MJ Guptill,HH Pandya,8,18,0,2,225.0
MJ Guptill,I Sharma,18,26,0,2,144.44
MJ Guptill,Imran Tahir,18,42,0,2,233.33
MJ Guptill,JJ Bumrah,18,20,2,3,111.11
MJ Guptill,K Rabada,10,18,0,2,180.0
MJ Guptill,KV Sharma,6,16,2,2,266.67
MJ Guptill,Mohammed Shami,18,34,0,2,188.89
MJ Guptill,NA Saini,14,40,0,2,285.71
MJ Guptill,PJ Sangwan,10,4,2,2,40.0
MJ Guptill,S Aravind,10,10,2,2,100.0
MJ Guptill,S Nadeem,28,34,0,3,121.43
MJ Guptill,SL Malinga,14,30,0,3,214.29
MJ Guptill,SP Narine,10,2,2,2,20.0
MJ Guptill,TA Boult,12,32,0,2,266.67
MJ Guptill,UT Yadav,36,36,0,3,100.0
MJ Guptill,YS Chahal,6,2,0,2,33.33
MJ Guptill,Z Khan,18,4,2,2,22.22
MJ Henry,Brijesh Sharma,8,10,0,2,125.0
MJ Lumb,A Kumble,14,10,2,3,71.43
MJ Lumb,Bipul Sharma,8,20,0,2,250.0
MJ Lumb,DE Bollinger,12,2,0,2,16.67
MJ Lumb,DR Smith,6,18,0,2,300.0
MJ Lumb,DS Kulkarni,8,16,2,2,200.0
MJ Lumb,DW Steyn,14,4,0,3,28.57
MJ Lumb,IK Pathan,22,48,0,3,218.18
MJ Lumb,J Theron,22,52,0,3,236.36
MJ Lumb,JA Morkel,32,72,4,3,225.0
MJ Lumb,JH Kallis,6,4,0,2,66.67
MJ Lumb,M Muralitharan,14,18,0,3,128.57
MJ Lumb,P Kumar,12,12,0,2,100.0
MJ Lumb,PP Chawla,20,24,2,3,120.0
MJ Lumb,R Sharma,18,14,0,2,77.78
MJ Lumb,R Vinay Kumar,6,8,0,3,133.33
MJ Lumb,RG Sharma,10,10,0,2,100.0
MJ Lumb,RJ Harris,12,12,0,2,100.0
MJ Lumb,RP Singh,18,42,2,3,233.33
MJ Lumb,RR Powar,14,16,0,2,114.29
MJ Lumb,S Sreesanth,38,50,0,3,131.58
MJ Lumb,S Tyagi,18,34,0,2,188.89
MJ Lumb,SJ Srivastava,18,38,0,2,211.11
MJ Lumb,T Thushara,8,8,0,2,100.0
MJ Lumb,WPUJC Vaas,16,20,0,2,125.0
MJ McClenaghan,AJ Tye,6,8,0,2,133.33
MJ McClenaghan,DT Christian,6,4,0,2,66.67
MJ McClenaghan,JD Unadkat,10,18,0,2,180.0
MJ McClenaghan,K Rabada,8,12,0,2,150.0
MJ McClenaghan,Kuldeep Yadav,8,14,2,2,175.0
MJ McClenaghan,MC Henriques,6,4,0,2,66.67
MJ McClenaghan,MM Sharma,10,10,0,3,100.0
MJ McClenaghan,Mustafizur Rahman,12,12,2,2,100.0
MJ McClenaghan,PP Chawla,8,26,0,2,325.0
MJ McClenaghan,SN Thakur,6,2,2,2,33.33
MJ McClenaghan,UT Yadav,6,2,0,2,33.33
MJ McClenaghan,YS Chahal,8,24,0,2,300.0
MJ Santner,AS Roy,8,4,0,2,50.0
MJ Santner,Arshdeep Singh,14,22,2,4,157.14
MJ Santner,B Kumar,10,14,0,2,140.0
MJ Santner,BA Stokes,6,20,0,2,333.33
MJ Santner,DR Sams,12,16,2,2,133.33
MJ Santner,HH Pandya,6,4,0,2,66.67
MJ Santner,HV Patel,6,4,0,2,66.67
MJ Santner,JJ Bumrah,16,10,0,3,62.5
MJ Santner,JR Hazlewood,6,16,0,2,266.67
MJ Santner,K Rabada,16,24,0,3,150.0
MJ Santner,L Ngidi,10,14,0,2,140.0
MJ Santner,M Prasidh Krishna,8,2,0,3,25.0
MJ Santner,Mohammed Shami,6,4,0,3,66.67
MJ Santner,Mohammed Siraj,14,16,2,3,114.29
MJ Santner,Mukesh Kumar,6,6,0,2,100.0
MJ Santner,NT Ellis,12,12,2,2,100.0
MJ Santner,R Dhawan,12,4,0,2,33.33
MJ Santner,RA Jadeja,8,4,0,2,50.0
MJ Santner,RD Chahar,12,8,2,3,66.67
MJ Santner,SL Malinga,10,28,2,2,280.0
MJ Santner,T Natarajan,10,16,0,2,160.0
MK Lomror,A Nortje,8,8,0,2,100.0
MK Lomror,A Zampa,18,26,2,3,144.44
MK Lomror,AJ Tye,6,12,0,2,200.0
MK Lomror,AR Patel,12,12,0,2,100.0
MK Lomror,AS Joseph,10,24,2,2,240.0
MK Lomror,AU Rashid,6,26,0,2,433.33
MK Lomror,Arshdeep Singh,22,32,2,4,145.45
MK Lomror,Avesh Khan,6,10,2,2,166.67
MK Lomror,B Kumar,10,12,0,2,120.0
MK Lomror,CV Varun,6,12,2,2,200.0
MK Lomror,D Pretorius,14,40,0,2,285.71
MK Lomror,DJ Hooda,12,48,0,2,400.0
MK Lomror,HV Patel,6,2,2,3,33.33
MK Lomror,Harpreet Brar,10,10,0,2,100.0
MK Lomror,I Sharma,26,46,2,4,176.92
MK Lomror,I Udana,6,6,0,2,100.0
MK Lomror,JD Unadkat,6,6,2,3,100.0
MK Lomror,JL Pattinson,12,16,0,2,133.33
MK Lomror,JO Holder,20,28,0,3,140.0
MK Lomror,K Rabada,12,2,2,2,16.67
MK Lomror,KH Pandya,8,10,0,2,125.0
MK Lomror,KK Ahmed,10,10,2,3,100.0
MK Lomror,Kuldeep Yadav,28,62,0,4,221.43
MK Lomror,LH Ferguson,6,8,0,2,133.33
MK Lomror,Lalit Yadav,12,10,0,2,83.33
MK Lomror,M Markande,12,30,0,2,250.0
MK Lomror,M Theekshana,10,16,2,2,160.0
MK Lomror,MM Ali,14,18,0,2,128.57
MK Lomror,MM Sharma,12,6,0,2,50.0
MK Lomror,MR Marsh,16,32,2,3,200.0
MK Lomror,Mukesh Kumar,12,20,0,2,166.67
MK Lomror,N Rana,6,12,0,2,200.0
MK Lomror,NA Saini,8,14,0,2,175.0
MK Lomror,Naveen-ul-Haq,12,24,2,3,200.0
MK Lomror,OC McCoy,6,2,2,2,33.33
MK Lomror,PJ Cummins,6,10,2,3,166.67
MK Lomror,PVD Chameera,8,18,0,2,225.0
MK Lomror,R Ashwin,38,38,2,6,100.0
MK Lomror,R Dhawan,6,12,2,2,200.0
MK Lomror,RA Jadeja,16,10,0,2,62.5
MK Lomror,Rashid Khan,30,28,0,4,93.33
MK Lomror,S Kaul,24,14,2,3,58.33
MK Lomror,SM Curran,10,14,0,3,140.0
MK Lomror,SP Narine,22,48,2,3,218.18
MK Lomror,Sandeep Sharma,14,14,0,3,100.0
MK Lomror,T Natarajan,6,6,0,2,100.0
MK Lomror,TA Boult,20,22,0,3,110.0
MK Lomror,TU Deshpande,6,0,2,2,0.0
MK Lomror,Washington Sundar,16,10,0,2,62.5
MK Lomror,YS Chahal,54,76,6,6,140.74
MK Lomror,Yash Thakur,18,46,2,2,255.56
MK Pandey,A Mishra,134,152,6,13,113.43
MK Pandey,A Mithun,12,6,0,2,50.0
MK Pandey,A Nehra,22,22,0,4,100.0
MK Pandey,A Nortje,22,34,0,3,154.55
MK Pandey,A Singh,12,12,0,2,100.0
MK Pandey,A Symonds,38,36,0,4,94.74
MK Pandey,A Zampa,12,4,2,3,33.33
MK Pandey,AB Dinda,22,32,4,4,145.45
MK Pandey,AB McDonald,12,22,2,2,183.33
MK Pandey,AD Mathews,14,20,2,4,142.86
MK Pandey,AD Russell,30,48,2,5,160.0
MK Pandey,AJ Tye,46,44,0,3,95.65
MK Pandey,AK Markram,6,8,0,2,133.33
MK Pandey,AL Menaria,8,10,0,2,125.0
MK Pandey,AM Ghazanfar,12,12,0,2,100.0
MK Pandey,AN Ahmed,20,16,0,3,80.0
MK Pandey,AR Patel,144,114,4,14,79.17
MK Pandey,AS Joseph,14,6,0,2,42.86
MK Pandey,AS Rajpoot,22,12,2,3,54.55
MK Pandey,AS Roy,20,16,2,2,80.0
MK Pandey,Abhishek Sharma,10,8,2,3,80.0
MK Pandey,Ankit Sharma,12,4,2,3,33.33
MK Pandey,Anureet Singh,8,12,0,3,150.0
MK Pandey,Arshdeep Singh,20,18,2,5,90.0
MK Pandey,Ashwani Kumar,6,10,2,2,166.67
MK Pandey,Avesh Khan,10,8,0,3,80.0
MK Pandey,B Kumar,44,44,8,8,100.0
MK Pandey,B Lee,30,52,0,3,173.33
MK Pandey,BA Bhatt,18,12,0,2,66.67
MK Pandey,BA Stokes,30,58,0,5,193.33
MK Pandey,BB Sran,52,60,0,7,115.38
MK Pandey,BCJ Cutting,28,50,0,3,178.57
MK Pandey,Basil Thampi,16,20,2,2,125.0
MK Pandey,Bipul Sharma,74,100,0,8,135.14
MK Pandey,C Bosch,8,16,0,2,200.0
MK Pandey,C de Grandhomme,12,34,0,2,283.33
MK Pandey,CH Gayle,6,6,0,3,100.0
MK Pandey,CH Morris,58,80,0,7,137.93
MK Pandey,CJ Anderson,34,62,0,4,182.35
MK Pandey,CJ Jordan,26,14,2,3,53.85
MK Pandey,CL White,8,2,0,2,25.0
MK Pandey,CRD Fernando,16,16,2,2,100.0
MK Pandey,CV Varun,52,58,0,5,111.54
MK Pandey,D Pretorius,8,10,0,2,125.0
MK Pandey,DJ Bravo,58,80,4,8,137.93
MK Pandey,DJ Muthuswami,6,0,2,2,0.0
MK Pandey,DJG Sammy,6,10,0,2,166.67
MK Pandey,DL Chahar,56,82,2,8,146.43
MK Pandey,DL Vettori,20,16,2,2,80.0
MK Pandey,DP Nannes,16,16,0,3,100.0
MK Pandey,DS Kulkarni,28,18,2,4,64.29
MK Pandey,DT Christian,28,40,2,5,142.86
MK Pandey,DW Steyn,58,56,0,8,96.55
MK Pandey,E Malinga,12,40,0,2,333.33
MK Pandey,FA Allen,22,36,0,2,163.64
MK Pandey,GJ Maxwell,10,6,2,4,60.0
MK Pandey,Gurkeerat Singh,8,4,0,2,50.0
MK Pandey,HH Pandya,80,114,6,9,142.5
MK Pandey,HR Shokeen,22,40,0,3,181.82
MK Pandey,HV Patel,22,14,0,5,63.64
MK Pandey,Harbhajan Singh,150,170,8,12,113.33
MK Pandey,Harmeet Singh,8,10,2,4,125.0
MK Pandey,Harpreet Brar,12,4,2,3,33.33
MK Pandey,Harsh Dubey,16,18,0,2,112.5
MK Pandey,I Sharma,88,62,2,8,70.45
MK Pandey,IC Pandey,18,14,0,3,77.78
MK Pandey,IK Pathan,62,96,0,5,154.84
MK Pandey,IS Sodhi,6,4,0,2,66.67
MK Pandey,Imran Tahir,62,94,0,4,151.61
MK Pandey,Iqbal Abdulla,42,36,4,4,85.71
MK Pandey,J Botha,18,14,0,2,77.78
MK Pandey,J Suchith,14,36,0,2,257.14
MK Pandey,J Syed Mohammad,8,10,0,2,125.0
MK Pandey,JA Morkel,48,76,4,6,158.33
MK Pandey,JC Archer,18,10,0,4,55.56
MK Pandey,JD Unadkat,82,70,6,9,85.37
MK Pandey,JDS Neesham,26,44,0,3,169.23
MK Pandey,JH Kallis,32,50,0,2,156.25
MK Pandey,JJ Bumrah,100,174,2,13,174.0
MK Pandey,JO Holder,6,2,0,2,33.33
MK Pandey,JP Duminy,40,80,0,5,200.0
MK Pandey,JP Faulkner,22,36,0,5,163.64
MK Pandey,JR Hazlewood,8,2,2,2,25.0
MK Pandey,Jaskaran Singh,34,62,0,2,182.35
MK Pandey,K Gowtham,8,10,0,2,125.0
MK Pandey,K Khejroliya,8,12,0,2,150.0
MK Pandey,K Rabada,32,28,4,5,87.5
MK Pandey,KA Jamieson,6,14,0,2,233.33
MK Pandey,KA Pollard,64,80,4,8,125.0
MK Pandey,KH Pandya,106,118,0,9,111.32
MK Pandey,KL Nagarkoti,8,14,0,2,175.0
MK Pandey,KMA Paul,8,4,2,2,50.0
MK Pandey,KMDN Kulasekara,8,6,0,3,75.0
MK Pandey,KV Sharma,84,102,4,7,121.43
MK Pandey,Karanveer Singh,38,86,2,3,226.32
MK Pandey,Kartik Tyagi,66,122,0,4,184.85
MK Pandey,Kuldeep Yadav,32,32,2,5,100.0
MK Pandey,L Balaji,46,58,0,5,126.09
MK Pandey,L Ngidi,34,34,4,4,100.0
MK Pandey,LE Plunkett,14,10,2,2,71.43
MK Pandey,LH Ferguson,8,6,2,3,75.0
MK Pandey,LMP Simmons,6,8,0,2,133.33
MK Pandey,LR Shukla,8,12,0,2,150.0
MK Pandey,M Ashwin,54,48,2,5,88.89
MK Pandey,M Markande,22,26,2,4,118.18
MK Pandey,M Morkel,26,38,0,3,146.15
MK Pandey,M Muralitharan,20,10,2,3,50.0
MK Pandey,M Pathirana,32,50,2,3,156.25
MK Pandey,M Prasidh Krishna,36,44,2,4,122.22
MK Pandey,M Tiwari,10,12,0,2,120.0
MK Pandey,M de Lange,16,18,0,2,112.5
MK Pandey,MA Starc,12,12,0,3,100.0
MK Pandey,MC Henriques,54,68,0,6,125.93
MK Pandey,MG Johnson,42,48,0,6,114.29
MK Pandey,MJ McClenaghan,50,92,0,4,184.0
MK Pandey,MJ Santner,6,4,0,2,66.67
MK Pandey,MM Ali,42,52,0,5,123.81
MK Pandey,MM Patel,46,82,0,3,178.26
MK Pandey,MM Sharma,60,88,0,7,146.67
MK Pandey,MP Stoinis,30,48,2,5,160.0
MK Pandey,MS Gony,24,34,0,4,141.67
MK Pandey,Mohammed Shami,80,70,6,10,87.5
MK Pandey,Mohammed Siraj,62,56,0,6,90.32
MK Pandey,Mujeeb Ur Rahman,52,58,0,5,111.54
MK Pandey,Mustafizur Rahman,38,54,2,5,142.11
MK Pandey,N Thushara,6,4,0,2,66.67
MK Pandey,NA Saini,38,56,0,5,147.37
MK Pandey,NLTC Perera,16,18,0,3,112.5
MK Pandey,NM Coulter-Nile,34,52,0,4,152.94
MK Pandey,NT Ellis,6,2,0,2,33.33
MK Pandey,Naman Dhir,14,24,0,2,171.43
MK Pandey,Noor Ahmad,14,18,0,2,128.57
MK Pandey,O Thomas,10,16,0,2,160.0
MK Pandey,P Awana,34,70,0,4,205.88
MK Pandey,P Kumar,32,14,6,6,43.75
MK Pandey,P Negi,28,22,2,4,78.57
MK Pandey,P Sahu,12,10,0,2,83.33
MK Pandey,PC Valthaty,8,8,0,2,100.0
MK Pandey,PJ Cummins,46,50,0,4,108.7
MK Pandey,PJ Sangwan,8,8,0,2,100.0
MK Pandey,PP Chawla,52,50,4,8,96.15
MK Pandey,PP Ojha,114,132,4,9,115.79
MK Pandey,PV Tambe,10,24,4,3,240.0
MK Pandey,PWH de Silva,24,48,2,2,200.0
MK Pandey,R Ashwin,116,132,4,14,113.79
MK Pandey,R Bhatia,30,36,0,3,120.0
MK Pandey,R Dhawan,32,42,0,3,131.25
MK Pandey,R McLaren,6,6,0,2,100.0
MK Pandey,R Parag,22,34,0,2,154.55
MK Pandey,R Shepherd,10,20,2,2,200.0
MK Pandey,R Tewatia,72,94,0,5,130.56
MK Pandey,R Vinay Kumar,14,16,0,3,114.29
MK Pandey,RA Jadeja,106,90,4,10,84.91
MK Pandey,RD Chahar,48,48,2,6,100.0
MK Pandey,RJ Harris,74,64,4,6,86.49
MK Pandey,RN ten Doeschate,8,10,0,2,125.0
MK Pandey,RP Meredith,24,34,0,3,141.67
MK Pandey,RP Singh,20,42,0,3,210.0
MK Pandey,Raghu Sharma,10,16,0,2,160.0
MK Pandey,Rashid Khan,32,24,0,3,75.0
MK Pandey,Ravi Bishnoi,34,24,2,4,70.59
MK Pandey,S Aravind,16,32,2,4,200.0
MK Pandey,S Badree,20,20,0,2,100.0
MK Pandey,S Gopal,64,96,4,5,150.0
MK Pandey,S Kaul,16,30,0,3,187.5
MK Pandey,S Nadeem,56,64,4,5,114.29
MK Pandey,S Narwal,12,22,0,2,183.33
MK Pandey,S Sreesanth,22,20,0,3,90.91
MK Pandey,S Tyagi,34,30,0,2,88.24
MK Pandey,SA Abbott,6,18,0,2,300.0
MK Pandey,SB Jakati,18,22,2,2,122.22
MK Pandey,SJ Srivastava,8,14,0,3,175.0
MK Pandey,SK Raina,14,14,0,3,100.0
MK Pandey,SK Trivedi,26,28,4,4,107.69
MK Pandey,SK Warne,24,30,0,3,125.0
MK Pandey,SL Malinga,98,114,8,9,116.33
MK Pandey,SM Curran,44,58,0,5,131.82
MK Pandey,SMSM Senanayake,10,8,0,2,80.0
MK Pandey,SN Thakur,60,76,4,6,126.67
MK Pandey,SP Narine,56,54,0,6,96.43
MK Pandey,SR Watson,38,52,2,6,136.84
MK Pandey,ST Jayasuriya,8,14,0,2,175.0
MK Pandey,STR Binny,8,14,0,2,175.0
MK Pandey,Sandeep Sharma,54,88,4,7,162.96
MK Pandey,Shahbaz Ahmed,24,36,2,4,150.0
MK Pandey,Shakib Al Hasan,22,44,0,2,200.0
MK Pandey,Shivam Mavi,8,14,0,2,175.0
MK Pandey,Sohail Tanvir,8,2,2,2,25.0
MK Pandey,T Natarajan,8,8,0,2,100.0
MK Pandey,T Shamsi,8,8,0,2,100.0
MK Pandey,T Thushara,8,2,2,2,25.0
MK Pandey,TA Boult,36,50,2,5,138.89
MK Pandey,TG Southee,50,62,2,5,124.0
MK Pandey,TL Suman,12,36,0,2,300.0
MK Pandey,TS Mills,6,18,0,2,300.0
MK Pandey,TU Deshpande,26,38,2,4,146.15
MK Pandey,UT Yadav,78,118,0,6,151.28
MK Pandey,Umran Malik,10,22,0,2,220.0
MK Pandey,V Puthur,6,14,0,2,233.33
MK Pandey,VR Aaron,22,30,0,5,136.36
MK Pandey,Vijaykumar Vyshak,18,10,0,2,55.56
MK Pandey,WD Parnell,10,14,0,3,140.0
MK Pandey,Washington Sundar,84,82,2,9,97.62
MK Pandey,YK Pathan,6,2,0,2,33.33
MK Pandey,YS Chahal,120,106,8,12,88.33
MK Pandey,Yuvraj Singh,12,18,2,3,150.0
MK Pandey,Z Khan,72,62,2,7,86.11
MK Tiwary,A Flintoff,8,2,0,2,25.0
MK Tiwary,A Kumble,16,30,0,2,187.5
MK Tiwary,A Mishra,66,94,0,8,142.42
MK Tiwary,A Mithun,24,22,0,3,91.67
MK Tiwary,A Nel,6,10,0,2,166.67
MK Tiwary,A Singh,22,18,0,3,81.82
MK Tiwary,AA Chavan,16,22,0,3,137.5
MK Tiwary,AB Agarkar,28,44,0,2,157.14
MK Tiwary,AB Dinda,10,16,0,2,160.0
MK Tiwary,AC Thomas,10,24,0,2,240.0
MK Tiwary,AD Mascarenhas,8,2,0,2,25.0
MK Tiwary,AD Russell,28,26,0,4,92.86
MK Tiwary,AF Milne,26,44,0,3,169.23
MK Tiwary,AJ Tye,12,10,2,2,83.33
MK Tiwary,AL Menaria,6,4,0,2,66.67
MK Tiwary,AN Ahmed,8,16,0,2,200.0
MK Tiwary,AR Patel,16,14,0,3,87.5
MK Tiwary,Anand Rajan,8,8,0,2,100.0
MK Tiwary,Ankit Sharma,16,10,0,2,62.5
MK Tiwary,B Kumar,44,52,4,8,118.18
MK Tiwary,B Lee,20,32,0,3,160.0
MK Tiwary,BA Bhatt,26,22,2,3,84.62
MK Tiwary,BA Stokes,6,2,2,2,33.33
MK Tiwary,BCJ Cutting,12,20,0,2,166.67
MK Tiwary,BE Hendricks,6,4,0,2,66.67
MK Tiwary,Basil Thampi,12,12,2,3,100.0
MK Tiwary,Bipul Sharma,16,6,0,2,37.5
MK Tiwary,CJ Anderson,6,2,0,2,33.33
MK Tiwary,CK Langeveldt,6,2,0,2,33.33
MK Tiwary,CR Woakes,12,4,2,2,33.33
MK Tiwary,DE Bollinger,10,2,0,2,20.0
MK Tiwary,DJ Bravo,26,36,0,5,138.46
MK Tiwary,DJ Hussey,6,4,0,2,66.67
MK Tiwary,DL Chahar,10,8,0,2,80.0
MK Tiwary,DL Vettori,12,14,0,2,116.67
MK Tiwary,DR Smith,38,24,0,5,63.16
MK Tiwary,DS Kulkarni,32,40,2,4,125.0
MK Tiwary,DT Christian,18,28,0,3,155.56
MK Tiwary,DW Steyn,44,72,2,6,163.64
MK Tiwary,GB Hogg,18,16,2,3,88.89
MK Tiwary,HH Pandya,6,14,0,2,233.33
MK Tiwary,Harbhajan Singh,68,96,0,8,141.18
MK Tiwary,Harmeet Singh,18,16,0,2,88.89
MK Tiwary,I Sharma,12,14,0,2,116.67
MK Tiwary,IK Pathan,44,84,2,5,190.91
MK Tiwary,IS Sodhi,6,8,0,2,133.33
MK Tiwary,J Botha,56,62,2,4,110.71
MK Tiwary,J Theron,12,20,0,2,166.67
MK Tiwary,JA Morkel,32,28,2,6,87.5
MK Tiwary,JD Unadkat,20,28,0,3,140.0
MK Tiwary,JH Kallis,22,50,2,4,227.27
MK Tiwary,JJ Bumrah,54,60,2,5,111.11
MK Tiwary,JP Duminy,16,28,0,3,175.0
MK Tiwary,JR Hopes,24,22,0,2,91.67
MK Tiwary,KA Pollard,50,78,2,6,156.0
MK Tiwary,KH Pandya,24,20,0,2,83.33
MK Tiwary,KK Cooper,42,58,0,4,138.1
MK Tiwary,KV Sharma,20,20,0,2,100.0
MK Tiwary,Karanveer Singh,12,12,0,2,100.0
MK Tiwary,L Balaji,10,12,2,3,120.0
MK Tiwary,L Ngidi,16,10,0,2,62.5
MK Tiwary,M Kartik,24,14,0,2,58.33
MK Tiwary,M Morkel,38,40,8,6,105.26
MK Tiwary,M Muralitharan,38,40,0,4,105.26
MK Tiwary,M de Lange,14,14,2,2,100.0
MK Tiwary,MG Johnson,20,36,2,4,180.0
MK Tiwary,MJ McClenaghan,18,38,0,4,211.11
MK Tiwary,MM Patel,30,10,4,5,33.33
MK Tiwary,MM Sharma,20,30,0,3,150.0
MK Tiwary,MS Gony,24,28,2,4,116.67
MK Tiwary,Mohammed Shami,18,26,0,2,144.44
MK Tiwary,P Kumar,24,20,0,5,83.33
MK Tiwary,P Negi,16,14,0,2,87.5
MK Tiwary,PC Valthaty,14,12,0,2,85.71
MK Tiwary,PJ Cummins,28,40,2,2,142.86
MK Tiwary,PP Chawla,108,112,2,8,103.7
MK Tiwary,PP Ojha,54,46,2,7,85.19
MK Tiwary,PV Tambe,16,16,0,2,100.0
MK Tiwary,R Ashwin,24,20,2,5,83.33
MK Tiwary,R Bhatia,32,36,0,3,112.5
MK Tiwary,R Dhawan,10,4,0,2,40.0
MK Tiwary,R Sharma,10,0,0,2,0.0
MK Tiwary,R Shukla,10,20,0,2,200.0
MK Tiwary,R Vinay Kumar,30,18,4,7,60.0
MK Tiwary,RA Jadeja,60,64,6,6,106.67
MK Tiwary,RE van der Merwe,14,12,2,2,85.71
MK Tiwary,RG Sharma,6,8,0,2,133.33
MK Tiwary,RJ Harris,18,12,0,2,66.67
MK Tiwary,RP Singh,32,34,2,5,106.25
MK Tiwary,RR Powar,40,44,0,3,110.0
MK Tiwary,RS Bopara,28,40,0,3,142.86
MK Tiwary,RV Gomez,14,2,0,3,14.29
MK Tiwary,RW Price,14,30,0,2,214.29
MK Tiwary,Rashid Khan,8,6,0,3,75.0
MK Tiwary,S Aravind,30,32,0,3,106.67
MK Tiwary,S Badree,8,6,0,2,75.0
MK Tiwary,S Kaul,6,12,0,2,200.0
MK Tiwary,S Nadeem,30,26,2,3,86.67
MK Tiwary,S Randiv,20,44,2,3,220.0
MK Tiwary,SB Jakati,56,60,0,6,107.14
MK Tiwary,SJ Srivastava,6,4,0,2,66.67
MK Tiwary,SK Raina,24,28,2,5,116.67
MK Tiwary,SK Trivedi,26,36,2,5,138.46
MK Tiwary,SK Warne,18,10,0,2,55.56
MK Tiwary,SL Malinga,60,40,2,8,66.67
MK Tiwary,SN Thakur,16,18,0,2,112.5
MK Tiwary,SP Narine,36,54,0,5,150.0
MK Tiwary,SR Watson,22,44,0,3,200.0
MK Tiwary,ST Jayasuriya,18,22,0,2,122.22
MK Tiwary,STR Binny,14,18,0,3,128.57
MK Tiwary,SW Tait,28,36,0,4,128.57
MK Tiwary,Sandeep Sharma,10,12,2,4,120.0
MK Tiwary,T Natarajan,14,28,0,2,200.0
MK Tiwary,UT Yadav,48,50,0,4,104.17
MK Tiwary,V Kohli,6,12,0,2,200.0
MK Tiwary,V Pratap Singh,12,12,0,2,100.0
MK Tiwary,VR Aaron,8,10,2,3,125.0
MK Tiwary,VRV Singh,14,20,2,2,142.86
MK Tiwary,VS Malik,24,26,0,2,108.33
MK Tiwary,WD Parnell,38,62,0,5,163.16
MK Tiwary,YK Pathan,26,34,2,3,130.77
MK Tiwary,YS Chahal,26,56,0,3,215.38
MK Tiwary,Yuvraj Singh,16,8,0,3,50.0
MK Tiwary,Z Khan,26,20,2,5,76.92
ML Hayden,A Kumble,72,48,4,6,66.67
ML Hayden,A Mishra,12,16,2,2,133.33
ML Hayden,A Nehra,44,62,2,5,140.91
ML Hayden,A Symonds,8,8,0,2,100.0
ML Hayden,AB Agarkar,20,32,0,2,160.0
ML Hayden,AB Dinda,14,20,0,2,142.86
ML Hayden,AM Nayar,6,14,0,2,233.33
ML Hayden,AM Salvi,18,56,0,2,311.11
ML Hayden,AN Ahmed,6,4,0,2,66.67
ML Hayden,B Lee,20,18,0,2,90.0
ML Hayden,C Nanda,22,30,0,2,136.36
ML Hayden,CRD Fernando,14,4,0,2,28.57
ML Hayden,DJ Bravo,52,70,0,5,134.62
ML Hayden,DP Nannes,52,72,0,5,138.46
ML Hayden,DR Smith,12,32,0,3,266.67
ML Hayden,DS Kulkarni,26,42,0,3,161.54
ML Hayden,DW Steyn,50,30,0,5,60.0
ML Hayden,FH Edwards,12,20,0,2,166.67
ML Hayden,Harbhajan Singh,88,80,2,7,90.91
ML Hayden,I Sharma,24,26,2,3,108.33
ML Hayden,IK Pathan,42,52,2,5,123.81
ML Hayden,JH Kallis,62,114,0,6,183.87
ML Hayden,JP Duminy,12,12,0,2,100.0
ML Hayden,JR Hopes,8,22,0,2,275.0
ML Hayden,K Goel,20,18,0,2,90.0
ML Hayden,KA Pollard,12,8,4,3,66.67
ML Hayden,LR Shukla,6,4,0,2,66.67
ML Hayden,M Kartik,20,24,0,2,120.0
ML Hayden,MA Khote,8,14,0,2,175.0
ML Hayden,Mohammad Hafeez,12,20,0,2,166.67
ML Hayden,P Kumar,40,72,0,5,180.0
ML Hayden,PJ Sangwan,36,64,4,4,177.78
ML Hayden,PP Chawla,20,48,0,3,240.0
ML Hayden,PP Ojha,8,6,2,2,75.0
ML Hayden,R Bhatia,16,50,0,2,312.5
ML Hayden,R McLaren,14,14,0,3,100.0
ML Hayden,R Vinay Kumar,36,80,2,4,222.22
ML Hayden,RA Jadeja,20,18,0,2,90.0
ML Hayden,RE van der Merwe,16,36,0,2,225.0
ML Hayden,RG Sharma,40,54,0,5,135.0
ML Hayden,RJ Harris,36,34,2,4,94.44
ML Hayden,RP Singh,50,88,0,5,176.0
ML Hayden,RR Powar,28,28,4,3,100.0
ML Hayden,RR Raje,10,28,0,2,280.0
ML Hayden,S Narwal,10,22,0,3,220.0
ML Hayden,S Sreesanth,40,66,2,3,165.0
ML Hayden,SB Wagh,10,24,2,2,240.0
ML Hayden,SE Bond,14,2,0,2,14.29
ML Hayden,SJ Srivastava,10,14,0,2,140.0
ML Hayden,SK Trivedi,12,10,0,2,83.33
ML Hayden,SK Warne,22,32,2,2,145.45
ML Hayden,SL Malinga,62,50,0,5,80.65
ML Hayden,SM Pollock,18,40,0,2,222.22
ML Hayden,SR Watson,10,26,0,2,260.0
ML Hayden,ST Jayasuriya,14,16,2,2,114.29
ML Hayden,SW Tait,14,12,0,3,85.71
ML Hayden,Shoaib Ahmed,12,18,2,3,150.0
ML Hayden,TM Dilshan,10,40,0,2,400.0
ML Hayden,UT Yadav,20,32,0,2,160.0
ML Hayden,V Kohli,12,18,0,2,150.0
ML Hayden,VRV Singh,12,24,0,2,200.0
ML Hayden,VS Yeligati,6,4,0,2,66.67
ML Hayden,Y Venugopal Rao,14,10,0,2,71.43
ML Hayden,YA Abdulla,12,14,0,2,116.67
ML Hayden,YK Pathan,60,58,4,5,96.67
ML Hayden,Z Khan,52,72,2,5,138.46
MM Ali,A Mishra,10,8,0,2,80.0
MM Ali,A Nortje,16,24,2,3,150.0
MM Ali,A Zampa,14,14,4,3,100.0
MM Ali,AD Russell,18,20,0,3,111.11
MM Ali,AJ Tye,6,0,0,2,0.0
MM Ali,AK Markram,6,14,2,2,233.33
MM Ali,AR Patel,42,38,4,5,90.48
MM Ali,AS Joseph,6,0,2,3,0.0
MM Ali,Akash Singh,8,4,0,2,50.0
MM Ali,Arshdeep Singh,16,30,2,4,187.5
MM Ali,Avesh Khan,44,74,2,6,168.18
MM Ali,Basil Thampi,14,40,0,2,285.71
MM Ali,C Sakariya,8,10,0,2,125.0
MM Ali,CH Morris,18,18,0,2,100.0
MM Ali,CV Varun,20,28,0,4,140.0
MM Ali,DJ Bravo,14,20,2,2,142.86
MM Ali,DL Chahar,16,20,0,4,125.0
MM Ali,DS Kulkarni,12,10,0,2,83.33
MM Ali,GD Phillips,6,2,0,2,33.33
MM Ali,GJ Maxwell,30,24,0,5,80.0
MM Ali,HH Pandya,16,10,0,3,62.5
MM Ali,HV Patel,42,44,4,6,104.76
MM Ali,Harbhajan Singh,10,12,2,2,120.0
MM Ali,I Sharma,10,26,0,2,260.0
MM Ali,J Little,6,8,0,2,133.33
MM Ali,JC Archer,28,34,0,3,121.43
MM Ali,JDS Neesham,18,44,0,2,244.44
MM Ali,JJ Bumrah,16,20,2,3,125.0
MM Ali,JO Holder,14,28,0,3,200.0
MM Ali,JP Behrendorff,10,32,0,2,320.0
MM Ali,JR Hazlewood,14,8,0,3,57.14
MM Ali,K Rabada,24,28,0,5,116.67
MM Ali,KH Pandya,24,50,0,4,208.33
MM Ali,KK Ahmed,12,22,0,3,183.33
MM Ali,KL Nagarkoti,8,10,0,2,125.0
MM Ali,Kartik Tyagi,18,28,0,2,155.56
MM Ali,Kuldeep Yadav,40,96,4,3,240.0
MM Ali,LH Ferguson,26,42,2,3,161.54
MM Ali,M Ashwin,30,44,2,3,146.67
MM Ali,M Jansen,14,10,0,2,71.43
MM Ali,M Markande,14,30,0,2,214.29
MM Ali,M Prasidh Krishna,52,74,2,7,142.31
MM Ali,MJ McClenaghan,10,24,0,2,240.0
MM Ali,MM Sharma,8,6,2,3,75.0
MM Ali,MP Stoinis,8,4,0,2,50.0
MM Ali,Mohammad Nabi,14,2,0,2,14.29
MM Ali,Mohammed Shami,56,70,0,7,125.0
MM Ali,Mohammed Siraj,10,18,0,3,180.0
MM Ali,Mustafizur Rahman,10,22,0,2,220.0
MM Ali,Noor Ahmad,16,42,0,2,262.5
MM Ali,OC McCoy,22,20,2,2,90.91
MM Ali,PP Chawla,8,16,0,2,200.0
MM Ali,PVD Chameera,6,12,0,2,200.0
MM Ali,PWH de Silva,16,36,0,3,225.0
MM Ali,R Ashwin,88,110,4,9,125.0
MM Ali,R Tewatia,8,6,4,3,75.0
MM Ali,RD Chahar,52,60,4,6,115.38
MM Ali,RP Meredith,20,26,0,2,130.0
MM Ali,Rashid Khan,84,116,8,8,138.1
MM Ali,Ravi Bishnoi,42,66,4,4,157.14
MM Ali,S Kaul,18,24,2,3,133.33
MM Ali,S Lamichhane,16,20,2,3,125.0
MM Ali,S Sandeep Warrier,12,16,0,2,133.33
MM Ali,SL Malinga,10,6,2,3,60.0
MM Ali,SM Curran,18,16,4,5,88.89
MM Ali,SN Thakur,6,10,0,2,166.67
MM Ali,SP Narine,22,40,4,6,181.82
MM Ali,Sandeep Sharma,30,52,0,5,173.33
MM Ali,Shakib Al Hasan,6,6,0,3,100.0
MM Ali,Shivam Mavi,12,30,0,2,250.0
MM Ali,T Natarajan,12,14,0,2,116.67
MM Ali,TA Boult,40,86,2,5,215.0
MM Ali,TK Curran,6,2,2,3,33.33
MM Ali,UT Yadav,10,20,0,2,200.0
MM Ali,Umran Malik,22,42,0,3,190.91
MM Ali,VR Iyer,16,10,0,3,62.5
MM Ali,Washington Sundar,28,28,0,3,100.0
MM Ali,YS Chahal,56,80,0,6,142.86
MM Ali,Yash Thakur,8,8,0,3,100.0
MM Patel,A Kumble,8,0,2,3,0.0
MM Patel,CK Langeveldt,6,4,0,2,66.67
MM Patel,DP Nannes,18,44,0,2,244.44
MM Patel,RG Sharma,6,4,0,2,66.67
MM Patel,UT Yadav,8,2,0,2,25.0
MM Sharma,A Zampa,12,8,2,2,66.67
MM Sharma,AR Patel,16,2,0,3,12.5
MM Sharma,B Kumar,10,8,2,4,80.0
MM Sharma,BA Stokes,8,2,0,2,25.0
MM Sharma,CH Gayle,14,18,0,2,128.57
MM Sharma,CH Morris,10,14,0,3,140.0
MM Sharma,CJ Anderson,8,4,0,2,50.0
MM Sharma,CR Woakes,6,2,2,3,33.33
MM Sharma,J Yadav,10,22,0,2,220.0
MM Sharma,Kuldeep Yadav,10,0,0,2,0.0
MM Sharma,M Morkel,6,2,2,2,33.33
MM Sharma,M Prasidh Krishna,6,8,0,2,133.33
MM Sharma,MA Starc,8,0,2,2,0.0
MM Sharma,MJ McClenaghan,6,4,0,3,66.67
MM Sharma,MM Ali,8,4,0,2,50.0
MM Sharma,PJ Cummins,6,2,2,2,33.33
MM Sharma,R Vinay Kumar,10,40,0,2,400.0
MM Sharma,SL Malinga,10,4,2,3,40.0
MM Sharma,SR Watson,6,12,0,2,200.0
MM Sharma,TA Boult,10,18,0,2,180.0
MM Sharma,YS Chahal,8,10,0,3,125.0
MM Sharma,Z Khan,10,14,2,3,140.0
MN Samuels,A Ashish Reddy,6,4,2,2,66.67
MN Samuels,A Mishra,12,2,0,3,16.67
MN Samuels,A Zampa,8,4,0,2,50.0
MN Samuels,AD Mascarenhas,18,12,2,3,66.67
MN Samuels,Azhar Mahmood,8,2,0,2,25.0
MN Samuels,BA Stokes,10,4,0,2,40.0
MN Samuels,Bipul Sharma,12,26,0,2,216.67
MN Samuels,DJ Bravo,10,14,0,2,140.0
MN Samuels,DL Vettori,14,20,0,2,142.86
MN Samuels,DT Christian,8,12,2,2,150.0
MN Samuels,Harbhajan Singh,8,2,0,2,25.0
MN Samuels,Harmeet Singh,14,12,2,2,85.71
MN Samuels,J Theron,6,2,0,2,33.33
MN Samuels,JP Faulkner,10,6,0,3,60.0
MN Samuels,KP Appanna,8,20,0,2,250.0
MN Samuels,NLTC Perera,8,8,2,2,100.0
MN Samuels,P Awana,16,6,0,3,37.5
MN Samuels,P Kumar,30,16,0,3,53.33
MN Samuels,PP Chawla,16,22,0,2,137.5
MN Samuels,R Ashwin,8,0,2,3,0.0
MN Samuels,R Vinay Kumar,8,16,0,2,200.0
MN Samuels,RA Jadeja,14,6,0,3,42.86
MN Samuels,SB Jakati,26,34,0,2,130.77
MN Samuels,SK Raina,12,10,0,2,83.33
MN Samuels,SN Thakur,12,32,0,2,266.67
MN Samuels,VY Mahesh,12,6,2,2,50.0
MN Samuels,Z Khan,8,10,0,2,125.0
MN van Wyk,A Kumble,14,10,0,2,71.43
MN van Wyk,A Mishra,14,20,0,2,142.86
MN van Wyk,A Nehra,18,16,2,2,88.89
MN van Wyk,AM Nayar,8,6,0,2,75.0
MN van Wyk,DP Nannes,18,26,2,3,144.44
MN van Wyk,GR Napier,12,6,2,2,50.0
MN van Wyk,Harbhajan Singh,22,24,0,2,109.09
MN van Wyk,IK Pathan,8,16,0,2,200.0
MN van Wyk,KP Appanna,20,28,0,2,140.0
MN van Wyk,KP Pietersen,10,8,0,2,80.0
MN van Wyk,P Kumar,8,20,0,2,250.0
MN van Wyk,PJ Sangwan,18,34,0,2,188.89
MN van Wyk,R Bhatia,32,52,0,2,162.5
MN van Wyk,RE van der Merwe,18,20,0,2,111.11
MN van Wyk,SL Malinga,16,16,0,2,100.0
MN van Wyk,VS Malik,10,14,0,2,140.0
MN van Wyk,YA Abdulla,6,6,0,2,100.0
MN van Wyk,Z Khan,8,8,0,2,100.0
MP Breetzke,KH Pandya,10,18,0,2,180.0
MP Breetzke,N Thushara,14,10,2,2,71.43
MP Stoinis,A Kamboj,12,34,0,3,283.33
MP Stoinis,A Mishra,18,24,0,3,133.33
MP Stoinis,AD Russell,26,26,6,6,100.0
MP Stoinis,AJ Tye,28,42,2,4,150.0
MP Stoinis,AR Patel,50,30,4,6,60.0
MP Stoinis,Abhishek Sharma,22,34,2,2,154.55
MP Stoinis,Akash Madhwal,22,32,0,2,145.45
MP Stoinis,Arjun Tendulkar,20,16,0,2,80.0
MP Stoinis,Arshdeep Singh,20,26,0,4,130.0
MP Stoinis,Avesh Khan,18,50,0,3,277.78
MP Stoinis,B Kumar,30,52,4,7,173.33
MP Stoinis,BA Stokes,22,24,0,3,109.09
MP Stoinis,Basil Thampi,6,2,0,2,33.33
MP Stoinis,Brijesh Sharma,14,50,0,2,357.14
MP Stoinis,C Green,54,76,0,4,140.74
MP Stoinis,C Sakariya,6,4,0,2,66.67
MP Stoinis,CH Morris,18,16,0,3,88.89
MP Stoinis,CJ Jordan,62,178,0,5,287.1
MP Stoinis,CR Brathwaite,16,32,0,2,200.0
MP Stoinis,CV Varun,24,16,4,6,66.67
MP Stoinis,DG Nalkande,14,32,2,2,228.57
MP Stoinis,DJ Bravo,36,38,2,5,105.56
MP Stoinis,DJ Willey,16,18,0,2,112.5
MP Stoinis,DL Chahar,18,36,0,3,200.0
MP Stoinis,DS Kulkarni,16,16,0,3,100.0
MP Stoinis,E Malinga,8,12,0,2,150.0
MP Stoinis,Fazalhaq Farooqi,16,18,0,3,112.5
MP Stoinis,G Coetzee,16,30,0,2,187.5
MP Stoinis,GC Viljoen,20,50,0,2,250.0
MP Stoinis,GJ Maxwell,10,18,2,4,180.0
MP Stoinis,Gurnoor Brar,6,22,0,2,366.67
MP Stoinis,HF Gurney,8,24,0,2,300.0
MP Stoinis,HH Pandya,22,50,0,3,227.27
MP Stoinis,HR Shokeen,16,48,0,3,300.0
MP Stoinis,HV Patel,36,56,4,6,155.56
MP Stoinis,Harpreet Brar,10,6,0,2,60.0
MP Stoinis,Harshit Rana,14,16,0,2,114.29
MP Stoinis,I Sharma,12,8,0,3,66.67
MP Stoinis,I Udana,8,6,0,2,75.0
MP Stoinis,Imran Tahir,14,20,2,2,142.86
MP Stoinis,JC Archer,56,90,2,7,160.71
MP Stoinis,JD Unadkat,32,24,4,6,75.0
MP Stoinis,JJ Bumrah,76,60,6,9,78.95
MP Stoinis,JO Holder,42,80,2,4,190.48
MP Stoinis,JP Behrendorff,12,30,0,2,250.0
MP Stoinis,JP Faulkner,16,28,0,2,175.0
MP Stoinis,JR Hazlewood,48,66,4,6,137.5
MP Stoinis,K Rabada,52,60,0,6,115.38
MP Stoinis,KA Pollard,16,12,0,3,75.0
MP Stoinis,KH Pandya,66,78,0,5,118.18
MP Stoinis,KK Ahmed,30,20,4,6,66.67
MP Stoinis,KR Sen,10,20,0,2,200.0
MP Stoinis,KV Sharma,42,78,4,4,185.71
MP Stoinis,Kartik Tyagi,18,14,0,3,77.78
MP Stoinis,Kuldeep Yadav,34,44,2,6,129.41
MP Stoinis,M Ashwin,36,48,0,4,133.33
MP Stoinis,M Markande,8,14,0,2,175.0
MP Stoinis,M Pathirana,30,32,0,3,106.67
MP Stoinis,M Prasidh Krishna,36,100,4,7,277.78
MP Stoinis,M Siddharth,6,8,0,2,133.33
MP Stoinis,MA Starc,12,24,2,3,200.0
MP Stoinis,MJ Santner,22,18,0,2,81.82
MP Stoinis,MM Ali,36,78,2,4,216.67
MP Stoinis,MM Sharma,34,70,4,5,205.88
MP Stoinis,Mayank Dagar,10,8,0,2,80.0
MP Stoinis,Mohammad Nabi,8,22,2,2,275.0
MP Stoinis,Mohammed Shami,66,126,2,10,190.91
MP Stoinis,Mohammed Siraj,44,76,0,9,172.73
MP Stoinis,Mukesh Kumar,10,36,0,3,360.0
MP Stoinis,Mustafizur Rahman,48,94,2,5,195.83
MP Stoinis,N Burger,8,26,0,2,325.0
MP Stoinis,N Thushara,18,16,0,3,88.89
MP Stoinis,NA Saini,18,44,0,2,244.44
MP Stoinis,NM Coulter-Nile,8,14,0,2,175.0
MP Stoinis,Noor Ahmad,36,20,0,3,55.56
MP Stoinis,OC McCoy,8,14,0,2,175.0
MP Stoinis,P Kumar,16,24,0,3,150.0
MP Stoinis,PJ Cummins,8,12,0,2,150.0
MP Stoinis,PP Chawla,70,82,2,6,117.14
MP Stoinis,PWH de Silva,32,40,0,4,125.0
MP Stoinis,Prince Yadav,6,6,0,2,100.0
MP Stoinis,R Ashwin,54,46,2,6,85.19
MP Stoinis,R Sai Kishore,14,22,2,3,157.14
MP Stoinis,R Shepherd,6,12,0,2,200.0
MP Stoinis,R Tewatia,36,44,2,4,122.22
MP Stoinis,RA Jadeja,50,76,4,8,152.0
MP Stoinis,RD Chahar,78,156,4,8,200.0
MP Stoinis,Rashid Khan,62,52,2,7,83.87
MP Stoinis,Rasikh Salam,8,18,0,2,225.0
MP Stoinis,Ravi Bishnoi,10,6,0,3,60.0
MP Stoinis,S Gopal,56,76,2,6,135.71
MP Stoinis,S Lamichhane,16,32,0,3,200.0
MP Stoinis,S Nadeem,38,36,2,4,94.74
MP Stoinis,SM Curran,24,48,4,4,200.0
MP Stoinis,SN Thakur,48,80,4,6,166.67
MP Stoinis,SP Narine,50,52,2,8,104.0
MP Stoinis,SR Watson,14,16,0,2,114.29
MP Stoinis,SS Cottrell,16,30,0,2,187.5
MP Stoinis,STR Binny,6,4,0,2,66.67
MP Stoinis,Sakib Hussain,12,32,0,2,266.67
MP Stoinis,Sandeep Sharma,46,46,6,7,100.0
MP Stoinis,Shahbaz Ahmed,12,30,0,3,250.0
MP Stoinis,Shakib Al Hasan,8,14,0,2,175.0
MP Stoinis,Shivam Mavi,30,48,4,3,160.0
MP Stoinis,Shivang Kumar,8,12,2,2,150.0
MP Stoinis,Suyash Sharma,20,16,4,4,80.0
MP Stoinis,T Natarajan,26,22,2,5,84.62
MP Stoinis,TA Boult,32,40,2,8,125.0
MP Stoinis,TU Deshpande,30,56,0,3,186.67
MP Stoinis,UT Yadav,24,24,0,3,100.0
MP Stoinis,Umran Malik,8,8,0,2,100.0
MP Stoinis,VG Arora,8,12,2,3,150.0
MP Stoinis,WD Parnell,8,10,0,2,125.0
MP Stoinis,Washington Sundar,30,44,2,4,146.67
MP Stoinis,YS Chahal,54,68,2,8,125.93
MP Stoinis,Yash Raj Punja,8,16,0,2,200.0
MP Stoinis,Z Khan,12,12,2,2,100.0
MP Yadav,Brijesh Sharma,6,2,0,2,33.33
MR Marsh,A Ashish Reddy,6,14,0,2,233.33
MR Marsh,A Kamboj,48,98,2,4,204.17
MR Marsh,A Mishra,34,44,0,4,129.41
MR Marsh,A Nehra,8,6,2,2,75.0
MR Marsh,A Zampa,10,16,0,2,160.0
MR Marsh,AJ Hosein,26,34,2,3,130.77
MR Marsh,AM Ghazanfar,8,4,0,2,50.0
MR Marsh,AR Patel,52,44,0,4,84.62
MR Marsh,AS Roy,28,24,0,4,85.71
MR Marsh,Abhishek Sharma,30,44,0,3,146.67
MR Marsh,Arshad Khan,18,26,2,2,144.44
MR Marsh,Arshdeep Singh,42,72,6,6,171.43
MR Marsh,Ashwani Kumar,20,48,0,2,240.0
MR Marsh,B Kumar,60,88,2,7,146.67
MR Marsh,Brijesh Sharma,40,62,0,3,155.0
MR Marsh,C Bosch,12,18,2,3,150.0
MR Marsh,CH Morris,6,4,0,2,66.67
MR Marsh,CV Varun,24,32,0,3,133.33
MR Marsh,DE Bollinger,10,4,2,2,40.0
MR Marsh,DJ Bravo,20,26,2,4,130.0
MR Marsh,DL Chahar,46,90,0,6,195.65
MR Marsh,DP Nannes,10,2,0,2,20.0
MR Marsh,DT Christian,18,18,0,2,100.0
MR Marsh,DW Steyn,22,28,2,3,127.27
MR Marsh,E Malinga,16,22,2,3,137.5
MR Marsh,GJ Maxwell,6,4,0,2,66.67
MR Marsh,Gurjapneet Singh,12,34,0,2,283.33
MR Marsh,HH Pandya,10,18,0,2,180.0
MR Marsh,HV Patel,38,56,2,5,147.37
MR Marsh,Harbhajan Singh,8,16,0,2,200.0
MR Marsh,Harpreet Brar,24,24,0,3,100.0
MR Marsh,Harsh Dubey,32,44,2,3,137.5
MR Marsh,Harshit Rana,16,38,2,3,237.5
MR Marsh,Iqbal Abdulla,6,4,0,2,66.67
MR Marsh,J Theron,12,14,0,2,116.67
MR Marsh,JC Archer,42,76,2,4,180.95
MR Marsh,JD Unadkat,16,34,0,3,212.5
MR Marsh,JJ Bumrah,28,58,2,4,207.14
MR Marsh,JO Holder,8,26,0,2,325.0
MR Marsh,JP Faulkner,10,26,0,2,260.0
MR Marsh,JR Hazlewood,60,84,2,5,140.0
MR Marsh,K Rabada,54,98,4,5,181.48
MR Marsh,KH Pandya,50,86,2,5,172.0
MR Marsh,KK Ahmed,10,24,0,2,240.0
MR Marsh,KK Cooper,14,30,0,2,214.29
MR Marsh,KR Sen,24,44,0,2,183.33
MR Marsh,KV Sharma,14,14,0,4,100.0
MR Marsh,Kuldeep Yadav,34,46,2,4,135.29
MR Marsh,L Ngidi,14,32,0,2,228.57
MR Marsh,LS Livingstone,18,14,0,2,77.78
MR Marsh,M Jansen,20,42,0,3,210.0
MR Marsh,M Kartik,10,6,0,2,60.0
MR Marsh,M Markande,18,14,0,2,77.78
MR Marsh,M Pathirana,6,8,2,2,133.33
MR Marsh,M Prasidh Krishna,60,100,0,3,166.67
MR Marsh,M Theekshana,8,2,0,2,25.0
MR Marsh,MA Starc,22,48,2,4,218.18
MR Marsh,MD Shanaka,10,16,0,2,160.0
MR Marsh,MG Johnson,14,32,2,2,228.57
MR Marsh,MJ Santner,10,20,0,2,200.0
MR Marsh,MM Sharma,12,14,0,2,116.67
MR Marsh,Mohammed Shami,24,42,2,3,175.0
MR Marsh,Mohammed Siraj,40,32,0,4,80.0
MR Marsh,Mohsin Khan,6,2,0,2,33.33
MR Marsh,Mukesh Choudhary,30,40,0,4,133.33
MR Marsh,Mukesh Kumar,38,60,4,4,157.89
MR Marsh,N Burger,40,64,4,3,160.0
MR Marsh,N Thushara,12,22,0,2,183.33
MR Marsh,Noor Ahmad,24,28,0,3,116.67
MR Marsh,P Kumar,12,28,0,2,233.33
MR Marsh,PD Collingwood,8,8,0,2,100.0
MR Marsh,PJ Cummins,32,58,2,3,181.25
MR Marsh,PP Chawla,6,4,0,3,66.67
MR Marsh,PP Ojha,16,24,2,3,150.0
MR Marsh,PVD Chameera,28,54,0,3,192.86
MR Marsh,PWH de Silva,20,18,0,3,90.0
MR Marsh,R Ashwin,32,44,0,3,137.5
MR Marsh,R Bhatia,10,6,2,2,60.0
MR Marsh,R Dhawan,18,12,0,3,66.67
MR Marsh,R Sai Kishore,18,30,0,2,166.67
MR Marsh,R Shepherd,30,72,0,3,240.0
MR Marsh,R Vinay Kumar,20,8,2,2,40.0
MR Marsh,RA Jadeja,42,44,4,5,104.76
MR Marsh,RD Chahar,18,18,2,3,100.0
MR Marsh,RJ Harris,10,2,2,3,20.0
MR Marsh,Rashid Khan,14,52,0,2,371.43
MR Marsh,Rasikh Salam,26,44,0,3,169.23
MR Marsh,Ravi Bishnoi,20,32,0,3,160.0
MR Marsh,SA Abbott,10,18,2,2,180.0
MR Marsh,SH Johnson,28,56,0,3,200.0
MR Marsh,SK Raina,8,2,0,2,25.0
MR Marsh,SL Malinga,12,12,0,2,100.0
MR Marsh,SM Curran,10,16,0,2,160.0
MR Marsh,SP Narine,24,46,0,2,191.67
MR Marsh,SR Watson,18,14,0,2,77.78
MR Marsh,SS Mishra,20,30,0,2,150.0
MR Marsh,Sandeep Sharma,12,18,0,2,150.0
MR Marsh,Shahbaz Ahmed,8,4,0,2,50.0
MR Marsh,Simarjeet Singh,18,22,0,2,122.22
MR Marsh,Suyash Sharma,30,56,0,4,186.67
MR Marsh,T Natarajan,24,32,2,4,133.33
MR Marsh,TA Boult,62,94,2,5,151.61
MR Marsh,TG Southee,6,12,0,2,200.0
MR Marsh,TU Deshpande,10,10,0,3,100.0
MR Marsh,UT Yadav,8,14,0,2,175.0
MR Marsh,Umran Malik,8,28,0,3,350.0
MR Marsh,V Nigam,14,36,0,3,257.14
MR Marsh,VG Arora,36,44,4,5,122.22
MR Marsh,Vijaykumar Vyshak,12,10,0,2,83.33
MR Marsh,WD Parnell,8,0,2,2,0.0
MR Marsh,Washington Sundar,6,2,0,2,33.33
MR Marsh,XC Bartlett,14,24,0,2,171.43
MR Marsh,YS Chahal,34,44,4,3,129.41
MR Marsh,Yash Dayal,8,14,0,2,175.0
MR Marsh,Yash Raj Punja,16,24,0,2,150.0
MR Marsh,Yuvraj Singh,6,14,2,2,233.33
MR Marsh,Zeeshan Ansari,12,18,0,2,150.0
MS Bisla,A Kumble,34,36,2,3,105.88
MS Bisla,A Mishra,22,6,4,4,27.27
MS Bisla,A Nehra,18,12,4,3,66.67
MS Bisla,A Singh,6,10,0,2,166.67
MS Bisla,AA Chavan,36,44,2,3,122.22
MS Bisla,AB Agarkar,8,6,2,2,75.0
MS Bisla,AB Dinda,16,16,0,2,100.0
MS Bisla,AD Mascarenhas,14,32,0,3,228.57
MS Bisla,AL Menaria,12,4,2,3,33.33
MS Bisla,AP Dole,10,20,0,2,200.0
MS Bisla,Anand Rajan,14,10,0,2,71.43
MS Bisla,Azhar Mahmood,10,18,0,2,180.0
MS Bisla,B Kumar,14,12,2,3,85.71
MS Bisla,BA Bhatt,14,18,0,3,128.57
MS Bisla,BW Hilfenhaus,16,16,0,2,100.0
MS Bisla,CH Gayle,14,18,0,2,128.57
MS Bisla,CH Morris,10,32,0,2,320.0
MS Bisla,DJ Bravo,34,76,0,3,223.53
MS Bisla,DL Vettori,26,38,0,2,146.15
MS Bisla,DP Nannes,38,44,0,3,115.79
MS Bisla,DT Christian,8,10,0,2,125.0
MS Bisla,DW Steyn,84,72,0,7,85.71
MS Bisla,GB Hogg,20,16,0,3,80.0
MS Bisla,GH Vihari,6,16,0,2,266.67
MS Bisla,HV Patel,10,22,0,2,220.0
MS Bisla,Harbhajan Singh,12,20,2,2,166.67
MS Bisla,Harmeet Singh,40,48,0,4,120.0
MS Bisla,I Sharma,24,32,0,3,133.33
MS Bisla,IC Pandey,12,16,0,2,133.33
MS Bisla,IK Pathan,22,8,0,3,36.36
MS Bisla,J Botha,6,4,0,2,66.67
MS Bisla,JA Morkel,44,62,2,4,140.91
MS Bisla,JD Unadkat,8,12,0,2,150.0
MS Bisla,JH Kallis,40,60,2,3,150.0
MS Bisla,JP Faulkner,14,10,0,3,71.43
MS Bisla,KW Richardson,10,0,2,2,0.0
MS Bisla,M Kartik,6,10,2,2,166.67
MS Bisla,M Muralitharan,14,12,2,3,85.71
MS Bisla,MC Henriques,10,2,2,2,20.0
MS Bisla,MG Johnson,20,10,0,2,50.0
MS Bisla,MJ McClenaghan,14,16,0,2,114.29
MS Bisla,MM Patel,14,38,0,3,271.43
MS Bisla,MM Sharma,36,44,0,3,122.22
MS Bisla,NLTC Perera,12,26,2,3,216.67
MS Bisla,P Kumar,62,48,2,6,77.42
MS Bisla,PP Chawla,46,24,4,4,52.17
MS Bisla,PP Ojha,12,12,4,4,100.0
MS Bisla,R Ashwin,58,104,0,5,179.31
MS Bisla,R Vinay Kumar,32,50,0,5,156.25
MS Bisla,RA Jadeja,22,20,2,3,90.91
MS Bisla,RP Singh,16,4,0,3,25.0
MS Bisla,S Randiv,16,16,0,2,100.0
MS Bisla,SB Jakati,32,34,2,3,106.25
MS Bisla,SE Bond,22,18,0,3,81.82
MS Bisla,SK Trivedi,14,18,0,3,128.57
MS Bisla,SK Warne,32,38,4,3,118.75
MS Bisla,SL Malinga,24,22,2,4,91.67
MS Bisla,SR Watson,40,44,2,4,110.0
MS Bisla,STR Binny,6,4,0,2,66.67
MS Bisla,SW Tait,22,6,0,3,27.27
MS Bisla,TG Southee,6,4,0,2,66.67
MS Bisla,V Kohli,24,48,0,3,200.0
MS Bisla,WD Parnell,16,12,2,3,75.0
MS Bisla,WPUJC Vaas,6,0,0,2,0.0
MS Bisla,Z Khan,8,12,0,2,150.0
MS Dhoni,A Ashish Reddy,30,54,2,4,180.0
MS Dhoni,A Kumble,54,46,0,6,85.19
MS Dhoni,A Mishra,82,100,2,11,121.95
MS Dhoni,A Mithun,30,68,0,3,226.67
MS Dhoni,A Nehra,78,152,2,9,194.87
MS Dhoni,A Nortje,38,68,2,7,178.95
MS Dhoni,A Singh,6,22,0,3,366.67
MS Dhoni,A Symonds,32,30,2,4,93.75
MS Dhoni,A Zampa,8,24,0,2,300.0
MS Dhoni,AB Agarkar,58,92,0,5,158.62
MS Dhoni,AB Dinda,48,82,4,5,170.83
MS Dhoni,AB McDonald,8,22,0,2,275.0
MS Dhoni,AD Russell,68,100,4,7,147.06
MS Dhoni,AF Milne,14,18,2,3,128.57
MS Dhoni,AJ Tye,52,88,0,5,169.23
MS Dhoni,AN Ahmed,12,26,2,3,216.67
MS Dhoni,AR Patel,130,154,0,9,118.46
MS Dhoni,AS Joseph,8,6,0,3,75.0
MS Dhoni,Abdul Samad,28,38,0,2,135.71
MS Dhoni,Abhishek Sharma,6,4,0,2,66.67
MS Dhoni,Akash Madhwal,12,6,2,3,50.0
MS Dhoni,Ankit Sharma,8,6,0,3,75.0
MS Dhoni,Ankit Soni,28,16,0,2,57.14
MS Dhoni,Anureet Singh,26,50,0,3,192.31
MS Dhoni,Arshdeep Singh,36,64,0,5,177.78
MS Dhoni,Avesh Khan,58,98,4,8,168.97
MS Dhoni,Azhar Mahmood,6,0,0,2,0.0
MS Dhoni,B Akhil,10,6,0,2,60.0
MS Dhoni,B Kumar,120,204,0,13,170.0
MS Dhoni,B Lee,16,34,0,2,212.5
MS Dhoni,B Stanlake,6,18,0,2,300.0
MS Dhoni,BA Bhatt,6,2,0,3,33.33
MS Dhoni,BA Stokes,40,42,2,5,105.0
MS Dhoni,BAW Mendis,20,20,0,2,100.0
MS Dhoni,BB Sran,14,18,0,3,128.57
MS Dhoni,BE Hendricks,10,10,0,2,100.0
MS Dhoni,BJ Hodge,8,6,0,2,75.0
MS Dhoni,C Green,8,14,0,2,175.0
MS Dhoni,C Nanda,14,8,0,2,57.14
MS Dhoni,C Sakariya,12,16,2,3,133.33
MS Dhoni,C de Grandhomme,10,10,0,2,100.0
MS Dhoni,CH Gayle,50,88,0,4,176.0
MS Dhoni,CH Morris,56,88,0,6,157.14
MS Dhoni,CJ Anderson,32,68,0,5,212.5
MS Dhoni,CR Brathwaite,8,2,0,2,25.0
MS Dhoni,CRD Fernando,12,6,0,2,50.0
MS Dhoni,CV Varun,42,26,6,7,61.9
MS Dhoni,D Wiese,22,26,2,4,118.18
MS Dhoni,DJ Bravo,62,110,0,8,177.42
MS Dhoni,DJ Hooda,6,4,0,2,66.67
MS Dhoni,DJ Hussey,10,18,0,3,180.0
MS Dhoni,DJ Muthuswami,6,2,0,2,33.33
MS Dhoni,DJ Thornely,12,18,0,2,150.0
MS Dhoni,DJG Sammy,16,24,0,3,150.0
MS Dhoni,DL Vettori,56,48,2,7,85.71
MS Dhoni,DP Nannes,6,0,4,3,0.0
MS Dhoni,DP Vijaykumar,8,8,0,2,100.0
MS Dhoni,DR Sams,22,16,0,3,72.73
MS Dhoni,DR Smith,18,10,0,3,55.56
MS Dhoni,DS Kulkarni,50,88,0,6,176.0
MS Dhoni,DT Christian,22,24,2,3,109.09
MS Dhoni,DW Steyn,118,222,4,9,188.14
MS Dhoni,GD McGrath,26,28,0,3,107.69
MS Dhoni,GJ Maxwell,6,12,0,3,200.0
MS Dhoni,GS Sandhu,8,12,0,2,150.0
MS Dhoni,HH Pandya,62,84,2,10,135.48
MS Dhoni,HR Shokeen,14,14,0,2,100.0
MS Dhoni,HV Patel,70,50,8,11,71.43
MS Dhoni,Harbhajan Singh,78,94,2,11,120.51
MS Dhoni,Harmeet Singh,26,30,2,3,115.38
MS Dhoni,Harpreet Brar,10,2,0,2,20.0
MS Dhoni,Harshit Rana,10,6,0,2,60.0
MS Dhoni,I Sharma,44,58,2,7,131.82
MS Dhoni,IK Pathan,84,160,0,10,190.48
MS Dhoni,IS Sodhi,10,14,0,2,140.0
MS Dhoni,Imran Tahir,30,16,2,3,53.33
MS Dhoni,Iqbal Abdulla,60,68,0,6,113.33
MS Dhoni,J Botha,16,16,0,3,100.0
MS Dhoni,J Little,10,24,0,2,240.0
MS Dhoni,J Suchith,18,10,0,3,55.56
MS Dhoni,J Syed Mohammad,10,10,0,3,100.0
MS Dhoni,J Theron,26,44,0,2,169.23
MS Dhoni,J Yadav,24,28,0,3,116.67
MS Dhoni,JA Morkel,12,14,0,3,116.67
MS Dhoni,JC Archer,74,88,0,6,118.92
MS Dhoni,JD Unadkat,88,212,2,10,240.91
MS Dhoni,JEC Franklin,12,24,0,3,200.0
MS Dhoni,JH Kallis,78,94,2,11,120.51
MS Dhoni,JJ Bumrah,130,124,8,17,95.38
MS Dhoni,JP Behrendorff,8,6,0,2,75.0
MS Dhoni,JP Faulkner,58,96,2,6,165.52
MS Dhoni,JR Hazlewood,12,22,2,3,183.33
MS Dhoni,JR Hopes,30,40,2,3,133.33
MS Dhoni,Jaskaran Singh,6,16,0,2,266.67
MS Dhoni,K Goel,8,22,0,2,275.0
MS Dhoni,K Gowtham,6,6,0,2,100.0
MS Dhoni,K Kartikeya,16,22,0,2,137.5
MS Dhoni,K Khejroliya,6,4,0,2,66.67
MS Dhoni,K Rabada,32,16,2,7,50.0
MS Dhoni,KA Pollard,102,200,6,11,196.08
MS Dhoni,KH Pandya,60,66,0,8,110.0
MS Dhoni,KK Ahmed,48,102,0,6,212.5
MS Dhoni,KK Cooper,38,46,2,5,121.05
MS Dhoni,KMA Paul,22,24,0,3,109.09
MS Dhoni,KP Pietersen,8,6,0,2,75.0
MS Dhoni,KV Sharma,58,74,0,8,127.59
MS Dhoni,KW Richardson,10,8,0,3,80.0
MS Dhoni,Kamran Khan,10,18,0,2,180.0
MS Dhoni,Karanveer Singh,24,36,0,3,150.0
MS Dhoni,Kartik Tyagi,14,22,0,2,157.14
MS Dhoni,Kuldeep Yadav,64,100,4,7,156.25
MS Dhoni,L Balaji,48,88,2,6,183.33
MS Dhoni,LH Ferguson,20,38,0,4,190.0
MS Dhoni,LR Shukla,38,74,0,4,194.74
MS Dhoni,LRPL Taylor,6,16,0,2,266.67
MS Dhoni,LS Livingstone,30,32,0,3,106.67
MS Dhoni,M Ashwin,24,14,0,2,58.33
MS Dhoni,M Jansen,6,10,2,3,166.67
MS Dhoni,M Kartik,74,92,0,8,124.32
MS Dhoni,M Markande,16,28,2,3,175.0
MS Dhoni,M Morkel,26,68,2,4,261.54
MS Dhoni,M Muralitharan,14,22,0,4,157.14
MS Dhoni,M Prasidh Krishna,24,44,0,3,183.33
MS Dhoni,M Theekshana,6,4,0,2,66.67
MS Dhoni,M de Lange,18,46,0,3,255.56
MS Dhoni,MA Khote,12,20,2,2,166.67
MS Dhoni,MA Starc,34,50,0,5,147.06
MS Dhoni,MA Wood,6,24,2,2,400.0
MS Dhoni,MC Henriques,22,22,0,4,100.0
MS Dhoni,MG Johnson,82,118,2,9,143.9
MS Dhoni,MJ McClenaghan,50,62,2,8,124.0
MS Dhoni,MM Patel,28,34,2,6,121.43
MS Dhoni,MM Sharma,72,122,6,9,169.44
MS Dhoni,MN Samuels,16,32,0,3,200.0
MS Dhoni,MP Stoinis,46,46,0,5,100.0
MS Dhoni,MR Marsh,18,30,2,4,166.67
MS Dhoni,Mohammad Asif,32,42,2,3,131.25
MS Dhoni,Mohammad Hafeez,8,6,0,2,75.0
MS Dhoni,Mohammed Shami,42,74,2,7,176.19
MS Dhoni,Mohammed Siraj,58,104,0,6,179.31
MS Dhoni,Mohsin Khan,8,22,0,2,275.0
MS Dhoni,Mujeeb Ur Rahman,16,12,0,2,75.0
MS Dhoni,Mukesh Kumar,26,50,0,3,192.31
MS Dhoni,Mustafizur Rahman,22,24,0,3,109.09
MS Dhoni,NA Saini,44,42,0,4,95.45
MS Dhoni,NLTC Perera,12,20,2,3,166.67
MS Dhoni,NM Coulter-Nile,18,26,2,2,144.44
MS Dhoni,OC McCoy,6,6,0,2,100.0
MS Dhoni,OF Smith,6,4,0,2,66.67
MS Dhoni,P Awana,30,40,2,4,133.33
MS Dhoni,P Kumar,60,92,2,10,153.33
MS Dhoni,P Negi,54,72,0,7,133.33
MS Dhoni,PJ Cummins,16,12,0,6,75.0
MS Dhoni,PJ Sangwan,22,24,0,4,109.09
MS Dhoni,PM Sarvesh Kumar,6,16,0,2,266.67
MS Dhoni,PP Chawla,118,164,4,14,138.98
MS Dhoni,PP Ojha,192,196,12,13,102.08
MS Dhoni,PV Tambe,28,22,2,5,78.57
MS Dhoni,PWH de Silva,18,6,0,4,33.33
MS Dhoni,Pankaj Singh,6,4,0,2,66.67
MS Dhoni,Parvez Rasool,16,12,0,2,75.0
MS Dhoni,R Ashwin,64,66,0,7,103.12
MS Dhoni,R Bhatia,48,42,2,8,87.5
MS Dhoni,R Dhawan,18,18,2,4,100.0
MS Dhoni,R McLaren,16,26,0,2,162.5
MS Dhoni,R Parag,24,38,0,3,158.33
MS Dhoni,R Rampaul,18,42,2,3,233.33
MS Dhoni,R Sharma,38,42,2,5,110.53
MS Dhoni,R Tewatia,30,18,0,4,60.0
MS Dhoni,R Vinay Kumar,50,66,2,10,132.0
MS Dhoni,RA Jadeja,48,60,4,7,125.0
MS Dhoni,RD Chahar,68,38,4,7,55.88
MS Dhoni,RE van der Merwe,76,64,4,5,84.21
MS Dhoni,RG Sharma,20,18,0,3,90.0
MS Dhoni,RJ Harris,24,52,2,3,216.67
MS Dhoni,RJ Peterson,12,30,0,2,250.0
MS Dhoni,RP Meredith,14,22,0,3,157.14
MS Dhoni,RP Singh,66,88,2,8,133.33
MS Dhoni,RR Bhatkal,10,28,0,2,280.0
MS Dhoni,RR Raje,14,18,0,2,128.57
MS Dhoni,RS Bopara,22,34,0,2,154.55
MS Dhoni,Rashid Khan,84,82,2,9,97.62
MS Dhoni,Ravi Bishnoi,20,22,2,3,110.0
MS Dhoni,S Aravind,28,44,2,6,157.14
MS Dhoni,S Badree,20,24,0,3,120.0
MS Dhoni,S Gopal,60,68,2,5,113.33
MS Dhoni,S Kaul,72,124,2,8,172.22
MS Dhoni,S Kaushik,6,4,0,2,66.67
MS Dhoni,S Ladda,10,18,0,2,180.0
MS Dhoni,S Lamichhane,12,10,0,2,83.33
MS Dhoni,S Nadeem,46,44,0,6,95.65
MS Dhoni,S Narwal,8,16,0,2,200.0
MS Dhoni,S Sreesanth,18,14,2,4,77.78
MS Dhoni,SB Bangar,18,16,0,2,88.89
MS Dhoni,SB Jakati,18,34,0,3,188.89
MS Dhoni,SB Styris,22,30,0,3,136.36
MS Dhoni,SE Bond,14,40,0,2,285.71
MS Dhoni,SK Trivedi,62,76,2,7,122.58
MS Dhoni,SK Warne,32,24,2,6,75.0
MS Dhoni,SL Malinga,124,178,4,16,143.55
MS Dhoni,SM Curran,34,76,0,4,223.53
MS Dhoni,SM Pollock,12,0,0,2,0.0
MS Dhoni,SN Thakur,8,22,0,2,275.0
MS Dhoni,SP Narine,154,80,4,18,51.95
MS Dhoni,SR Watson,74,86,6,9,116.22
MS Dhoni,ST Jayasuriya,18,24,0,2,133.33
MS Dhoni,STR Binny,30,38,0,6,126.67
MS Dhoni,Sandeep Sharma,48,74,2,9,154.17
MS Dhoni,Shahid Afridi,14,18,0,3,128.57
MS Dhoni,Shakib Al Hasan,10,8,0,4,80.0
MS Dhoni,Shivam Mavi,28,44,0,3,157.14
MS Dhoni,Shoaib Ahmed,18,10,0,3,55.56
MS Dhoni,Sohail Tanvir,16,32,2,3,200.0
MS Dhoni,Sunny Gupta,8,28,0,2,350.0
MS Dhoni,Suyash Sharma,8,8,0,3,100.0
MS Dhoni,Swapnil Singh,10,4,2,2,40.0
MS Dhoni,T Natarajan,32,52,4,7,162.5
MS Dhoni,T Shamsi,22,36,0,2,163.64
MS Dhoni,TA Boult,88,164,4,10,186.36
MS Dhoni,TG Southee,8,18,0,2,225.0
MS Dhoni,TK Curran,28,74,0,4,264.29
MS Dhoni,TL Suman,20,24,0,3,120.0
MS Dhoni,TU Deshpande,14,30,0,3,214.29
MS Dhoni,UT Yadav,76,136,2,8,178.95
MS Dhoni,Umran Malik,10,14,0,2,140.0
MS Dhoni,V Kohli,18,24,0,3,133.33
MS Dhoni,V Nigam,8,6,0,2,75.0
MS Dhoni,V Sehwag,22,28,0,3,127.27
MS Dhoni,VG Arora,10,6,0,4,60.0
MS Dhoni,VR Aaron,16,26,2,3,162.5
MS Dhoni,VRV Singh,34,62,0,4,182.35
MS Dhoni,VY Mahesh,20,10,2,3,50.0
MS Dhoni,WPUJC Vaas,6,6,0,2,100.0
MS Dhoni,Y Venugopal Rao,16,20,0,2,125.0
MS Dhoni,YK Pathan,12,8,0,4,66.67
MS Dhoni,YS Chahal,164,216,8,17,131.71
MS Dhoni,Yash Dayal,16,28,4,4,175.0
MS Dhoni,Yash Thakur,10,32,2,3,320.0
MS Dhoni,Yuvraj Singh,72,118,0,7,163.89
MS Dhoni,Z Khan,84,148,14,12,176.19
MS Dhoni,Zeeshan Ansari,8,8,0,2,100.0
MS Gony,Harbhajan Singh,6,0,2,2,0.0
MS Gony,J Theron,6,2,2,2,33.33
MS Gony,JH Kallis,6,0,2,3,0.0
MS Gony,L Balaji,12,28,0,2,233.33
MS Gony,PP Chawla,12,14,2,3,116.67
MS Gony,RA Jadeja,8,2,2,2,25.0
MS Gony,SB Bangar,8,30,0,2,375.0
MS Gony,SB Jakati,8,6,0,2,75.0
MS Gony,SMSM Senanayake,8,18,0,2,225.0
MS Gony,SP Narine,14,38,0,2,271.43
MS Gony,Shoaib Malik,6,22,0,2,366.67
MS Gony,Sohail Tanvir,12,6,0,3,50.0
MS Wade,A Mithun,6,6,2,2,100.0
MS Wade,AC Thomas,8,0,0,2,0.0
MS Wade,Avesh Khan,10,10,2,3,100.0
MS Wade,B Kumar,12,18,0,2,150.0
MS Wade,DJ Hooda,6,2,2,2,33.33
MS Wade,DL Vettori,10,8,0,2,80.0
MS Wade,GJ Maxwell,8,2,2,2,25.0
MS Wade,JDS Neesham,12,24,0,2,200.0
MS Wade,JR Hazlewood,18,30,0,2,166.67
MS Wade,KH Pandya,14,12,0,2,85.71
MS Wade,KR Sen,8,4,2,2,50.0
MS Wade,M Jansen,6,4,0,2,66.67
MS Wade,M Pathirana,8,22,0,2,275.0
MS Wade,M Prasidh Krishna,24,26,0,3,108.33
MS Wade,MJ Santner,12,12,0,2,100.0
MS Wade,MM Ali,10,6,2,2,60.0
MS Wade,MR Marsh,16,12,2,2,75.0
MS Wade,Mohsin Khan,16,26,0,3,162.5
MS Wade,PVD Chameera,10,18,0,2,180.0
MS Wade,R Ashwin,12,4,0,2,33.33
MS Wade,R Sharma,18,12,2,3,66.67
MS Wade,Ravi Bishnoi,16,12,0,2,75.0
MS Wade,TA Boult,28,42,2,3,150.0
MS Wade,VG Arora,12,12,0,2,100.0
MS Wade,Washington Sundar,14,14,0,2,100.0
MS Wade,YS Chahal,18,18,0,3,100.0
MV Boucher,A Mishra,6,4,0,2,66.67
MV Boucher,A Nehra,36,58,0,4,161.11
MV Boucher,AB Agarkar,12,16,0,3,133.33
MV Boucher,AB Dinda,14,14,0,3,100.0
MV Boucher,BJ Hodge,10,22,0,2,220.0
MV Boucher,C Nanda,14,22,0,2,157.14
MV Boucher,CH Gayle,12,26,0,2,216.67
MV Boucher,DJ Bravo,14,14,0,2,100.0
MV Boucher,DL Vettori,28,32,0,4,114.29
MV Boucher,DP Nannes,14,16,0,2,114.29
MV Boucher,DS Kulkarni,12,16,0,3,133.33
MV Boucher,Harbhajan Singh,20,32,0,3,160.0
MV Boucher,Harmeet Singh,10,8,2,2,80.0
MV Boucher,I Sharma,32,46,0,4,143.75
MV Boucher,IK Pathan,14,18,0,2,128.57
MV Boucher,JA Morkel,20,28,2,3,140.0
MV Boucher,JR Hopes,18,32,0,2,177.78
MV Boucher,Joginder Sharma,6,2,0,2,33.33
MV Boucher,L Balaji,14,16,0,4,114.29
MV Boucher,M Kartik,18,44,0,2,244.44
MV Boucher,M Muralitharan,10,2,2,3,20.0
MV Boucher,MM Patel,6,4,0,2,66.67
MV Boucher,Mohammad Asif,6,6,0,2,100.0
MV Boucher,PJ Sangwan,24,32,4,3,133.33
MV Boucher,PP Chawla,18,18,0,3,100.0
MV Boucher,PP Ojha,8,12,0,2,150.0
MV Boucher,R Ashwin,10,20,0,2,200.0
MV Boucher,RA Jadeja,10,6,2,2,60.0
MV Boucher,RP Singh,12,18,4,3,150.0
MV Boucher,SB Styris,8,4,0,2,50.0
MV Boucher,SC Ganguly,28,12,2,3,42.86
MV Boucher,SK Warne,14,6,2,3,42.86
MV Boucher,SL Malinga,18,36,0,2,200.0
MV Boucher,SM Pollock,20,32,0,3,160.0
MV Boucher,ST Jayasuriya,8,16,0,2,200.0
MV Boucher,Shahid Afridi,8,8,0,2,100.0
MV Boucher,Umar Gul,8,6,0,2,75.0
MV Boucher,V Sehwag,10,36,0,2,360.0
MV Boucher,VRV Singh,8,6,0,2,75.0
MV Boucher,VY Mahesh,8,6,0,2,75.0
MV Boucher,Yuvraj Singh,10,4,2,3,40.0
MW Short,AS Joseph,12,20,0,2,166.67
MW Short,Abhishek Sharma,6,14,0,2,233.33
MW Short,Arjun Tendulkar,8,4,0,2,50.0
MW Short,Arshad Khan,16,30,0,2,187.5
MW Short,Avesh Khan,12,24,0,2,200.0
MW Short,Brijesh Sharma,10,2,0,2,20.0
MW Short,E Malinga,8,12,2,2,150.0
MW Short,J Little,12,14,0,2,116.67
MW Short,JC Archer,6,4,0,2,66.67
MW Short,JP Behrendorff,8,10,0,2,125.0
MW Short,K Gowtham,10,14,2,2,140.0
MW Short,K Kartikeya,12,8,0,2,66.67
MW Short,K Rabada,22,38,2,2,172.73
MW Short,MA Wood,10,8,0,2,80.0
MW Short,Mohammed Shami,20,36,0,2,180.0
MW Short,Mohammed Siraj,8,12,0,3,150.0
MW Short,Nithish Kumar Reddy,12,6,0,2,50.0
MW Short,PP Chawla,14,6,2,2,42.86
MW Short,PP Hinge,6,14,0,2,233.33
MW Short,Sakib Hussain,14,14,0,2,100.0
MW Short,Shivang Kumar,14,8,0,2,57.14
MW Short,WD Parnell,10,14,0,2,140.0
MW Short,Yudhvir Singh,12,22,0,2,183.33
Mandeep Singh,A Ashish Reddy,14,18,2,2,128.57
Mandeep Singh,A Chandila,16,2,2,3,12.5
Mandeep Singh,A Mishra,62,64,4,6,103.23
Mandeep Singh,A Nehra,28,58,0,4,207.14
Mandeep Singh,AA Chavan,26,44,2,3,169.23
Mandeep Singh,AA Jhunjhunwala,18,26,0,3,144.44
Mandeep Singh,AB Dinda,32,46,0,4,143.75
Mandeep Singh,AB McDonald,12,16,0,2,133.33
Mandeep Singh,AD Mathews,10,10,0,2,100.0
Mandeep Singh,AD Russell,28,44,2,5,157.14
Mandeep Singh,AJ Tye,22,24,2,3,109.09
Mandeep Singh,AR Patel,74,68,6,7,91.89
Mandeep Singh,AS Rajpoot,22,16,0,3,72.73
Mandeep Singh,Ankit Sharma,6,12,0,2,200.0
Mandeep Singh,Ankit Soni,6,2,0,2,33.33
Mandeep Singh,Avesh Khan,6,4,0,2,66.67
Mandeep Singh,B Kumar,64,70,2,7,109.38
Mandeep Singh,B Laughlin,20,48,0,2,240.0
Mandeep Singh,B Lee,8,8,0,2,100.0
Mandeep Singh,BA Stokes,6,10,0,3,166.67
Mandeep Singh,BAW Mendis,22,30,0,2,136.36
Mandeep Singh,BE Hendricks,6,4,0,2,66.67
Mandeep Singh,BW Hilfenhaus,22,22,0,3,100.0
Mandeep Singh,C de Grandhomme,16,20,0,2,125.0
Mandeep Singh,CH Morris,38,50,0,5,131.58
Mandeep Singh,CJ Dala,12,16,0,2,133.33
Mandeep Singh,CJ McKay,12,28,0,2,233.33
Mandeep Singh,CR Woakes,14,26,0,2,185.71
Mandeep Singh,CV Varun,24,26,0,2,108.33
Mandeep Singh,DJ Bravo,34,30,2,4,88.24
Mandeep Singh,DL Chahar,8,12,0,2,150.0
Mandeep Singh,DL Vettori,12,12,0,3,100.0
Mandeep Singh,DP Nannes,18,16,2,3,88.89
Mandeep Singh,DS Kulkarni,28,48,0,4,171.43
Mandeep Singh,DT Christian,24,36,0,3,150.0
Mandeep Singh,DW Steyn,10,4,2,4,40.0
Mandeep Singh,GB Hogg,8,16,0,2,200.0
Mandeep Singh,GH Vihari,8,2,0,2,25.0
Mandeep Singh,HH Pandya,34,38,2,5,111.76
Mandeep Singh,HV Patel,20,22,2,4,110.0
Mandeep Singh,Harbhajan Singh,22,12,0,4,54.55
Mandeep Singh,I Sharma,16,20,2,3,125.0
Mandeep Singh,IK Pathan,24,42,2,4,175.0
Mandeep Singh,Imran Tahir,22,20,0,4,90.91
Mandeep Singh,J Botha,16,24,0,3,150.0
Mandeep Singh,J Theron,10,6,0,2,60.0
Mandeep Singh,JA Morkel,48,66,2,5,137.5
Mandeep Singh,JC Archer,6,0,4,3,0.0
Mandeep Singh,JD Ryder,14,14,2,3,100.0
Mandeep Singh,JD Unadkat,32,56,0,4,175.0
Mandeep Singh,JH Kallis,38,30,4,5,78.95
Mandeep Singh,JJ Bumrah,14,34,0,4,242.86
Mandeep Singh,JP Faulkner,30,62,0,4,206.67
Mandeep Singh,K Gowtham,8,16,0,2,200.0
Mandeep Singh,K Rabada,22,40,0,3,181.82
Mandeep Singh,KA Pollard,6,4,2,2,66.67
Mandeep Singh,KH Pandya,28,30,4,3,107.14
Mandeep Singh,KK Ahmed,6,10,0,2,166.67
Mandeep Singh,KMDN Kulasekara,22,24,0,2,109.09
Mandeep Singh,Kuldeep Yadav,10,4,0,2,40.0
Mandeep Singh,L Balaji,40,64,2,4,160.0
Mandeep Singh,LH Ferguson,38,54,2,4,142.11
Mandeep Singh,LJ Wright,12,14,0,2,116.67
Mandeep Singh,M Kartik,14,24,0,2,171.43
Mandeep Singh,M Markande,8,6,0,2,75.0
Mandeep Singh,M Morkel,24,36,2,4,150.0
Mandeep Singh,M Prasidh Krishna,26,32,0,3,123.08
Mandeep Singh,MA Starc,10,10,0,2,100.0
Mandeep Singh,MC Henriques,6,10,0,3,166.67
Mandeep Singh,MG Johnson,18,20,0,4,111.11
Mandeep Singh,MJ McClenaghan,16,22,2,5,137.5
Mandeep Singh,MM Patel,14,28,0,3,200.0
Mandeep Singh,MM Sharma,66,56,4,7,84.85
Mandeep Singh,MN Samuels,16,14,0,3,87.5
Mandeep Singh,MP Stoinis,10,10,0,2,100.0
Mandeep Singh,MR Marsh,26,40,0,4,153.85
Mandeep Singh,Mohammed Shami,10,18,0,2,180.0
Mandeep Singh,Mohammed Siraj,8,8,0,2,100.0
Mandeep Singh,Mujeeb Ur Rahman,6,12,0,2,200.0
Mandeep Singh,Mustafizur Rahman,6,10,0,2,166.67
Mandeep Singh,N Rana,6,12,0,3,200.0
Mandeep Singh,NA Saini,18,22,0,3,122.22
Mandeep Singh,NM Coulter-Nile,10,6,0,4,60.0
Mandeep Singh,PJ Cummins,38,64,2,3,168.42
Mandeep Singh,PP Chawla,62,120,0,6,193.55
Mandeep Singh,PP Ojha,12,10,0,3,83.33
Mandeep Singh,R Ashwin,52,48,2,5,92.31
Mandeep Singh,R Bhatia,22,30,0,3,136.36
Mandeep Singh,R Dhawan,16,14,2,3,87.5
Mandeep Singh,R Rampaul,12,12,0,2,100.0
Mandeep Singh,R Sharma,56,58,4,6,103.57
Mandeep Singh,R Vinay Kumar,46,90,6,6,195.65
Mandeep Singh,RA Jadeja,80,86,6,9,107.5
Mandeep Singh,RP Singh,26,18,2,4,69.23
Mandeep Singh,Rashid Khan,22,14,4,5,63.64
Mandeep Singh,S Dhawan,8,4,0,2,50.0
Mandeep Singh,S Gopal,12,6,2,3,50.0
Mandeep Singh,S Kaul,20,16,4,4,80.0
Mandeep Singh,S Lamichhane,8,6,0,3,75.0
Mandeep Singh,S Sandeep Warrier,6,12,0,2,200.0
Mandeep Singh,S Sreesanth,8,4,2,3,50.0
Mandeep Singh,SB Jakati,10,12,0,2,120.0
Mandeep Singh,SJ Srivastava,6,0,2,2,0.0
Mandeep Singh,SK Raina,6,4,0,2,66.67
Mandeep Singh,SK Trivedi,16,14,0,2,87.5
Mandeep Singh,SL Malinga,20,20,2,4,100.0
Mandeep Singh,SM Curran,6,4,0,2,66.67
Mandeep Singh,SMSM Senanayake,24,20,0,3,83.33
Mandeep Singh,SN Thakur,14,32,4,4,228.57
Mandeep Singh,SP Narine,86,116,4,10,134.88
Mandeep Singh,SR Watson,20,12,2,4,60.0
Mandeep Singh,STR Binny,20,14,2,3,70.0
Mandeep Singh,Sandeep Sharma,78,64,2,7,82.05
Mandeep Singh,Shakib Al Hasan,24,24,2,4,100.0
Mandeep Singh,T Natarajan,18,52,0,3,288.89
Mandeep Singh,TA Boult,14,14,2,4,100.0
Mandeep Singh,TG Southee,6,10,0,2,166.67
Mandeep Singh,TP Sudhindra,14,20,0,2,142.86
Mandeep Singh,UT Yadav,28,38,4,7,135.71
Mandeep Singh,V Pratap Singh,32,70,0,2,218.75
Mandeep Singh,VR Aaron,40,38,4,5,95.0
Mandeep Singh,WD Parnell,8,0,2,2,0.0
Mandeep Singh,YK Pathan,18,24,2,4,133.33
Mandeep Singh,YS Chahal,6,4,0,2,66.67
Mandeep Singh,Yuvraj Singh,12,6,0,2,50.0
Mandeep Singh,Z Khan,30,52,0,3,173.33
Misbah-ul-Haq,DP Vijaykumar,20,14,0,2,70.0
Misbah-ul-Haq,Gagandeep Singh,6,14,0,2,233.33
Misbah-ul-Haq,L Balaji,6,2,2,2,33.33
Misbah-ul-Haq,M Muralitharan,6,6,0,2,100.0
Misbah-ul-Haq,MF Maharoof,12,8,0,2,66.67
Misbah-ul-Haq,PJ Sangwan,10,26,0,2,260.0
Misbah-ul-Haq,PP Chawla,6,0,2,2,0.0
Misbah-ul-Haq,R Bhatia,20,54,0,2,270.0
Misbah-ul-Haq,RP Singh,12,14,0,3,116.67
Misbah-ul-Haq,S Sreesanth,14,40,2,2,285.71
Misbah-ul-Haq,SB Bangar,18,10,0,2,55.56
Misbah-ul-Haq,VY Mahesh,6,4,0,2,66.67
Misbah-ul-Haq,Y Venugopal Rao,10,34,0,2,340.0
Mohammad Ashraful,AM Salvi,8,4,0,2,50.0
Mohammad Ashraful,DP Nannes,6,0,0,2,0.0
Mohammad Ashraful,PJ Sangwan,6,0,2,2,0.0
Mohammad Asif,MM Patel,6,4,0,2,66.67
Mohammad Hafeez,A Symonds,8,14,0,2,175.0
Mohammad Hafeez,DJ Bravo,12,8,0,2,66.67
Mohammad Hafeez,IK Pathan,14,12,2,2,85.71
Mohammad Hafeez,Joginder Sharma,8,8,0,2,100.0
Mohammad Hafeez,M Muralitharan,14,8,0,2,57.14
Mohammad Hafeez,M Ntini,10,10,2,2,100.0
Mohammad Hafeez,MM Patel,8,0,2,2,0.0
Mohammad Hafeez,P Amarnath,22,14,2,2,63.64
Mohammad Hafeez,PP Ojha,8,2,2,2,25.0
Mohammad Hafeez,RP Singh,10,10,0,2,100.0
Mohammad Hafeez,S Sreesanth,10,14,0,2,140.0
Mohammad Hafeez,SM Pollock,16,6,2,3,37.5
Mohammad Hafeez,ST Jayasuriya,6,0,2,2,0.0
Mohammad Hafeez,Sohail Tanvir,8,8,0,2,100.0
Mohammad Nabi,AD Russell,8,12,0,2,150.0
Mohammad Nabi,AR Patel,8,10,0,2,125.0
Mohammad Nabi,Avesh Khan,10,34,0,2,340.0
Mohammad Nabi,CH Morris,10,10,0,2,100.0
Mohammad Nabi,CV Varun,8,6,0,2,75.0
Mohammad Nabi,HH Pandya,18,28,2,3,155.56
Mohammad Nabi,JJ Bumrah,32,42,4,3,131.25
Mohammad Nabi,K Rabada,8,24,0,2,300.0
Mohammad Nabi,KH Pandya,10,8,0,3,80.0
Mohammad Nabi,KMA Paul,16,22,2,2,137.5
Mohammad Nabi,M Markande,8,12,2,2,150.0
Mohammad Nabi,M Pathirana,8,2,0,2,25.0
Mohammad Nabi,M Prasidh Krishna,10,18,2,2,180.0
Mohammad Nabi,Mohammed Shami,10,8,2,2,80.0
Mohammad Nabi,Mujeeb Ur Rahman,8,32,0,3,400.0
Mohammad Nabi,Mustafizur Rahman,8,6,2,3,75.0
Mohammad Nabi,NA Saini,6,8,2,2,133.33
Mohammad Nabi,R Ashwin,12,14,0,4,116.67
Mohammad Nabi,R Tewatia,6,26,0,2,433.33
Mohammad Nabi,RD Chahar,10,6,0,2,60.0
Mohammad Nabi,Rasikh Salam,6,12,2,2,200.0
Mohammad Nabi,SL Malinga,14,30,0,2,214.29
Mohammad Nabi,SM Curran,8,14,0,2,175.0
Mohammad Nabi,Sandeep Sharma,16,6,2,3,37.5
Mohammad Nabi,Shivam Mavi,8,10,0,2,125.0
Mohammad Nabi,TA Boult,6,4,0,2,66.67
Mohammed Shami,AR Patel,6,2,2,3,33.33
Mohammed Shami,Ashok Sharma,6,14,0,2,233.33
Mohammed Shami,Avesh Khan,10,26,0,3,260.0
Mohammed Shami,CV Varun,6,2,0,2,33.33
Mohammed Shami,DJ Bravo,12,6,0,2,50.0
Mohammed Shami,Harbhajan Singh,6,12,2,2,200.0
Mohammed Shami,JD Unadkat,8,4,2,2,50.0
Mohammed Shami,KK Cooper,12,4,2,2,33.33
Mohammed Shami,Kartik Tyagi,6,12,0,2,200.0
Mohammed Shami,Kuldeep Yadav,6,10,0,2,166.67
Mohammed Shami,M Prasidh Krishna,6,12,0,3,200.0
Mohammed Shami,N Burger,6,12,0,2,200.0
Mohammed Shami,P Negi,6,2,2,2,33.33
Mohammed Shami,SM Boland,6,4,0,2,66.67
Mohammed Shami,SM Curran,10,10,0,2,100.0
Mohammed Shami,SN Thakur,6,2,2,3,33.33
Mohammed Shami,SP Narine,10,4,4,3,40.0
Mohammed Shami,TU Deshpande,6,8,0,2,133.33
Mohammed Shami,VG Arora,6,10,0,2,166.67
Mohammed Shami,VR Aaron,6,2,2,2,33.33
Mohammed Siraj,A Nortje,8,10,2,2,125.0
Mohammed Siraj,AD Russell,8,2,2,2,25.0
Mohammed Siraj,AM Ghazanfar,6,0,2,2,0.0
Mohammed Siraj,Arshdeep Singh,14,10,0,2,71.43
Mohammed Siraj,B Laughlin,8,10,0,2,125.0
Mohammed Siraj,CH Morris,10,2,2,2,20.0
Mohammed Siraj,CJ Jordan,6,10,0,2,166.67
Mohammed Siraj,DJ Bravo,28,44,0,4,157.14
Mohammed Siraj,JC Archer,8,6,0,2,75.0
Mohammed Siraj,JD Unadkat,8,12,2,2,150.0
Mohammed Siraj,JO Holder,8,6,0,3,75.0
Mohammed Siraj,K Rabada,8,8,0,2,100.0
Mohammed Siraj,KH Pandya,20,10,2,2,50.0
Mohammed Siraj,L Ngidi,6,0,0,2,0.0
Mohammed Siraj,M Prasidh Krishna,18,18,2,3,100.0
Mohammed Siraj,Mustafizur Rahman,6,16,0,2,266.67
Mohammed Siraj,Naveen-ul-Haq,8,0,4,3,0.0
Mohammed Siraj,RA Jadeja,6,0,0,3,0.0
Mohammed Siraj,Ravi Bishnoi,8,24,0,2,300.0
Mohammed Siraj,SN Thakur,16,2,0,3,12.5
Mohammed Siraj,Sandeep Sharma,8,6,0,3,75.0
Mohammed Siraj,T Natarajan,18,22,0,4,122.22
Mohammed Siraj,V Shankar,6,2,0,2,33.33
Mohsin Khan,Arshdeep Singh,8,14,0,2,175.0
Mohsin Khan,CJ Jordan,12,0,0,2,0.0
Mohsin Khan,JC Archer,6,0,2,2,0.0
Mohsin Khan,OC McCoy,8,14,0,2,175.0
Mohsin Khan,R Sai Kishore,6,2,2,2,33.33
Mujeeb Ur Rahman,Rashid Khan,8,18,0,3,225.0
Mujeeb Ur Rahman,Sandeep Sharma,6,0,2,2,0.0
Mukesh Choudhary,Ramandeep Singh,6,8,0,2,133.33
Mukesh Kumar,C Green,6,2,0,2,33.33
Mukesh Kumar,LH Ferguson,6,2,2,2,33.33
Mukesh Kumar,NT Ellis,10,8,0,2,80.0
Musheer Khan,Suyash Sharma,6,0,2,2,0.0
Mustafizur Rahman,Basil Thampi,6,2,2,2,33.33
Mustafizur Rahman,SN Thakur,8,0,0,2,0.0
Mustafizur Rahman,SP Narine,6,0,0,2,0.0
Mustafizur Rahman,TA Boult,12,14,0,2,116.67
N Burger,E Malinga,6,4,0,2,66.67
N Jagadeesan,AS Joseph,8,4,0,2,50.0
N Jagadeesan,B Kumar,8,14,0,2,175.0
N Jagadeesan,C Green,8,0,2,2,0.0
N Jagadeesan,DJ Willey,20,28,0,2,140.0
N Jagadeesan,HH Pandya,12,24,0,2,200.0
N Jagadeesan,HV Patel,8,10,0,2,125.0
N Jagadeesan,J Little,16,12,2,2,75.0
N Jagadeesan,M Jansen,6,4,0,2,66.67
N Jagadeesan,M Markande,14,22,2,2,157.14
N Jagadeesan,Mohammed Shami,30,26,2,3,86.67
N Jagadeesan,Mohammed Siraj,8,2,0,2,25.0
N Jagadeesan,NA Saini,6,2,0,2,33.33
N Jagadeesan,OC McCoy,6,0,2,2,0.0
N Jagadeesan,PWH de Silva,12,4,0,2,33.33
N Jagadeesan,R Sai Kishore,24,46,0,2,191.67
N Jagadeesan,Rashid Khan,10,8,0,2,80.0
N Jagadeesan,S Dube,8,16,0,2,200.0
N Jagadeesan,T Natarajan,8,22,0,2,275.0
N Jagadeesan,Vijaykumar Vyshak,8,8,2,2,100.0
N Jagadeesan,Washington Sundar,16,16,0,3,100.0
N Jagadeesan,YS Chahal,24,38,0,2,158.33
N Jagadeesan,Yash Dayal,12,8,0,2,66.67
N Pooran,A Kamboj,38,114,2,5,300.0
N Pooran,A Nortje,16,46,0,2,287.5
N Pooran,A Zampa,10,34,0,2,340.0
N Pooran,AD Russell,46,90,2,6,195.65
N Pooran,AJ Tye,6,4,0,2,66.67
N Pooran,AM Ghazanfar,10,36,0,2,360.0
N Pooran,AR Patel,16,56,0,3,350.0
N Pooran,AS Joseph,6,4,0,2,66.67
N Pooran,AU Rashid,8,8,0,2,100.0
N Pooran,Abdul Samad,12,56,0,2,466.67
N Pooran,Abhishek Sharma,18,88,0,4,488.89
N Pooran,Akash Madhwal,14,14,2,3,100.0
N Pooran,Arshad Khan,10,24,0,2,240.0
N Pooran,Arshdeep Singh,66,112,4,7,169.7
N Pooran,Avesh Khan,34,28,4,5,82.35
N Pooran,Azmatullah Omarzai,10,2,0,2,20.0
N Pooran,B Kumar,34,60,0,5,176.47
N Pooran,BA Stokes,10,2,4,3,20.0
N Pooran,Brijesh Sharma,8,16,0,2,200.0
N Pooran,C Bosch,8,16,2,2,200.0
N Pooran,C Green,14,18,0,3,128.57
N Pooran,C Sakariya,8,22,0,2,275.0
N Pooran,CH Morris,12,10,2,3,83.33
N Pooran,CV Varun,102,164,6,11,160.78
N Pooran,D Pretorius,24,42,0,2,175.0
N Pooran,DG Nalkande,6,16,0,3,266.67
N Pooran,DJ Bravo,26,52,0,4,200.0
N Pooran,DL Chahar,34,78,2,4,229.41
N Pooran,DR Sams,6,2,0,3,33.33
N Pooran,E Malinga,12,14,0,2,116.67
N Pooran,GJ Maxwell,14,20,0,3,142.86
N Pooran,Gulbadin Naib,10,22,0,2,220.0
N Pooran,HF Gurney,8,20,0,2,250.0
N Pooran,HH Pandya,30,56,2,5,186.67
N Pooran,HV Patel,50,98,0,7,196.0
N Pooran,Harbhajan Singh,8,14,0,2,175.0
N Pooran,Harpreet Brar,10,20,0,3,200.0
N Pooran,Harsh Dubey,6,2,0,2,33.33
N Pooran,Harshit Rana,40,72,0,3,180.0
N Pooran,Imran Tahir,18,20,0,3,111.11
N Pooran,JC Archer,48,60,2,6,125.0
N Pooran,JD Unadkat,18,22,0,4,122.22
N Pooran,JJ Bumrah,50,38,6,8,76.0
N Pooran,JL Pattinson,12,16,2,2,133.33
N Pooran,JO Holder,34,64,0,4,188.24
N Pooran,JR Hazlewood,12,6,2,3,50.0
N Pooran,K Rabada,62,68,8,10,109.68
N Pooran,KA Pollard,8,26,0,3,325.0
N Pooran,KH Pandya,34,52,0,4,152.94
N Pooran,KK Ahmed,80,142,4,7,177.5
N Pooran,KV Sharma,18,42,2,3,233.33
N Pooran,Kartik Tyagi,24,22,4,5,91.67
N Pooran,Kuldeep Yadav,72,100,2,8,138.89
N Pooran,L Ngidi,10,2,2,3,20.0
N Pooran,LH Ferguson,22,30,0,4,136.36
N Pooran,LS Livingstone,22,44,0,4,200.0
N Pooran,M Jansen,20,12,4,5,60.0
N Pooran,M Markande,8,24,0,2,300.0
N Pooran,M Pathirana,36,42,4,4,116.67
N Pooran,M Prasidh Krishna,60,22,2,7,36.67
N Pooran,M Theekshana,32,36,0,4,112.5
N Pooran,MA Starc,10,10,6,4,100.0
N Pooran,MJ Santner,18,30,0,4,166.67
N Pooran,MM Ali,36,46,0,4,127.78
N Pooran,MM Sharma,18,30,0,4,166.67
N Pooran,MP Stoinis,24,48,0,3,200.0
N Pooran,MR Marsh,8,4,0,2,50.0
N Pooran,Mohammad Nabi,12,22,0,3,183.33
N Pooran,Mohammed Shami,20,30,2,5,150.0
N Pooran,Mohammed Siraj,52,102,2,6,196.15
N Pooran,Mukesh Choudhary,18,48,0,3,266.67
N Pooran,Mukesh Kumar,28,44,2,4,157.14
N Pooran,Mustafizur Rahman,30,60,0,4,200.0
N Pooran,N Burger,10,8,0,3,80.0
N Pooran,N Thushara,20,26,2,4,130.0
N Pooran,NA Saini,14,14,2,3,100.0
N Pooran,NT Ellis,8,2,2,2,25.0
N Pooran,Naman Dhir,6,22,0,2,366.67
N Pooran,Navdeep Saini,12,8,0,2,66.67
N Pooran,Nithish Kumar Reddy,10,28,0,2,280.0
N Pooran,Noor Ahmad,28,6,6,6,21.43
N Pooran,PJ Cummins,48,86,2,5,179.17
N Pooran,PP Chawla,20,36,0,3,180.0
N Pooran,PWH de Silva,14,24,2,3,171.43
N Pooran,R Ashwin,56,60,2,6,107.14
N Pooran,R Parag,8,22,0,2,275.0
N Pooran,R Sai Kishore,18,72,0,3,400.0
N Pooran,R Shepherd,10,12,2,3,120.0
N Pooran,R Tewatia,6,4,0,2,66.67
N Pooran,RA Jadeja,70,104,4,7,148.57
N Pooran,RD Chahar,52,104,0,5,200.0
N Pooran,RJW Topley,14,40,0,2,285.71
N Pooran,RP Meredith,14,30,2,2,214.29
N Pooran,RS Hangargekar,10,28,0,2,280.0
N Pooran,Ramandeep Singh,8,8,0,2,100.0
N Pooran,Rashid Khan,104,128,4,11,123.08
N Pooran,Rasikh Salam,26,36,2,3,138.46
N Pooran,Ravi Bishnoi,20,16,0,3,80.0
N Pooran,S Gopal,8,8,0,2,100.0
N Pooran,S Sandeep Warrier,10,12,0,2,120.0
N Pooran,SH Johnson,32,36,0,4,112.5
N Pooran,SM Curran,10,20,0,2,200.0
N Pooran,SN Thakur,40,106,8,6,265.0
N Pooran,SP Narine,86,78,6,13,90.7
N Pooran,SS Mishra,8,12,0,2,150.0
N Pooran,Sandeep Sharma,50,74,6,8,148.0
N Pooran,Shahbaz Ahmed,6,4,0,3,66.67
N Pooran,Simarjeet Singh,12,34,0,2,283.33
N Pooran,Suyash Sharma,10,22,0,2,220.0
N Pooran,T Natarajan,64,106,0,7,165.62
N Pooran,T Stubbs,14,58,0,3,414.29
N Pooran,TA Boult,18,38,2,3,211.11
N Pooran,TK Curran,6,18,0,2,300.0
N Pooran,TU Deshpande,24,42,2,5,175.0
N Pooran,UT Yadav,10,14,0,3,140.0
N Pooran,V Nigam,12,44,0,2,366.67
N Pooran,V Viyaskanth,14,26,0,2,185.71
N Pooran,VG Arora,32,58,0,5,181.25
N Pooran,VR Aaron,8,24,0,2,300.0
N Pooran,WD Parnell,8,30,0,2,375.0
N Pooran,WG Jacks,12,38,2,3,316.67
N Pooran,Washington Sundar,48,76,0,4,158.33
N Pooran,YS Chahal,82,108,4,9,131.71
N Pooran,Yash Dayal,16,16,0,3,100.0
N Pooran,Yash Raj Punja,12,18,2,2,150.0
N Rana,A Choudhary,12,12,0,2,100.0
N Rana,A Kamboj,20,26,0,3,130.0
N Rana,A Mishra,24,32,0,3,133.33
N Rana,A Nehra,8,12,0,2,150.0
N Rana,A Nortje,48,52,2,6,108.33
N Rana,A Zampa,18,30,2,2,166.67
N Rana,AJ Tye,28,24,2,4,85.71
N Rana,AK Markram,18,12,2,3,66.67
N Rana,AR Patel,76,104,4,12,136.84
N Rana,AS Joseph,20,26,2,3,130.0
N Rana,AS Rajpoot,14,22,2,2,157.14
N Rana,Akash Deep,10,20,2,2,200.0
N Rana,Akash Singh,10,20,0,2,200.0
N Rana,Ankit Soni,12,12,2,2,100.0
N Rana,Arshdeep Singh,16,30,2,4,187.5
N Rana,Avesh Khan,46,58,4,6,126.09
N Rana,B Kumar,86,102,4,14,118.6
N Rana,B Laughlin,18,22,0,2,122.22
N Rana,B Stanlake,14,2,2,2,14.29
N Rana,BA Stokes,40,32,0,5,80.0
N Rana,BCJ Cutting,16,8,0,3,50.0
N Rana,Basil Thampi,16,28,0,2,175.0
N Rana,Brijesh Sharma,8,8,0,2,100.0
N Rana,C Green,8,10,2,2,125.0
N Rana,C Sakariya,16,14,2,3,87.5
N Rana,CH Morris,28,56,4,4,200.0
N Rana,CR Brathwaite,6,10,2,3,166.67
N Rana,CR Woakes,12,16,0,2,133.33
N Rana,CV Varun,20,8,2,4,40.0
N Rana,D Madushanka,18,20,0,2,111.11
N Rana,DJ Bravo,36,30,4,4,83.33
N Rana,DJ Hooda,16,30,0,2,187.5
N Rana,DJ Willey,14,14,0,3,100.0
N Rana,DL Chahar,84,80,4,9,95.24
N Rana,DR Sams,10,4,0,2,40.0
N Rana,DR Smith,18,30,0,2,166.67
N Rana,DS Kulkarni,8,26,0,2,325.0
N Rana,DT Christian,6,2,2,3,33.33
N Rana,DW Steyn,12,36,0,2,300.0
N Rana,E Malinga,6,2,2,2,33.33
N Rana,GC Viljoen,14,32,0,2,228.57
N Rana,GD Phillips,8,22,2,2,275.0
N Rana,GJ Maxwell,20,30,2,4,150.0
N Rana,Gurjapneet Singh,6,6,0,2,100.0
N Rana,HH Pandya,54,82,4,5,151.85
N Rana,HR Shokeen,6,2,2,2,33.33
N Rana,HV Patel,46,76,4,5,165.22
N Rana,Harbhajan Singh,10,16,0,2,160.0
N Rana,Harpreet Brar,6,4,0,2,66.67
N Rana,I Sharma,42,52,2,6,123.81
N Rana,IS Sodhi,10,10,2,2,100.0
N Rana,Imran Tahir,18,16,2,3,88.89
N Rana,J Little,6,8,2,2,133.33
N Rana,J Overton,18,44,0,2,244.44
N Rana,J Suchith,16,18,0,2,112.5
N Rana,JC Archer,26,18,4,5,69.23
N Rana,JD Unadkat,38,48,0,4,126.32
N Rana,JE Root,14,16,0,2,114.29
N Rana,JJ Bumrah,56,50,2,10,89.29
N Rana,JO Holder,20,20,2,4,100.0
N Rana,JR Hazlewood,26,26,2,3,100.0
N Rana,K Gowtham,38,62,2,6,163.16
N Rana,K Kartikeya,12,34,0,2,283.33
N Rana,K Khejroliya,16,28,0,2,175.0
N Rana,K Rabada,50,44,0,7,88.0
N Rana,KA Pollard,40,68,2,4,170.0
N Rana,KC Cariappa,16,26,0,2,162.5
N Rana,KH Pandya,42,52,2,7,123.81
N Rana,KK Ahmed,50,94,0,6,188.0
N Rana,KR Sen,8,12,0,2,150.0
N Rana,KV Sharma,26,52,2,3,200.0
N Rana,Kartik Tyagi,10,32,0,2,320.0
N Rana,Kuldeep Yadav,58,104,0,5,179.31
N Rana,L Ngidi,18,20,2,2,111.11
N Rana,LH Ferguson,12,22,2,3,183.33
N Rana,LS Livingstone,14,34,0,2,242.86
N Rana,Lalit Yadav,46,98,2,4,213.04
N Rana,M Ashwin,26,28,2,4,107.69
N Rana,M Jansen,94,104,2,9,110.64
N Rana,M Markande,54,64,2,6,118.52
N Rana,M Pathirana,22,16,0,3,72.73
N Rana,M Prasidh Krishna,16,18,0,4,112.5
N Rana,M Theekshana,28,36,0,3,128.57
N Rana,MJ McClenaghan,6,16,0,2,266.67
N Rana,MJ Santner,34,72,0,4,211.76
N Rana,MM Ali,42,64,2,5,152.38
N Rana,MM Patel,14,16,0,2,114.29
N Rana,MM Sharma,42,78,2,6,185.71
N Rana,MP Stoinis,94,138,4,8,146.81
N Rana,Mandeep Singh,6,26,0,2,433.33
N Rana,Mohammad Nabi,34,30,2,3,88.24
N Rana,Mohammed Shami,68,62,2,8,91.18
N Rana,Mohammed Siraj,50,70,4,9,140.0
N Rana,Mohsin Khan,10,10,2,3,100.0
N Rana,Mujeeb Ur Rahman,6,2,0,2,33.33
N Rana,Mukesh Kumar,14,12,0,3,85.71
N Rana,Mustafizur Rahman,36,34,2,5,94.44
N Rana,N Burger,6,22,0,2,366.67
N Rana,N Thushara,6,4,0,2,66.67
N Rana,NA Saini,20,40,0,3,200.0
N Rana,NT Ellis,40,42,0,4,105.0
N Rana,Nithish Kumar Reddy,12,32,0,2,266.67
N Rana,Noor Ahmad,18,24,2,3,133.33
N Rana,O Thomas,14,18,0,2,128.57
N Rana,P Kumar,14,20,0,2,142.86
N Rana,P Negi,28,36,2,3,128.57
N Rana,PJ Cummins,12,12,2,3,100.0
N Rana,PP Chawla,20,16,0,3,80.0
N Rana,PWH de Silva,6,4,2,2,66.67
N Rana,Prince Yadav,10,10,0,2,100.0
N Rana,R Ashwin,142,282,2,10,198.59
N Rana,R Bhatia,18,12,0,2,66.67
N Rana,R Dhawan,6,22,0,2,366.67
N Rana,R Parag,14,32,0,3,228.57
N Rana,R Powell,6,18,0,2,300.0
N Rana,R Shepherd,8,10,0,2,125.0
N Rana,R Tewatia,32,34,2,6,106.25
N Rana,RA Jadeja,102,148,2,10,145.1
N Rana,RD Chahar,62,76,6,5,122.58
N Rana,RG Sharma,6,12,0,3,200.0
N Rana,Rashid Khan,164,198,6,11,120.73
N Rana,Ravi Bishnoi,22,20,2,4,90.91
N Rana,S Aravind,8,12,0,3,150.0
N Rana,S Badree,16,4,2,2,25.0
N Rana,S Dube,10,20,0,2,200.0
N Rana,S Gopal,26,16,2,4,61.54
N Rana,S Kaul,34,24,2,6,70.59
N Rana,S Nadeem,16,32,0,3,200.0
N Rana,SB Jakati,22,44,0,2,200.0
N Rana,SK Raina,18,22,0,2,122.22
N Rana,SL Malinga,12,18,2,2,150.0
N Rana,SM Curran,46,48,0,5,104.35
N Rana,SN Thakur,58,72,4,8,124.14
N Rana,SP Narine,8,6,0,2,75.0
N Rana,SR Watson,14,6,2,3,42.86
N Rana,Sakib Hussain,16,26,0,2,162.5
N Rana,Sandeep Sharma,80,142,0,6,177.5
N Rana,Shakib Al Hasan,16,28,0,4,175.0
N Rana,Shashank Singh,8,14,0,2,175.0
N Rana,Shivang Kumar,8,34,0,2,425.0
N Rana,Sikandar Raza,12,12,2,2,100.0
N Rana,Suyash Sharma,10,8,0,2,80.0
N Rana,Swapnil Singh,16,36,0,2,225.0
N Rana,T Natarajan,96,154,6,8,160.42
N Rana,TA Boult,68,110,2,8,161.76
N Rana,TG Southee,8,4,0,2,50.0
N Rana,TK Curran,10,8,0,2,80.0
N Rana,TS Mills,14,26,0,3,185.71
N Rana,TU Deshpande,52,68,2,5,130.77
N Rana,UT Yadav,18,14,0,2,77.78
N Rana,Umran Malik,50,88,2,5,176.0
N Rana,V Shankar,30,42,2,4,140.0
N Rana,VG Arora,8,2,0,2,25.0
N Rana,VR Aaron,26,18,0,3,69.23
N Rana,Vijaykumar Vyshak,28,66,0,3,235.71
N Rana,Washington Sundar,52,72,4,7,138.46
N Rana,XC Bartlett,24,88,2,2,366.67
N Rana,YS Chahal,162,194,12,15,119.75
N Rana,Yash Dayal,28,40,0,3,142.86
N Saini,A Ashish Reddy,6,2,2,2,33.33
N Saini,AB McDonald,22,28,2,2,127.27
N Saini,CJ McKay,6,2,2,2,33.33
N Saini,DJ Bravo,8,8,2,3,100.0
N Saini,DL Vettori,20,34,0,2,170.0
N Saini,DW Steyn,10,2,0,2,20.0
N Saini,J Botha,6,2,0,2,33.33
N Saini,KA Pollard,10,10,0,2,100.0
N Saini,KP Appanna,18,24,0,2,133.33
N Saini,MM Patel,24,28,0,3,116.67
N Saini,P Negi,10,12,0,2,120.0
N Saini,PP Ojha,12,16,2,2,133.33
N Saini,R Vinay Kumar,8,14,0,3,175.0
N Saini,RJ Peterson,8,4,0,2,50.0
N Saini,RP Singh,34,34,0,3,100.0
N Saini,SR Watson,8,0,0,2,0.0
N Saini,TP Sudhindra,6,4,0,2,66.67
N Saini,VR Aaron,16,18,0,2,112.5
N Saini,Z Khan,24,26,2,3,108.33
N Sindhu,JR Hazlewood,12,20,0,2,166.67
N Sindhu,KH Pandya,6,4,0,2,66.67
N Sindhu,M Jansen,6,6,0,2,100.0
N Sindhu,M Pathirana,6,2,0,2,33.33
N Sindhu,Nithish Kumar Reddy,8,24,0,2,300.0
N Sindhu,PP Hinge,10,16,0,2,160.0
N Sindhu,Rasikh Salam,20,16,4,3,80.0
N Sindhu,Vijaykumar Vyshak,12,22,0,2,183.33
N Wadhera,A Nortje,8,16,2,2,200.0
N Wadhera,AD Russell,14,14,0,3,100.0
N Wadhera,Akash Madhwal,16,38,2,2,237.5
N Wadhera,Ashwani Kumar,16,20,2,2,125.0
N Wadhera,Avesh Khan,12,30,0,3,250.0
N Wadhera,B Kumar,12,22,2,3,183.33
N Wadhera,CV Varun,6,0,0,3,0.0
N Wadhera,DJ Hooda,12,8,0,2,66.67
N Wadhera,DL Chahar,14,12,0,2,85.71
N Wadhera,DS Rathi,26,34,0,3,130.77
N Wadhera,E Malinga,18,26,2,3,144.44
N Wadhera,HH Pandya,8,22,0,2,275.0
N Wadhera,HV Patel,30,52,0,3,173.33
N Wadhera,Harsh Dubey,6,2,2,2,33.33
N Wadhera,J Little,10,24,0,2,240.0
N Wadhera,JC Archer,10,10,0,2,100.0
N Wadhera,JJ Bumrah,18,20,0,2,111.11
N Wadhera,JR Hazlewood,20,10,0,5,50.0
N Wadhera,K Kartikeya,8,18,0,2,225.0
N Wadhera,K Rabada,8,0,0,2,0.0
N Wadhera,KH Pandya,16,4,0,3,25.0
N Wadhera,KV Sharma,16,26,2,2,162.5
N Wadhera,Kuldeep Yadav,22,22,0,3,100.0
N Wadhera,M Pathirana,18,16,4,3,88.89
N Wadhera,M Prasidh Krishna,10,6,0,2,60.0
N Wadhera,M Siddharth,16,26,2,3,162.5
N Wadhera,M Theekshana,54,70,0,3,129.63
N Wadhera,MJ Santner,8,14,0,3,175.0
N Wadhera,MM Ali,6,10,0,2,166.67
N Wadhera,MM Sharma,20,26,2,3,130.0
N Wadhera,MP Yadav,24,42,0,2,175.0
N Wadhera,Mohammed Shami,20,30,2,4,150.0
N Wadhera,Mohsin Khan,14,6,4,5,42.86
N Wadhera,Mukesh Kumar,6,4,2,2,66.67
N Wadhera,Naveen-ul-Haq,38,38,0,4,100.0
N Wadhera,Noor Ahmad,24,54,0,4,225.0
N Wadhera,PWH de Silva,72,144,2,4,200.0
N Wadhera,Prince Yadav,8,14,2,2,175.0
N Wadhera,R Ashwin,24,38,2,3,158.33
N Wadhera,R Parag,14,18,0,2,128.57
N Wadhera,R Shepherd,16,20,0,3,125.0
N Wadhera,RA Jadeja,36,62,0,3,172.22
N Wadhera,RD Chahar,8,16,0,2,200.0
N Wadhera,Rashid Khan,8,4,2,3,50.0
N Wadhera,Ravi Bishnoi,50,74,2,5,148.0
N Wadhera,SN Thakur,16,36,0,3,225.0
N Wadhera,SP Narine,14,4,2,3,28.57
N Wadhera,Sandeep Sharma,16,16,0,3,100.0
N Wadhera,Shivang Kumar,12,18,0,2,150.0
N Wadhera,Suyash Sharma,40,56,0,4,140.0
N Wadhera,T Natarajan,8,24,0,2,300.0
N Wadhera,TA Boult,12,22,2,4,183.33
N Wadhera,TU Deshpande,20,16,0,3,80.0
N Wadhera,V Nigam,16,24,2,3,150.0
N Wadhera,Vijaykumar Vyshak,12,20,0,2,166.67
N Wadhera,YS Chahal,14,36,0,2,257.14
N Wadhera,Yash Dayal,16,14,2,2,87.5
N Wadhera,Yash Thakur,24,38,2,3,158.33
N Wadhera,Zeeshan Ansari,18,14,0,2,77.78
NA Saini,HV Patel,12,16,0,2,133.33
NA Saini,JO Holder,6,6,0,2,100.0
NA Saini,K Rabada,8,6,0,2,75.0
NA Saini,RA Jadeja,10,8,0,3,80.0
NA Saini,Ravi Bishnoi,6,2,0,2,33.33
NA Saini,T Natarajan,10,12,0,2,120.0
ND Doshi,BJ Hodge,6,0,0,2,0.0
ND Doshi,RP Singh,10,0,0,2,0.0
ND Doshi,S Sreesanth,8,0,0,2,0.0
NJ Maddinson,IC Pandey,14,8,2,2,57.14
NJ Maddinson,Mohammed Shami,8,0,2,2,0.0
NJ Maddinson,SL Malinga,8,8,2,2,100.0
NJ Maddinson,Z Khan,6,10,0,2,166.67
NL McCullum,DE Bollinger,10,6,2,2,60.0
NL McCullum,R Ashwin,6,6,0,2,100.0
NL McCullum,SB Jakati,10,14,0,2,140.0
NL McCullum,SK Trivedi,6,16,0,2,266.67
NL McCullum,SR Watson,6,6,0,2,100.0
NLTC Perera,A Chandila,8,8,2,2,100.0
NLTC Perera,A Mishra,6,2,0,2,33.33
NLTC Perera,A Nehra,10,2,2,3,20.0
NLTC Perera,AB Dinda,6,2,2,2,33.33
NLTC Perera,AD Russell,10,14,2,2,140.0
NLTC Perera,Azhar Mahmood,14,40,0,2,285.71
NLTC Perera,B Kumar,16,24,0,4,150.0
NLTC Perera,CH Morris,8,22,0,2,275.0
NLTC Perera,CJ Jordan,8,4,2,2,50.0
NLTC Perera,DJ Bravo,10,20,2,3,200.0
NLTC Perera,DS Kulkarni,8,2,0,2,25.0
NLTC Perera,DT Christian,10,4,0,2,40.0
NLTC Perera,DW Steyn,10,18,0,2,180.0
NLTC Perera,GJ Maxwell,8,4,0,2,50.0
NLTC Perera,HV Patel,12,40,0,2,333.33
NLTC Perera,Harmeet Singh,6,6,0,2,100.0
NLTC Perera,I Sharma,10,10,0,2,100.0
NLTC Perera,Imran Tahir,8,26,0,2,325.0
NLTC Perera,Iqbal Abdulla,8,2,0,2,25.0
NLTC Perera,JD Unadkat,22,30,2,3,136.36
NLTC Perera,JJ Bumrah,8,16,0,2,200.0
NLTC Perera,JP Duminy,6,4,0,2,66.67
NLTC Perera,JP Faulkner,18,30,0,3,166.67
NLTC Perera,KJ Abbott,12,32,0,2,266.67
NLTC Perera,KK Cooper,18,26,0,3,144.44
NLTC Perera,L Balaji,14,16,0,2,114.29
NLTC Perera,M Kartik,10,16,0,2,160.0
NLTC Perera,M Muralitharan,14,6,0,3,42.86
NLTC Perera,MJ McClenaghan,10,8,0,2,80.0
NLTC Perera,MM Sharma,16,18,2,4,112.5
NLTC Perera,MN Samuels,14,32,0,2,228.57
NLTC Perera,MS Gony,18,16,2,3,88.89
NLTC Perera,Mohammed Shami,8,6,2,3,75.0
NLTC Perera,Mustafizur Rahman,12,12,0,2,100.0
NLTC Perera,NM Coulter-Nile,8,2,2,2,25.0
NLTC Perera,P Awana,16,22,0,3,137.5
NLTC Perera,P Kumar,18,38,0,3,211.11
NLTC Perera,PP Chawla,24,30,2,4,125.0
NLTC Perera,R Ashwin,10,8,0,2,80.0
NLTC Perera,R Sathish,10,16,2,2,160.0
NLTC Perera,R Sharma,12,20,0,3,166.67
NLTC Perera,R Vinay Kumar,12,24,0,3,200.0
NLTC Perera,RP Singh,6,8,2,2,133.33
NLTC Perera,SP Narine,48,64,0,5,133.33
NLTC Perera,SR Watson,14,18,4,4,128.57
NLTC Perera,Sandeep Sharma,6,4,2,3,66.67
NLTC Perera,YS Chahal,6,22,0,2,366.67
NM Coulter-Nile,Arshdeep Singh,6,18,0,2,300.0
NM Coulter-Nile,CJ Jordan,6,6,0,2,100.0
NM Coulter-Nile,D Wiese,6,8,2,2,133.33
NM Coulter-Nile,GB Hogg,6,8,0,2,133.33
NM Coulter-Nile,Iqbal Abdulla,10,0,0,2,0.0
NM Coulter-Nile,JO Holder,8,4,4,3,50.0
NM Coulter-Nile,MG Johnson,8,12,2,2,150.0
NM Coulter-Nile,Mohammed Shami,12,24,0,2,200.0
NM Coulter-Nile,PP Chawla,14,4,0,2,28.57
NM Coulter-Nile,Sandeep Sharma,10,18,0,3,180.0
NS Naik,B Kumar,10,6,0,2,60.0
NS Naik,BB Sran,14,18,0,2,128.57
NS Naik,CH Morris,8,2,0,2,25.0
NS Naik,JJ Bumrah,8,4,2,3,50.0
NS Naik,K Rabada,6,10,0,2,166.67
NS Naik,MC Henriques,12,14,0,2,116.67
NS Naik,Mustafizur Rahman,18,6,2,2,33.33
NS Naik,S Lamichhane,18,2,2,2,11.11
NT Ellis,B Kumar,14,16,2,2,114.29
NT Ellis,JO Holder,8,6,0,2,75.0
NT Ellis,NM Coulter-Nile,8,12,0,2,150.0
NT Ellis,Umran Malik,6,0,0,2,0.0
NV Ojha,A Ashish Reddy,8,8,0,2,100.0
NV Ojha,A Kumble,14,18,0,3,128.57
NV Ojha,A Mishra,42,96,4,4,228.57
NV Ojha,A Nehra,14,18,2,4,128.57
NV Ojha,A Singh,6,2,2,2,33.33
NV Ojha,A Symonds,14,14,0,2,100.0
NV Ojha,AA Jhunjhunwala,6,16,0,2,266.67
NV Ojha,AB Dinda,46,40,2,7,86.96
NV Ojha,AB McDonald,14,26,0,3,185.71
NV Ojha,AC Thomas,24,14,0,3,58.33
NV Ojha,AD Mathews,30,56,0,3,186.67
NV Ojha,AD Russell,12,16,0,2,133.33
NV Ojha,AG Murtaza,16,4,4,3,25.0
NV Ojha,AM Salvi,12,2,2,2,16.67
NV Ojha,AR Patel,50,72,2,5,144.0
NV Ojha,AS Rajpoot,8,8,0,2,100.0
NV Ojha,Anureet Singh,24,24,0,3,100.0
NV Ojha,Azhar Mahmood,14,10,0,3,71.43
NV Ojha,BJ Hodge,10,42,0,2,420.0
NV Ojha,BW Hilfenhaus,12,2,2,2,16.67
NV Ojha,C Munro,6,4,0,2,66.67
NV Ojha,CH Morris,24,16,0,4,66.67
NV Ojha,CJ Jordan,8,14,0,2,175.0
NV Ojha,CJ McKay,6,14,0,2,233.33
NV Ojha,CK Langeveldt,6,0,2,2,0.0
NV Ojha,CR Brathwaite,6,4,0,2,66.67
NV Ojha,CR Woakes,10,14,0,2,140.0
NV Ojha,D du Preez,14,12,0,2,85.71
NV Ojha,DE Bollinger,38,38,0,4,100.0
NV Ojha,DJ Bravo,30,12,2,7,40.0
NV Ojha,DL Vettori,16,22,0,3,137.5
NV Ojha,DP Nannes,10,4,0,3,40.0
NV Ojha,DR Smith,10,16,0,3,160.0
NV Ojha,DS Kulkarni,14,6,0,3,42.86
NV Ojha,DT Christian,12,8,2,3,66.67
NV Ojha,DW Steyn,34,28,0,4,82.35
NV Ojha,GB Hogg,10,16,0,3,160.0
NV Ojha,HV Patel,12,18,0,2,150.0
NV Ojha,Harmeet Singh,18,22,0,3,122.22
NV Ojha,I Sharma,20,32,2,4,160.0
NV Ojha,IK Pathan,20,16,0,3,80.0
NV Ojha,Imran Tahir,12,4,2,3,33.33
NV Ojha,Iqbal Abdulla,12,6,2,3,50.0
NV Ojha,J Suchith,14,12,4,3,85.71
NV Ojha,J Theron,8,4,0,2,50.0
NV Ojha,JA Morkel,84,136,4,7,161.9
NV Ojha,JD Ryder,8,4,0,2,50.0
NV Ojha,JD Unadkat,14,24,4,3,171.43
NV Ojha,JEC Franklin,6,12,0,2,200.0
NV Ojha,JH Kallis,38,28,2,5,73.68
NV Ojha,JJ Bumrah,6,2,2,2,33.33
NV Ojha,JO Holder,12,6,2,3,50.0
NV Ojha,JP Faulkner,28,30,0,4,107.14
NV Ojha,JW Hastings,6,2,0,2,33.33
NV Ojha,Joginder Sharma,14,30,0,2,214.29
NV Ojha,KA Pollard,26,28,0,3,107.69
NV Ojha,KC Cariappa,10,12,2,2,120.0
NV Ojha,KK Cooper,8,4,0,3,50.0
NV Ojha,Kuldeep Yadav,18,8,0,3,44.44
NV Ojha,L Balaji,8,0,0,2,0.0
NV Ojha,M Kartik,10,2,0,3,20.0
NV Ojha,M Morkel,38,50,2,5,131.58
NV Ojha,M Muralitharan,50,66,2,6,132.0
NV Ojha,M Vijay,6,6,0,2,100.0
NV Ojha,MA Starc,14,18,0,3,128.57
NV Ojha,MF Maharoof,36,50,0,4,138.89
NV Ojha,MG Johnson,12,12,0,3,100.0
NV Ojha,MM Patel,26,30,2,4,115.38
NV Ojha,MM Sharma,10,26,0,3,260.0
NV Ojha,MR Marsh,6,4,0,2,66.67
NV Ojha,MS Gony,24,12,0,2,50.0
NV Ojha,NM Coulter-Nile,26,24,2,5,92.31
NV Ojha,P Awana,12,2,0,2,16.67
NV Ojha,P Kumar,58,68,0,7,117.24
NV Ojha,P Negi,14,22,0,2,157.14
NV Ojha,P Parameswaran,18,22,0,2,122.22
NV Ojha,PP Chawla,78,110,4,6,141.03
NV Ojha,PP Ojha,10,6,2,3,60.0
NV Ojha,PV Tambe,32,30,2,3,93.75
NV Ojha,Pankaj Singh,6,2,2,3,33.33
NV Ojha,R Ashwin,38,30,2,5,78.95
NV Ojha,R Bhatia,62,68,6,5,109.68
NV Ojha,R Dhawan,30,50,0,3,166.67
NV Ojha,R McLaren,12,20,0,2,166.67
NV Ojha,R Sharma,8,2,0,2,25.0
NV Ojha,R Vinay Kumar,48,56,0,7,116.67
NV Ojha,RE van der Merwe,6,14,0,2,233.33
NV Ojha,RG More,8,22,0,2,275.0
NV Ojha,RG Sharma,14,24,0,2,171.43
NV Ojha,RJ Harris,30,34,0,3,113.33
NV Ojha,RN ten Doeschate,20,26,2,3,130.0
NV Ojha,RP Singh,50,20,8,7,40.0
NV Ojha,RR Powar,28,60,0,3,214.29
NV Ojha,RS Bopara,12,14,0,2,116.67
NV Ojha,S Dhawan,10,26,0,2,260.0
NV Ojha,S Kaul,6,2,0,2,33.33
NV Ojha,S Sreesanth,56,46,4,6,82.14
NV Ojha,S Tyagi,16,36,0,2,225.0
NV Ojha,SB Jakati,44,100,2,4,227.27
NV Ojha,SE Bond,12,6,0,3,50.0
NV Ojha,SJ Srivastava,28,58,2,4,207.14
NV Ojha,SK Raina,30,36,2,4,120.0
NV Ojha,SL Malinga,38,40,0,6,105.26
NV Ojha,SP Narine,100,64,4,10,64.0
NV Ojha,SR Watson,8,4,0,4,50.0
NV Ojha,SS Mundhe,10,8,2,2,80.0
NV Ojha,STR Binny,8,6,0,2,75.0
NV Ojha,Sandeep Sharma,14,56,0,3,400.0
NV Ojha,Shakib Al Hasan,22,38,2,5,172.73
NV Ojha,Shivam Sharma,20,46,0,2,230.0
NV Ojha,T Thushara,14,10,2,2,71.43
NV Ojha,TA Boult,20,28,2,3,140.0
NV Ojha,TG Southee,8,6,0,2,75.0
NV Ojha,TP Sudhindra,22,28,0,2,127.27
NV Ojha,UT Yadav,38,48,4,6,126.32
NV Ojha,V Pratap Singh,8,2,2,2,25.0
NV Ojha,VR Aaron,20,30,4,3,150.0
NV Ojha,WPUJC Vaas,8,12,0,2,150.0
NV Ojha,YA Abdulla,14,24,0,2,171.43
NV Ojha,YS Chahal,12,16,2,3,133.33
NV Ojha,Yuvraj Singh,22,24,2,4,109.09
NV Ojha,Z Khan,64,64,4,7,100.0
Naman Dhir,A Kamboj,12,22,0,2,183.33
Naman Dhir,AD Russell,10,34,0,2,340.0
Naman Dhir,AJ Hosein,6,0,2,2,0.0
Naman Dhir,AR Patel,6,6,0,2,100.0
Naman Dhir,Akash Deep,22,56,0,2,254.55
Naman Dhir,Arshdeep Singh,28,52,2,4,185.71
Naman Dhir,Ashok Sharma,12,16,0,2,133.33
Naman Dhir,Avesh Khan,10,20,0,4,200.0
Naman Dhir,Azmatullah Omarzai,30,70,4,4,233.33
Naman Dhir,B Kumar,28,22,2,4,78.57
Naman Dhir,C Green,6,0,2,2,0.0
Naman Dhir,DS Rathi,14,20,2,3,142.86
Naman Dhir,E Malinga,16,10,2,3,62.5
Naman Dhir,G Coetzee,10,12,0,2,120.0
Naman Dhir,J Overton,12,26,2,2,216.67
Naman Dhir,JC Archer,6,10,2,2,166.67
Naman Dhir,JR Hazlewood,14,10,0,3,71.43
Naman Dhir,K Rabada,14,18,0,3,128.57
Naman Dhir,KA Jamieson,12,12,0,3,100.0
Naman Dhir,KH Pandya,28,46,2,4,164.29
Naman Dhir,Kuldeep Yadav,6,16,0,3,266.67
Naman Dhir,L Ngidi,8,6,0,2,75.0
Naman Dhir,M Jansen,26,18,2,5,69.23
Naman Dhir,M Prasidh Krishna,30,46,6,5,153.33
Naman Dhir,M Siddharth,6,2,0,2,33.33
Naman Dhir,MA Starc,18,24,0,3,133.33
Naman Dhir,MJ Henry,10,16,0,2,160.0
Naman Dhir,MM Sharma,14,36,0,2,257.14
Naman Dhir,MP Yadav,8,4,0,2,50.0
Naman Dhir,Mohammed Shami,6,22,0,2,366.67
Naman Dhir,Mohammed Siraj,26,26,0,4,100.0
Naman Dhir,Mohsin Khan,10,30,0,2,300.0
Naman Dhir,Mukesh Choudhary,8,16,0,2,200.0
Naman Dhir,Mukesh Kumar,14,58,0,3,414.29
Naman Dhir,N Burger,10,10,2,3,100.0
Naman Dhir,NT Ellis,8,12,0,2,150.0
Naman Dhir,Naveen-ul-Haq,18,44,0,2,244.44
Naman Dhir,Noor Ahmad,22,16,2,3,72.73
Naman Dhir,PJ Cummins,16,32,0,3,200.0
Naman Dhir,PP Hinge,6,2,2,2,33.33
Naman Dhir,PR Veer,8,12,0,2,150.0
Naman Dhir,Prince Yadav,16,38,0,3,237.5
Naman Dhir,R Ashwin,8,16,0,2,200.0
Naman Dhir,R Shepherd,12,20,0,2,166.67
Naman Dhir,RS Ghosh,16,24,0,2,150.0
Naman Dhir,Rashid Khan,18,16,0,2,88.89
Naman Dhir,Rasikh Salam,12,26,4,3,216.67
Naman Dhir,Ravi Bishnoi,20,26,0,4,130.0
Naman Dhir,Sakib Hussain,6,12,0,2,200.0
Naman Dhir,Sandeep Sharma,12,28,0,2,233.33
Naman Dhir,Shahbaz Ahmed,8,14,0,2,175.0
Naman Dhir,Shashank Singh,6,2,2,2,33.33
Naman Dhir,Suyash Sharma,8,16,0,2,200.0
Naman Dhir,T Natarajan,22,28,2,2,127.27
Naman Dhir,V Nigam,6,4,0,3,66.67
Naman Dhir,VG Arora,10,16,0,2,160.0
Naman Dhir,Vijaykumar Vyshak,24,64,0,4,266.67
Naman Dhir,Washington Sundar,6,22,0,2,366.67
Naman Dhir,XC Bartlett,14,20,0,2,142.86
Naman Dhir,YS Chahal,14,32,0,3,228.57
Naveen-ul-Haq,Akash Madhwal,10,2,0,2,20.0
Naveen-ul-Haq,HV Patel,6,10,0,2,166.67
Naveen-ul-Haq,JR Hazlewood,6,12,2,2,200.0
Naveen-ul-Haq,Mohammed Siraj,8,0,0,2,0.0
Naveen-ul-Haq,Rasikh Salam,6,0,0,2,0.0
Niraj Patel,A Nehra,8,10,0,2,125.0
Niraj Patel,AB Agarkar,10,8,0,2,80.0
Niraj Patel,AB Dinda,26,14,0,2,53.85
Niraj Patel,CRD Fernando,16,32,0,2,200.0
Niraj Patel,DR Smith,6,4,0,2,66.67
Niraj Patel,DW Steyn,18,4,0,2,22.22
Niraj Patel,IK Pathan,20,12,0,2,60.0
Niraj Patel,JR Hopes,12,18,0,2,150.0
Niraj Patel,M Ntini,18,2,0,2,11.11
Niraj Patel,PP Chawla,14,12,2,2,85.71
Niraj Patel,R Vinay Kumar,8,2,0,2,25.0
Niraj Patel,RR Powar,6,12,0,2,200.0
Niraj Patel,RR Raje,16,24,0,2,150.0
Niraj Patel,S Sreesanth,14,36,0,2,257.14
Niraj Patel,SM Pollock,8,6,0,2,75.0
Niraj Patel,SS Sarkar,6,6,0,2,100.0
Niraj Patel,VRV Singh,12,24,0,2,200.0
Nithish Kumar Reddy,A Kamboj,18,24,0,3,133.33
Nithish Kumar Reddy,A Nortje,12,6,0,2,50.0
Nithish Kumar Reddy,AM Ghazanfar,8,20,0,2,250.0
Nithish Kumar Reddy,AR Patel,16,20,0,2,125.0
Nithish Kumar Reddy,AS Roy,6,12,0,2,200.0
Nithish Kumar Reddy,Arshdeep Singh,16,14,2,4,87.5
Nithish Kumar Reddy,Avesh Khan,36,60,2,5,166.67
Nithish Kumar Reddy,B Kumar,14,6,0,3,42.86
Nithish Kumar Reddy,B Muzarabani,6,8,0,2,133.33
Nithish Kumar Reddy,Brijesh Sharma,14,20,2,3,142.86
Nithish Kumar Reddy,CV Varun,16,12,0,3,75.0
Nithish Kumar Reddy,DL Chahar,18,16,2,4,88.89
Nithish Kumar Reddy,DS Rathi,36,82,0,3,227.78
Nithish Kumar Reddy,Fazalhaq Farooqi,6,14,0,2,233.33
Nithish Kumar Reddy,G Coetzee,6,12,0,2,200.0
Nithish Kumar Reddy,HH Pandya,34,32,2,4,94.12
Nithish Kumar Reddy,HV Patel,24,18,2,3,75.0
Nithish Kumar Reddy,Harpreet Brar,40,90,0,3,225.0
Nithish Kumar Reddy,Harshit Rana,14,12,2,3,85.71
Nithish Kumar Reddy,J Overton,6,4,2,2,66.67
Nithish Kumar Reddy,JC Archer,30,38,2,5,126.67
Nithish Kumar Reddy,JJ Bumrah,12,16,0,3,133.33
Nithish Kumar Reddy,K Rabada,8,16,0,2,200.0
Nithish Kumar Reddy,KH Pandya,14,32,0,3,228.57
Nithish Kumar Reddy,KK Ahmed,14,18,0,3,128.57
Nithish Kumar Reddy,Kartik Tyagi,12,24,0,2,200.0
Nithish Kumar Reddy,Kuldeep Yadav,10,20,2,2,200.0
Nithish Kumar Reddy,M Jansen,6,16,0,2,266.67
Nithish Kumar Reddy,M Pathirana,12,24,0,2,200.0
Nithish Kumar Reddy,M Prasidh Krishna,24,16,0,4,66.67
Nithish Kumar Reddy,M Siddharth,16,14,2,2,87.5
Nithish Kumar Reddy,MA Starc,24,14,4,4,58.33
Nithish Kumar Reddy,MJ Santner,6,12,0,2,200.0
Nithish Kumar Reddy,Mohammed Shami,10,2,0,2,20.0
Nithish Kumar Reddy,Mohammed Siraj,12,6,0,3,50.0
Nithish Kumar Reddy,Mukesh Kumar,8,16,0,2,200.0
Nithish Kumar Reddy,N Burger,14,30,0,3,214.29
Nithish Kumar Reddy,Noor Ahmad,20,26,0,4,130.0
Nithish Kumar Reddy,Prince Yadav,30,38,0,3,126.67
Nithish Kumar Reddy,R Ashwin,16,42,0,2,262.5
Nithish Kumar Reddy,R Sai Kishore,26,22,2,3,84.62
Nithish Kumar Reddy,RA Jadeja,26,28,4,4,107.69
Nithish Kumar Reddy,RD Chahar,24,46,0,2,191.67
Nithish Kumar Reddy,Rashid Khan,32,54,0,3,168.75
Nithish Kumar Reddy,Rasikh Salam,6,12,0,2,200.0
Nithish Kumar Reddy,Ravi Bishnoi,18,14,2,2,77.78
Nithish Kumar Reddy,SM Curran,14,24,0,2,171.43
Nithish Kumar Reddy,SN Thakur,10,18,0,3,180.0
Nithish Kumar Reddy,SP Narine,10,14,0,2,140.0
Nithish Kumar Reddy,SS Mishra,10,24,0,2,240.0
Nithish Kumar Reddy,Sandeep Sharma,40,60,0,4,150.0
Nithish Kumar Reddy,Swapnil Singh,10,20,0,2,200.0
Nithish Kumar Reddy,TA Boult,32,24,4,5,75.0
Nithish Kumar Reddy,TU Deshpande,26,54,0,6,207.69
Nithish Kumar Reddy,VG Arora,32,64,2,5,200.0
Nithish Kumar Reddy,YS Chahal,34,60,0,4,176.47
Nithish Kumar Reddy,Yash Raj Punja,14,38,0,2,271.43
Noor Ahmad,AR Patel,8,2,0,2,25.0
Noor Ahmad,B Kumar,10,14,2,3,140.0
Noor Ahmad,Brijesh Sharma,6,0,0,2,0.0
Noor Ahmad,CV Varun,10,0,0,2,0.0
Noor Ahmad,JC Archer,8,0,2,2,0.0
Noor Ahmad,K Rabada,6,0,2,2,0.0
Noor Ahmad,M Pathirana,10,14,0,2,140.0
Noor Ahmad,Suyash Sharma,8,2,0,2,25.0
Noor Ahmad,VG Arora,6,4,4,3,66.67
OA Shah,A Ashish Reddy,10,6,0,2,60.0
OA Shah,A Mishra,18,8,2,3,44.44
OA Shah,A Symonds,26,32,0,2,123.08
OA Shah,Ankit Sharma,12,20,0,2,166.67
OA Shah,B Lee,12,28,0,2,233.33
OA Shah,BA Bhatt,6,16,0,2,266.67
OA Shah,Bipul Sharma,8,14,0,2,175.0
OA Shah,CH Gayle,10,38,0,2,380.0
OA Shah,DE Bollinger,18,34,0,3,188.89
OA Shah,DJ Bravo,26,32,0,4,123.08
OA Shah,DL Vettori,12,14,0,2,116.67
OA Shah,DW Steyn,14,12,0,2,85.71
OA Shah,HV Patel,16,16,0,2,100.0
OA Shah,Harbhajan Singh,28,48,0,4,171.43
OA Shah,Iqbal Abdulla,6,8,0,2,133.33
OA Shah,JEC Franklin,22,34,0,3,154.55
OA Shah,JH Kallis,10,14,2,3,140.0
OA Shah,JP Duminy,6,8,0,2,133.33
OA Shah,JP Faulkner,6,6,0,2,100.0
OA Shah,Jaskaran Singh,12,20,0,2,166.67
OA Shah,KA Pollard,44,80,0,3,181.82
OA Shah,KMDN Kulasekara,12,4,2,2,33.33
OA Shah,KP Appanna,14,4,2,2,28.57
OA Shah,L Balaji,8,2,2,3,25.0
OA Shah,M Kartik,6,2,0,2,33.33
OA Shah,M Muralitharan,8,14,0,2,175.0
OA Shah,MJ Clarke,6,4,0,2,66.67
OA Shah,MM Patel,12,18,0,3,150.0
OA Shah,MS Gony,20,18,0,3,90.0
OA Shah,P Kumar,16,24,0,3,150.0
OA Shah,PP Ojha,46,46,0,3,100.0
OA Shah,R Ashwin,20,16,0,2,80.0
OA Shah,R Bhatia,34,38,0,3,111.76
OA Shah,R McLaren,8,8,0,2,100.0
OA Shah,R Vinay Kumar,16,48,0,3,300.0
OA Shah,RA Jadeja,20,30,0,2,150.0
OA Shah,RJ Harris,8,14,0,2,175.0
OA Shah,RP Singh,12,8,0,3,66.67
OA Shah,SB Jakati,10,16,0,2,160.0
OA Shah,SK Trivedi,6,14,0,2,233.33
OA Shah,SL Malinga,30,38,2,4,126.67
OA Shah,SP Narine,34,32,2,3,94.12
OA Shah,SW Tait,12,6,0,2,50.0
OA Shah,Shakib Al Hasan,14,20,0,2,142.86
OA Shah,TL Suman,8,14,0,2,175.0
OA Shah,UT Yadav,6,4,2,3,66.67
OA Shah,V Pratap Singh,12,18,0,2,150.0
OA Shah,WPUJC Vaas,8,22,0,2,275.0
OA Shah,YK Pathan,20,14,0,3,70.0
OA Shah,Z Khan,16,18,4,3,112.5
OC McCoy,Yash Dayal,6,2,0,2,33.33
OF Smith,B Kumar,18,20,0,2,111.11
OF Smith,CJ Jordan,6,2,2,2,33.33
OF Smith,D Pretorius,8,4,0,2,50.0
OF Smith,Mohammed Siraj,10,46,0,2,460.0
OF Smith,SP Narine,8,2,0,2,25.0
OF Smith,Shivam Mavi,6,12,0,2,200.0
OF Smith,T Natarajan,8,6,0,2,75.0
OF Smith,TG Southee,8,2,0,2,25.0
P Awana,DP Nannes,8,0,0,2,0.0
P Awana,VR Aaron,6,6,0,2,100.0
P Chopra,DJ Bravo,6,8,0,2,133.33
P Chopra,SN Thakur,6,8,2,2,133.33
P Dogra,A Kumble,6,4,0,2,66.67
P Dogra,A Mishra,40,30,0,4,75.0
P Dogra,AG Murtaza,10,10,0,2,100.0
P Dogra,JD Unadkat,10,10,0,3,100.0
P Dogra,LR Shukla,6,10,0,2,166.67
P Dogra,MF Maharoof,6,2,0,2,33.33
P Dogra,NLTC Perera,8,6,0,2,75.0
P Dogra,PD Collingwood,8,10,0,2,125.0
P Dogra,PJ Sangwan,14,16,0,2,114.29
P Dogra,R Bhatia,26,12,2,3,46.15
P Dogra,R Sathish,14,44,0,2,314.29
P Dogra,R Vinay Kumar,18,8,0,3,44.44
P Dogra,S Ladda,32,38,2,3,118.75
P Dogra,SE Bond,8,0,0,2,0.0
P Dogra,SL Malinga,12,10,0,2,83.33
P Dogra,Z Khan,16,10,0,3,62.5
P Dubey,Arshdeep Singh,10,14,0,2,140.0
P Dubey,JJ Bumrah,6,2,0,2,33.33
P Dubey,KH Pandya,8,2,0,2,25.0
P Dubey,NT Ellis,6,4,2,2,66.67
P Dubey,RD Chahar,20,14,0,3,70.0
P Dubey,Sikandar Raza,8,2,0,2,25.0
P Kumar,A Mithun,12,28,0,2,233.33
P Kumar,A Singh,10,20,0,3,200.0
P Kumar,AD Russell,8,0,2,2,0.0
P Kumar,B Kumar,14,18,2,5,128.57
P Kumar,CH Morris,8,4,0,2,50.0
P Kumar,CJ Jordan,6,2,4,3,33.33
P Kumar,CK Langeveldt,6,6,0,2,100.0
P Kumar,CRD Fernando,8,2,0,2,25.0
P Kumar,DR Smith,8,4,0,2,50.0
P Kumar,DS Kulkarni,20,30,2,3,150.0
P Kumar,DW Steyn,18,2,2,4,11.11
P Kumar,GB Hogg,12,14,0,2,116.67
P Kumar,GD McGrath,18,14,4,3,77.78
P Kumar,I Sharma,10,8,0,4,80.0
P Kumar,IK Pathan,8,2,2,3,25.0
P Kumar,J Botha,6,4,0,2,66.67
P Kumar,JA Morkel,14,12,2,3,85.71
P Kumar,JDP Oram,6,6,0,3,100.0
P Kumar,JP Faulkner,8,16,0,2,200.0
P Kumar,KK Cooper,12,28,0,3,233.33
P Kumar,KMDN Kulasekara,8,10,0,2,125.0
P Kumar,L Balaji,16,46,0,3,287.5
P Kumar,M Ntini,6,12,0,2,200.0
P Kumar,MG Johnson,6,10,0,2,166.67
P Kumar,MJ McClenaghan,6,2,2,3,33.33
P Kumar,MM Patel,12,4,2,4,33.33
P Kumar,MM Sharma,16,16,4,3,100.0
P Kumar,MP Stoinis,6,12,0,2,200.0
P Kumar,MS Gony,8,2,2,3,25.0
P Kumar,NLTC Perera,10,6,0,3,60.0
P Kumar,RP Singh,10,20,0,3,200.0
P Kumar,SB Styris,6,12,0,3,200.0
P Kumar,SC Ganguly,18,14,0,2,77.78
P Kumar,SK Trivedi,14,10,0,2,71.43
P Kumar,SK Warne,38,54,2,4,142.11
P Kumar,SL Malinga,26,26,6,6,100.0
P Kumar,SR Watson,14,12,0,4,85.71
P Kumar,Sandeep Sharma,8,4,0,2,50.0
P Kumar,Sohail Tanvir,10,2,0,2,20.0
P Kumar,UT Yadav,22,28,2,5,127.27
P Kumar,VRV Singh,12,14,0,3,116.67
P Kumar,WD Parnell,10,4,2,3,40.0
P Kumar,YA Abdulla,16,36,0,3,225.0
P Kumar,YK Pathan,8,16,0,2,200.0
P Kumar,YS Chahal,6,2,0,2,33.33
P Negi,A Ashish Reddy,8,24,0,2,300.0
P Negi,AB Dinda,12,26,0,2,216.67
P Negi,AD Russell,6,14,0,2,233.33
P Negi,AJ Tye,8,4,0,2,50.0
P Negi,AR Patel,6,6,2,3,100.0
P Negi,Ankit Soni,12,26,2,2,216.67
P Negi,C Munro,10,12,0,2,120.0
P Negi,C de Grandhomme,6,4,2,2,66.67
P Negi,CH Gayle,10,6,2,2,60.0
P Negi,CH Morris,14,16,4,3,114.29
P Negi,CJ Anderson,10,26,0,2,260.0
P Negi,CJ Jordan,8,2,0,2,25.0
P Negi,D Wiese,8,10,0,3,125.0
P Negi,DT Christian,10,6,0,3,60.0
P Negi,GB Hogg,16,16,4,3,100.0
P Negi,GJ Maxwell,16,14,0,2,87.5
P Negi,GS Sandhu,8,6,0,2,75.0
P Negi,HV Patel,8,22,0,2,275.0
P Negi,JH Kallis,8,12,0,2,150.0
P Negi,JJ Bumrah,38,54,0,4,142.11
P Negi,JP Faulkner,8,12,0,2,150.0
P Negi,JW Hastings,6,0,0,2,0.0
P Negi,KH Pandya,6,6,0,2,100.0
P Negi,M Kartik,8,10,0,2,125.0
P Negi,M de Lange,16,36,0,2,225.0
P Negi,MA Starc,6,4,2,3,66.67
P Negi,MC Henriques,6,0,0,2,0.0
P Negi,MJ McClenaghan,42,50,2,5,119.05
P Negi,MM Sharma,8,6,0,2,75.0
P Negi,O Thomas,6,8,2,2,133.33
P Negi,P Kumar,12,10,0,3,83.33
P Negi,PJ Cummins,18,32,0,3,177.78
P Negi,R Ashwin,10,8,0,3,80.0
P Negi,R Vinay Kumar,20,30,2,5,150.0
P Negi,RA Jadeja,10,22,0,2,220.0
P Negi,S Aravind,6,4,0,2,66.67
P Negi,SB Jakati,8,14,0,2,175.0
P Negi,SC Ganguly,8,6,0,2,75.0
P Negi,SL Malinga,30,34,4,4,113.33
P Negi,SM Boland,6,6,0,2,100.0
P Negi,SN Thakur,12,20,2,3,166.67
P Negi,SP Narine,6,2,2,2,33.33
P Negi,Shakib Al Hasan,6,12,0,2,200.0
P Negi,UT Yadav,18,16,2,3,88.89
P Negi,VR Aaron,18,20,0,2,111.11
P Negi,Washington Sundar,6,4,0,2,66.67
P Negi,Z Khan,8,4,0,2,50.0
P Nissanka,A Kamboj,10,22,2,2,220.0
P Nissanka,AJ Hosein,32,30,0,3,93.75
P Nissanka,AS Roy,16,32,2,2,200.0
P Nissanka,Arshdeep Singh,10,12,2,2,120.0
P Nissanka,Ashok Sharma,8,36,0,2,450.0
P Nissanka,CV Varun,12,14,0,2,116.67
P Nissanka,D Madushanka,10,14,2,2,140.0
P Nissanka,DL Chahar,12,12,0,2,100.0
P Nissanka,JC Archer,18,38,0,2,211.11
P Nissanka,JJ Bumrah,14,16,0,2,114.29
P Nissanka,K Rabada,8,4,0,2,50.0
P Nissanka,KK Ahmed,20,48,0,2,240.0
P Nissanka,M Prasidh Krishna,10,6,2,2,60.0
P Nissanka,MJ Santner,16,22,2,2,137.5
P Nissanka,Mohammed Siraj,10,26,0,2,260.0
P Nissanka,Mukesh Choudhary,16,20,2,2,125.0
P Nissanka,N Burger,12,30,0,2,250.0
P Nissanka,Prince Yadav,6,2,2,2,33.33
P Nissanka,RA Jadeja,14,20,2,2,142.86
P Nissanka,Rashid Khan,12,10,0,2,83.33
P Nissanka,Ravi Bishnoi,6,4,0,2,66.67
P Nissanka,SN Thakur,10,30,0,2,300.0
P Nissanka,SP Narine,10,12,0,2,120.0
P Nissanka,TU Deshpande,12,20,0,2,166.67
P Nissanka,VG Arora,12,26,0,2,216.67
P Ray Barman,B Kumar,8,12,0,2,150.0
P Ray Barman,Mohammad Nabi,6,2,0,2,33.33
P Ray Barman,Rashid Khan,14,10,0,2,71.43
P Ray Barman,S Kaul,18,14,0,2,77.78
P Sahu,CH Morris,6,4,0,2,66.67
P Sahu,CR Brathwaite,10,22,0,2,220.0
P Sahu,Z Khan,8,10,0,2,125.0
P Simran Singh,A Kamboj,28,52,0,3,185.71
P Simran Singh,A Nortje,8,4,0,3,50.0
P Simran Singh,AM Ghazanfar,12,18,0,2,150.0
P Simran Singh,AR Patel,72,82,2,6,113.89
P Simran Singh,AS Roy,6,14,0,2,233.33
P Simran Singh,Akash Singh,16,16,0,3,100.0
P Simran Singh,Arjun Tendulkar,22,30,4,3,136.36
P Simran Singh,Arshad Khan,6,8,2,2,133.33
P Simran Singh,Auqib Nabi,28,66,0,3,235.71
P Simran Singh,Avesh Khan,48,94,0,4,195.83
P Simran Singh,Azmatullah Omarzai,22,18,0,3,81.82
P Simran Singh,B Kumar,100,158,10,11,158.0
P Simran Singh,Brijesh Sharma,16,16,0,2,100.0
P Simran Singh,C Bosch,14,20,0,2,142.86
P Simran Singh,C Green,18,28,0,4,155.56
P Simran Singh,C Sakariya,24,50,0,2,208.33
P Simran Singh,CV Varun,28,50,0,3,178.57
P Simran Singh,DL Chahar,50,84,0,5,168.0
P Simran Singh,DR Sams,8,10,0,2,125.0
P Simran Singh,DS Rathi,50,94,4,4,188.0
P Simran Singh,E Malinga,24,34,2,3,141.67
P Simran Singh,GJ Maxwell,12,16,2,3,133.33
P Simran Singh,HH Pandya,16,44,0,2,275.0
P Simran Singh,HV Patel,22,30,0,3,136.36
P Simran Singh,Harsh Dubey,6,8,0,2,133.33
P Simran Singh,Harshit Rana,38,74,4,5,194.74
P Simran Singh,I Sharma,56,88,0,5,157.14
P Simran Singh,JC Archer,32,36,0,4,112.5
P Simran Singh,JD Unadkat,18,50,0,2,277.78
P Simran Singh,JJ Bumrah,36,42,2,4,116.67
P Simran Singh,JO Holder,14,14,2,2,100.0
P Simran Singh,JP Behrendorff,14,32,0,2,228.57
P Simran Singh,JR Hazlewood,18,28,0,4,155.56
P Simran Singh,K Rabada,44,62,6,5,140.91
P Simran Singh,KH Pandya,20,16,4,3,80.0
P Simran Singh,KK Ahmed,98,110,2,8,112.24
P Simran Singh,KM Asif,16,48,0,2,300.0
P Simran Singh,KR Mayers,12,8,0,2,66.67
P Simran Singh,KT Maphaka,10,22,0,2,220.0
P Simran Singh,Kuldeep Yadav,54,92,4,6,170.37
P Simran Singh,M Jansen,8,2,0,2,25.0
P Simran Singh,M Pathirana,8,22,0,2,275.0
P Simran Singh,M Prasidh Krishna,6,6,2,2,100.0
P Simran Singh,M Siddharth,12,22,0,2,183.33
P Simran Singh,M Theekshana,18,34,0,3,188.89
P Simran Singh,M Tiwari,10,26,0,2,260.0
P Simran Singh,MA Starc,16,34,0,3,212.5
P Simran Singh,MJ Henry,10,12,0,2,120.0
P Simran Singh,MJ Santner,20,6,0,2,30.0
P Simran Singh,MM Ali,8,18,0,2,225.0
P Simran Singh,MM Sharma,14,30,2,3,214.29
P Simran Singh,MP Stoinis,12,8,0,3,66.67
P Simran Singh,MP Yadav,24,52,2,3,216.67
P Simran Singh,MR Marsh,10,36,0,3,360.0
P Simran Singh,Mohammad Nabi,6,0,0,2,0.0
P Simran Singh,Mohammed Shami,26,44,4,5,169.23
P Simran Singh,Mohammed Siraj,34,30,0,7,88.24
P Simran Singh,Mohsin Khan,22,46,0,2,209.09
P Simran Singh,Mukesh Kumar,42,90,4,6,214.29
P Simran Singh,Mustafizur Rahman,18,16,0,3,88.89
P Simran Singh,N Burger,20,38,0,2,190.0
P Simran Singh,Naveen-ul-Haq,6,8,2,2,133.33
P Simran Singh,Nithish Kumar Reddy,6,14,2,3,233.33
P Simran Singh,Noor Ahmad,38,70,4,4,184.21
P Simran Singh,P Dubey,12,20,0,2,166.67
P Simran Singh,PJ Cummins,40,56,0,5,140.0
P Simran Singh,PVD Chameera,22,50,0,3,227.27
P Simran Singh,PWH de Silva,16,36,0,2,225.0
P Simran Singh,Prince Yadav,40,58,0,3,145.0
P Simran Singh,R Ashwin,12,24,0,2,200.0
P Simran Singh,RA Jadeja,48,60,4,5,125.0
P Simran Singh,RD Chahar,6,4,0,2,66.67
P Simran Singh,RJ Gleeson,6,14,2,3,233.33
P Simran Singh,RJW Topley,6,2,0,2,33.33
P Simran Singh,Raghu Sharma,12,28,0,2,233.33
P Simran Singh,Rashid Khan,44,32,2,5,72.73
P Simran Singh,Ravi Bishnoi,30,76,0,3,253.33
P Simran Singh,S Sandeep Warrier,14,40,0,2,285.71
P Simran Singh,SM Curran,10,6,0,2,60.0
P Simran Singh,SN Thakur,48,108,2,5,225.0
P Simran Singh,SP Narine,34,58,0,4,170.59
P Simran Singh,Sandeep Sharma,22,20,2,4,90.91
P Simran Singh,Shivang Kumar,8,12,2,2,150.0
P Simran Singh,Suyash Sharma,8,16,0,2,200.0
P Simran Singh,Swapnil Singh,8,12,2,2,150.0
P Simran Singh,T Natarajan,48,60,2,6,125.0
P Simran Singh,TA Boult,62,62,6,7,100.0
P Simran Singh,TG Southee,12,28,2,2,233.33
P Simran Singh,TU Deshpande,28,50,2,4,178.57
P Simran Singh,UT Yadav,30,50,0,3,166.67
P Simran Singh,V Nigam,8,10,2,2,125.0
P Simran Singh,V Viyaskanth,30,44,2,2,146.67
P Simran Singh,VG Arora,36,64,2,4,177.78
P Simran Singh,Vijaykumar Vyshak,14,18,0,2,128.57
P Simran Singh,WD Parnell,8,22,2,2,275.0
P Simran Singh,Washington Sundar,14,30,0,2,214.29
P Simran Singh,YS Chahal,10,8,2,3,80.0
P Simran Singh,Yash Dayal,34,48,0,6,141.18
P Simran Singh,Yash Raj Punja,14,18,2,2,128.57
P Simran Singh,Yudhvir Singh,16,18,2,3,112.5
PA Patel,A Kumble,18,12,2,4,66.67
PA Patel,A Mishra,10,8,2,2,80.0
PA Patel,A Mithun,8,12,0,2,150.0
PA Patel,A Nehra,72,124,4,10,172.22
PA Patel,AB Agarkar,56,70,2,6,125.0
PA Patel,AB Dinda,100,108,4,8,108.0
PA Patel,AC Thomas,20,28,0,3,140.0
PA Patel,AD Mascarenhas,10,6,0,2,60.0
PA Patel,AD Mathews,16,28,4,3,175.0
PA Patel,AD Russell,14,20,0,2,142.86
PA Patel,AJ Tye,32,50,0,3,156.25
PA Patel,AN Ahmed,16,20,0,2,125.0
PA Patel,AR Patel,44,52,0,5,118.18
PA Patel,AS Rajpoot,30,40,0,3,133.33
PA Patel,Ankit Soni,16,12,0,2,75.0
PA Patel,Anureet Singh,12,18,0,3,150.0
PA Patel,Azhar Mahmood,6,4,2,2,66.67
PA Patel,B Kumar,136,130,12,15,95.59
PA Patel,B Laughlin,6,10,0,2,166.67
PA Patel,B Lee,26,26,2,4,100.0
PA Patel,BA Stokes,16,36,0,3,225.0
PA Patel,BB Sran,16,18,2,2,112.5
PA Patel,BJ Hodge,20,18,0,3,90.0
PA Patel,BMAJ Mendis,8,2,2,2,25.0
PA Patel,BW Hilfenhaus,6,2,0,2,33.33
PA Patel,CH Morris,18,22,2,4,122.22
PA Patel,CR Woakes,14,4,0,2,28.57
PA Patel,D Salunkhe,10,22,0,2,220.0
PA Patel,D Wiese,6,0,2,2,0.0
PA Patel,DE Bollinger,22,18,2,4,81.82
PA Patel,DJ Bravo,30,40,6,6,133.33
PA Patel,DJ Hooda,8,6,2,2,75.0
PA Patel,DJ Hussey,14,16,0,3,114.29
PA Patel,DJ Muthuswami,12,8,0,2,66.67
PA Patel,DJ Willey,12,16,0,2,133.33
PA Patel,DL Chahar,26,18,0,3,69.23
PA Patel,DL Vettori,16,24,0,2,150.0
PA Patel,DP Nannes,20,8,0,4,40.0
PA Patel,DP Vijaykumar,16,10,2,3,62.5
PA Patel,DS Kulkarni,52,80,4,6,153.85
PA Patel,DT Christian,14,10,0,3,71.43
PA Patel,DW Steyn,90,102,2,8,113.33
PA Patel,GB Hogg,14,10,0,2,71.43
PA Patel,GD McGrath,12,4,0,2,33.33
PA Patel,GJ Maxwell,16,24,0,4,150.0
PA Patel,HF Gurney,6,2,0,2,33.33
PA Patel,HH Pandya,8,6,2,3,75.0
PA Patel,HV Patel,12,16,0,2,133.33
PA Patel,Harbhajan Singh,82,66,2,8,80.49
PA Patel,Harmeet Singh,18,38,0,2,211.11
PA Patel,I Sharma,72,100,2,8,138.89
PA Patel,IK Pathan,100,150,2,10,150.0
PA Patel,Imran Tahir,40,62,2,5,155.0
PA Patel,Iqbal Abdulla,24,30,2,5,125.0
PA Patel,J Botha,42,36,0,5,85.71
PA Patel,J Theron,28,36,0,3,128.57
PA Patel,JA Morkel,8,10,2,3,125.0
PA Patel,JC Archer,28,56,2,3,200.0
PA Patel,JD Unadkat,74,90,6,10,121.62
PA Patel,JDP Oram,10,26,0,2,260.0
PA Patel,JH Kallis,72,68,4,8,94.44
PA Patel,JJ Bumrah,30,24,0,5,80.0
PA Patel,JO Holder,16,40,0,2,250.0
PA Patel,JP Behrendorff,22,48,0,2,218.18
PA Patel,JP Duminy,34,26,0,4,76.47
PA Patel,JP Faulkner,22,30,4,5,136.36
PA Patel,JR Hopes,16,22,0,2,137.5
PA Patel,JW Hastings,12,16,0,2,133.33
PA Patel,K Gowtham,20,14,0,3,70.0
PA Patel,K Rabada,26,24,4,4,92.31
PA Patel,KH Pandya,10,22,0,2,220.0
PA Patel,KP Pietersen,6,4,2,3,66.67
PA Patel,KV Sharma,14,22,0,2,157.14
PA Patel,Karanveer Singh,16,16,2,2,100.0
PA Patel,Kuldeep Yadav,12,18,2,3,150.0
PA Patel,L Balaji,36,50,0,4,138.89
PA Patel,L Ngidi,30,40,0,2,133.33
PA Patel,LH Ferguson,10,16,0,2,160.0
PA Patel,M Kartik,10,12,0,2,120.0
PA Patel,M Markande,6,10,2,2,166.67
PA Patel,M Morkel,52,64,0,6,123.08
PA Patel,M Muralitharan,20,24,2,3,120.0
PA Patel,M Prasidh Krishna,18,28,0,3,155.56
PA Patel,M Vijay,6,10,0,2,166.67
PA Patel,MA Starc,16,32,0,2,200.0
PA Patel,MC Henriques,20,24,2,3,120.0
PA Patel,MG Johnson,84,168,2,6,200.0
PA Patel,MJ Henry,10,24,0,2,240.0
PA Patel,MJ McClenaghan,14,24,0,2,171.43
PA Patel,MM Patel,34,52,2,5,152.94
PA Patel,MM Sharma,100,186,4,9,186.0
PA Patel,MN Samuels,18,24,2,4,133.33
PA Patel,MP Stoinis,14,28,2,3,200.0
PA Patel,Mohammad Asif,6,10,0,2,166.67
PA Patel,Mohammad Nabi,20,28,2,3,140.0
PA Patel,Mohammed Shami,74,104,2,8,140.54
PA Patel,Mohammed Siraj,6,14,0,2,233.33
PA Patel,Mustafizur Rahman,6,24,0,2,400.0
PA Patel,N Rana,6,0,2,2,0.0
PA Patel,NLTC Perera,6,6,0,2,100.0
PA Patel,NM Coulter-Nile,14,18,0,3,128.57
PA Patel,P Awana,38,62,2,4,163.16
PA Patel,P Kumar,114,104,6,12,91.23
PA Patel,P Negi,26,46,0,3,176.92
PA Patel,P Sahu,16,36,0,2,225.0
PA Patel,P Suyal,12,20,0,2,166.67
PA Patel,PJ Cummins,8,18,0,2,225.0
PA Patel,PJ Sangwan,20,36,2,4,180.0
PA Patel,PM Sarvesh Kumar,8,2,2,2,25.0
PA Patel,PP Chawla,82,88,2,7,107.32
PA Patel,PP Ojha,22,44,0,2,200.0
PA Patel,PV Tambe,8,4,2,2,50.0
PA Patel,Pankaj Singh,22,26,0,2,118.18
PA Patel,R Ashwin,90,64,8,10,71.11
PA Patel,R Bhatia,16,14,0,3,87.5
PA Patel,R McLaren,24,16,2,2,66.67
PA Patel,R Sharma,6,2,2,2,33.33
PA Patel,R Vinay Kumar,46,46,4,7,100.0
PA Patel,RA Jadeja,90,112,4,8,124.44
PA Patel,RE van der Merwe,24,18,0,3,75.0
PA Patel,RP Singh,50,46,2,4,92.0
PA Patel,RR Powar,66,66,2,4,100.0
PA Patel,Rashid Khan,10,4,0,2,40.0
PA Patel,S Aravind,8,6,2,3,75.0
PA Patel,S Badree,14,6,2,3,42.86
PA Patel,S Gopal,18,12,2,3,66.67
PA Patel,S Kaul,26,26,2,4,100.0
PA Patel,S Lamichhane,22,38,2,3,172.73
PA Patel,S Nadeem,26,32,4,4,123.08
PA Patel,S Sreesanth,24,40,0,4,166.67
PA Patel,SB Jakati,32,48,0,3,150.0
PA Patel,SB Wagh,18,20,0,2,111.11
PA Patel,SJ Srivastava,24,28,2,3,116.67
PA Patel,SK Raina,46,54,0,5,117.39
PA Patel,SK Trivedi,20,30,0,3,150.0
PA Patel,SK Warne,44,50,4,4,113.64
PA Patel,SL Malinga,54,50,6,9,92.59
PA Patel,SM Curran,10,26,0,2,260.0
PA Patel,SM Pollock,12,12,0,2,100.0
PA Patel,SMSM Senanayake,20,12,0,2,60.0
PA Patel,SN Thakur,60,92,2,5,153.33
PA Patel,SP Narine,58,52,2,7,89.66
PA Patel,SR Watson,20,18,0,3,90.0
PA Patel,STR Binny,30,34,0,7,113.33
PA Patel,SW Tait,14,14,0,2,100.0
PA Patel,Sandeep Sharma,112,68,6,10,60.71
PA Patel,Shahid Afridi,12,8,0,2,66.67
PA Patel,Shakib Al Hasan,20,30,4,3,150.0
PA Patel,Shoaib Akhtar,14,4,0,2,28.57
PA Patel,Sohail Tanvir,26,22,2,4,84.62
PA Patel,TA Boult,26,32,0,4,123.08
PA Patel,TG Southee,26,38,0,4,146.15
PA Patel,TM Dilshan,8,6,0,2,75.0
PA Patel,UT Yadav,70,122,4,9,174.29
PA Patel,VR Aaron,18,30,0,4,166.67
PA Patel,VRV Singh,14,12,0,2,85.71
PA Patel,VS Malik,6,2,2,2,33.33
PA Patel,VY Mahesh,12,18,0,2,150.0
PA Patel,WD Parnell,24,26,2,3,108.33
PA Patel,Washington Sundar,56,70,2,4,125.0
PA Patel,YK Pathan,72,62,6,6,86.11
PA Patel,Yuvraj Singh,12,14,0,2,116.67
PA Patel,Z Khan,84,86,0,8,102.38
PA Reddy,A Chandila,22,8,2,3,36.36
PA Reddy,AD Mascarenhas,10,14,0,2,140.0
PA Reddy,AD Mathews,10,16,0,2,160.0
PA Reddy,Azhar Mahmood,12,24,0,3,200.0
PA Reddy,B Kumar,14,14,0,2,100.0
PA Reddy,IK Pathan,12,2,0,2,16.67
PA Reddy,J Botha,22,36,0,2,163.64
PA Reddy,JD Unadkat,8,6,0,2,75.0
PA Reddy,M Kartik,12,18,0,2,150.0
PA Reddy,MC Henriques,14,18,0,2,128.57
PA Reddy,MG Johnson,16,12,2,2,75.0
PA Reddy,MN Samuels,12,8,0,2,66.67
PA Reddy,MS Gony,8,8,2,2,100.0
PA Reddy,P Awana,6,8,0,2,133.33
PA Reddy,P Kumar,8,8,0,2,100.0
PA Reddy,PP Chawla,10,18,2,3,180.0
PA Reddy,R Sharma,16,10,0,2,62.5
PA Reddy,R Vinay Kumar,26,24,2,4,92.31
PA Reddy,RP Singh,14,14,2,2,100.0
PA Reddy,RR Powar,6,6,0,2,100.0
PA Reddy,SK Trivedi,12,12,2,2,100.0
PA Reddy,SR Watson,14,24,0,2,171.43
PA Reddy,SW Tait,10,8,0,2,80.0
PA Reddy,Yuvraj Singh,6,4,2,2,66.67
PA Reddy,Z Khan,10,4,0,2,40.0
PBB Rajapaksa,AS Joseph,26,22,2,3,84.62
PBB Rajapaksa,Akash Deep,8,24,0,2,300.0
PBB Rajapaksa,CV Varun,8,4,0,2,50.0
PBB Rajapaksa,D Pretorius,16,22,0,2,137.5
PBB Rajapaksa,DJ Bravo,18,20,2,2,111.11
PBB Rajapaksa,HV Patel,12,18,0,2,150.0
PBB Rajapaksa,J Little,8,6,0,2,75.0
PBB Rajapaksa,KH Pandya,8,8,2,2,100.0
PBB Rajapaksa,KR Sen,8,14,0,2,175.0
PBB Rajapaksa,LH Ferguson,8,16,2,2,200.0
PBB Rajapaksa,M Prasidh Krishna,8,20,0,2,250.0
PBB Rajapaksa,M Theekshana,12,16,0,2,133.33
PBB Rajapaksa,MM Sharma,16,16,0,2,100.0
PBB Rajapaksa,Mohammed Shami,12,20,0,3,166.67
PBB Rajapaksa,Mukesh Choudhary,10,10,0,3,100.0
PBB Rajapaksa,PJ Sangwan,8,20,0,2,250.0
PBB Rajapaksa,PWH de Silva,28,46,2,3,164.29
PBB Rajapaksa,R Ashwin,8,6,0,2,75.0
PBB Rajapaksa,RA Jadeja,14,22,0,2,157.14
PBB Rajapaksa,Rashid Khan,30,20,0,3,66.67
PBB Rajapaksa,Ravi Bishnoi,6,10,0,2,166.67
PBB Rajapaksa,SN Thakur,22,44,2,3,200.0
PBB Rajapaksa,SP Narine,22,46,0,2,209.09
PBB Rajapaksa,Shivam Mavi,10,44,2,2,440.0
PBB Rajapaksa,TG Southee,6,14,0,3,233.33
PBB Rajapaksa,UT Yadav,18,18,2,3,100.0
PBB Rajapaksa,YS Chahal,12,14,2,2,116.67
PC Valthaty,A Mishra,32,36,4,4,112.5
PC Valthaty,A Nehra,8,2,0,2,25.0
PC Valthaty,A Singh,10,6,0,2,60.0
PC Valthaty,AB Dinda,12,2,2,3,16.67
PC Valthaty,AC Thomas,12,12,2,2,100.0
PC Valthaty,AM Salvi,10,24,0,2,240.0
PC Valthaty,AN Ahmed,14,8,0,2,57.14
PC Valthaty,Anureet Singh,12,8,2,2,66.67
PC Valthaty,B Kumar,6,8,0,2,133.33
PC Valthaty,B Lee,18,14,2,3,77.78
PC Valthaty,CH Gayle,8,4,2,3,50.0
PC Valthaty,CK Langeveldt,16,26,2,2,162.5
PC Valthaty,DT Christian,6,4,0,2,66.67
PC Valthaty,DW Steyn,36,30,2,4,83.33
PC Valthaty,Harbhajan Singh,30,24,0,3,80.0
PC Valthaty,I Sharma,24,20,0,4,83.33
PC Valthaty,IK Pathan,30,40,4,3,133.33
PC Valthaty,J Botha,8,12,0,2,150.0
PC Valthaty,JA Morkel,24,68,0,2,283.33
PC Valthaty,JJ van der Wath,12,10,0,2,83.33
PC Valthaty,JP Duminy,14,32,0,3,228.57
PC Valthaty,JR Hopes,26,42,0,2,161.54
PC Valthaty,KA Pollard,8,8,0,2,100.0
PC Valthaty,KK Cooper,10,8,2,2,80.0
PC Valthaty,KV Sharma,16,6,2,2,37.5
PC Valthaty,M Morkel,28,18,2,3,64.29
PC Valthaty,MM Patel,20,20,2,3,100.0
PC Valthaty,MS Gony,16,46,0,2,287.5
PC Valthaty,R Ashwin,24,38,0,2,158.33
PC Valthaty,R Sharma,8,4,2,2,50.0
PC Valthaty,R Vinay Kumar,10,0,0,2,0.0
PC Valthaty,RP Singh,10,24,2,2,240.0
PC Valthaty,S Aravind,14,12,0,2,85.71
PC Valthaty,S Randiv,26,46,0,2,176.92
PC Valthaty,S Sreesanth,10,10,0,2,100.0
PC Valthaty,SB Jakati,12,20,0,2,166.67
PC Valthaty,SB Styris,8,22,0,2,275.0
PC Valthaty,SB Wagh,14,24,0,2,171.43
PC Valthaty,SK Trivedi,16,48,0,3,300.0
PC Valthaty,SK Warne,16,22,2,2,137.5
PC Valthaty,SL Malinga,20,2,0,3,10.0
PC Valthaty,SR Watson,6,4,0,2,66.67
PC Valthaty,STR Binny,6,8,0,2,133.33
PC Valthaty,SW Tait,20,10,0,2,50.0
PC Valthaty,TG Southee,28,44,0,2,157.14
PC Valthaty,TL Suman,8,20,0,2,250.0
PC Valthaty,UT Yadav,16,2,0,2,12.5
PC Valthaty,VR Aaron,28,28,0,2,100.0
PC Valthaty,WD Parnell,14,10,0,2,71.43
PC Valthaty,Z Khan,30,42,2,3,140.0
PD Collingwood,A Kumble,12,14,0,2,116.67
PD Collingwood,A Mithun,14,40,0,2,285.71
PD Collingwood,A Symonds,6,4,0,2,66.67
PD Collingwood,AB Agarkar,12,12,0,2,100.0
PD Collingwood,AD Mathews,12,14,0,2,116.67
PD Collingwood,CH Gayle,24,46,0,2,191.67
PD Collingwood,CL White,12,36,0,2,300.0
PD Collingwood,DJ Hussey,18,22,0,2,122.22
PD Collingwood,Harmeet Singh,18,36,0,2,200.0
PD Collingwood,JH Kallis,18,28,0,2,155.56
PD Collingwood,KA Pollard,6,2,0,2,33.33
PD Collingwood,KP Appanna,22,12,0,2,54.55
PD Collingwood,KP Pietersen,6,4,0,2,66.67
PD Collingwood,M Kartik,20,12,0,2,60.0
PD Collingwood,MR Marsh,6,8,0,2,133.33
PD Collingwood,PP Chawla,8,2,2,2,25.0
PD Collingwood,PP Ojha,20,20,0,2,100.0
PD Collingwood,R Sharma,28,34,0,2,121.43
PD Collingwood,R Vinay Kumar,8,16,0,2,200.0
PD Collingwood,S Narwal,6,10,0,2,166.67
PD Collingwood,SW Tait,10,22,0,2,220.0
PD Collingwood,WPUJC Vaas,6,0,0,2,0.0
PD Salt,A Kamboj,14,36,0,2,257.14
PD Salt,A Nortje,6,4,2,2,66.67
PD Salt,AJ Hosein,20,42,0,2,210.0
PD Salt,AR Patel,22,30,2,4,136.36
PD Salt,Akash Singh,8,10,2,2,125.0
PD Salt,Arshad Khan,6,10,0,2,166.67
PD Salt,Arshad Khan (2),12,26,0,2,216.67
PD Salt,Arshdeep Singh,56,74,4,7,132.14
PD Salt,Auqib Nabi,24,52,0,2,216.67
PD Salt,Avesh Khan,14,10,2,3,71.43
PD Salt,Azmatullah Omarzai,12,20,0,2,166.67
PD Salt,B Kumar,28,30,2,4,107.14
PD Salt,CV Varun,20,50,2,2,250.0
PD Salt,DL Chahar,18,14,4,3,77.78
PD Salt,DS Rathi,10,14,0,2,140.0
PD Salt,E Malinga,18,38,0,2,211.11
PD Salt,Fazalhaq Farooqi,18,24,0,2,133.33
PD Salt,GJ Maxwell,8,10,0,2,125.0
PD Salt,HH Pandya,18,32,0,2,177.78
PD Salt,HV Patel,30,86,0,4,286.67
PD Salt,Harpreet Brar,42,70,2,5,166.67
PD Salt,Harsh Dubey,12,30,0,2,250.0
PD Salt,I Sharma,6,16,0,2,266.67
PD Salt,JC Archer,32,46,2,4,143.75
PD Salt,JD Unadkat,12,16,2,3,133.33
PD Salt,JJ Bumrah,10,12,0,2,120.0
PD Salt,JR Hazlewood,14,24,0,2,171.43
PD Salt,K Kartikeya,10,16,2,2,160.0
PD Salt,K Rabada,8,30,0,2,375.0
PD Salt,KA Jamieson,18,42,2,3,233.33
PD Salt,KH Pandya,8,26,0,2,325.0
PD Salt,KK Ahmed,80,124,0,5,155.0
PD Salt,KV Sharma,22,40,2,2,181.82
PD Salt,Kuldeep Yadav,26,52,2,3,200.0
PD Salt,L Ngidi,8,12,0,2,150.0
PD Salt,LB Williams,18,54,0,2,300.0
PD Salt,LH Ferguson,12,56,0,2,466.67
PD Salt,M Jansen,26,60,0,2,230.77
PD Salt,M Markande,42,76,4,4,180.95
PD Salt,M Theekshana,8,22,0,2,275.0
PD Salt,MA Starc,22,50,0,2,227.27
PD Salt,MJ Henry,8,6,0,2,75.0
PD Salt,MJ Santner,18,50,0,2,277.78
PD Salt,MK Lomror,8,22,0,2,275.0
PD Salt,MP Stoinis,8,18,0,2,225.0
PD Salt,Mohammed Shami,12,10,2,3,83.33
PD Salt,Mohammed Siraj,56,112,4,5,200.0
PD Salt,Mohsin Khan,22,52,0,3,236.36
PD Salt,Mukesh Kumar,12,8,0,2,66.67
PD Salt,Musheer Khan,6,6,0,2,100.0
PD Salt,N Thushara,16,22,4,3,137.5
PD Salt,NT Ellis,20,42,0,3,210.0
PD Salt,Naveen-ul-Haq,12,30,2,2,250.0
PD Salt,Nithish Kumar Reddy,16,30,0,3,187.5
PD Salt,Noor Ahmad,14,20,2,3,142.86
PD Salt,PJ Cummins,20,10,2,3,50.0
PD Salt,PWH de Silva,38,52,2,4,136.84
PD Salt,Prince Yadav,6,4,2,2,66.67
PD Salt,R Ashwin,8,30,0,2,375.0
PD Salt,RD Chahar,12,18,0,2,150.0
PD Salt,Rasikh Salam,6,12,0,2,200.0
PD Salt,Ravi Bishnoi,18,14,0,2,77.78
PD Salt,S Dube,6,2,2,2,33.33
PD Salt,S Joseph,26,30,0,2,115.38
PD Salt,SH Johnson,16,16,0,2,100.0
PD Salt,SM Curran,32,48,2,4,150.0
PD Salt,SP Narine,6,4,0,2,66.67
PD Salt,Sandeep Sharma,20,28,0,3,140.0
PD Salt,Shahbaz Ahmed,14,28,0,3,200.0
PD Salt,T Natarajan,26,30,0,4,115.38
PD Salt,TA Boult,38,50,2,4,131.58
PD Salt,TU Deshpande,28,48,2,6,171.43
PD Salt,Umran Malik,6,18,0,2,300.0
PD Salt,VG Arora,16,40,0,2,250.0
PD Salt,Vijaykumar Vyshak,6,2,2,2,33.33
PD Salt,Yash Dayal,24,38,0,3,158.33
PD Salt,Yash Thakur,16,46,0,2,287.5
PHKD Mendis,AD Russell,8,34,0,2,425.0
PHKD Mendis,Avesh Khan,6,8,0,2,133.33
PHKD Mendis,CV Varun,8,4,0,2,50.0
PHKD Mendis,DS Rathi,16,34,0,2,212.5
PHKD Mendis,Harshit Rana,6,8,0,2,133.33
PHKD Mendis,KK Ahmed,6,8,0,2,133.33
PHKD Mendis,M Pathirana,12,16,0,2,133.33
PHKD Mendis,Noor Ahmad,18,28,0,2,155.56
PHKD Mendis,R Sai Kishore,6,2,0,2,33.33
PHKD Mendis,RA Jadeja,8,12,0,2,150.0
PHKD Mendis,SN Thakur,16,18,0,2,112.5
PHKD Mendis,SP Narine,8,8,2,2,100.0
PHKD Mendis,VG Arora,10,0,0,2,0.0
PJ Cummins,A Nortje,6,8,2,2,133.33
PJ Cummins,AD Russell,14,10,4,3,71.43
PJ Cummins,AR Patel,14,10,0,4,71.43
PJ Cummins,AS Roy,10,14,2,2,140.0
PJ Cummins,Arshdeep Singh,6,8,0,3,133.33
PJ Cummins,Avesh Khan,22,26,2,4,118.18
PJ Cummins,BA Stokes,14,32,2,3,228.57
PJ Cummins,Basil Thampi,8,12,0,2,150.0
PJ Cummins,CH Morris,12,16,4,3,133.33
PJ Cummins,CV Varun,28,38,2,4,135.71
PJ Cummins,DJ Bravo,8,6,2,3,75.0
PJ Cummins,DR Sams,14,68,0,2,485.71
PJ Cummins,G Coetzee,6,8,0,2,133.33
PJ Cummins,HH Pandya,10,16,0,4,160.0
PJ Cummins,Harbhajan Singh,12,14,2,2,116.67
PJ Cummins,Harshit Rana,32,42,0,5,131.25
PJ Cummins,I Sharma,20,48,0,3,240.0
PJ Cummins,JC Archer,16,22,0,3,137.5
PJ Cummins,JJ Bumrah,68,108,2,8,158.82
PJ Cummins,JP Faulkner,8,18,2,2,225.0
PJ Cummins,K Rabada,8,6,2,3,75.0
PJ Cummins,KH Pandya,8,10,0,2,125.0
PJ Cummins,KV Sharma,20,38,0,3,190.0
PJ Cummins,Kartik Tyagi,6,6,2,2,100.0
PJ Cummins,Kuldeep Yadav,12,2,4,3,16.67
PJ Cummins,L Ngidi,24,40,0,3,166.67
PJ Cummins,M Ashwin,8,2,0,2,25.0
PJ Cummins,M Prasidh Krishna,14,34,2,2,242.86
PJ Cummins,MA Starc,10,22,0,2,220.0
PJ Cummins,Mustafizur Rahman,6,6,0,2,100.0
PJ Cummins,N Thushara,16,40,0,2,250.0
PJ Cummins,NM Coulter-Nile,20,44,0,3,220.0
PJ Cummins,PJ Sangwan,6,16,0,2,266.67
PJ Cummins,PP Chawla,8,16,0,2,200.0
PJ Cummins,RA Jadeja,10,4,0,3,40.0
PJ Cummins,RD Chahar,14,14,0,2,100.0
PJ Cummins,Rashid Khan,6,16,0,2,266.67
PJ Cummins,Ravi Bishnoi,8,0,2,2,0.0
PJ Cummins,SM Curran,28,82,0,3,292.86
PJ Cummins,SN Thakur,42,94,0,5,223.81
PJ Cummins,SP Narine,36,26,0,5,72.22
PJ Cummins,Sandeep Sharma,18,32,0,3,177.78
PJ Cummins,Swapnil Singh,6,26,0,2,433.33
PJ Cummins,TA Boult,28,46,4,5,164.29
PJ Cummins,TK Curran,10,10,2,2,100.0
PJ Cummins,TM Head,6,14,2,2,233.33
PJ Cummins,TS Mills,12,26,0,3,216.67
PJ Cummins,TU Deshpande,8,0,2,3,0.0
PJ Cummins,Washington Sundar,24,6,0,3,25.0
PJ Cummins,YS Chahal,18,6,4,4,33.33
PJ Cummins,Yash Dayal,10,6,0,3,60.0
PJ Sangwan,CRD Fernando,6,8,0,2,133.33
PJ Sangwan,DJ Bravo,8,6,0,3,75.0
PJ Sangwan,IK Pathan,6,8,0,2,133.33
PJ Sangwan,K Rabada,6,2,0,2,33.33
PJ Sangwan,KA Pollard,6,4,0,2,66.67
PJ Sangwan,RP Singh,6,8,0,3,133.33
PJ Sangwan,Rashid Khan,6,0,0,2,0.0
PJ Sangwan,SB Jakati,6,0,2,2,0.0
PJ Sangwan,ST Jayasuriya,12,4,0,2,33.33
PK Garg,A Nortje,8,12,0,2,150.0
PK Garg,A Zampa,12,4,0,2,33.33
PK Garg,Abhishek Sharma,10,18,0,2,180.0
PK Garg,Arshdeep Singh,16,8,4,4,50.0
PK Garg,CV Varun,20,8,2,3,40.0
PK Garg,DJ Bravo,28,34,2,4,121.43
PK Garg,DL Chahar,6,14,0,2,233.33
PK Garg,DR Sams,20,38,0,2,190.0
PK Garg,DT Christian,10,8,2,2,80.0
PK Garg,DW Steyn,8,14,0,2,175.0
PK Garg,HH Pandya,6,2,0,2,33.33
PK Garg,J Little,8,10,0,2,125.0
PK Garg,JC Archer,6,6,0,2,100.0
PK Garg,JD Unadkat,10,24,0,2,240.0
PK Garg,JDS Neesham,12,26,0,2,216.67
PK Garg,K Rabada,8,4,2,3,50.0
PK Garg,KA Pollard,8,12,0,2,150.0
PK Garg,KV Sharma,22,16,2,2,72.73
PK Garg,LH Ferguson,10,4,2,2,40.0
PK Garg,M Markande,20,30,2,3,150.0
PK Garg,Mohammed Shami,14,8,2,2,57.14
PK Garg,PP Chawla,18,26,0,3,144.44
PK Garg,R Ashwin,8,16,0,2,200.0
PK Garg,R Sanjay Yadav,6,14,0,2,233.33
PK Garg,RA Jadeja,22,22,0,4,100.0
PK Garg,S Dube,14,6,2,2,42.86
PK Garg,SM Curran,12,40,0,2,333.33
PK Garg,SN Thakur,16,20,0,3,125.0
PK Garg,SP Narine,20,12,0,2,60.0
PK Garg,Shakib Al Hasan,22,26,0,2,118.18
PK Garg,TA Boult,12,8,0,3,66.67
PK Garg,YS Chahal,26,28,2,4,107.69
PN Mankad,Abhishek Sharma,8,12,0,2,150.0
PN Mankad,Akash Madhwal,10,4,2,2,40.0
PN Mankad,B Kumar,10,6,0,2,60.0
PN Mankad,CV Varun,10,20,0,2,200.0
PN Mankad,Fazalhaq Farooqi,16,30,0,2,187.5
PN Mankad,GD Phillips,14,14,0,2,100.0
PN Mankad,Harshit Rana,18,26,0,2,144.44
PN Mankad,M Markande,16,32,0,2,200.0
PN Mankad,T Natarajan,26,34,0,2,130.77
PN Mankad,VG Arora,12,6,2,2,50.0
PP Chawla,A Kumble,6,6,0,2,100.0
PP Chawla,A Mishra,14,24,0,4,171.43
PP Chawla,A Nehra,14,32,0,3,228.57
PP Chawla,A Singh,16,18,0,3,112.5
PP Chawla,A Symonds,14,6,0,2,42.86
PP Chawla,AB Dinda,18,14,0,3,77.78
PP Chawla,AC Thomas,8,4,0,2,50.0
PP Chawla,AD Mathews,12,24,0,2,200.0
PP Chawla,AR Patel,10,6,2,4,60.0
PP Chawla,Anand Rajan,12,24,0,2,200.0
PP Chawla,Anureet Singh,6,12,2,2,200.0
PP Chawla,B Kumar,10,10,0,3,100.0
PP Chawla,BCJ Cutting,12,12,2,2,100.0
PP Chawla,BE Hendricks,8,18,0,2,225.0
PP Chawla,CH Gayle,8,6,2,2,75.0
PP Chawla,CH Morris,10,20,0,3,200.0
PP Chawla,D Pretorius,6,6,0,2,100.0
PP Chawla,DJ Bravo,18,2,4,4,11.11
PP Chawla,DP Nannes,6,2,2,2,33.33
PP Chawla,DR Smith,12,6,2,2,50.0
PP Chawla,DS Kulkarni,12,12,2,3,100.0
PP Chawla,DW Steyn,20,36,2,5,180.0
PP Chawla,HH Pandya,8,2,0,2,25.0
PP Chawla,Harbhajan Singh,20,14,4,4,70.0
PP Chawla,I Sharma,14,42,0,3,300.0
PP Chawla,IK Pathan,12,8,0,2,66.67
PP Chawla,Imran Tahir,22,24,0,3,109.09
PP Chawla,J Botha,8,6,0,3,75.0
PP Chawla,JA Morkel,32,18,4,6,56.25
PP Chawla,JD Ryder,8,2,0,2,25.0
PP Chawla,JH Kallis,12,28,0,3,233.33
PP Chawla,JJ Bumrah,14,10,0,2,71.43
PP Chawla,KA Pollard,6,0,0,2,0.0
PP Chawla,KK Ahmed,6,14,0,2,233.33
PP Chawla,KK Cooper,10,6,4,3,60.0
PP Chawla,KMA Paul,6,16,0,2,266.67
PP Chawla,KV Sharma,10,28,0,3,280.0
PP Chawla,L Balaji,40,38,2,7,95.0
PP Chawla,M Manhas,22,12,0,2,54.55
PP Chawla,M Morkel,10,8,2,3,80.0
PP Chawla,M Muralitharan,22,16,2,3,72.73
PP Chawla,MF Maharoof,6,8,0,2,133.33
PP Chawla,MG Johnson,22,32,2,6,145.45
PP Chawla,MM Patel,18,30,0,4,166.67
PP Chawla,MM Sharma,22,34,4,4,154.55
PP Chawla,MN Samuels,18,20,0,2,111.11
PP Chawla,Mohammed Shami,12,10,0,3,83.33
PP Chawla,NLTC Perera,16,16,4,4,100.0
PP Chawla,P Awana,14,38,0,3,271.43
PP Chawla,R Ashwin,6,4,0,2,66.67
PP Chawla,R McLaren,12,22,0,2,183.33
PP Chawla,R Sharma,36,24,2,4,66.67
PP Chawla,R Tewatia,6,0,2,2,0.0
PP Chawla,R Vinay Kumar,8,26,0,3,325.0
PP Chawla,RJ Harris,6,4,0,2,66.67
PP Chawla,RP Singh,20,30,2,5,150.0
PP Chawla,Rashid Khan,22,8,2,4,36.36
PP Chawla,S Kaul,8,4,2,2,50.0
PP Chawla,SB Styris,6,14,0,2,233.33
PP Chawla,SK Trivedi,20,18,2,4,90.0
PP Chawla,SK Warne,16,22,2,3,137.5
PP Chawla,SL Malinga,34,22,2,7,64.71
PP Chawla,SN Thakur,6,4,0,2,66.67
PP Chawla,SP Narine,30,26,2,4,86.67
PP Chawla,SR Watson,36,44,4,5,122.22
PP Chawla,SSB Magala,6,4,0,2,66.67
PP Chawla,SW Tait,6,8,2,2,133.33
PP Chawla,Sandeep Sharma,8,6,0,3,75.0
PP Chawla,UT Yadav,10,10,4,4,100.0
PP Chawla,Umar Gul,6,2,2,3,33.33
PP Chawla,VR Aaron,6,4,0,2,66.67
PP Chawla,WPUJC Vaas,6,10,0,2,166.67
PP Chawla,YK Pathan,6,4,2,2,66.67
PP Chawla,Yuvraj Singh,12,8,0,2,66.67
PP Chawla,Z Khan,16,28,2,4,175.0
PP Hinge,JO Holder,8,0,0,2,0.0
PP Hinge,Rashid Khan,8,6,2,2,75.0
PP Ojha,M Morkel,8,2,0,2,25.0
PP Ojha,MA Starc,8,2,0,2,25.0
PP Ojha,MM Sharma,6,2,2,3,33.33
PP Ojha,SK Raina,8,0,4,3,0.0
PP Ojha,SL Malinga,8,4,2,3,50.0
PP Ojha,UT Yadav,12,4,0,2,33.33
PP Shaw,AD Russell,52,70,0,6,134.62
PP Shaw,AJ Tye,10,14,0,2,140.0
PP Shaw,AS Rajpoot,10,10,2,2,100.0
PP Shaw,Abhishek Sharma,6,16,0,2,266.67
PP Shaw,Akash Madhwal,10,20,0,2,200.0
PP Shaw,Arshad Khan,22,34,0,3,154.55
PP Shaw,Arshdeep Singh,44,74,2,5,168.18
PP Shaw,Avesh Khan,12,28,0,3,233.33
PP Shaw,Azmatullah Omarzai,10,20,0,2,200.0
PP Shaw,B Kumar,70,70,4,7,100.0
PP Shaw,BA Stokes,8,6,0,2,75.0
PP Shaw,BB Sran,10,34,0,2,340.0
PP Shaw,Basil Thampi,22,20,2,3,90.91
PP Shaw,C Sakariya,18,14,2,3,77.78
PP Shaw,CJ Jordan,10,26,0,2,260.0
PP Shaw,CV Varun,50,74,6,6,148.0
PP Shaw,DJ Bravo,10,6,2,2,60.0
PP Shaw,DJ Hooda,8,20,0,2,250.0
PP Shaw,DL Chahar,146,180,12,12,123.29
PP Shaw,DR Sams,42,58,0,4,138.1
PP Shaw,DS Kulkarni,26,48,0,3,184.62
PP Shaw,G Coetzee,20,34,0,2,170.0
PP Shaw,GHS Garton,10,14,0,2,140.0
PP Shaw,GJ Maxwell,26,30,0,4,115.38
PP Shaw,HH Pandya,24,34,0,4,141.67
PP Shaw,HR Shokeen,18,20,2,3,111.11
PP Shaw,HV Patel,8,6,2,3,75.0
PP Shaw,Harbhajan Singh,6,10,0,2,166.67
PP Shaw,I Udana,10,24,0,2,240.0
PP Shaw,J Suchith,16,12,0,2,75.0
PP Shaw,J Yadav,24,24,2,4,100.0
PP Shaw,JA Richardson,10,22,0,2,220.0
PP Shaw,JC Archer,32,28,4,5,87.5
PP Shaw,JD Unadkat,34,68,2,5,200.0
PP Shaw,JJ Bumrah,44,32,4,5,72.73
PP Shaw,JO Holder,16,28,0,2,175.0
PP Shaw,JR Hazlewood,40,64,0,5,160.0
PP Shaw,Jalaj S Saxena,6,10,0,2,166.67
PP Shaw,K Gowtham,30,62,2,5,206.67
PP Shaw,K Rabada,20,22,0,3,110.0
PP Shaw,KH Pandya,34,36,2,6,105.88
PP Shaw,KK Ahmed,60,86,6,5,143.33
PP Shaw,KL Nagarkoti,12,30,2,2,250.0
PP Shaw,KM Asif,8,16,2,2,200.0
PP Shaw,Kuldeep Yadav,22,50,0,3,227.27
PP Shaw,L Ngidi,6,4,0,3,66.67
PP Shaw,LH Ferguson,42,72,4,5,171.43
PP Shaw,M Ashwin,12,16,0,2,133.33
PP Shaw,M Pathirana,6,2,0,2,33.33
PP Shaw,M Prasidh Krishna,48,66,2,5,137.5
PP Shaw,MA Starc,20,46,0,3,230.0
PP Shaw,MA Wood,6,0,2,2,0.0
PP Shaw,MG Johnson,22,48,0,2,218.18
PP Shaw,MJ McClenaghan,6,8,2,2,133.33
PP Shaw,MM Ali,30,48,0,3,160.0
PP Shaw,Mohammad Nabi,34,38,0,4,111.76
PP Shaw,Mohammed Shami,64,92,4,8,143.75
PP Shaw,Mohammed Siraj,58,82,6,8,141.38
PP Shaw,Mohsin Khan,10,2,0,2,20.0
PP Shaw,Mustafizur Rahman,20,36,0,3,180.0
PP Shaw,N Rana,6,12,0,2,200.0
PP Shaw,NA Saini,22,26,0,3,118.18
PP Shaw,NT Ellis,16,18,0,3,112.5
PP Shaw,Naveen-ul-Haq,10,18,0,2,180.0
PP Shaw,OC McCoy,16,32,0,2,200.0
PP Shaw,P Negi,6,2,2,2,33.33
PP Shaw,PJ Cummins,40,64,2,4,160.0
PP Shaw,PP Chawla,70,124,4,5,177.14
PP Shaw,R Ashwin,14,10,4,3,71.43
PP Shaw,R Parag,12,16,0,2,133.33
PP Shaw,R Shepherd,12,14,0,2,116.67
PP Shaw,RA Jadeja,66,114,4,6,172.73
PP Shaw,RD Chahar,40,54,4,4,135.0
PP Shaw,RP Meredith,12,6,0,2,50.0
PP Shaw,Rashid Khan,28,44,2,4,157.14
PP Shaw,Rasikh Salam,12,16,0,3,133.33
PP Shaw,Ravi Bishnoi,24,26,2,4,108.33
PP Shaw,S Gopal,22,28,4,3,127.27
PP Shaw,S Kaul,26,64,0,3,246.15
PP Shaw,S Sandeep Warrier,16,16,4,3,100.0
PP Shaw,SM Curran,46,56,2,5,121.74
PP Shaw,SN Thakur,32,84,0,4,262.5
PP Shaw,SP Narine,62,94,0,7,151.61
PP Shaw,SS Cottrell,10,10,0,2,100.0
PP Shaw,STR Binny,8,4,0,2,50.0
PP Shaw,Sandeep Sharma,24,48,0,3,200.0
PP Shaw,Shakib Al Hasan,40,62,2,4,155.0
PP Shaw,Shivam Mavi,36,82,0,4,227.78
PP Shaw,TA Boult,56,56,8,8,100.0
PP Shaw,TG Southee,16,34,0,2,212.5
PP Shaw,TS Mills,12,24,0,2,200.0
PP Shaw,TU Deshpande,18,14,2,3,77.78
PP Shaw,UT Yadav,34,50,4,5,147.06
PP Shaw,V Shankar,10,2,0,2,20.0
PP Shaw,VG Arora,24,42,4,4,175.0
PP Shaw,VR Aaron,14,22,0,3,157.14
PP Shaw,VR Iyer,8,24,0,2,300.0
PP Shaw,Washington Sundar,46,76,2,5,165.22
PP Shaw,YS Chahal,42,82,4,7,195.24
PR Shah,A Nehra,8,4,0,2,50.0
PR Shah,AM Salvi,12,8,0,2,66.67
PR Shah,B Akhil,10,4,2,2,40.0
PR Shah,BJ Hodge,8,8,2,2,100.0
PR Shah,DP Nannes,12,2,2,3,16.67
PR Shah,DP Vijaykumar,8,12,0,2,150.0
PR Shah,DR Smith,10,24,0,2,240.0
PR Shah,Harmeet Singh,16,20,0,2,125.0
PR Shah,JH Kallis,6,10,0,2,166.67
PR Shah,PJ Sangwan,14,14,0,2,100.0
PR Shah,R Bhatia,12,16,2,3,133.33
PR Shah,R Vinay Kumar,16,8,0,2,50.0
PR Shah,RJ Harris,8,6,0,2,75.0
PR Shah,RP Singh,6,10,2,3,166.67
PR Shah,S Sreesanth,6,8,2,2,133.33
PR Shah,SB Joshi,12,16,0,2,133.33
PR Veer,Abhinandan Singh,8,14,0,2,175.0
PR Veer,Avesh Khan,14,18,0,2,128.57
PR Veer,KH Pandya,20,48,0,2,240.0
PR Veer,M Jansen,6,10,0,2,166.67
PR Veer,Mohammed Shami,8,12,0,2,150.0
PR Veer,PP Hinge,12,12,2,2,100.0
PR Veer,Prince Yadav,20,28,0,3,140.0
PR Veer,Suyash Sharma,24,20,0,2,83.33
PSP Handscomb,Harbhajan Singh,8,6,2,2,75.0
PSP Handscomb,JJ Bumrah,8,2,0,2,25.0
PSP Handscomb,TG Southee,8,4,0,2,50.0
PV Tambe,CH Gayle,12,0,0,2,0.0
PV Tambe,DW Steyn,16,8,0,3,50.0
PV Tambe,IK Pathan,8,2,2,2,25.0
PV Tambe,MA Starc,8,4,0,2,50.0
PV Tambe,S Aravind,8,2,0,2,25.0
PV Tambe,V Kohli,8,4,0,2,50.0
PV Tambe,VR Aaron,8,8,0,2,100.0
PVD Chameera,Arshdeep Singh,6,8,0,2,133.33
PVD Chameera,HV Patel,6,14,0,2,233.33
PVD Chameera,JJ Bumrah,6,6,0,2,100.0
PVD Chameera,JR Hazlewood,8,10,0,3,125.0
PVD Chameera,K Rabada,6,24,2,2,400.0
PVD Chameera,RD Chahar,8,2,0,2,25.0
PVD Chameera,Suyash Sharma,6,0,0,2,0.0
PVD Chameera,TA Boult,16,22,0,3,137.5
PVD Chameera,YS Chahal,6,8,2,2,133.33
PWA Mulder,MM Sharma,6,10,0,2,166.67
PWH de Silva,Akash Madhwal,6,8,0,2,133.33
PWH de Silva,CJ Jordan,10,16,0,2,160.0
PWH de Silva,CV Varun,12,6,6,4,50.0
PWH de Silva,JO Holder,6,2,0,2,33.33
PWH de Silva,KR Sen,8,16,2,2,200.0
PWH de Silva,M Jansen,12,12,2,3,100.0
PWH de Silva,M Prasidh Krishna,6,4,2,3,66.67
PWH de Silva,Naveen-ul-Haq,6,12,0,2,200.0
PWH de Silva,Noor Ahmad,8,8,0,2,100.0
PWH de Silva,R Ashwin,8,4,0,2,50.0
PWH de Silva,RA Jadeja,6,12,4,3,200.0
PWH de Silva,SP Narine,6,10,0,2,166.67
PWH de Silva,T Natarajan,6,2,2,2,33.33
PWH de Silva,TG Southee,6,8,2,2,133.33
PWH de Silva,Umran Malik,20,2,0,2,10.0
PWH de Silva,YS Chahal,14,22,0,3,157.14
PWH de Silva,Yash Thakur,8,4,0,2,50.0
Pankaj Singh,IK Pathan,12,2,2,3,16.67
Parvez Rasool,B Kumar,10,10,2,2,100.0
Parvez Rasool,SP Narine,6,2,0,2,33.33
Prince Yadav,JJ Bumrah,6,2,0,2,33.33
Prince Yadav,TA Boult,8,4,0,2,50.0
Priyansh Arya,A Kamboj,8,12,0,2,150.0
Priyansh Arya,A Nortje,6,16,0,2,266.67
Priyansh Arya,AD Russell,8,14,2,2,175.0
Priyansh Arya,AR Patel,26,74,2,3,284.62
Priyansh Arya,Akash Singh,8,2,2,2,25.0
Priyansh Arya,Arshad Khan,12,40,0,2,333.33
Priyansh Arya,Ashwani Kumar,6,4,2,3,66.67
Priyansh Arya,Auqib Nabi,40,54,0,3,135.0
Priyansh Arya,Avesh Khan,20,44,0,3,220.0
Priyansh Arya,B Kumar,46,34,2,6,73.91
Priyansh Arya,C Sakariya,8,20,0,2,250.0
Priyansh Arya,CV Varun,10,16,0,2,160.0
Priyansh Arya,DL Chahar,34,62,2,4,182.35
Priyansh Arya,DS Rathi,8,10,2,2,125.0
Priyansh Arya,E Malinga,6,22,0,2,366.67
Priyansh Arya,Fazalhaq Farooqi,8,12,0,2,150.0
Priyansh Arya,HH Pandya,14,34,0,2,242.86
Priyansh Arya,HV Patel,18,56,2,3,311.11
Priyansh Arya,Harsh Dubey,12,36,0,2,300.0
Priyansh Arya,Harshit Rana,14,42,2,3,300.0
Priyansh Arya,JC Archer,12,16,4,3,133.33
Priyansh Arya,JD Unadkat,6,2,0,2,33.33
Priyansh Arya,JJ Bumrah,34,42,0,4,123.53
Priyansh Arya,JR Hazlewood,32,58,4,4,181.25
Priyansh Arya,K Rabada,14,16,2,3,114.29
Priyansh Arya,KK Ahmed,50,112,2,4,224.0
Priyansh Arya,Kuldeep Yadav,14,38,0,2,271.43
Priyansh Arya,L Ngidi,10,34,0,2,340.0
Priyansh Arya,M Pathirana,10,44,0,2,440.0
Priyansh Arya,M Siddharth,10,16,2,2,160.0
Priyansh Arya,M Tiwari,10,10,2,3,100.0
Priyansh Arya,MA Starc,20,46,0,3,230.0
Priyansh Arya,MJ Henry,12,42,2,2,350.0
Priyansh Arya,MJ Santner,10,14,2,2,140.0
Priyansh Arya,Mohammed Shami,26,52,2,4,200.0
Priyansh Arya,Mohammed Siraj,34,46,2,4,135.29
Priyansh Arya,Mohsin Khan,18,68,0,2,377.78
Priyansh Arya,Mukesh Choudhary,12,38,0,2,316.67
Priyansh Arya,Mukesh Kumar,26,38,0,4,146.15
Priyansh Arya,Mustafizur Rahman,6,4,2,2,66.67
Priyansh Arya,N Burger,12,42,0,2,350.0
Priyansh Arya,Noor Ahmad,12,16,2,2,133.33
Priyansh Arya,PJ Cummins,14,24,2,3,171.43
Priyansh Arya,PVD Chameera,22,48,0,2,218.18
Priyansh Arya,Prince Yadav,12,18,0,2,150.0
Priyansh Arya,R Ashwin,20,56,0,2,280.0
Priyansh Arya,RA Jadeja,12,10,0,2,83.33
Priyansh Arya,RJW Topley,16,38,0,2,237.5
Priyansh Arya,Rashid Khan,6,10,2,2,166.67
Priyansh Arya,SN Thakur,6,4,0,3,66.67
Priyansh Arya,SP Narine,20,22,0,2,110.0
Priyansh Arya,T Natarajan,12,4,2,3,33.33
Priyansh Arya,TA Boult,24,42,0,3,175.0
Priyansh Arya,TU Deshpande,6,6,2,2,100.0
Priyansh Arya,VG Arora,28,52,0,3,185.71
Priyansh Arya,Yash Dayal,26,46,2,5,176.92
Q de Kock,A Kamboj,10,16,2,2,160.0
Q de Kock,A Mishra,24,22,0,3,91.67
Q de Kock,A Nehra,20,38,0,2,190.0
Q de Kock,A Nortje,70,110,2,6,157.14
Q de Kock,AB Dinda,42,60,4,4,142.86
Q de Kock,AD Russell,74,178,4,7,240.54
Q de Kock,AJ Hosein,10,14,0,2,140.0
Q de Kock,AJ Tye,12,10,0,3,83.33
Q de Kock,AK Markram,18,16,0,2,88.89
Q de Kock,AR Patel,106,168,2,10,158.49
Q de Kock,AS Rajpoot,22,40,0,3,181.82
Q de Kock,AS Roy,12,22,0,2,183.33
Q de Kock,Abdul Samad,20,50,0,2,250.0
Q de Kock,Akash Deep,10,16,2,2,160.0
Q de Kock,Arshdeep Singh,52,60,2,6,115.38
Q de Kock,Avesh Khan,6,10,0,2,166.67
Q de Kock,B Kumar,116,114,2,13,98.28
Q de Kock,BB Sran,18,24,2,3,133.33
Q de Kock,BW Hilfenhaus,24,24,0,2,100.0
Q de Kock,Basil Thampi,30,52,0,2,173.33
Q de Kock,C Green,12,24,0,2,200.0
Q de Kock,C Sakariya,30,50,0,3,166.67
Q de Kock,CH Gayle,22,16,0,3,72.73
Q de Kock,CH Morris,28,44,0,4,157.14
Q de Kock,CJ Green,20,26,0,2,130.0
Q de Kock,CJ Jordan,38,44,2,4,115.79
Q de Kock,CV Varun,64,78,4,6,121.88
Q de Kock,D Pretorius,14,14,2,2,100.0
Q de Kock,D Wiese,32,94,0,3,293.75
Q de Kock,DJ Bravo,28,30,2,3,107.14
Q de Kock,DJ Hooda,18,24,2,4,133.33
Q de Kock,DJG Sammy,10,18,0,2,180.0
Q de Kock,DJM Short,6,4,2,2,66.67
Q de Kock,DL Chahar,174,218,10,14,125.29
Q de Kock,DR Sams,24,38,0,3,158.33
Q de Kock,DR Smith,16,16,0,2,100.0
Q de Kock,DS Kulkarni,70,110,2,7,157.14
Q de Kock,DT Christian,10,22,0,2,220.0
Q de Kock,DW Steyn,44,56,2,4,127.27
Q de Kock,E Malinga,8,2,2,2,25.0
Q de Kock,FA Allen,6,12,2,2,200.0
Q de Kock,GC Viljoen,16,16,0,3,100.0
Q de Kock,GD Phillips,6,6,0,2,100.0
Q de Kock,GJ Maxwell,50,38,0,6,76.0
Q de Kock,HH Pandya,22,40,0,3,181.82
Q de Kock,HV Patel,78,110,0,8,141.03
Q de Kock,Harbhajan Singh,80,70,2,8,87.5
Q de Kock,Harshit Rana,26,48,0,3,184.62
Q de Kock,I Sharma,68,106,4,6,155.88
Q de Kock,I Udana,8,14,0,2,175.0
Q de Kock,IC Pandey,18,28,2,3,155.56
Q de Kock,Imran Tahir,28,20,0,3,71.43
Q de Kock,Iqbal Abdulla,6,8,0,2,133.33
Q de Kock,JC Archer,74,152,4,6,205.41
Q de Kock,JD Unadkat,82,116,0,7,141.46
Q de Kock,JH Kallis,8,10,0,2,125.0
Q de Kock,JJ Bumrah,18,16,2,5,88.89
Q de Kock,JO Holder,8,8,0,2,100.0
Q de Kock,JP Behrendorff,10,2,0,2,20.0
Q de Kock,JP Faulkner,12,6,0,3,50.0
Q de Kock,JR Hazlewood,22,32,4,4,145.45
Q de Kock,K Gowtham,28,58,0,3,207.14
Q de Kock,K Rabada,102,158,2,11,154.9
Q de Kock,KA Jamieson,10,8,0,2,80.0
Q de Kock,KC Cariappa,16,26,0,2,162.5
Q de Kock,KH Pandya,14,12,2,3,85.71
Q de Kock,KK Ahmed,60,92,2,6,153.33
Q de Kock,KMA Paul,6,14,0,2,233.33
Q de Kock,KR Sen,16,30,0,2,187.5
Q de Kock,KS Williamson,12,24,0,2,200.0
Q de Kock,KV Sharma,18,30,4,3,166.67
Q de Kock,KW Richardson,6,4,0,2,66.67
Q de Kock,Kuldeep Yadav,28,40,4,3,142.86
Q de Kock,L Ngidi,16,42,0,3,262.5
Q de Kock,LH Ferguson,14,26,0,2,185.71
Q de Kock,LS Livingstone,16,38,0,3,237.5
Q de Kock,Lalit Yadav,24,36,0,3,150.0
Q de Kock,M Ashwin,44,76,0,4,172.73
Q de Kock,M Jansen,30,36,0,3,120.0
Q de Kock,M Markande,12,32,2,2,266.67
Q de Kock,M Pathirana,10,8,0,2,80.0
Q de Kock,M Prasidh Krishna,50,88,4,6,176.0
Q de Kock,M Theekshana,30,30,0,2,100.0
Q de Kock,MA Starc,32,34,2,4,106.25
Q de Kock,MC Henriques,18,18,2,4,100.0
Q de Kock,MG Johnson,28,58,0,3,207.14
Q de Kock,MJ McClenaghan,42,28,6,5,66.67
Q de Kock,MM Ali,18,14,4,5,77.78
Q de Kock,MM Sharma,48,60,2,7,125.0
Q de Kock,MP Stoinis,26,38,6,5,146.15
Q de Kock,Mayank Dagar,14,28,0,2,200.0
Q de Kock,Mohammad Nabi,38,26,0,3,68.42
Q de Kock,Mohammed Shami,88,116,6,9,131.82
Q de Kock,Mohammed Siraj,76,106,4,9,139.47
Q de Kock,Mujeeb Ur Rahman,34,22,2,3,64.71
Q de Kock,Mukesh Choudhary,24,22,2,3,91.67
Q de Kock,Mustafizur Rahman,70,106,2,7,151.43
Q de Kock,N Rana,24,26,0,5,108.33
Q de Kock,NA Saini,22,30,0,3,136.36
Q de Kock,Noor Ahmad,12,22,0,2,183.33
Q de Kock,P Dubey,8,16,0,2,200.0
Q de Kock,P Kumar,48,60,2,5,125.0
Q de Kock,P Sahu,16,20,0,2,125.0
Q de Kock,PJ Cummins,18,26,2,5,144.44
Q de Kock,PP Chawla,28,18,4,5,64.29
Q de Kock,PV Tambe,20,26,2,2,130.0
Q de Kock,PWH de Silva,18,42,0,2,233.33
Q de Kock,Parvez Rasool,36,56,0,3,155.56
Q de Kock,R Ashwin,152,170,8,12,111.84
Q de Kock,R Bhatia,12,16,0,2,133.33
Q de Kock,R Dhawan,8,8,0,2,100.0
Q de Kock,R Parag,36,44,0,3,122.22
Q de Kock,R Tewatia,12,16,0,2,133.33
Q de Kock,R Vinay Kumar,14,40,0,2,285.71
Q de Kock,RA Jadeja,60,84,0,7,140.0
Q de Kock,RD Chahar,26,28,0,3,107.69
Q de Kock,RJW Topley,24,32,2,2,133.33
Q de Kock,Rashid Khan,92,96,4,5,104.35
Q de Kock,Ravi Bishnoi,26,24,0,3,92.31
Q de Kock,S Aravind,50,80,0,3,160.0
Q de Kock,S Dube,6,2,0,2,33.33
Q de Kock,S Gopal,56,36,2,5,64.29
Q de Kock,S Kaul,18,38,2,3,211.11
Q de Kock,S Kaushik,12,6,2,2,50.0
Q de Kock,S Sandeep Warrier,28,26,0,4,92.86
Q de Kock,SK Raina,26,18,0,2,69.23
Q de Kock,SL Malinga,20,12,0,2,60.0
Q de Kock,SM Curran,46,48,2,5,104.35
Q de Kock,SN Thakur,78,106,4,9,135.9
Q de Kock,SP Narine,100,98,4,8,98.0
Q de Kock,SR Watson,46,76,2,5,165.22
Q de Kock,SS Cottrell,10,0,2,2,0.0
Q de Kock,STR Binny,40,52,0,4,130.0
Q de Kock,Sandeep Sharma,86,100,4,8,116.28
Q de Kock,Shashank Singh,10,30,0,2,300.0
Q de Kock,Shivam Mavi,26,32,2,4,123.08
Q de Kock,T Natarajan,20,12,0,3,60.0
Q de Kock,TA Boult,60,84,6,8,140.0
Q de Kock,TG Southee,60,114,0,4,190.0
Q de Kock,TU Deshpande,58,90,0,4,155.17
Q de Kock,UT Yadav,86,130,4,7,151.16
Q de Kock,V Shankar,18,12,0,2,66.67
Q de Kock,VG Arora,18,26,2,3,144.44
Q de Kock,VR Aaron,8,4,0,2,50.0
Q de Kock,Vijaykumar Vyshak,18,30,0,2,166.67
Q de Kock,Washington Sundar,32,18,2,4,56.25
Q de Kock,XC Bartlett,32,52,2,3,162.5
Q de Kock,YK Pathan,6,12,0,2,200.0
Q de Kock,YS Chahal,104,146,12,10,140.38
Q de Kock,Yash Dayal,26,26,2,3,100.0
Q de Kock,Z Khan,6,2,0,2,33.33
R Ashwin,A Mishra,20,12,0,3,60.0
R Ashwin,A Nortje,12,28,0,3,233.33
R Ashwin,AB Dinda,10,22,0,2,220.0
R Ashwin,AD Russell,14,36,2,4,257.14
R Ashwin,AR Patel,36,38,4,5,105.56
R Ashwin,Akash Madhwal,14,10,2,2,71.43
R Ashwin,Akash Singh,8,26,2,2,325.0
R Ashwin,Arshad Khan,6,12,0,2,200.0
R Ashwin,Arshdeep Singh,12,2,4,3,16.67
R Ashwin,Avesh Khan,20,30,0,4,150.0
R Ashwin,Azhar Mahmood,6,14,0,2,233.33
R Ashwin,B Kumar,8,2,0,3,25.0
R Ashwin,B Lee,10,2,0,2,20.0
R Ashwin,BB Sran,16,16,2,2,100.0
R Ashwin,C Sakariya,14,18,0,3,128.57
R Ashwin,CH Morris,6,4,2,2,66.67
R Ashwin,CJ Jordan,14,22,0,3,157.14
R Ashwin,CR Woakes,8,12,0,2,150.0
R Ashwin,CV Varun,18,16,2,4,88.89
R Ashwin,DS Kulkarni,10,34,0,3,340.0
R Ashwin,DW Steyn,6,6,0,2,100.0
R Ashwin,G Coetzee,6,14,0,2,233.33
R Ashwin,HH Pandya,8,6,0,2,75.0
R Ashwin,HV Patel,14,26,2,4,185.71
R Ashwin,Harbhajan Singh,28,8,6,5,28.57
R Ashwin,Harpreet Brar,8,14,0,2,175.0
R Ashwin,Harshit Rana,20,12,4,4,60.0
R Ashwin,IK Pathan,14,14,4,3,100.0
R Ashwin,Imran Tahir,16,18,0,3,112.5
R Ashwin,JJ Bumrah,24,28,0,4,116.67
R Ashwin,JO Holder,6,6,2,3,100.0
R Ashwin,JP Faulkner,10,14,0,3,140.0
R Ashwin,K Gowtham,20,32,2,3,160.0
R Ashwin,K Khejroliya,8,20,0,2,250.0
R Ashwin,K Rabada,10,12,2,3,120.0
R Ashwin,KA Pollard,18,10,2,3,55.56
R Ashwin,KH Pandya,12,30,0,4,250.0
R Ashwin,Karanveer Singh,6,8,0,2,133.33
R Ashwin,Kuldeep Yadav,44,54,2,5,122.73
R Ashwin,L Balaji,8,10,0,2,125.0
R Ashwin,LE Plunkett,10,10,0,2,100.0
R Ashwin,LH Ferguson,10,4,2,3,40.0
R Ashwin,LS Livingstone,8,6,2,2,75.0
R Ashwin,M Morkel,6,10,0,2,166.67
R Ashwin,M Pathirana,10,20,0,3,200.0
R Ashwin,M Prasidh Krishna,6,6,2,2,100.0
R Ashwin,M Theekshana,8,14,0,2,175.0
R Ashwin,MC Henriques,14,20,0,2,142.86
R Ashwin,MG Johnson,10,6,0,3,60.0
R Ashwin,MJ McClenaghan,10,16,2,3,160.0
R Ashwin,MJ Santner,8,4,0,2,50.0
R Ashwin,MM Ali,36,38,0,6,105.56
R Ashwin,MM Patel,6,2,0,2,33.33
R Ashwin,MM Sharma,6,4,0,3,66.67
R Ashwin,MR Marsh,10,8,2,2,80.0
R Ashwin,Mohammed Shami,14,24,2,4,171.43
R Ashwin,Mohammed Siraj,20,36,2,3,180.0
R Ashwin,Mukesh Choudhary,8,20,0,2,250.0
R Ashwin,Mustafizur Rahman,26,42,0,4,161.54
R Ashwin,NM Coulter-Nile,24,36,0,4,150.0
R Ashwin,P Kumar,10,6,0,2,60.0
R Ashwin,PH Solanki,6,14,0,2,233.33
R Ashwin,PJ Cummins,14,22,0,3,157.14
R Ashwin,PP Chawla,36,26,0,5,72.22
R Ashwin,PP Ojha,10,4,0,2,40.0
R Ashwin,PV Tambe,8,8,0,2,100.0
R Ashwin,PVD Chameera,8,4,0,2,50.0
R Ashwin,R Bhatia,22,16,2,3,72.73
R Ashwin,R Dhawan,8,22,0,2,275.0
R Ashwin,R Sai Kishore,6,4,2,2,66.67
R Ashwin,R Vinay Kumar,8,14,0,3,175.0
R Ashwin,RA Jadeja,16,6,0,2,37.5
R Ashwin,RD Chahar,26,40,0,3,153.85
R Ashwin,RJ Harris,16,16,2,4,100.0
R Ashwin,RP Meredith,12,24,2,3,200.0
R Ashwin,Rashid Khan,26,18,6,6,69.23
R Ashwin,Ravi Bishnoi,16,12,0,3,75.0
R Ashwin,S Aravind,6,2,2,2,33.33
R Ashwin,S Lamichhane,6,10,0,2,166.67
R Ashwin,SL Malinga,24,34,4,6,141.67
R Ashwin,SMSM Senanayake,14,10,0,2,71.43
R Ashwin,SN Thakur,30,44,4,4,146.67
R Ashwin,SP Narine,16,20,2,4,125.0
R Ashwin,SR Watson,10,6,2,4,60.0
R Ashwin,SS Cottrell,6,4,2,2,66.67
R Ashwin,SSB Magala,12,14,0,2,116.67
R Ashwin,Sandeep Sharma,16,18,0,4,112.5
R Ashwin,Shahbaz Ahmed,6,0,2,2,0.0
R Ashwin,Shakib Al Hasan,6,4,0,2,66.67
R Ashwin,Shivam Mavi,10,12,0,3,120.0
R Ashwin,TA Boult,16,12,4,4,75.0
R Ashwin,TG Southee,18,10,2,4,55.56
R Ashwin,UT Yadav,20,44,2,5,220.0
R Ashwin,V Sehwag,14,6,0,2,42.86
R Ashwin,VR Iyer,6,12,0,2,200.0
R Ashwin,WA Mota,8,4,0,2,50.0
R Ashwin,Washington Sundar,12,8,0,2,66.67
R Ashwin,YS Chahal,8,18,2,2,225.0
R Ashwin,Yudhvir Singh,8,22,0,2,275.0
R Bhatia,A Mishra,10,6,2,3,60.0
R Bhatia,A Nehra,8,6,2,3,75.0
R Bhatia,AD Mathews,8,14,0,2,175.0
R Bhatia,AN Ahmed,6,16,0,2,266.67
R Bhatia,B Kumar,14,6,2,4,42.86
R Bhatia,B Lee,8,2,2,3,25.0
R Bhatia,BW Hilfenhaus,6,2,2,3,33.33
R Bhatia,CJ Anderson,10,18,0,2,180.0
R Bhatia,DW Steyn,12,10,2,3,83.33
R Bhatia,HV Patel,8,24,0,3,300.0
R Bhatia,Harbhajan Singh,12,8,4,3,66.67
R Bhatia,IC Pandey,10,6,0,2,60.0
R Bhatia,IK Pathan,26,6,2,5,23.08
R Bhatia,Iqbal Abdulla,6,4,0,2,66.67
R Bhatia,J Botha,6,4,0,2,66.67
R Bhatia,JA Morkel,8,2,2,2,25.0
R Bhatia,JD Unadkat,10,6,0,3,60.0
R Bhatia,JJ Bumrah,12,18,0,3,150.0
R Bhatia,JP Duminy,8,2,0,2,25.0
R Bhatia,Joginder Sharma,10,30,0,2,300.0
R Bhatia,KW Richardson,6,8,2,2,133.33
R Bhatia,M Morkel,20,20,0,3,100.0
R Bhatia,M Muralitharan,8,4,0,3,50.0
R Bhatia,MM Sharma,8,12,4,3,150.0
R Bhatia,Mohammed Shami,6,4,2,2,66.67
R Bhatia,P Awana,8,28,2,2,350.0
R Bhatia,P Kumar,6,8,0,2,133.33
R Bhatia,PJ Cummins,6,4,0,2,66.67
R Bhatia,R Ashwin,30,14,0,4,46.67
R Bhatia,R Sharma,10,22,0,2,220.0
R Bhatia,R Vinay Kumar,16,40,0,5,250.0
R Bhatia,RA Jadeja,30,36,2,6,120.0
R Bhatia,RP Singh,24,38,4,6,158.33
R Bhatia,RR Raje,6,2,0,2,33.33
R Bhatia,S Nadeem,26,20,0,4,76.92
R Bhatia,S Sreesanth,14,34,0,3,242.86
R Bhatia,SK Trivedi,16,26,2,3,162.5
R Bhatia,SL Malinga,24,24,2,6,100.0
R Bhatia,SR Watson,14,22,0,3,157.14
R Bhatia,UT Yadav,16,26,0,4,162.5
R Bhatia,WD Parnell,16,30,0,4,187.5
R Bhatia,Yuvraj Singh,12,6,2,3,50.0
R Bishnoi,VS Malik,16,24,0,2,150.0
R Bishnoi,YA Abdulla,8,0,2,2,0.0
R Dhawan,A Nehra,8,14,0,2,175.0
R Dhawan,AB Dinda,16,12,0,2,75.0
R Dhawan,AR Patel,16,4,2,2,25.0
R Dhawan,Avesh Khan,20,30,0,2,150.0
R Dhawan,Azhar Mahmood,8,2,2,2,25.0
R Dhawan,B Kumar,6,2,2,2,33.33
R Dhawan,CH Morris,6,6,0,2,100.0
R Dhawan,CV Varun,10,16,2,2,160.0
R Dhawan,DJ Bravo,10,20,0,2,200.0
R Dhawan,HV Patel,6,14,2,2,233.33
R Dhawan,J Suchith,6,2,0,2,33.33
R Dhawan,JH Kallis,8,12,0,2,150.0
R Dhawan,JJ Bumrah,6,6,0,2,100.0
R Dhawan,KH Pandya,8,0,0,2,0.0
R Dhawan,Kuldeep Yadav,10,4,0,2,40.0
R Dhawan,M Morkel,8,14,0,2,175.0
R Dhawan,MA Starc,10,8,0,3,80.0
R Dhawan,NLTC Perera,8,22,0,2,275.0
R Dhawan,P Awana,14,22,0,2,157.14
R Dhawan,P Kumar,8,12,0,2,150.0
R Dhawan,P Negi,12,12,0,2,100.0
R Dhawan,PP Chawla,24,10,2,5,41.67
R Dhawan,PVD Chameera,14,12,0,2,85.71
R Dhawan,SK Raina,6,2,0,2,33.33
R Dhawan,SL Malinga,6,10,2,2,166.67
R Dhawan,SP Narine,18,18,0,4,100.0
R Dhawan,Sandeep Sharma,6,4,0,2,66.67
R Dhawan,Shakib Al Hasan,18,22,2,2,122.22
R Dhawan,TA Boult,6,6,0,2,100.0
R Dhawan,UT Yadav,12,10,0,3,83.33
R Dhawan,VR Aaron,6,10,0,2,166.67
R Dhawan,WD Parnell,6,16,0,2,266.67
R Dhawan,Yuvraj Singh,14,18,0,2,128.57
R Dravid,A Ashish Reddy,6,10,0,2,166.67
R Dravid,A Flintoff,12,14,0,2,116.67
R Dravid,A Mishra,52,52,2,6,100.0
R Dravid,A Nehra,64,66,2,7,103.12
R Dravid,A Symonds,56,60,2,6,107.14
R Dravid,AB Agarkar,52,74,0,4,142.31
R Dravid,AB Dinda,42,50,0,5,119.05
R Dravid,AB McDonald,24,30,0,3,125.0
R Dravid,AC Thomas,10,16,0,2,160.0
R Dravid,AD Mascarenhas,10,18,0,2,180.0
R Dravid,AD Mathews,64,78,6,6,121.88
R Dravid,AD Russell,20,32,0,2,160.0
R Dravid,AG Murtaza,10,8,0,2,80.0
R Dravid,AM Salvi,8,12,0,2,150.0
R Dravid,Anand Rajan,8,18,0,2,225.0
R Dravid,Ankit Sharma,12,12,0,2,100.0
R Dravid,Azhar Mahmood,20,16,0,2,80.0
R Dravid,B Kumar,62,60,0,5,96.77
R Dravid,B Lee,48,46,0,4,95.83
R Dravid,BAW Mendis,18,12,2,3,66.67
R Dravid,BJ Rohrer,8,12,0,2,150.0
R Dravid,BW Hilfenhaus,6,0,2,2,0.0
R Dravid,Bipul Sharma,12,18,2,3,150.0
R Dravid,C Nanda,12,14,0,2,116.67
R Dravid,CH Gayle,14,18,0,2,128.57
R Dravid,CH Morris,16,10,2,3,62.5
R Dravid,CK Langeveldt,16,12,0,2,75.0
R Dravid,CRD Fernando,8,4,0,3,50.0
R Dravid,DB Ravi Teja,8,18,0,2,225.0
R Dravid,DE Bollinger,40,46,2,4,115.0
R Dravid,DJ Bravo,12,14,2,4,116.67
R Dravid,DJG Sammy,24,22,0,3,91.67
R Dravid,DL Vettori,84,78,2,6,92.86
R Dravid,DP Vijaykumar,10,8,0,2,80.0
R Dravid,DR Smith,10,8,2,2,80.0
R Dravid,DS Kulkarni,36,32,2,5,88.89
R Dravid,DT Christian,34,50,2,3,147.06
R Dravid,DW Steyn,62,64,2,7,103.23
R Dravid,Gagandeep Singh,20,28,0,2,140.0
R Dravid,HV Patel,8,12,0,2,150.0
R Dravid,Harbhajan Singh,48,46,6,7,95.83
R Dravid,Harmeet Singh,52,84,4,6,161.54
R Dravid,I Sharma,96,126,4,8,131.25
R Dravid,IK Pathan,84,116,4,7,138.1
R Dravid,Iqbal Abdulla,12,8,0,3,66.67
R Dravid,JA Morkel,76,96,2,7,126.32
R Dravid,JD Unadkat,18,30,0,2,166.67
R Dravid,JE Taylor,8,2,0,2,25.0
R Dravid,JH Kallis,64,84,0,6,131.25
R Dravid,JO Holder,20,18,0,3,90.0
R Dravid,JP Faulkner,12,18,0,2,150.0
R Dravid,JR Hopes,10,20,0,3,200.0
R Dravid,Joginder Sharma,6,4,0,2,66.67
R Dravid,K Upadhyay,16,20,0,2,125.0
R Dravid,KA Pollard,40,60,0,4,150.0
R Dravid,KMDN Kulasekara,22,14,0,2,63.64
R Dravid,KP Appanna,16,24,2,2,150.0
R Dravid,KV Sharma,10,14,0,3,140.0
R Dravid,Kamran Khan,10,16,0,2,160.0
R Dravid,L Balaji,86,118,2,7,137.21
R Dravid,M Kartik,52,70,2,7,134.62
R Dravid,M Morkel,48,54,2,5,112.5
R Dravid,M Muralitharan,90,70,4,7,77.78
R Dravid,MC Henriques,10,6,2,2,60.0
R Dravid,MF Maharoof,18,22,0,4,122.22
R Dravid,MG Johnson,32,32,2,3,100.0
R Dravid,MM Patel,42,40,6,6,95.24
R Dravid,MM Sharma,22,16,0,2,72.73
R Dravid,MR Marsh,12,18,0,3,150.0
R Dravid,MS Gony,30,22,4,5,73.33
R Dravid,NLTC Perera,28,20,2,3,71.43
R Dravid,P Awana,18,20,0,3,111.11
R Dravid,P Kumar,58,60,2,6,103.45
R Dravid,P Negi,30,38,0,3,126.67
R Dravid,PP Chawla,80,76,2,6,95.0
R Dravid,PP Ojha,122,142,4,10,116.39
R Dravid,R Ashwin,36,48,0,4,133.33
R Dravid,R Bhatia,32,54,2,6,168.75
R Dravid,R Rampaul,32,26,0,3,81.25
R Dravid,R Sharma,52,64,2,6,123.08
R Dravid,R Vinay Kumar,64,92,0,6,143.75
R Dravid,RA Jadeja,26,54,0,3,207.69
R Dravid,RE van der Merwe,14,22,2,2,157.14
R Dravid,RG Sharma,6,10,0,2,166.67
R Dravid,RJ Harris,44,52,4,6,118.18
R Dravid,RP Singh,64,80,0,9,125.0
R Dravid,RV Gomez,8,8,0,2,100.0
R Dravid,S Aravind,20,24,2,3,120.0
R Dravid,S Kaul,26,22,2,2,84.62
R Dravid,S Nadeem,66,74,0,5,112.12
R Dravid,S Randiv,30,48,2,2,160.0
R Dravid,S Sreesanth,22,12,2,3,54.55
R Dravid,S Tyagi,10,10,2,3,100.0
R Dravid,SB Bangar,14,28,2,2,200.0
R Dravid,SB Jakati,58,60,2,4,103.45
R Dravid,SB Styris,34,50,4,3,147.06
R Dravid,SC Ganguly,18,20,2,3,111.11
R Dravid,SK Raina,12,6,0,2,50.0
R Dravid,SK Trivedi,16,42,0,3,262.5
R Dravid,SK Warne,34,38,0,4,111.76
R Dravid,SL Malinga,52,40,0,6,76.92
R Dravid,SM Pollock,34,12,0,3,35.29
R Dravid,SP Narine,24,22,0,4,91.67
R Dravid,SR Watson,10,2,2,3,20.0
R Dravid,ST Jayasuriya,8,12,0,2,150.0
R Dravid,Shahid Afridi,14,8,0,2,57.14
R Dravid,Shakib Al Hasan,18,12,2,3,66.67
R Dravid,Shoaib Malik,6,14,0,2,233.33
R Dravid,T Henderson,32,46,0,2,143.75
R Dravid,TM Dilshan,6,2,2,2,33.33
R Dravid,UT Yadav,72,64,2,5,88.89
R Dravid,Umar Gul,10,2,0,2,20.0
R Dravid,V Pratap Singh,14,22,0,2,157.14
R Dravid,V Sehwag,12,18,0,3,150.0
R Dravid,VRV Singh,44,60,2,3,136.36
R Dravid,VY Mahesh,18,20,0,2,111.11
R Dravid,WD Parnell,22,22,2,3,100.0
R Dravid,YK Pathan,42,76,2,5,180.95
R Dravid,Yuvraj Singh,52,66,2,6,126.92
R Dravid,Z Khan,68,74,0,5,108.82
R McLaren,A Kumble,26,34,0,2,130.77
R McLaren,A Mishra,10,6,2,2,60.0
R McLaren,A Mithun,6,4,0,2,66.67
R McLaren,A Symonds,8,8,0,2,100.0
R McLaren,AC Thomas,12,30,0,2,250.0
R McLaren,CH Gayle,16,18,0,2,112.5
R McLaren,DL Vettori,20,14,0,2,70.0
R McLaren,DT Christian,6,4,0,2,66.67
R McLaren,DW Steyn,16,8,0,2,50.0
R McLaren,JD Ryder,14,10,0,2,71.43
R McLaren,JH Kallis,14,16,0,2,114.29
R McLaren,JP Duminy,6,4,0,2,66.67
R McLaren,Jaskaran Singh,6,4,0,2,66.67
R McLaren,KAJ Roach,8,2,0,2,25.0
R McLaren,M Manhas,14,16,0,2,114.29
R McLaren,PP Ojha,6,4,0,2,66.67
R McLaren,Pankaj Singh,20,20,0,2,100.0
R McLaren,R Sharma,10,12,0,2,120.0
R McLaren,R Vinay Kumar,10,6,0,3,60.0
R McLaren,RP Singh,8,10,0,3,125.0
R McLaren,SB Wagh,6,6,0,2,100.0
R McLaren,SK Trivedi,8,0,0,2,0.0
R McLaren,SW Tait,10,20,2,3,200.0
R McLaren,WD Parnell,30,28,0,2,93.33
R McLaren,Z Khan,14,16,0,2,114.29
R Minz,M Prasidh Krishna,6,4,0,2,66.67
R Minz,Noor Ahmad,10,4,2,2,40.0
R Minz,R Ashwin,8,2,0,2,25.0
R Minz,R Sai Kishore,6,2,2,2,33.33
R Ninan,DW Steyn,8,4,0,2,50.0
R Parag,A Badoni,6,8,0,2,133.33
R Parag,A Mishra,30,32,2,3,106.67
R Parag,A Nortje,28,70,0,4,250.0
R Parag,A Zampa,8,12,0,2,150.0
R Parag,AD Russell,12,24,2,2,200.0
R Parag,AM Ghazanfar,14,30,4,3,214.29
R Parag,AR Patel,130,156,4,10,120.0
R Parag,AS Roy,6,16,0,2,266.67
R Parag,Abhishek Sharma,8,6,0,2,75.0
R Parag,Akash Madhwal,16,14,0,2,87.5
R Parag,Arshdeep Singh,56,88,2,8,157.14
R Parag,Avesh Khan,32,32,4,5,100.0
R Parag,Azmatullah Omarzai,6,18,0,2,300.0
R Parag,B Kumar,34,72,0,4,211.76
R Parag,C Green,26,32,0,2,123.08
R Parag,CV Varun,42,56,4,4,133.33
R Parag,DL Chahar,12,14,0,3,116.67
R Parag,DS Rathi,20,22,0,3,110.0
R Parag,G Coetzee,24,58,0,2,241.67
R Parag,HH Pandya,28,42,0,4,150.0
R Parag,HV Patel,58,98,6,5,168.97
R Parag,Harpreet Brar,34,46,2,6,135.29
R Parag,Harshit Rana,46,88,4,4,191.3
R Parag,I Sharma,16,22,0,2,137.5
R Parag,I Udana,6,6,2,2,100.0
R Parag,Imran Tahir,16,24,0,2,150.0
R Parag,J Little,8,4,0,2,50.0
R Parag,JD Unadkat,16,26,0,2,162.5
R Parag,JJ Bumrah,48,46,2,8,95.83
R Parag,JO Holder,12,14,6,4,116.67
R Parag,JR Hazlewood,14,26,2,4,185.71
R Parag,K Rabada,42,54,4,6,128.57
R Parag,KA Jamieson,32,74,0,3,231.25
R Parag,KH Pandya,78,80,2,8,102.56
R Parag,KK Ahmed,38,74,0,4,194.74
R Parag,KMA Paul,26,18,0,2,69.23
R Parag,KV Sharma,6,10,0,2,166.67
R Parag,Kuldeep Yadav,74,94,0,6,127.03
R Parag,LH Ferguson,34,46,2,5,135.29
R Parag,LS Livingstone,6,4,0,2,66.67
R Parag,M Ashwin,12,26,2,3,216.67
R Parag,M Jansen,34,56,0,4,164.71
R Parag,M Pathirana,30,36,2,3,120.0
R Parag,M Prasidh Krishna,34,60,2,5,176.47
R Parag,M Theekshana,8,6,0,2,75.0
R Parag,M Tiwari,12,10,0,2,83.33
R Parag,MA Starc,16,16,4,4,100.0
R Parag,MM Ali,30,78,2,4,260.0
R Parag,MM Sharma,30,58,2,3,193.33
R Parag,MP Stoinis,18,30,0,3,166.67
R Parag,MP Yadav,6,12,0,2,200.0
R Parag,Mohammed Shami,46,50,6,7,108.7
R Parag,Mohammed Siraj,32,50,2,6,156.25
R Parag,Mohsin Khan,16,32,0,3,200.0
R Parag,Mukesh Kumar,22,68,0,3,309.09
R Parag,NM Coulter-Nile,12,14,0,2,116.67
R Parag,NT Ellis,14,20,2,4,142.86
R Parag,Naveen-ul-Haq,14,38,2,3,271.43
R Parag,Nithish Kumar Reddy,14,12,0,3,85.71
R Parag,Noor Ahmad,64,110,2,5,171.88
R Parag,PJ Cummins,28,28,6,5,100.0
R Parag,PP Chawla,28,28,0,3,100.0
R Parag,PP Hinge,22,12,4,4,54.55
R Parag,PWH de Silva,14,10,0,2,71.43
R Parag,Prince Yadav,22,38,2,3,172.73
R Parag,R Ashwin,16,20,0,4,125.0
R Parag,R Powell,6,2,2,2,33.33
R Parag,R Sai Kishore,18,38,0,3,211.11
R Parag,RA Jadeja,34,42,0,6,123.53
R Parag,RD Chahar,38,52,0,4,136.84
R Parag,Rashid Khan,68,76,4,8,111.76
R Parag,Rasikh Salam,8,14,2,2,175.0
R Parag,Ravi Bishnoi,42,40,2,5,95.24
R Parag,S Dube,8,4,0,2,50.0
R Parag,SH Johnson,8,6,0,2,75.0
R Parag,SL Malinga,8,14,0,2,175.0
R Parag,SM Curran,20,30,2,5,150.0
R Parag,SN Thakur,22,20,2,3,90.91
R Parag,SP Narine,50,52,2,7,104.0
R Parag,Sakib Hussain,12,30,0,3,250.0
R Parag,Sandeep Sharma,22,32,0,4,145.45
R Parag,Shahbaz Ahmed,32,44,2,5,137.5
R Parag,Shivam Mavi,14,2,0,3,14.29
R Parag,Sikandar Raza,6,14,0,2,233.33
R Parag,Simarjeet Singh,26,34,2,3,130.77
R Parag,Suyash Sharma,24,48,0,3,200.0
R Parag,T Natarajan,76,138,4,7,181.58
R Parag,TA Boult,22,50,2,3,227.27
R Parag,TG Southee,8,12,2,2,150.0
R Parag,TS Mills,6,10,2,2,166.67
R Parag,TU Deshpande,10,20,0,2,200.0
R Parag,Umran Malik,6,10,0,2,166.67
R Parag,V Nigam,6,4,0,2,66.67
R Parag,V Shankar,18,18,0,4,100.0
R Parag,VG Arora,32,78,0,4,243.75
R Parag,Washington Sundar,20,30,0,4,150.0
R Parag,Y Prithvi Raj,6,10,0,2,166.67
R Parag,YS Chahal,60,62,2,6,103.33
R Parag,Yash Dayal,28,22,4,8,78.57
R Parag,Yash Thakur,10,20,0,2,200.0
R Powell,A Kamboj,10,18,0,2,180.0
R Powell,AD Russell,8,18,0,3,225.0
R Powell,AJ Hosein,6,4,0,2,66.67
R Powell,AM Ghazanfar,16,22,2,2,137.5
R Powell,AR Patel,8,6,0,2,75.0
R Powell,Abhishek Sharma,8,6,0,2,75.0
R Powell,Ashok Sharma,12,20,2,2,166.67
R Powell,Avesh Khan,14,16,0,2,114.29
R Powell,B Kumar,20,40,2,3,200.0
R Powell,C Bosch,10,22,0,2,220.0
R Powell,CV Varun,12,18,0,3,150.0
R Powell,DR Sams,14,10,0,2,71.43
R Powell,DS Rathi,10,6,0,3,60.0
R Powell,HH Pandya,12,2,0,2,16.67
R Powell,HR Shokeen,18,36,0,2,200.0
R Powell,J Overton,14,20,0,2,142.86
R Powell,JJ Bumrah,18,18,2,3,100.0
R Powell,JO Holder,10,18,0,2,180.0
R Powell,K Gowtham,18,38,0,3,211.11
R Powell,K Rabada,6,2,0,2,33.33
R Powell,KK Ahmed,8,12,0,2,150.0
R Powell,Kartik Tyagi,14,20,0,2,142.86
R Powell,Kuldeep Yadav,26,30,0,3,115.38
R Powell,LH Ferguson,18,40,0,3,222.22
R Powell,M Jansen,10,20,0,2,200.0
R Powell,M Markande,18,22,0,2,122.22
R Powell,M Prasidh Krishna,14,20,0,2,142.86
R Powell,M Siddharth,10,22,0,2,220.0
R Powell,M Theekshana,8,2,0,2,25.0
R Powell,M Tiwari,8,16,0,2,200.0
R Powell,MM Ali,6,2,0,2,33.33
R Powell,Mohammed Shami,8,4,2,3,50.0
R Powell,Mohammed Siraj,8,6,0,3,75.0
R Powell,Mohsin Khan,8,10,4,3,125.0
R Powell,Mukesh Kumar,6,8,2,2,133.33
R Powell,Noor Ahmad,6,8,0,2,133.33
R Powell,OC McCoy,12,40,2,2,333.33
R Powell,PJ Cummins,14,18,0,3,128.57
R Powell,PP Chawla,6,0,2,2,0.0
R Powell,PVD Chameera,10,6,0,3,60.0
R Powell,Prince Yadav,14,32,0,2,228.57
R Powell,R Tewatia,6,14,0,2,233.33
R Powell,RA Jadeja,14,6,2,2,42.86
R Powell,RD Chahar,12,2,2,3,16.67
R Powell,RP Meredith,8,10,0,3,125.0
R Powell,Raghu Sharma,14,30,0,2,214.29
R Powell,Rashid Khan,12,16,0,3,133.33
R Powell,Rasikh Salam,10,14,0,2,140.0
R Powell,Ravi Bishnoi,30,12,4,5,40.0
R Powell,S Gopal,8,16,0,2,200.0
R Powell,SA Abbott,14,34,0,2,242.86
R Powell,SM Curran,12,24,2,3,200.0
R Powell,SP Narine,26,40,4,4,153.85
R Powell,Shahbaz Ahmed,8,2,0,2,25.0
R Powell,TA Boult,12,28,0,2,233.33
R Powell,TG Southee,8,18,0,2,225.0
R Powell,Umran Malik,24,44,0,2,183.33
R Powell,V Nigam,6,8,0,2,133.33
R Powell,VR Iyer,8,24,0,2,300.0
R Powell,YS Chahal,8,8,0,3,100.0
R Powell,Yash Raj Punja,18,34,0,2,188.89
R Rampaul,DJ Bravo,8,0,2,2,0.0
R Rampaul,DR Smith,6,12,0,2,200.0
R Rampaul,DS Kulkarni,6,2,0,2,33.33
R Rampaul,IK Pathan,10,18,0,2,180.0
R Rampaul,KA Pollard,12,18,0,2,150.0
R Rampaul,KW Richardson,8,2,0,2,25.0
R Rampaul,PV Tambe,12,20,2,2,166.67
R Rampaul,R Bhatia,6,4,0,2,66.67
R Rampaul,SL Malinga,10,14,0,2,140.0
R Rampaul,SR Watson,8,6,2,2,75.0
R Ravindra,AK Markram,8,10,2,2,125.0
R Ravindra,AS Joseph,8,18,0,2,225.0
R Ravindra,Abhishek Sharma,8,12,0,2,150.0
R Ravindra,Akash Madhwal,6,10,0,2,166.67
R Ravindra,Arshdeep Singh,16,18,0,2,112.5
R Ravindra,Avesh Khan,6,14,0,2,233.33
R Ravindra,Azmatullah Omarzai,16,42,0,2,262.5
R Ravindra,B Kumar,22,22,2,3,100.0
R Ravindra,DL Chahar,16,22,0,3,137.5
R Ravindra,DS Rathi,8,6,0,2,75.0
R Ravindra,GJ Maxwell,32,30,2,3,93.75
R Ravindra,I Sharma,8,2,0,2,25.0
R Ravindra,JC Archer,8,0,2,2,0.0
R Ravindra,JJ Bumrah,8,8,0,2,100.0
R Ravindra,JR Hazlewood,8,12,0,2,150.0
R Ravindra,KK Ahmed,16,2,2,2,12.5
R Ravindra,KV Sharma,10,28,2,3,280.0
R Ravindra,LH Ferguson,10,36,0,2,360.0
R Ravindra,LS Livingstone,14,28,0,2,200.0
R Ravindra,M Jansen,12,18,0,2,150.0
R Ravindra,MA Starc,18,32,0,3,177.78
R Ravindra,MJ Santner,10,16,0,2,160.0
R Ravindra,MM Ali,6,4,0,2,66.67
R Ravindra,Mohammad Nabi,10,8,0,2,80.0
R Ravindra,Mohammed Siraj,22,44,0,3,200.0
R Ravindra,Mukesh Kumar,6,2,2,2,33.33
R Ravindra,Naman Dhir,10,10,0,2,100.0
R Ravindra,R Ashwin,6,6,2,2,100.0
R Ravindra,Ravi Bishnoi,10,14,0,2,140.0
R Ravindra,S Gopal,6,14,2,2,233.33
R Ravindra,SN Thakur,10,28,0,2,280.0
R Ravindra,Sandeep Sharma,10,20,0,2,200.0
R Ravindra,Suyash Sharma,12,6,0,2,50.0
R Ravindra,Swapnil Singh,14,14,0,2,100.0
R Ravindra,TA Boult,48,48,0,4,100.0
R Ravindra,UT Yadav,24,44,0,3,183.33
R Ravindra,V Puthur,20,48,0,2,240.0
R Ravindra,VG Arora,14,6,2,3,42.86
R Ravindra,WG Jacks,18,20,0,2,111.11
R Ravindra,Yash Dayal,28,48,2,4,171.43
R Ravindra,Yash Thakur,10,30,0,2,300.0
R Sai Kishore,Noor Ahmad,10,4,0,2,40.0
R Sai Kishore,Rasikh Salam,8,24,2,2,300.0
R Sathish,A Kumble,10,10,0,2,100.0
R Sathish,A Mishra,22,38,0,3,172.73
R Sathish,A Nehra,8,2,2,2,25.0
R Sathish,A Symonds,6,4,0,2,66.67
R Sathish,B Kumar,10,8,2,2,80.0
R Sathish,CH Gayle,20,32,0,3,160.0
R Sathish,CR Brathwaite,6,10,2,2,166.67
R Sathish,DJ Bravo,12,14,4,3,116.67
R Sathish,DJG Sammy,6,4,0,2,66.67
R Sathish,DW Steyn,12,4,2,2,33.33
R Sathish,IK Pathan,8,8,2,2,100.0
R Sathish,J Botha,6,6,2,2,100.0
R Sathish,J Syed Mohammad,12,10,0,2,83.33
R Sathish,JA Morkel,28,20,4,4,71.43
R Sathish,JH Kallis,10,18,0,2,180.0
R Sathish,JP Faulkner,14,16,2,3,114.29
R Sathish,KV Sharma,6,6,0,2,100.0
R Sathish,M Kartik,24,34,0,4,141.67
R Sathish,M Morkel,8,20,0,2,250.0
R Sathish,MC Henriques,8,16,0,3,200.0
R Sathish,Mustafizur Rahman,8,8,0,2,100.0
R Sathish,NLTC Perera,16,8,0,3,50.0
R Sathish,PP Chawla,14,20,0,2,142.86
R Sathish,R Rampaul,6,2,0,2,33.33
R Sathish,R Vinay Kumar,26,40,0,4,153.85
R Sathish,RR Powar,12,12,0,2,100.0
R Sathish,RS Bopara,8,18,0,2,225.0
R Sathish,S Sreesanth,10,10,0,2,100.0
R Sathish,SB Jakati,12,6,0,3,50.0
R Sathish,SE Bond,12,24,0,3,200.0
R Sathish,SJ Srivastava,6,8,0,2,133.33
R Sathish,SK Trivedi,12,12,0,3,100.0
R Sathish,SW Tait,8,10,0,2,125.0
R Sathish,UT Yadav,8,20,0,2,250.0
R Sathish,Z Khan,18,22,0,2,122.22
R Sharma,A Nehra,8,10,0,2,125.0
R Sharma,DP Nannes,8,18,0,2,225.0
R Sharma,Harmeet Singh,6,4,0,2,66.67
R Sharma,JEC Franklin,6,14,0,2,233.33
R Sharma,JH Kallis,12,0,2,2,0.0
R Sharma,KA Pollard,10,6,0,3,60.0
R Sharma,R Dhawan,6,4,0,2,66.67
R Sharma,R Vinay Kumar,12,2,2,3,16.67
R Sharma,RA Jadeja,10,18,0,2,180.0
R Sharma,S Narwal,10,20,2,2,200.0
R Sharma,SL Malinga,22,22,0,4,100.0
R Sharma,SR Watson,6,0,2,2,0.0
R Shepherd,A Nortje,14,66,0,2,471.43
R Shepherd,AJ Tye,8,14,0,2,175.0
R Shepherd,AR Patel,6,2,0,2,33.33
R Shepherd,Arshad Khan,6,2,0,2,33.33
R Shepherd,Arshdeep Singh,14,14,2,3,100.0
R Shepherd,Avesh Khan,14,16,0,3,114.29
R Shepherd,Azmatullah Omarzai,8,24,0,2,300.0
R Shepherd,Brijesh Sharma,8,20,0,2,250.0
R Shepherd,DS Rathi,12,16,0,3,133.33
R Shepherd,I Sharma,6,12,0,2,200.0
R Shepherd,JJ Bumrah,10,2,0,2,20.0
R Shepherd,JO Holder,6,2,4,3,33.33
R Shepherd,K Rabada,8,2,0,3,25.0
R Shepherd,KK Ahmed,14,64,0,2,457.14
R Shepherd,M Markande,10,28,0,2,280.0
R Shepherd,M Pathirana,16,42,2,3,262.5
R Shepherd,Mohammed Shami,6,2,0,2,33.33
R Shepherd,NM Coulter-Nile,8,28,0,2,350.0
R Shepherd,NT Ellis,12,38,0,2,316.67
R Shepherd,Prince Yadav,10,16,0,3,160.0
R Shepherd,R Ashwin,16,12,0,2,75.0
R Shepherd,RA Bawa,8,2,2,2,25.0
R Shepherd,RA Jadeja,8,8,2,2,100.0
R Shepherd,Rashid Khan,16,30,0,2,187.5
R Shepherd,Ravi Bishnoi,6,16,0,2,266.67
R Shepherd,Shahbaz Ahmed,6,16,0,2,266.67
R Shepherd,Vijaykumar Vyshak,6,8,0,2,133.33
R Shepherd,YS Chahal,12,8,2,2,66.67
R Shukla,DW Steyn,6,4,0,2,66.67
R Shukla,KK Cooper,10,10,2,2,100.0
R Shukla,MA Starc,10,2,0,2,20.0
R Shukla,STR Binny,10,14,0,2,140.0
R Smaran,K Rabada,12,6,2,2,50.0
R Smaran,Mohammed Siraj,18,12,0,2,66.67
R Smaran,N Burger,6,0,2,2,0.0
R Tewatia,A Nortje,42,76,2,5,180.95
R Tewatia,AJ Tye,20,12,2,3,60.0
R Tewatia,AK Markram,10,14,0,2,140.0
R Tewatia,AR Patel,32,26,4,5,81.25
R Tewatia,AS Rajpoot,8,12,0,2,150.0
R Tewatia,Arshdeep Singh,28,44,0,6,157.14
R Tewatia,Ashwani Kumar,24,28,2,4,116.67
R Tewatia,Avesh Khan,30,34,0,6,113.33
R Tewatia,B Kumar,26,48,2,5,184.62
R Tewatia,BB Sran,16,34,0,2,212.5
R Tewatia,Brijesh Sharma,10,30,0,3,300.0
R Tewatia,C Green,10,6,2,3,60.0
R Tewatia,CJ Anderson,6,8,0,2,133.33
R Tewatia,CJ Jordan,6,6,0,2,100.0
R Tewatia,CR Woakes,18,36,0,3,200.0
R Tewatia,CV Varun,54,40,4,5,74.07
R Tewatia,DJ Bravo,38,50,4,5,131.58
R Tewatia,DJ Hooda,20,42,0,3,210.0
R Tewatia,DL Chahar,24,20,0,4,83.33
R Tewatia,GJ Maxwell,14,6,0,2,42.86
R Tewatia,HV Patel,68,116,0,7,170.59
R Tewatia,Harpreet Brar,12,26,0,2,216.67
R Tewatia,I Udana,12,30,0,3,250.0
R Tewatia,J Yadav,8,2,0,2,25.0
R Tewatia,JA Duffy,6,4,0,2,66.67
R Tewatia,JC Archer,12,28,2,3,233.33
R Tewatia,JD Unadkat,6,12,2,2,200.0
R Tewatia,JDS Neesham,28,18,2,3,64.29
R Tewatia,JJ Bumrah,34,42,2,7,123.53
R Tewatia,JL Pattinson,6,8,0,2,133.33
R Tewatia,JO Holder,12,26,0,3,216.67
R Tewatia,JP Behrendorff,6,26,0,2,433.33
R Tewatia,JR Hazlewood,50,86,2,5,172.0
R Tewatia,K Rabada,42,68,6,8,161.9
R Tewatia,KA Jamieson,6,6,0,2,100.0
R Tewatia,KA Pollard,8,8,0,3,100.0
R Tewatia,KH Pandya,20,12,0,4,60.0
R Tewatia,KK Ahmed,20,24,0,4,120.0
R Tewatia,KL Nagarkoti,22,36,0,3,163.64
R Tewatia,KR Sen,6,18,0,2,300.0
R Tewatia,KV Sharma,16,46,0,2,287.5
R Tewatia,KW Richardson,6,6,0,2,100.0
R Tewatia,Karanveer Singh,8,12,0,2,150.0
R Tewatia,Kuldeep Yadav,24,14,2,4,58.33
R Tewatia,L Balaji,6,4,0,2,66.67
R Tewatia,L Ngidi,14,18,0,3,128.57
R Tewatia,L Wood,14,34,0,2,242.86
R Tewatia,LH Ferguson,20,24,0,2,120.0
R Tewatia,M Jansen,8,16,2,3,200.0
R Tewatia,M Pathirana,20,20,0,3,100.0
R Tewatia,MJ Santner,16,6,0,3,37.5
R Tewatia,MM Ali,20,12,0,3,60.0
R Tewatia,MP Stoinis,8,8,0,3,100.0
R Tewatia,Mohammad Nabi,6,2,0,2,33.33
R Tewatia,Mohammed Shami,20,24,4,5,120.0
R Tewatia,Mohammed Siraj,42,54,2,7,128.57
R Tewatia,Mohsin Khan,8,6,0,2,75.0
R Tewatia,Mujeeb Ur Rahman,10,14,0,3,140.0
R Tewatia,Mukesh Kumar,12,14,0,4,116.67
R Tewatia,Mustafizur Rahman,6,2,4,3,33.33
R Tewatia,N Burger,12,8,0,3,66.67
R Tewatia,NA Saini,22,46,0,3,209.09
R Tewatia,Naveen-ul-Haq,24,24,0,2,100.0
R Tewatia,OF Smith,6,26,0,2,433.33
R Tewatia,PJ Cummins,8,6,0,2,75.0
R Tewatia,PP Chawla,18,20,2,3,111.11
R Tewatia,PVD Chameera,10,12,0,3,120.0
R Tewatia,PWH de Silva,10,8,0,3,80.0
R Tewatia,R Ashwin,40,28,2,8,70.0
R Tewatia,R Dhawan,10,6,0,2,60.0
R Tewatia,R Shepherd,24,48,0,3,200.0
R Tewatia,RA Jadeja,16,10,0,4,62.5
R Tewatia,RP Meredith,8,16,2,4,200.0
R Tewatia,RS Hangargekar,6,2,0,2,33.33
R Tewatia,Rashid Khan,10,24,0,2,240.0
R Tewatia,Rasikh Salam,28,32,2,5,114.29
R Tewatia,Ravi Bishnoi,42,68,2,4,161.9
R Tewatia,SM Curran,12,20,2,5,166.67
R Tewatia,SN Thakur,16,22,4,5,137.5
R Tewatia,SP Narine,32,46,0,4,143.75
R Tewatia,SS Cottrell,12,60,0,2,500.0
R Tewatia,Sandeep Sharma,44,70,2,6,159.09
R Tewatia,Shahbaz Ahmed,6,4,2,2,66.67
R Tewatia,Shivam Mavi,38,56,2,4,147.37
R Tewatia,Suyash Sharma,20,36,0,2,180.0
R Tewatia,T Natarajan,46,82,0,6,178.26
R Tewatia,TA Boult,12,12,0,4,100.0
R Tewatia,TK Curran,20,22,2,3,110.0
R Tewatia,TU Deshpande,26,54,0,5,207.69
R Tewatia,Umran Malik,10,14,0,2,140.0
R Tewatia,V Shankar,8,4,0,2,50.0
R Tewatia,VG Arora,8,8,0,3,100.0
R Tewatia,Vijaykumar Vyshak,28,30,0,5,107.14
R Tewatia,W O'Rourke,6,4,2,2,66.67
R Tewatia,Washington Sundar,8,12,0,2,150.0
R Tewatia,XC Bartlett,6,2,0,2,33.33
R Tewatia,YS Chahal,12,12,0,4,100.0
R Tewatia,Yash Dayal,6,10,2,2,166.67
R Tewatia,Yash Thakur,18,34,2,2,188.89
R Vinay Kumar,A Mishra,20,14,0,3,70.0
R Vinay Kumar,A Singh,28,32,6,4,114.29
R Vinay Kumar,AB Agarkar,8,16,0,2,200.0
R Vinay Kumar,B Lee,22,26,0,3,118.18
R Vinay Kumar,CRD Fernando,20,28,2,3,140.0
R Vinay Kumar,DAJ Bracewell,6,10,2,2,166.67
R Vinay Kumar,DJ Bravo,6,2,0,3,33.33
R Vinay Kumar,DR Smith,22,32,0,3,145.45
R Vinay Kumar,DS Kulkarni,14,10,0,4,71.43
R Vinay Kumar,DT Christian,6,10,0,2,166.67
R Vinay Kumar,DW Steyn,10,10,2,4,100.0
R Vinay Kumar,Harbhajan Singh,8,2,2,2,25.0
R Vinay Kumar,IK Pathan,14,14,0,4,100.0
R Vinay Kumar,Iqbal Abdulla,6,10,0,2,166.67
R Vinay Kumar,J Botha,6,4,0,2,66.67
R Vinay Kumar,JH Kallis,6,6,0,2,100.0
R Vinay Kumar,JP Faulkner,14,44,2,3,314.29
R Vinay Kumar,K Khejroliya,6,12,0,2,200.0
R Vinay Kumar,KA Pollard,16,24,0,3,150.0
R Vinay Kumar,L Balaji,14,12,2,4,85.71
R Vinay Kumar,M Morkel,20,16,0,4,80.0
R Vinay Kumar,M Muralitharan,8,8,0,2,100.0
R Vinay Kumar,MA Starc,6,4,2,2,66.67
R Vinay Kumar,MG Johnson,10,10,0,2,100.0
R Vinay Kumar,MR Marsh,10,18,0,2,180.0
R Vinay Kumar,MS Gony,12,14,0,2,116.67
R Vinay Kumar,R Ashwin,6,4,0,2,66.67
R Vinay Kumar,R Bhatia,6,4,0,2,66.67
R Vinay Kumar,R McLaren,14,14,0,2,100.0
R Vinay Kumar,RE van der Merwe,6,4,2,2,66.67
R Vinay Kumar,RJ Harris,14,16,4,4,114.29
R Vinay Kumar,RN ten Doeschate,14,14,0,2,100.0
R Vinay Kumar,RP Singh,18,8,2,5,44.44
R Vinay Kumar,S Nadeem,6,4,0,2,66.67
R Vinay Kumar,SK Warne,8,16,0,2,200.0
R Vinay Kumar,SL Malinga,22,18,2,4,81.82
R Vinay Kumar,SP Narine,12,14,0,2,116.67
R Vinay Kumar,Shakib Al Hasan,22,16,4,3,72.73
R Vinay Kumar,V Pratap Singh,6,12,0,2,200.0
R Vinay Kumar,Z Khan,10,8,2,4,80.0
RA Bawa,CV Varun,8,2,0,2,25.0
RA Bawa,JR Hazlewood,10,10,2,2,100.0
RA Bawa,R Shepherd,8,8,0,2,100.0
RA Bawa,Rasikh Salam,6,12,0,2,200.0
RA Bawa,SP Narine,12,16,2,2,133.33
RA Jadeja,A Kumble,8,4,2,2,50.0
RA Jadeja,A Mishra,76,62,8,8,81.58
RA Jadeja,A Mithun,6,4,2,2,66.67
RA Jadeja,A Nehra,28,38,2,5,135.71
RA Jadeja,A Nortje,32,64,0,5,200.0
RA Jadeja,A Zampa,6,6,0,3,100.0
RA Jadeja,AB Agarkar,28,14,2,4,50.0
RA Jadeja,AB Dinda,22,22,0,5,100.0
RA Jadeja,AC Thomas,6,24,0,2,400.0
RA Jadeja,AD Russell,62,96,0,7,154.84
RA Jadeja,AF Milne,6,12,0,2,200.0
RA Jadeja,AG Murtaza,8,34,0,2,425.0
RA Jadeja,AJ Tye,10,18,4,3,180.0
RA Jadeja,AK Markram,12,8,0,3,66.67
RA Jadeja,AM Nayar,12,10,0,2,83.33
RA Jadeja,AM Salvi,12,12,2,2,100.0
RA Jadeja,AN Ahmed,8,6,0,2,75.0
RA Jadeja,AR Patel,40,60,2,8,150.0
RA Jadeja,AS Joseph,16,18,2,4,112.5
RA Jadeja,Abdul Samad,14,20,0,2,142.86
RA Jadeja,Ankit Sharma,10,34,0,2,340.0
RA Jadeja,Anureet Singh,8,12,0,2,150.0
RA Jadeja,Arshad Khan,6,14,0,2,233.33
RA Jadeja,Arshdeep Singh,44,60,4,7,136.36
RA Jadeja,Ashwani Kumar,6,22,0,2,366.67
RA Jadeja,Avesh Khan,20,18,0,5,90.0
RA Jadeja,Azmatullah Omarzai,8,10,0,2,125.0
RA Jadeja,B Geeves,8,12,0,2,150.0
RA Jadeja,B Kumar,110,136,2,12,123.64
RA Jadeja,B Lee,20,28,2,4,140.0
RA Jadeja,BA Bhatt,10,16,0,3,160.0
RA Jadeja,BA Stokes,28,50,0,4,178.57
RA Jadeja,BAW Mendis,16,16,0,2,100.0
RA Jadeja,BB Sran,32,32,0,5,100.0
RA Jadeja,C Bosch,8,16,0,2,200.0
RA Jadeja,C Green,22,28,0,3,127.27
RA Jadeja,C Sakariya,24,40,0,4,166.67
RA Jadeja,CH Gayle,32,26,0,3,81.25
RA Jadeja,CH Morris,28,38,6,5,135.71
RA Jadeja,CJ Anderson,8,30,0,2,375.0
RA Jadeja,CJ Jordan,12,8,2,4,66.67
RA Jadeja,CR Woakes,6,10,0,2,166.67
RA Jadeja,CRD Fernando,8,10,0,2,125.0
RA Jadeja,CV Varun,34,36,2,6,105.88
RA Jadeja,DE Bollinger,10,22,2,2,220.0
RA Jadeja,DJ Bravo,12,20,0,2,166.67
RA Jadeja,DJ Hussey,28,30,0,4,107.14
RA Jadeja,DL Vettori,22,38,2,4,172.73
RA Jadeja,DP Nannes,8,12,0,2,150.0
RA Jadeja,DR Sams,6,4,0,2,66.67
RA Jadeja,DR Smith,12,10,0,3,83.33
RA Jadeja,DS Kulkarni,28,26,4,6,92.86
RA Jadeja,DS Rathi,16,16,0,3,100.0
RA Jadeja,DT Christian,54,46,2,5,85.19
RA Jadeja,DW Steyn,34,34,4,7,100.0
RA Jadeja,E Malinga,28,40,2,4,142.86
RA Jadeja,GB Hogg,30,32,4,4,106.67
RA Jadeja,GJ Maxwell,28,54,2,5,192.86
RA Jadeja,GS Sandhu,6,4,0,2,66.67
RA Jadeja,Gurkeerat Singh,8,12,0,2,150.0
RA Jadeja,HF Gurney,10,30,0,2,300.0
RA Jadeja,HH Pandya,24,20,2,5,83.33
RA Jadeja,HV Patel,76,156,2,8,205.26
RA Jadeja,Harbhajan Singh,60,74,2,8,123.33
RA Jadeja,Harpreet Brar,26,32,2,4,123.08
RA Jadeja,Harsh Dubey,8,8,0,2,100.0
RA Jadeja,Harshit Rana,12,26,0,3,216.67
RA Jadeja,I Sharma,42,44,4,7,104.76
RA Jadeja,IK Pathan,50,60,4,7,120.0
RA Jadeja,Imran Tahir,12,12,0,3,100.0
RA Jadeja,Iqbal Abdulla,18,20,2,5,111.11
RA Jadeja,J Botha,14,12,0,3,85.71
RA Jadeja,JA Morkel,14,8,2,4,57.14
RA Jadeja,JC Archer,20,26,0,5,130.0
RA Jadeja,JD Ryder,10,4,2,3,40.0
RA Jadeja,JD Unadkat,36,64,2,5,177.78
RA Jadeja,JDP Oram,8,14,0,2,175.0
RA Jadeja,JH Kallis,10,22,0,2,220.0
RA Jadeja,JJ Bumrah,90,122,2,9,135.56
RA Jadeja,JL Pattinson,8,20,0,2,250.0
RA Jadeja,JO Holder,40,72,0,6,180.0
RA Jadeja,JP Duminy,26,18,2,5,69.23
RA Jadeja,JP Faulkner,22,20,2,5,90.91
RA Jadeja,JR Hazlewood,22,20,2,3,90.91
RA Jadeja,K Khejroliya,12,30,2,2,250.0
RA Jadeja,K Rabada,56,90,2,9,160.71
RA Jadeja,KA Jamieson,12,24,0,3,200.0
RA Jadeja,KA Pollard,28,30,0,7,107.14
RA Jadeja,KC Cariappa,10,10,2,3,100.0
RA Jadeja,KH Pandya,80,82,4,10,102.5
RA Jadeja,KK Ahmed,34,48,0,7,141.18
RA Jadeja,KK Cooper,10,18,0,3,180.0
RA Jadeja,KL Nagarkoti,6,24,0,2,400.0
RA Jadeja,KP Pietersen,12,12,0,2,100.0
RA Jadeja,Karanveer Singh,18,38,0,2,211.11
RA Jadeja,Kartik Tyagi,12,30,2,4,250.0
RA Jadeja,Kuldeep Yadav,38,44,2,6,115.79
RA Jadeja,L Balaji,32,50,4,6,156.25
RA Jadeja,L Ngidi,28,50,0,2,178.57
RA Jadeja,LH Ferguson,22,82,0,4,372.73
RA Jadeja,LR Shukla,22,30,2,3,136.36
RA Jadeja,LS Livingstone,8,10,0,2,125.0
RA Jadeja,M Ashwin,8,4,0,2,50.0
RA Jadeja,M Jansen,14,14,0,3,100.0
RA Jadeja,M Kartik,26,32,0,3,123.08
RA Jadeja,M Markande,12,6,0,2,50.0
RA Jadeja,M Morkel,14,24,0,3,171.43
RA Jadeja,M Muralitharan,44,54,0,3,122.73
RA Jadeja,M Prasidh Krishna,54,108,0,6,200.0
RA Jadeja,M Theekshana,8,10,0,2,125.0
RA Jadeja,MA Starc,18,26,2,4,144.44
RA Jadeja,MA Wood,6,0,2,2,0.0
RA Jadeja,MC Henriques,18,30,0,4,166.67
RA Jadeja,MF Maharoof,26,24,0,5,92.31
RA Jadeja,MG Johnson,20,46,0,4,230.0
RA Jadeja,MJ Henry,8,14,0,2,175.0
RA Jadeja,MJ McClenaghan,18,34,2,4,188.89
RA Jadeja,MJ Santner,14,8,0,2,57.14
RA Jadeja,MM Ali,6,4,0,2,66.67
RA Jadeja,MM Patel,10,22,2,3,220.0
RA Jadeja,MM Sharma,54,100,0,7,185.19
RA Jadeja,MN Samuels,20,42,2,3,210.0
RA Jadeja,MP Stoinis,26,40,0,6,153.85
RA Jadeja,MP Yadav,18,50,0,2,277.78
RA Jadeja,MR Marsh,20,28,4,3,140.0
RA Jadeja,MS Gony,18,16,0,3,88.89
RA Jadeja,Mohammed Shami,48,66,2,7,137.5
RA Jadeja,Mohammed Siraj,90,108,0,10,120.0
RA Jadeja,Mohsin Khan,28,32,2,4,114.29
RA Jadeja,Mukesh Kumar,12,18,0,2,150.0
RA Jadeja,Mustafizur Rahman,44,72,6,6,163.64
RA Jadeja,NA Saini,6,6,0,2,100.0
RA Jadeja,Naman Dhir,14,10,0,2,71.43
RA Jadeja,Nithish Kumar Reddy,12,20,0,2,166.67
RA Jadeja,P Awana,14,22,4,5,157.14
RA Jadeja,P Kumar,14,8,0,4,57.14
RA Jadeja,P Negi,14,2,0,3,14.29
RA Jadeja,P Sahu,10,8,0,2,80.0
RA Jadeja,PHKD Mendis,12,4,2,2,33.33
RA Jadeja,PJ Cummins,62,82,0,10,132.26
RA Jadeja,PJ Sangwan,8,14,0,2,175.0
RA Jadeja,PP Chawla,116,140,6,13,120.69
RA Jadeja,PP Ojha,36,38,2,6,105.56
RA Jadeja,PV Tambe,10,16,0,2,160.0
RA Jadeja,PVD Chameera,6,14,0,2,233.33
RA Jadeja,PWH de Silva,22,10,2,5,45.45
RA Jadeja,Prince Yadav,10,10,0,2,100.0
RA Jadeja,R Ashwin,20,28,0,5,140.0
RA Jadeja,R Bhatia,58,34,2,7,58.62
RA Jadeja,R Dhawan,8,16,2,3,200.0
RA Jadeja,R Rampaul,6,6,0,3,100.0
RA Jadeja,R Sai Kishore,8,12,0,2,150.0
RA Jadeja,R Sharma,34,46,0,4,135.29
RA Jadeja,R Shepherd,10,10,0,3,100.0
RA Jadeja,R Tewatia,18,14,0,3,77.78
RA Jadeja,R Vinay Kumar,40,84,0,7,210.0
RA Jadeja,RD Chahar,66,58,2,7,87.88
RA Jadeja,RE van der Merwe,34,42,0,4,123.53
RA Jadeja,RG Sharma,24,18,0,3,75.0
RA Jadeja,RJ Harris,8,18,0,2,225.0
RA Jadeja,RP Meredith,6,0,2,2,0.0
RA Jadeja,RP Singh,46,66,2,7,143.48
RA Jadeja,RR Powar,8,4,0,2,50.0
RA Jadeja,RR Raje,10,20,0,2,200.0
RA Jadeja,Ramandeep Singh,8,16,0,2,200.0
RA Jadeja,Rashid Khan,88,64,4,11,72.73
RA Jadeja,Ravi Bishnoi,44,56,2,6,127.27
RA Jadeja,S Aravind,22,24,0,5,109.09
RA Jadeja,S Dube,6,2,0,2,33.33
RA Jadeja,S Gopal,12,8,0,2,66.67
RA Jadeja,S Kaul,20,22,0,4,110.0
RA Jadeja,S Lamichhane,8,20,0,2,250.0
RA Jadeja,S Nadeem,6,12,0,2,200.0
RA Jadeja,S Sreesanth,24,60,0,3,250.0
RA Jadeja,SB Jakati,16,30,0,3,187.5
RA Jadeja,SC Ganguly,12,14,0,2,116.67
RA Jadeja,SJ Srivastava,10,10,0,2,100.0
RA Jadeja,SK Raina,28,26,0,4,92.86
RA Jadeja,SK Trivedi,24,34,0,3,141.67
RA Jadeja,SK Warne,16,8,2,2,50.0
RA Jadeja,SL Malinga,56,54,6,11,96.43
RA Jadeja,SM Curran,10,8,2,3,80.0
RA Jadeja,SN Thakur,32,38,0,4,118.75
RA Jadeja,SP Narine,106,98,6,14,92.45
RA Jadeja,SR Watson,56,46,4,8,82.14
RA Jadeja,ST Jayasuriya,10,2,2,3,20.0
RA Jadeja,STR Binny,8,8,0,3,100.0
RA Jadeja,SW Tait,8,2,0,2,25.0
RA Jadeja,Sakib Hussain,18,26,0,3,144.44
RA Jadeja,Sandeep Sharma,76,80,2,12,105.26
RA Jadeja,Shakib Al Hasan,6,16,0,2,266.67
RA Jadeja,Shivam Mavi,10,6,0,3,60.0
RA Jadeja,Shivang Kumar,12,8,0,2,66.67
RA Jadeja,Suyash Sharma,54,100,0,4,185.19
RA Jadeja,T Natarajan,66,120,2,8,181.82
RA Jadeja,TA Boult,66,102,2,10,154.55
RA Jadeja,TG Southee,18,32,0,3,177.78
RA Jadeja,TK Curran,16,20,0,4,125.0
RA Jadeja,TM Dilshan,26,38,0,5,146.15
RA Jadeja,TM Head,12,14,0,3,116.67
RA Jadeja,TP Sudhindra,16,26,0,2,162.5
RA Jadeja,TU Deshpande,22,48,0,4,218.18
RA Jadeja,UT Yadav,34,30,2,8,88.24
RA Jadeja,Umar Gul,6,14,0,2,233.33
RA Jadeja,V Puthur,6,4,0,2,66.67
RA Jadeja,VG Arora,12,6,2,4,50.0
RA Jadeja,VR Aaron,6,10,0,2,166.67
RA Jadeja,VRV Singh,28,26,0,2,92.86
RA Jadeja,WD Parnell,10,14,0,2,140.0
RA Jadeja,WG Jacks,14,10,0,3,71.43
RA Jadeja,WPUJC Vaas,8,6,0,2,75.0
RA Jadeja,Washington Sundar,34,32,0,4,94.12
RA Jadeja,YA Abdulla,10,2,2,2,20.0
RA Jadeja,YK Pathan,38,44,0,6,115.79
RA Jadeja,YS Chahal,60,62,4,10,103.33
RA Jadeja,Yash Dayal,38,48,0,5,126.32
RA Jadeja,Yash Thakur,44,50,0,5,113.64
RA Jadeja,Yuvraj Singh,22,34,0,3,154.55
RA Jadeja,Z Khan,52,72,2,6,138.46
RA Jadeja,Zeeshan Ansari,12,22,0,2,183.33
RA Tripathi,A Mishra,20,22,0,2,110.0
RA Tripathi,A Nehra,6,0,0,2,0.0
RA Tripathi,A Nortje,30,28,2,6,93.33
RA Tripathi,AD Russell,52,88,8,9,169.23
RA Tripathi,AF Milne,40,50,0,4,125.0
RA Tripathi,AJ Tye,24,34,4,4,141.67
RA Tripathi,AR Patel,34,26,2,6,76.47
RA Tripathi,Akash Singh,8,0,0,2,0.0
RA Tripathi,Aman Hakim Khan,8,22,0,2,275.0
RA Tripathi,Arshdeep Singh,78,86,0,8,110.26
RA Tripathi,Avesh Khan,36,54,2,7,150.0
RA Tripathi,B Kumar,34,70,0,6,205.88
RA Tripathi,B Stanlake,8,4,0,2,50.0
RA Tripathi,Basil Thampi,20,24,0,4,120.0
RA Tripathi,Bipul Sharma,22,18,0,2,81.82
RA Tripathi,C Sakariya,12,10,2,3,83.33
RA Tripathi,C de Grandhomme,20,36,0,3,180.0
RA Tripathi,CH Morris,48,62,2,7,129.17
RA Tripathi,CJ Jordan,30,58,0,3,193.33
RA Tripathi,CR Woakes,32,30,2,4,93.75
RA Tripathi,CV Varun,44,76,0,6,172.73
RA Tripathi,DJ Bravo,34,58,4,4,170.59
RA Tripathi,DJ Hooda,14,22,2,3,157.14
RA Tripathi,DL Chahar,66,104,2,6,157.58
RA Tripathi,DR Sams,14,34,0,2,242.86
RA Tripathi,DS Rathi,6,10,0,2,166.67
RA Tripathi,FA Allen,12,18,0,2,150.0
RA Tripathi,GJ Maxwell,16,24,0,4,150.0
RA Tripathi,HF Gurney,6,2,2,2,33.33
RA Tripathi,HV Patel,46,60,4,7,130.43
RA Tripathi,Harbhajan Singh,16,16,0,2,100.0
RA Tripathi,Harpreet Brar,42,54,2,4,128.57
RA Tripathi,Harshit Rana,24,30,0,5,125.0
RA Tripathi,I Sharma,20,30,2,5,150.0
RA Tripathi,Imran Tahir,6,4,2,3,66.67
RA Tripathi,JC Archer,32,24,0,3,75.0
RA Tripathi,JD Unadkat,16,18,0,3,112.5
RA Tripathi,JJ Bumrah,56,92,2,7,164.29
RA Tripathi,JP Behrendorff,6,4,2,2,66.67
RA Tripathi,JR Hazlewood,26,30,4,4,115.38
RA Tripathi,K Rabada,44,52,0,6,118.18
RA Tripathi,K Yadav,6,6,0,2,100.0
RA Tripathi,KH Pandya,70,76,6,8,108.57
RA Tripathi,KK Ahmed,12,16,0,2,133.33
RA Tripathi,KV Sharma,44,74,2,3,168.18
RA Tripathi,Kartik Tyagi,8,6,0,2,75.0
RA Tripathi,Kuldeep Yadav,38,76,2,4,200.0
RA Tripathi,L Ngidi,10,8,2,3,80.0
RA Tripathi,LE Plunkett,8,10,0,2,125.0
RA Tripathi,LH Ferguson,6,2,0,2,33.33
RA Tripathi,LS Livingstone,6,6,0,2,100.0
RA Tripathi,Lalit Yadav,20,30,0,3,150.0
RA Tripathi,M Ashwin,36,62,0,3,172.22
RA Tripathi,M Markande,12,10,0,2,83.33
RA Tripathi,M Prasidh Krishna,22,42,2,5,190.91
RA Tripathi,M Theekshana,14,10,0,4,71.43
RA Tripathi,MA Starc,26,42,2,3,161.54
RA Tripathi,MC Henriques,8,4,0,3,50.0
RA Tripathi,MG Johnson,18,10,0,3,55.56
RA Tripathi,MJ McClenaghan,28,42,2,4,150.0
RA Tripathi,MJ Santner,32,52,0,3,162.5
RA Tripathi,MK Lomror,6,10,0,2,166.67
RA Tripathi,MM Ali,50,66,0,4,132.0
RA Tripathi,MM Sharma,10,10,0,2,100.0
RA Tripathi,MP Stoinis,26,72,4,4,276.92
RA Tripathi,MR Marsh,20,6,4,4,30.0
RA Tripathi,Mohammad Nabi,16,30,0,2,187.5
RA Tripathi,Mohammed Shami,60,68,8,10,113.33
RA Tripathi,Mohammed Siraj,94,116,4,9,123.4
RA Tripathi,Mohit Rathee,16,42,0,2,262.5
RA Tripathi,Mujeeb Ur Rahman,30,20,2,4,66.67
RA Tripathi,Mukesh Choudhary,12,24,2,3,200.0
RA Tripathi,Mukesh Kumar,8,18,0,2,225.0
RA Tripathi,Mustafizur Rahman,10,4,2,3,40.0
RA Tripathi,NA Saini,8,10,0,2,125.0
RA Tripathi,NM Coulter-Nile,30,66,0,3,220.0
RA Tripathi,NT Ellis,30,46,0,4,153.33
RA Tripathi,OC McCoy,6,14,0,2,233.33
RA Tripathi,OF Smith,8,14,0,2,175.0
RA Tripathi,P Kumar,18,48,0,2,266.67
RA Tripathi,P Negi,14,12,4,3,85.71
RA Tripathi,PJ Cummins,12,16,0,2,133.33
RA Tripathi,PJ Sangwan,8,8,0,2,100.0
RA Tripathi,PP Chawla,16,14,4,4,87.5
RA Tripathi,PWH de Silva,12,10,2,3,83.33
RA Tripathi,R Ashwin,70,104,2,6,148.57
RA Tripathi,R Dhawan,18,32,0,2,177.78
RA Tripathi,R Sanjay Yadav,18,28,0,2,155.56
RA Tripathi,R Tewatia,60,92,0,6,153.33
RA Tripathi,RA Jadeja,52,50,6,5,96.15
RA Tripathi,RD Chahar,62,110,4,5,177.42
RA Tripathi,RP Meredith,8,20,0,2,250.0
RA Tripathi,Ramandeep Singh,14,24,2,2,171.43
RA Tripathi,Rashid Khan,52,70,2,6,134.62
RA Tripathi,Ravi Bishnoi,66,58,4,6,87.88
RA Tripathi,S Aravind,28,44,0,3,157.14
RA Tripathi,S Badree,14,18,0,3,128.57
RA Tripathi,S Dube,14,30,0,3,214.29
RA Tripathi,S Gopal,12,18,2,2,150.0
RA Tripathi,S Kaul,16,40,0,3,250.0
RA Tripathi,SM Curran,56,82,0,5,146.43
RA Tripathi,SN Thakur,36,58,2,7,161.11
RA Tripathi,SP Narine,146,186,4,12,127.4
RA Tripathi,STR Binny,8,8,0,2,100.0
RA Tripathi,Sandeep Sharma,28,36,2,6,128.57
RA Tripathi,Shahbaz Ahmed,16,30,0,2,187.5
RA Tripathi,Shakib Al Hasan,14,12,2,3,85.71
RA Tripathi,Shivam Mavi,8,4,0,3,50.0
RA Tripathi,Suyash Sharma,6,16,0,2,266.67
RA Tripathi,T Natarajan,22,28,4,3,127.27
RA Tripathi,TA Boult,50,60,6,8,120.0
RA Tripathi,TG Southee,24,22,2,3,91.67
RA Tripathi,TU Deshpande,14,18,0,3,128.57
RA Tripathi,UT Yadav,66,138,0,7,209.09
RA Tripathi,V Shankar,6,12,0,2,200.0
RA Tripathi,VG Arora,38,42,0,4,110.53
RA Tripathi,VR Aaron,6,8,0,2,133.33
RA Tripathi,WD Parnell,14,30,0,2,214.29
RA Tripathi,Washington Sundar,26,30,2,3,115.38
RA Tripathi,YS Chahal,88,86,4,8,97.73
RA Tripathi,Yash Dayal,8,6,0,3,75.0
RA Tripathi,Yash Thakur,18,16,4,3,88.89
RA Tripathi,Yudhvir Singh,6,2,0,2,33.33
RA Tripathi,Z Khan,10,12,2,2,120.0
RD Chahar,A Nortje,8,4,0,2,50.0
RD Chahar,AD Russell,8,10,2,2,125.0
RD Chahar,AR Patel,10,2,0,3,20.0
RD Chahar,Avesh Khan,6,8,2,2,133.33
RD Chahar,B Kumar,8,8,2,2,100.0
RD Chahar,D Pretorius,12,20,2,2,166.67
RD Chahar,DL Chahar,8,2,2,3,25.0
RD Chahar,HH Pandya,8,24,0,2,300.0
RD Chahar,HV Patel,6,4,2,3,66.67
RD Chahar,KK Ahmed,18,30,0,2,166.67
RD Chahar,LH Ferguson,22,24,0,3,109.09
RD Chahar,Lalit Yadav,8,8,2,2,100.0
RD Chahar,M Markande,8,0,2,2,0.0
RD Chahar,M Prasidh Krishna,6,6,0,2,100.0
RD Chahar,Mohsin Khan,8,8,2,2,100.0
RD Chahar,Mustafizur Rahman,10,14,0,2,140.0
RD Chahar,RJ Gleeson,12,28,0,2,233.33
RD Chahar,Rashid Khan,8,14,0,3,175.0
RD Chahar,SN Thakur,20,16,2,3,80.0
RD Chahar,Umran Malik,12,0,2,3,0.0
RD Gaikwad,A Mishra,12,6,0,2,50.0
RD Gaikwad,A Nortje,60,92,4,5,153.33
RD Gaikwad,A Zampa,8,12,2,2,150.0
RD Gaikwad,AD Russell,22,46,2,4,209.09
RD Gaikwad,AF Milne,26,24,0,2,92.31
RD Gaikwad,AK Markram,20,40,0,3,200.0
RD Gaikwad,AM Ghazanfar,30,44,2,3,146.67
RD Gaikwad,AR Patel,96,126,4,9,131.25
RD Gaikwad,AS Joseph,50,94,2,4,188.0
RD Gaikwad,AS Roy,20,34,2,3,170.0
RD Gaikwad,Abhishek Sharma,20,16,0,3,80.0
RD Gaikwad,Akash Madhwal,22,50,0,2,227.27
RD Gaikwad,Akash Singh,48,88,2,3,183.33
RD Gaikwad,Arshad Khan,44,78,0,4,177.27
RD Gaikwad,Arshdeep Singh,76,84,6,8,110.53
RD Gaikwad,Auqib Nabi,12,6,0,2,50.0
RD Gaikwad,Avesh Khan,52,56,2,7,107.69
RD Gaikwad,Azmatullah Omarzai,20,16,0,2,80.0
RD Gaikwad,B Kumar,96,138,0,7,143.75
RD Gaikwad,C Green,32,36,0,4,112.5
RD Gaikwad,C Sakariya,40,26,2,4,65.0
RD Gaikwad,CH Morris,24,30,0,2,125.0
RD Gaikwad,CJ Jordan,16,28,0,2,175.0
RD Gaikwad,CR Woakes,10,8,2,2,80.0
RD Gaikwad,CV Varun,100,90,4,7,90.0
RD Gaikwad,DG Nalkande,16,26,0,2,162.5
RD Gaikwad,DL Chahar,8,14,0,2,175.0
RD Gaikwad,DR Sams,8,4,4,3,50.0
RD Gaikwad,E Malinga,16,10,2,3,62.5
RD Gaikwad,G Coetzee,20,44,0,2,220.0
RD Gaikwad,GD Phillips,6,4,0,2,66.67
RD Gaikwad,HH Pandya,62,104,2,7,167.74
RD Gaikwad,HR Shokeen,8,12,0,2,150.0
RD Gaikwad,HV Patel,18,26,0,4,144.44
RD Gaikwad,Harpreet Brar,30,54,0,4,180.0
RD Gaikwad,Harshit Rana,8,6,0,2,75.0
RD Gaikwad,I Sharma,20,40,0,2,200.0
RD Gaikwad,J Little,18,48,0,3,266.67
RD Gaikwad,J Suchith,26,66,0,2,253.85
RD Gaikwad,JA Duffy,6,14,2,2,233.33
RD Gaikwad,JA Richardson,6,2,0,2,33.33
RD Gaikwad,JC Archer,30,18,2,4,60.0
RD Gaikwad,JD Unadkat,36,56,0,3,155.56
RD Gaikwad,JDS Neesham,14,22,0,2,157.14
RD Gaikwad,JJ Bumrah,50,70,0,6,140.0
RD Gaikwad,JO Holder,36,46,2,4,127.78
RD Gaikwad,JP Behrendorff,6,2,0,2,33.33
RD Gaikwad,JR Hazlewood,36,18,4,4,50.0
RD Gaikwad,K Gowtham,12,40,0,2,333.33
RD Gaikwad,K Kartikeya,32,48,0,3,150.0
RD Gaikwad,K Khejroliya,8,18,0,2,225.0
RD Gaikwad,K Rabada,90,96,4,9,106.67
RD Gaikwad,K Yadav,16,20,0,2,125.0
RD Gaikwad,KA Jamieson,6,4,0,2,66.67
RD Gaikwad,KA Pollard,16,24,0,2,150.0
RD Gaikwad,KH Pandya,38,68,0,4,178.95
RD Gaikwad,KK Ahmed,48,32,2,6,66.67
RD Gaikwad,KL Nagarkoti,16,26,0,3,162.5
RD Gaikwad,KR Mayers,14,22,0,2,157.14
RD Gaikwad,Krish Bhagat,6,4,0,2,66.67
RD Gaikwad,Kuldeep Yadav,30,62,0,3,206.67
RD Gaikwad,L Ngidi,10,4,2,3,40.0
RD Gaikwad,LH Ferguson,62,112,2,6,180.65
RD Gaikwad,Lalit Yadav,8,12,0,3,150.0
RD Gaikwad,M Ashwin,14,12,0,2,85.71
RD Gaikwad,M Jansen,44,70,0,5,159.09
RD Gaikwad,M Markande,34,36,0,4,105.88
RD Gaikwad,M Prasidh Krishna,34,44,0,3,129.41
RD Gaikwad,M Theekshana,22,38,0,2,172.73
RD Gaikwad,MA Starc,36,36,2,4,100.0
RD Gaikwad,MJ Henry,36,50,0,3,138.89
RD Gaikwad,MJ Santner,12,28,0,2,233.33
RD Gaikwad,MJ Suthar,28,36,0,2,128.57
RD Gaikwad,MM Ali,12,18,0,2,150.0
RD Gaikwad,MM Sharma,18,28,2,3,155.56
RD Gaikwad,MP Stoinis,24,40,0,3,166.67
RD Gaikwad,Mohammad Nabi,16,20,0,2,125.0
RD Gaikwad,Mohammed Shami,168,146,0,11,86.9
RD Gaikwad,Mohammed Siraj,134,200,4,10,149.25
RD Gaikwad,Mohsin Khan,38,62,0,3,163.16
RD Gaikwad,Mukesh Kumar,8,4,0,3,50.0
RD Gaikwad,Mustafizur Rahman,24,36,2,3,150.0
RD Gaikwad,N Burger,30,34,0,3,113.33
RD Gaikwad,NA Saini,12,24,0,3,200.0
RD Gaikwad,Nithish Kumar Reddy,16,32,0,4,200.0
RD Gaikwad,Noor Ahmad,24,28,2,3,116.67
RD Gaikwad,PJ Cummins,58,94,4,6,162.07
RD Gaikwad,PP Chawla,18,24,2,3,133.33
RD Gaikwad,PP Hinge,12,18,0,3,150.0
RD Gaikwad,PVSN Raju,8,20,0,2,250.0
RD Gaikwad,PWH de Silva,32,62,2,4,193.75
RD Gaikwad,Prince Yadav,10,18,0,2,180.0
RD Gaikwad,R Ashwin,32,40,0,4,125.0
RD Gaikwad,R Dhawan,6,6,0,2,100.0
RD Gaikwad,R Sai Kishore,36,24,0,3,66.67
RD Gaikwad,R Shepherd,6,12,0,2,200.0
RD Gaikwad,R Tewatia,32,62,2,3,193.75
RD Gaikwad,RD Chahar,74,80,2,6,108.11
RD Gaikwad,Raghu Sharma,24,28,0,2,116.67
RD Gaikwad,Rashid Khan,138,226,4,10,163.77
RD Gaikwad,Ravi Bishnoi,36,58,2,4,161.11
RD Gaikwad,S Kaul,20,24,0,3,120.0
RD Gaikwad,SH Johnson,14,22,2,2,157.14
RD Gaikwad,SM Curran,44,76,0,4,172.73
RD Gaikwad,SN Thakur,12,22,0,2,183.33
RD Gaikwad,SP Narine,98,126,2,7,128.57
RD Gaikwad,Sakib Hussain,10,6,0,3,60.0
RD Gaikwad,Sandeep Sharma,102,100,2,8,98.04
RD Gaikwad,Shahbaz Ahmed,46,56,6,5,121.74
RD Gaikwad,Shakib Al Hasan,16,32,0,2,200.0
RD Gaikwad,Shashank Singh,6,8,0,2,133.33
RD Gaikwad,Shivam Mavi,14,8,0,2,57.14
RD Gaikwad,Shivang Kumar,12,10,0,2,83.33
RD Gaikwad,Sikandar Raza,6,2,2,2,33.33
RD Gaikwad,T Natarajan,58,78,6,6,134.48
RD Gaikwad,TA Boult,86,114,6,8,132.56
RD Gaikwad,TK Curran,18,16,0,2,88.89
RD Gaikwad,TU Deshpande,16,16,0,2,100.0
RD Gaikwad,UT Yadav,30,34,4,5,113.33
RD Gaikwad,Umran Malik,44,80,0,3,181.82
RD Gaikwad,V Puthur,8,6,2,2,75.0
RD Gaikwad,VG Arora,42,56,0,5,133.33
RD Gaikwad,Vijaykumar Vyshak,8,10,0,2,125.0
RD Gaikwad,WD Parnell,6,4,0,2,66.67
RD Gaikwad,WG Jacks,6,16,0,2,266.67
RD Gaikwad,Washington Sundar,44,52,0,4,118.18
RD Gaikwad,XC Bartlett,8,12,0,2,150.0
RD Gaikwad,YS Chahal,94,106,6,7,112.77
RD Gaikwad,Yash Dayal,64,104,4,5,162.5
RD Gaikwad,Yash Thakur,40,76,2,4,190.0
RD Rickelton,A Kamboj,8,4,0,2,50.0
RD Rickelton,AD Russell,10,8,0,2,80.0
RD Rickelton,AS Roy,18,26,0,3,144.44
RD Rickelton,Akash Madhwal,16,24,0,2,150.0
RD Rickelton,Arshdeep Singh,42,48,2,4,114.29
RD Rickelton,Avesh Khan,10,20,0,3,200.0
RD Rickelton,Azmatullah Omarzai,10,18,2,2,180.0
RD Rickelton,B Kumar,26,46,2,4,176.92
RD Rickelton,B Muzarabani,14,24,0,2,171.43
RD Rickelton,CV Varun,36,52,0,3,144.44
RD Rickelton,DS Rathi,22,48,2,2,218.18
RD Rickelton,E Malinga,24,38,0,3,158.33
RD Rickelton,Fazalhaq Farooqi,8,22,0,2,275.0
RD Rickelton,HV Patel,8,18,2,2,225.0
RD Rickelton,Harpreet Brar,6,4,0,2,66.67
RD Rickelton,Harsh Dubey,14,44,0,2,314.29
RD Rickelton,Harshit Rana,14,30,0,2,214.29
RD Rickelton,J Overton,8,16,0,2,200.0
RD Rickelton,JA Duffy,20,42,0,2,210.0
RD Rickelton,JC Archer,26,46,2,4,176.92
RD Rickelton,JD Unadkat,6,8,2,2,133.33
RD Rickelton,JR Hazlewood,8,8,2,2,100.0
RD Rickelton,K Kartikeya,14,24,0,2,171.43
RD Rickelton,KA Jamieson,10,16,0,2,160.0
RD Rickelton,KH Pandya,8,6,0,2,75.0
RD Rickelton,KK Ahmed,16,28,2,3,175.0
RD Rickelton,Kartik Tyagi,8,10,0,2,125.0
RD Rickelton,Kuldeep Yadav,10,8,4,3,80.0
RD Rickelton,M Jansen,16,32,2,4,200.0
RD Rickelton,M Siddharth,14,48,0,2,342.86
RD Rickelton,M Theekshana,18,14,2,2,77.78
RD Rickelton,MA Starc,14,28,0,2,200.0
RD Rickelton,MP Yadav,12,10,0,2,83.33
RD Rickelton,Mohammed Shami,26,44,0,3,169.23
RD Rickelton,Mohammed Siraj,18,14,4,3,77.78
RD Rickelton,Mohsin Khan,24,62,2,2,258.33
RD Rickelton,Mukesh Choudhary,22,32,0,2,145.45
RD Rickelton,Mukesh Kumar,46,58,2,4,126.09
RD Rickelton,Mustafizur Rahman,10,6,0,2,60.0
RD Rickelton,N Burger,10,22,2,2,220.0
RD Rickelton,Nithish Kumar Reddy,16,48,0,2,300.0
RD Rickelton,Noor Ahmad,6,2,2,2,33.33
RD Rickelton,PJ Cummins,42,58,0,4,138.1
RD Rickelton,PP Hinge,20,54,0,2,270.0
RD Rickelton,PR Veer,12,36,0,2,300.0
RD Rickelton,PVD Chameera,12,30,0,2,250.0
RD Rickelton,Prince Yadav,20,36,0,3,180.0
RD Rickelton,R Ashwin,16,12,0,2,75.0
RD Rickelton,R Parag,6,10,0,2,166.67
RD Rickelton,Rasikh Salam,8,10,0,2,125.0
RD Rickelton,Ravi Bishnoi,14,26,0,2,185.71
RD Rickelton,SH Johnson,22,26,0,2,118.18
RD Rickelton,SM Curran,10,18,0,2,180.0
RD Rickelton,SN Thakur,8,18,2,2,225.0
RD Rickelton,SP Narine,38,84,0,3,221.05
RD Rickelton,Sakib Hussain,18,48,0,2,266.67
RD Rickelton,V Nigam,12,18,0,3,150.0
RD Rickelton,VG Arora,18,36,0,2,200.0
RD Rickelton,XC Bartlett,18,36,0,2,200.0
RD Rickelton,Zeeshan Ansari,10,2,0,2,20.0
RE Levi,A Singh,10,6,0,2,60.0
RE Levi,AA Chavan,16,28,0,2,175.0
RE Levi,DE Bollinger,20,36,0,2,180.0
RE Levi,DJ Bravo,10,12,2,2,120.0
RE Levi,DW Steyn,16,2,4,3,12.5
RE Levi,GB Hogg,6,10,2,2,166.67
RE Levi,IK Pathan,6,2,0,2,33.33
RE Levi,JA Morkel,12,4,0,2,33.33
RE Levi,KK Cooper,6,8,0,2,133.33
RE Levi,R Ashwin,18,18,0,2,100.0
RE Levi,RA Jadeja,10,30,0,2,300.0
RE Levi,SK Trivedi,6,6,0,2,100.0
RE van der Merwe,A Symonds,20,24,2,3,120.0
RE van der Merwe,CH Gayle,8,14,0,2,175.0
RE van der Merwe,I Sharma,6,2,2,2,33.33
RE van der Merwe,IK Pathan,8,12,0,2,150.0
RE van der Merwe,JA Morkel,18,12,2,3,66.67
RE van der Merwe,JO Holder,6,8,0,2,133.33
RE van der Merwe,M Morkel,6,12,0,2,200.0
RE van der Merwe,M Muralitharan,8,2,0,2,25.0
RE van der Merwe,P Awana,12,4,2,2,33.33
RE van der Merwe,P Kumar,6,12,0,2,200.0
RE van der Merwe,PP Chawla,6,14,0,2,233.33
RE van der Merwe,PP Ojha,20,38,2,3,190.0
RE van der Merwe,R Ashwin,10,10,2,2,100.0
RE van der Merwe,RA Jadeja,14,8,0,2,57.14
RE van der Merwe,RJ Harris,18,26,0,3,144.44
RE van der Merwe,RP Singh,30,28,0,5,93.33
RE van der Merwe,SL Malinga,8,14,0,3,175.0
RE van der Merwe,SW Tait,6,4,0,2,66.67
RE van der Merwe,YA Abdulla,8,32,2,2,400.0
RE van der Merwe,Yuvraj Singh,16,12,0,2,75.0
RG Sharma,A Ashish Reddy,10,10,0,2,100.0
RG Sharma,A Choudhary,12,22,0,2,183.33
RG Sharma,A Kumble,80,114,4,8,142.5
RG Sharma,A Mishra,182,174,14,18,95.6
RG Sharma,A Nehra,74,124,4,10,167.57
RG Sharma,A Nortje,48,74,4,6,154.17
RG Sharma,A Singh,34,58,0,4,170.59
RG Sharma,A Zampa,8,4,2,2,50.0
RG Sharma,AA Chavan,20,16,0,3,80.0
RG Sharma,AB Agarkar,58,104,2,6,179.31
RG Sharma,AB Dinda,64,116,4,9,181.25
RG Sharma,AC Thomas,6,6,0,2,100.0
RG Sharma,AC Voges,12,10,0,2,83.33
RG Sharma,AD Mathews,30,42,2,4,140.0
RG Sharma,AD Russell,122,194,2,13,159.02
RG Sharma,AF Milne,6,10,0,2,166.67
RG Sharma,AJ Finch,12,12,0,3,100.0
RG Sharma,AJ Tye,32,48,0,5,150.0
RG Sharma,AK Markram,6,4,0,2,66.67
RG Sharma,AL Menaria,20,20,0,3,100.0
RG Sharma,AN Ahmed,10,46,0,2,460.0
RG Sharma,AP Dole,22,32,0,2,145.45
RG Sharma,AR Patel,154,134,8,12,87.01
RG Sharma,AS Joseph,20,46,0,2,230.0
RG Sharma,AS Rajpoot,36,44,4,6,122.22
RG Sharma,AS Raut,10,12,0,2,120.0
RG Sharma,Abhishek Sharma,16,24,0,3,150.0
RG Sharma,Akash Deep,20,28,2,4,140.0
RG Sharma,Akash Madhwal,8,12,0,2,150.0
RG Sharma,Anand Rajan,12,12,0,2,100.0
RG Sharma,Ankit Sharma,32,20,0,3,62.5
RG Sharma,Ankit Soni,14,4,0,2,28.57
RG Sharma,Anureet Singh,12,18,0,2,150.0
RG Sharma,Arshad Khan,26,18,2,3,69.23
RG Sharma,Arshdeep Singh,70,64,2,9,91.43
RG Sharma,Avesh Khan,52,92,4,5,176.92
RG Sharma,Azhar Mahmood,26,46,0,4,176.92
RG Sharma,Azmatullah Omarzai,14,12,0,3,85.71
RG Sharma,B Akhil,12,8,0,2,66.67
RG Sharma,B Kumar,152,204,4,19,134.21
RG Sharma,B Laughlin,20,38,0,2,190.0
RG Sharma,B Lee,42,78,2,4,185.71
RG Sharma,B Muzarabani,14,26,0,2,185.71
RG Sharma,B Stanlake,12,20,2,2,166.67
RG Sharma,BA Bhatt,22,22,0,3,100.0
RG Sharma,BA Stokes,18,20,0,2,111.11
RG Sharma,BAW Mendis,22,20,0,2,90.91
RG Sharma,BMAJ Mendis,14,20,0,2,142.86
RG Sharma,BW Hilfenhaus,28,52,2,3,185.71
RG Sharma,Basil Thampi,12,10,0,2,83.33
RG Sharma,Bipul Sharma,8,10,2,3,125.0
RG Sharma,C Sakariya,14,6,2,3,42.86
RG Sharma,C de Grandhomme,22,30,0,3,136.36
RG Sharma,CH Gayle,12,14,0,3,116.67
RG Sharma,CH Morris,62,72,4,7,116.13
RG Sharma,CJ Anderson,42,88,2,3,209.52
RG Sharma,CJ Green,8,10,0,2,125.0
RG Sharma,CJ Jordan,20,32,0,2,160.0
RG Sharma,CL White,10,16,0,2,160.0
RG Sharma,CR Woakes,8,12,0,2,150.0
RG Sharma,CV Varun,120,142,2,8,118.33
RG Sharma,D Salunkhe,8,4,0,2,50.0
RG Sharma,D Wiese,22,34,2,3,154.55
RG Sharma,DE Bollinger,20,30,4,4,150.0
RG Sharma,DJ Bravo,144,164,10,16,113.89
RG Sharma,DJ Hooda,20,24,0,2,120.0
RG Sharma,DJ Hussey,18,56,0,2,311.11
RG Sharma,DJ Willey,6,0,0,2,0.0
RG Sharma,DJG Sammy,6,4,0,2,66.67
RG Sharma,DL Chahar,98,120,6,11,122.45
RG Sharma,DL Vettori,20,14,2,3,70.0
RG Sharma,DP Nannes,36,34,2,6,94.44
RG Sharma,DS Kulkarni,84,130,8,10,154.76
RG Sharma,DT Christian,64,148,0,7,231.25
RG Sharma,DW Steyn,92,74,2,10,80.43
RG Sharma,E Malinga,6,4,2,2,66.67
RG Sharma,FA Allen,26,50,0,2,192.31
RG Sharma,Fazalhaq Farooqi,34,20,0,3,58.82
RG Sharma,G Coetzee,10,16,0,2,160.0
RG Sharma,GB Hogg,26,34,2,3,130.77
RG Sharma,GC Viljoen,6,6,2,2,100.0
RG Sharma,GJ Maxwell,30,46,2,6,153.33
RG Sharma,Gagandeep Singh,52,100,0,3,192.31
RG Sharma,HF Gurney,20,10,2,3,50.0
RG Sharma,HH Pandya,16,16,2,3,100.0
RG Sharma,HV Patel,84,104,6,9,123.81
RG Sharma,Harbhajan Singh,54,68,0,7,125.93
RG Sharma,Harpreet Brar,26,40,2,4,153.85
RG Sharma,Harshit Rana,12,22,0,2,183.33
RG Sharma,I Sharma,92,112,6,12,121.74
RG Sharma,I Udana,8,16,0,2,200.0
RG Sharma,IC Pandey,10,12,0,3,120.0
RG Sharma,IK Pathan,94,140,4,10,148.94
RG Sharma,Imran Tahir,124,158,2,10,127.42
RG Sharma,Iqbal Abdulla,38,44,2,5,115.79
RG Sharma,J Botha,30,26,0,2,86.67
RG Sharma,J Overton,16,32,0,2,200.0
RG Sharma,J Syed Mohammad,14,18,0,3,128.57
RG Sharma,J Theron,14,12,0,3,85.71
RG Sharma,JA Morkel,42,32,6,8,76.19
RG Sharma,JA Richardson,10,26,0,2,260.0
RG Sharma,JC Archer,32,22,6,7,68.75
RG Sharma,JD Ryder,20,30,0,3,150.0
RG Sharma,JD Unadkat,92,158,4,11,171.74
RG Sharma,JDP Oram,6,8,0,2,133.33
RG Sharma,JDS Neesham,20,56,0,2,280.0
RG Sharma,JE Taylor,6,4,0,2,66.67
RG Sharma,JH Kallis,98,164,2,7,167.35
RG Sharma,JO Holder,26,48,0,5,184.62
RG Sharma,JP Duminy,30,44,2,3,146.67
RG Sharma,JP Faulkner,34,66,4,6,194.12
RG Sharma,JR Hazlewood,24,44,0,3,183.33
RG Sharma,JR Hopes,18,32,0,2,177.78
RG Sharma,JW Hastings,20,32,0,2,160.0
RG Sharma,Joginder Sharma,34,74,0,4,217.65
RG Sharma,K Gowtham,42,78,0,3,185.71
RG Sharma,K Kartikeya,10,20,0,2,200.0
RG Sharma,K Rabada,54,76,4,8,140.74
RG Sharma,KA Jamieson,28,44,0,5,157.14
RG Sharma,KA Pollard,26,42,2,3,161.54
RG Sharma,KH Pandya,64,70,2,6,109.38
RG Sharma,KK Ahmed,98,84,6,9,85.71
RG Sharma,KK Cooper,38,40,0,6,105.26
RG Sharma,KL Nagarkoti,10,22,0,2,220.0
RG Sharma,KMA Paul,8,16,0,2,200.0
RG Sharma,KP Appanna,20,20,0,2,100.0
RG Sharma,KP Pietersen,16,22,0,2,137.5
RG Sharma,KV Sharma,52,68,2,6,130.77
RG Sharma,KW Richardson,28,22,2,3,78.57
RG Sharma,Karanveer Singh,8,8,0,2,100.0
RG Sharma,Kartik Tyagi,48,88,0,4,183.33
RG Sharma,Kuldeep Yadav,94,124,2,8,131.91
RG Sharma,L Balaji,44,60,4,7,136.36
RG Sharma,L Ngidi,26,52,0,4,200.0
RG Sharma,LB Williams,12,14,0,2,116.67
RG Sharma,LH Ferguson,30,52,0,4,173.33
RG Sharma,LS Livingstone,18,22,2,4,122.22
RG Sharma,Lalit Yadav,30,56,0,4,186.67
RG Sharma,M Ashwin,16,26,0,2,162.5
RG Sharma,M Jansen,28,30,0,4,107.14
RG Sharma,M Kartik,82,72,4,9,87.8
RG Sharma,M Morkel,134,238,4,12,177.61
RG Sharma,M Muralitharan,32,32,2,6,100.0
RG Sharma,M Pathirana,30,66,0,3,220.0
RG Sharma,M Prasidh Krishna,66,104,6,9,157.58
RG Sharma,M Siddharth,16,34,2,2,212.5
RG Sharma,M Theekshana,16,40,0,2,250.0
RG Sharma,MA Starc,32,68,0,5,212.5
RG Sharma,MC Henriques,68,98,0,6,144.12
RG Sharma,MF Maharoof,26,64,2,3,246.15
RG Sharma,MG Johnson,34,40,2,3,117.65
RG Sharma,MJ Clarke,8,4,0,2,50.0
RG Sharma,MJ Henry,10,26,0,2,260.0
RG Sharma,MJ Santner,22,18,2,2,81.82
RG Sharma,MM Patel,26,64,0,4,246.15
RG Sharma,MM Sharma,122,162,2,13,132.79
RG Sharma,MP Stoinis,42,50,2,7,119.05
RG Sharma,MP Yadav,10,24,2,2,240.0
RG Sharma,MR Marsh,10,24,0,3,240.0
RG Sharma,MS Gony,18,48,0,2,266.67
RG Sharma,MW Short,6,10,0,2,166.67
RG Sharma,Mashrafe Mortaza,16,48,0,2,300.0
RG Sharma,Mayank Dagar,18,16,2,2,88.89
RG Sharma,Mohammad Asif,6,14,0,2,233.33
RG Sharma,Mohammad Nabi,30,22,2,5,73.33
RG Sharma,Mohammed Shami,158,206,6,15,130.38
RG Sharma,Mohammed Siraj,146,208,2,14,142.47
RG Sharma,Mohsin Khan,50,76,2,6,152.0
RG Sharma,Mujeeb Ur Rahman,24,52,0,3,216.67
RG Sharma,Mukesh Choudhary,16,18,2,3,112.5
RG Sharma,Mukesh Kumar,28,42,0,4,150.0
RG Sharma,Mustafizur Rahman,64,106,4,7,165.62
RG Sharma,N Rana,10,10,0,2,100.0
RG Sharma,NA Saini,38,66,0,3,173.68
RG Sharma,NLTC Perera,42,80,0,4,190.48
RG Sharma,NM Coulter-Nile,28,30,4,4,107.14
RG Sharma,NT Ellis,6,4,0,2,66.67
RG Sharma,Naveen-ul-Haq,20,38,2,4,190.0
RG Sharma,Nithish Kumar Reddy,6,6,0,2,100.0
RG Sharma,Noor Ahmad,18,22,0,3,122.22
RG Sharma,P Awana,48,62,4,5,129.17
RG Sharma,P Dubey,22,34,0,2,154.55
RG Sharma,P Kumar,122,162,2,13,132.79
RG Sharma,P Negi,64,78,0,7,121.88
RG Sharma,PJ Cummins,86,114,8,9,132.56
RG Sharma,PJ Sangwan,36,26,2,5,72.22
RG Sharma,PP Chawla,230,292,4,20,126.96
RG Sharma,PP Ojha,26,26,0,3,100.0
RG Sharma,PV Tambe,8,14,0,3,175.0
RG Sharma,PVD Chameera,16,12,0,3,75.0
RG Sharma,PWH de Silva,6,8,2,3,133.33
RG Sharma,Pankaj Singh,8,18,0,2,225.0
RG Sharma,Parvez Rasool,6,6,0,2,100.0
RG Sharma,Prince Yadav,16,16,0,2,100.0
RG Sharma,R Ashwin,256,238,6,22,92.97
RG Sharma,R Bhatia,126,200,4,9,158.73
RG Sharma,R Dhawan,36,36,2,4,100.0
RG Sharma,R McLaren,10,22,2,4,220.0
RG Sharma,R Parag,12,10,2,2,83.33
RG Sharma,R Rampaul,6,4,0,2,66.67
RG Sharma,R Sai Kishore,38,68,2,3,178.95
RG Sharma,R Sathish,10,6,0,2,60.0
RG Sharma,R Sharma,38,22,2,4,57.89
RG Sharma,R Tewatia,16,6,2,3,37.5
RG Sharma,R Vinay Kumar,66,44,12,7,66.67
RG Sharma,RA Jadeja,182,194,6,19,106.59
RG Sharma,RD Chahar,12,26,0,2,216.67
RG Sharma,RE van der Merwe,60,56,0,5,93.33
RG Sharma,RJ Harris,12,20,2,2,166.67
RG Sharma,RP Singh,8,14,0,2,175.0
RG Sharma,RR Powar,14,6,0,2,42.86
RG Sharma,RR Raje,16,24,0,2,150.0
RG Sharma,Rashid Khan,88,112,8,9,127.27
RG Sharma,Rasikh Salam,18,14,0,3,77.78
RG Sharma,Ravi Bishnoi,74,92,6,7,124.32
RG Sharma,S Aravind,14,24,0,4,171.43
RG Sharma,S Badree,8,4,2,3,50.0
RG Sharma,S Gopal,36,46,4,5,127.78
RG Sharma,S Kaul,18,18,2,2,100.0
RG Sharma,S Nadeem,112,138,0,10,123.21
RG Sharma,S Randiv,18,40,0,2,222.22
RG Sharma,S Sandeep Warrier,52,60,0,4,115.38
RG Sharma,S Sreesanth,14,20,0,3,142.86
RG Sharma,S Tyagi,22,22,0,3,100.0
RG Sharma,SB Jakati,44,56,2,5,127.27
RG Sharma,SC Ganguly,22,40,0,3,181.82
RG Sharma,SE Bond,6,4,0,2,66.67
RG Sharma,SH Johnson,8,20,0,3,250.0
RG Sharma,SJ Srivastava,14,38,0,2,271.43
RG Sharma,SK Raina,60,82,2,6,136.67
RG Sharma,SK Trivedi,76,90,8,10,118.42
RG Sharma,SK Warne,104,104,6,9,100.0
RG Sharma,SL Malinga,10,8,2,3,80.0
RG Sharma,SM Boland,24,22,0,2,91.67
RG Sharma,SM Curran,28,56,2,5,200.0
RG Sharma,SM Harwood,8,2,0,2,25.0
RG Sharma,SMSM Senanayake,12,28,0,2,233.33
RG Sharma,SN Thakur,118,160,2,12,135.59
RG Sharma,SP Narine,274,290,16,23,105.84
RG Sharma,SR Dubey,20,14,2,2,70.0
RG Sharma,SR Watson,104,160,2,8,153.85
RG Sharma,SS Cottrell,10,6,0,2,60.0
RG Sharma,ST Jayasuriya,24,30,0,3,125.0
RG Sharma,STR Binny,38,24,2,7,63.16
RG Sharma,SW Tait,12,20,2,2,166.67
RG Sharma,Sandeep Sharma,94,76,12,14,80.85
RG Sharma,Shahbaz Ahmed,6,4,0,2,66.67
RG Sharma,Shakib Al Hasan,142,184,2,11,129.58
RG Sharma,Shivam Mavi,30,36,4,3,120.0
RG Sharma,Shivam Sharma,6,4,0,2,66.67
RG Sharma,Simarjeet Singh,16,18,2,2,112.5
RG Sharma,Suyash Sharma,8,14,2,2,175.0
RG Sharma,T Natarajan,18,34,2,3,188.89
RG Sharma,T Thushara,6,6,0,2,100.0
RG Sharma,TA Boult,46,46,6,9,100.0
RG Sharma,TG Southee,20,18,2,3,90.0
RG Sharma,TK Curran,10,6,0,3,60.0
RG Sharma,TU Deshpande,44,54,2,4,122.73
RG Sharma,UT Yadav,236,340,10,18,144.07
RG Sharma,Umar Gul,18,18,0,2,100.0
RG Sharma,Umran Malik,26,56,0,4,215.38
RG Sharma,V Kohli,12,14,0,3,116.67
RG Sharma,V Nigam,16,18,2,3,112.5
RG Sharma,V Pratap Singh,26,40,0,2,153.85
RG Sharma,VG Arora,50,82,2,5,164.0
RG Sharma,VR Aaron,54,118,2,5,218.52
RG Sharma,VRV Singh,24,40,2,3,166.67
RG Sharma,VS Malik,6,10,0,2,166.67
RG Sharma,VY Mahesh,28,36,0,2,128.57
RG Sharma,Vijaykumar Vyshak,20,36,0,3,180.0
RG Sharma,Vivrant Sharma,8,18,0,2,225.0
RG Sharma,WA Mota,16,36,0,3,225.0
RG Sharma,WD Parnell,12,10,0,2,83.33
RG Sharma,WG Jacks,8,12,2,2,150.0
RG Sharma,Washington Sundar,72,88,6,9,122.22
RG Sharma,XC Bartlett,6,14,0,2,233.33
RG Sharma,Y Nagar,10,4,0,2,40.0
RG Sharma,YK Pathan,36,24,0,8,66.67
RG Sharma,YS Chahal,88,84,4,12,95.45
RG Sharma,Yash Dayal,8,16,2,2,200.0
RG Sharma,Yash Thakur,14,30,0,2,214.29
RG Sharma,Yuvraj Singh,88,82,0,10,93.18
RG Sharma,Z Khan,70,58,2,10,82.86
RG Sharma,Zeeshan Ansari,20,30,0,2,150.0
RJ Harris,A Kumble,10,4,2,4,40.0
RJ Harris,A Mithun,6,2,0,2,33.33
RJ Harris,CH Gayle,8,4,0,2,50.0
RJ Harris,DL Vettori,14,6,0,2,42.86
RJ Harris,JH Kallis,18,22,0,3,122.22
RJ Harris,JP Faulkner,6,4,0,2,66.67
RJ Harris,KA Pollard,8,12,0,2,150.0
RJ Harris,MM Patel,10,12,4,3,120.0
RJ Harris,MR Marsh,8,8,2,2,100.0
RJ Harris,ND Doshi,10,2,0,2,20.0
RJ Harris,R McLaren,12,14,2,2,116.67
RJ Harris,R Vinay Kumar,14,24,0,3,171.43
RJ Harris,SB Jakati,16,28,2,3,175.0
RJ Harris,SL Malinga,10,12,0,3,120.0
RJ Harris,SR Watson,6,2,0,2,33.33
RJ Harris,UT Yadav,8,24,0,2,300.0
RJ Harris,V Kohli,10,8,0,2,80.0
RJ Harris,Z Khan,10,14,0,2,140.0
RJ Peterson,A Ashish Reddy,8,2,0,2,25.0
RJ Peterson,A Nehra,8,2,2,2,25.0
RJ Peterson,Azhar Mahmood,6,2,0,2,33.33
RJ Peterson,M Kartik,6,10,0,2,166.67
RJ Peterson,MJ Clarke,8,8,0,2,100.0
RJ Peterson,PP Chawla,8,30,0,2,375.0
RJ Peterson,WD Parnell,6,6,0,2,100.0
RJ Quiney,A Nehra,20,2,4,3,10.0
RJ Quiney,DJ Bravo,14,32,0,2,228.57
RJ Quiney,DP Nannes,18,18,0,3,100.0
RJ Quiney,DS Kulkarni,22,30,0,2,136.36
RJ Quiney,Harbhajan Singh,16,8,0,2,50.0
RJ Quiney,JA Morkel,18,24,0,2,133.33
RJ Quiney,JP Duminy,16,24,0,2,150.0
RJ Quiney,M Muralitharan,8,12,0,2,150.0
RJ Quiney,S Tyagi,22,12,0,2,54.55
RJ Quiney,SK Raina,10,4,2,2,40.0
RJ Quiney,SL Malinga,8,4,2,2,50.0
RJ Quiney,YA Abdulla,14,12,2,2,85.71
RJW Topley,Yash Thakur,6,2,0,2,33.33
RK Bhui,A Mishra,14,10,0,2,71.43
RK Bhui,DL Chahar,10,0,2,2,0.0
RK Bhui,KMA Paul,6,2,2,2,33.33
RK Bhui,RD Chahar,6,4,0,2,66.67
RK Singh,A Nortje,12,48,2,2,400.0
RK Singh,AJ Hosein,10,8,0,2,80.0
RK Singh,AK Markram,30,32,0,3,106.67
RK Singh,AM Ghazanfar,6,14,0,2,233.33
RK Singh,AR Patel,38,36,2,4,94.74
RK Singh,AS Joseph,30,30,0,3,100.0
RK Singh,Akash Deep,6,6,0,3,100.0
RK Singh,Akash Madhwal,10,36,0,2,360.0
RK Singh,Arshdeep Singh,14,22,0,3,157.14
RK Singh,Avesh Khan,32,70,2,5,218.75
RK Singh,B Kumar,60,92,0,6,153.33
RK Singh,Brijesh Sharma,16,30,0,2,187.5
RK Singh,C Green,18,24,0,2,133.33
RK Singh,C Sakariya,6,12,0,2,200.0
RK Singh,CR Woakes,8,8,2,2,100.0
RK Singh,D Jansen,10,14,2,2,140.0
RK Singh,DA Payne,8,16,0,2,200.0
RK Singh,DL Chahar,10,10,0,3,100.0
RK Singh,DR Sams,8,14,0,2,175.0
RK Singh,DS Rathi,34,84,0,3,247.06
RK Singh,E Malinga,6,18,0,3,300.0
RK Singh,GF Linde,8,6,0,2,75.0
RK Singh,HH Pandya,38,48,0,7,126.32
RK Singh,HR Shokeen,10,8,0,2,80.0
RK Singh,HV Patel,52,94,4,5,180.77
RK Singh,Harbhajan Singh,18,20,2,2,111.11
RK Singh,Harsh Dubey,10,16,2,2,160.0
RK Singh,J Little,16,24,0,3,150.0
RK Singh,JA Duffy,8,10,0,2,125.0
RK Singh,JC Archer,18,30,0,4,166.67
RK Singh,JD Unadkat,8,6,0,3,75.0
RK Singh,JJ Bumrah,48,50,6,7,104.17
RK Singh,JO Holder,10,18,0,3,180.0
RK Singh,JR Hazlewood,18,32,0,2,177.78
RK Singh,K Gowtham,10,8,0,2,80.0
RK Singh,KH Pandya,16,14,2,3,87.5
RK Singh,KK Ahmed,10,8,0,3,80.0
RK Singh,KM Asif,10,10,0,2,100.0
RK Singh,KR Sen,16,30,0,3,187.5
RK Singh,KV Sharma,28,38,0,4,135.71
RK Singh,Kartik Tyagi,6,10,0,2,166.67
RK Singh,Kuldeep Yadav,38,60,2,6,157.89
RK Singh,LH Ferguson,16,18,2,3,112.5
RK Singh,LS Livingstone,8,16,0,2,200.0
RK Singh,Lalit Yadav,12,8,0,2,66.67
RK Singh,M Ashwin,6,2,0,2,33.33
RK Singh,M Jansen,12,30,0,3,250.0
RK Singh,M Markande,32,42,0,4,131.25
RK Singh,M Pathirana,48,56,0,4,116.67
RK Singh,M Prasidh Krishna,24,36,0,4,150.0
RK Singh,M Theekshana,30,26,0,4,86.67
RK Singh,MG Bracewell,14,10,0,2,71.43
RK Singh,MJ McClenaghan,6,4,0,2,66.67
RK Singh,MJ Santner,12,10,0,3,83.33
RK Singh,MM Ali,26,26,0,2,100.0
RK Singh,MM Sharma,10,22,0,2,220.0
RK Singh,MP Stoinis,10,36,2,2,360.0
RK Singh,Mayank Dagar,6,6,0,2,100.0
RK Singh,Mohammed Shami,44,64,0,6,145.45
RK Singh,Mohammed Siraj,22,52,0,4,236.36
RK Singh,Mohsin Khan,16,24,0,4,150.0
RK Singh,Mustafizur Rahman,6,10,2,2,166.67
RK Singh,N Thushara,6,8,0,2,133.33
RK Singh,NT Ellis,6,18,0,2,300.0
RK Singh,Naman Dhir,6,2,0,2,33.33
RK Singh,Naveen-ul-Haq,38,74,2,3,194.74
RK Singh,Nithish Kumar Reddy,8,4,2,2,50.0
RK Singh,Noor Ahmad,50,30,6,5,60.0
RK Singh,PJ Cummins,16,20,0,3,125.0
RK Singh,PP Chawla,18,26,2,4,144.44
RK Singh,PVD Chameera,10,4,0,3,40.0
RK Singh,Prince Yadav,22,34,0,2,154.55
RK Singh,R Ashwin,12,10,0,4,83.33
RK Singh,R Parag,6,12,0,2,200.0
RK Singh,R Sai Kishore,10,8,0,2,80.0
RK Singh,RA Jadeja,78,108,2,8,138.46
RK Singh,RP Meredith,16,26,0,3,162.5
RK Singh,Rashid Khan,36,46,0,6,127.78
RK Singh,Rasikh Salam,10,12,0,2,120.0
RK Singh,Ravi Bishnoi,46,82,2,6,178.26
RK Singh,S Nadeem,8,6,0,2,75.0
RK Singh,SN Thakur,34,46,2,6,135.29
RK Singh,Sakib Hussain,10,12,0,2,120.0
RK Singh,Sandeep Sharma,24,46,2,3,191.67
RK Singh,Shivang Kumar,32,60,0,3,187.5
RK Singh,Sikandar Raza,6,8,0,2,133.33
RK Singh,Simarjeet Singh,12,20,0,2,166.67
RK Singh,T Natarajan,48,78,6,5,162.5
RK Singh,TA Boult,14,24,0,4,171.43
RK Singh,TU Deshpande,26,50,2,4,192.31
RK Singh,Umran Malik,8,14,0,2,175.0
RK Singh,V Nigam,10,10,2,2,100.0
RK Singh,V Puthur,6,14,0,2,233.33
RK Singh,Washington Sundar,16,12,0,5,75.0
RK Singh,YS Chahal,38,30,4,4,78.95
RK Singh,Yash Dayal,22,74,2,4,336.36
RK Singh,Yash Raj Punja,8,8,0,2,100.0
RK Singh,Yash Thakur,20,52,0,3,260.0
RM Patidar,A Kamboj,8,16,0,2,200.0
RM Patidar,A Mishra,16,26,0,2,162.5
RM Patidar,AD Russell,8,2,4,3,25.0
RM Patidar,AR Patel,38,62,2,5,163.16
RM Patidar,AS Joseph,10,30,0,2,300.0
RM Patidar,Abhishek Sharma,14,18,0,2,128.57
RM Patidar,Akash Madhwal,10,20,0,2,200.0
RM Patidar,Arshad Khan,14,26,2,3,185.71
RM Patidar,Arshdeep Singh,18,36,0,4,200.0
RM Patidar,Avesh Khan,42,74,2,5,176.19
RM Patidar,Azmatullah Omarzai,6,2,0,2,33.33
RM Patidar,B Kumar,16,18,0,2,112.5
RM Patidar,Brijesh Sharma,14,18,0,2,128.57
RM Patidar,CJ Jordan,12,4,2,2,33.33
RM Patidar,CV Varun,12,14,2,3,116.67
RM Patidar,DJ Hooda,8,24,0,2,300.0
RM Patidar,DJ Mitchell,6,8,0,2,133.33
RM Patidar,DL Chahar,10,12,0,2,120.0
RM Patidar,DS Rathi,20,60,0,4,300.0
RM Patidar,E Malinga,34,62,0,4,182.35
RM Patidar,Fazalhaq Farooqi,12,12,0,2,100.0
RM Patidar,G Coetzee,10,26,2,2,260.0
RM Patidar,HH Pandya,34,90,0,4,264.71
RM Patidar,HV Patel,60,104,0,6,173.33
RM Patidar,Harpreet Brar,36,42,2,6,116.67
RM Patidar,Harsh Dubey,6,16,0,2,266.67
RM Patidar,Harshit Rana,18,42,0,2,233.33
RM Patidar,I Sharma,14,28,2,4,200.0
RM Patidar,J Suchith,22,26,2,2,118.18
RM Patidar,JD Unadkat,14,20,2,3,142.86
RM Patidar,JJ Bumrah,26,20,0,4,76.92
RM Patidar,JO Holder,18,32,0,4,177.78
RM Patidar,K Khejroliya,12,34,0,2,283.33
RM Patidar,K Rabada,62,62,0,7,100.0
RM Patidar,KA Jamieson,8,16,2,2,200.0
RM Patidar,KH Pandya,34,66,0,3,194.12
RM Patidar,KK Ahmed,26,58,0,4,223.08
RM Patidar,KR Sen,6,16,0,2,266.67
RM Patidar,Kartik Tyagi,16,18,0,3,112.5
RM Patidar,Kuldeep Yadav,26,32,2,3,123.08
RM Patidar,LH Ferguson,12,24,0,2,200.0
RM Patidar,M Jansen,10,10,0,3,100.0
RM Patidar,M Markande,38,124,2,4,326.32
RM Patidar,M Pathirana,28,34,4,3,121.43
RM Patidar,M Prasidh Krishna,62,88,0,5,141.94
RM Patidar,M Theekshana,16,30,0,3,187.5
RM Patidar,MA Starc,6,6,0,3,100.0
RM Patidar,MJ Santner,38,50,2,4,131.58
RM Patidar,MM Ali,14,22,0,2,157.14
RM Patidar,MM Sharma,10,14,0,2,140.0
RM Patidar,MP Yadav,38,66,2,3,173.68
RM Patidar,Mohammed Shami,38,52,0,5,136.84
RM Patidar,Mohammed Siraj,22,42,0,4,190.91
RM Patidar,Mohsin Khan,20,20,0,2,100.0
RM Patidar,Mukesh Kumar,34,54,2,5,158.82
RM Patidar,Musheer Khan,10,26,0,2,260.0
RM Patidar,Mustafizur Rahman,6,0,2,2,0.0
RM Patidar,N Burger,14,30,0,2,214.29
RM Patidar,Nithish Kumar Reddy,16,18,0,3,112.5
RM Patidar,Noor Ahmad,46,56,0,5,121.74
RM Patidar,OC McCoy,14,20,0,2,142.86
RM Patidar,PJ Cummins,22,28,0,4,127.27
RM Patidar,PJ Sangwan,16,14,2,2,87.5
RM Patidar,PVD Chameera,24,54,0,2,225.0
RM Patidar,Prince Yadav,12,20,2,3,166.67
RM Patidar,R Ashwin,52,50,4,5,96.15
RM Patidar,R Dhawan,10,14,0,2,140.0
RM Patidar,R Shepherd,6,12,0,2,200.0
RM Patidar,RA Jadeja,38,60,0,5,157.89
RM Patidar,RD Chahar,28,68,2,4,242.86
RM Patidar,RP Meredith,12,14,0,2,116.67
RM Patidar,Rashid Khan,34,68,2,5,200.0
RM Patidar,Rasikh Salam,10,6,2,2,60.0
RM Patidar,Ravi Bishnoi,60,126,0,5,210.0
RM Patidar,S Dube,6,16,0,2,266.67
RM Patidar,S Gopal,12,18,0,2,150.0
RM Patidar,SM Curran,12,20,2,4,166.67
RM Patidar,SN Thakur,16,40,2,3,250.0
RM Patidar,SP Narine,34,66,2,5,194.12
RM Patidar,Sakib Hussain,8,6,0,2,75.0
RM Patidar,Sandeep Sharma,24,24,4,3,100.0
RM Patidar,Shahbaz Ahmed,8,12,2,3,150.0
RM Patidar,Shivang Kumar,6,4,0,2,66.67
RM Patidar,Simarjeet Singh,6,22,0,2,366.67
RM Patidar,Suyash Sharma,18,60,0,2,333.33
RM Patidar,TA Boult,36,52,4,6,144.44
RM Patidar,TU Deshpande,10,26,0,2,260.0
RM Patidar,V Kaverappa,10,18,0,2,180.0
RM Patidar,VG Arora,6,10,2,3,166.67
RM Patidar,Vijaykumar Vyshak,8,12,0,2,150.0
RM Patidar,W O'Rourke,6,14,2,2,233.33
RM Patidar,XC Bartlett,16,22,0,2,137.5
RM Patidar,YS Chahal,64,102,4,6,159.38
RM Patidar,Yash Thakur,10,20,0,2,200.0
RN ten Doeschate,A Nehra,14,28,0,2,200.0
RN ten Doeschate,AD Mathews,24,48,0,3,200.0
RN ten Doeschate,AG Murtaza,30,54,0,2,180.0
RN ten Doeschate,AN Ahmed,8,12,2,3,150.0
RN ten Doeschate,AR Patel,8,8,0,3,100.0
RN ten Doeschate,B Kumar,22,48,2,3,218.18
RN ten Doeschate,BA Bhatt,8,6,0,2,75.0
RN ten Doeschate,DJ Bravo,24,40,0,2,166.67
RN ten Doeschate,DS Kulkarni,14,24,0,2,171.43
RN ten Doeschate,DW Steyn,14,6,0,3,42.86
RN ten Doeschate,HV Patel,8,20,0,2,250.0
RN ten Doeschate,Harbhajan Singh,28,30,0,3,107.14
RN ten Doeschate,Harmeet Singh,8,4,2,2,50.0
RN ten Doeschate,IK Pathan,14,10,0,3,71.43
RN ten Doeschate,JD Unadkat,8,10,0,2,125.0
RN ten Doeschate,JEC Franklin,12,28,0,3,233.33
RN ten Doeschate,JR Hopes,6,10,0,2,166.67
RN ten Doeschate,KA Pollard,26,48,0,2,184.62
RN ten Doeschate,KV Sharma,12,10,0,4,83.33
RN ten Doeschate,Karanveer Singh,8,26,2,3,325.0
RN ten Doeschate,LJ Wright,6,8,0,2,133.33
RN ten Doeschate,M Morkel,8,22,2,2,275.0
RN ten Doeschate,MC Henriques,6,6,2,2,100.0
RN ten Doeschate,MG Johnson,6,2,2,2,33.33
RN ten Doeschate,MM Patel,10,12,0,2,120.0
RN ten Doeschate,MM Sharma,10,6,0,2,60.0
RN ten Doeschate,MR Marsh,12,8,0,2,66.67
RN ten Doeschate,P Kumar,8,4,0,2,50.0
RN ten Doeschate,R Vinay Kumar,6,12,0,2,200.0
RN ten Doeschate,SK Raina,8,2,0,2,25.0
RN ten Doeschate,SL Malinga,28,34,0,3,121.43
RN ten Doeschate,WD Parnell,6,6,0,3,100.0
RN ten Doeschate,Z Khan,6,6,0,2,100.0
RP Singh,A Nehra,12,8,0,4,66.67
RP Singh,DW Steyn,8,2,4,3,25.0
RP Singh,Harbhajan Singh,6,6,2,2,100.0
RP Singh,IK Pathan,8,4,2,3,50.0
RP Singh,L Balaji,12,12,2,3,100.0
RP Singh,LR Shukla,6,10,0,2,166.67
RP Singh,M Morkel,10,2,2,3,20.0
RP Singh,M Muralitharan,14,2,2,3,14.29
RP Singh,SK Trivedi,6,2,2,3,33.33
RP Singh,SK Warne,8,8,0,3,100.0
RP Singh,SL Malinga,10,2,2,3,20.0
RP Singh,SW Tait,8,2,0,2,25.0
RR Pant,A Dananjaya,14,40,0,2,285.71
RR Pant,A Kamboj,6,12,0,2,200.0
RR Pant,A Nehra,8,4,0,2,50.0
RR Pant,A Zampa,42,54,4,5,128.57
RR Pant,AB Dinda,14,4,2,2,28.57
RR Pant,AD Russell,48,104,6,8,216.67
RR Pant,AJ Tye,30,70,0,5,233.33
RR Pant,AR Patel,6,4,0,3,66.67
RR Pant,Abhishek Sharma,22,36,0,2,163.64
RR Pant,Ankit Soni,8,18,0,2,225.0
RR Pant,Arshad Khan,22,22,0,4,100.0
RR Pant,Arshdeep Singh,18,8,2,5,44.44
RR Pant,Avesh Khan,28,24,0,5,85.71
RR Pant,Azmatullah Omarzai,8,6,2,3,75.0
RR Pant,B Kumar,114,244,4,12,214.04
RR Pant,B Laughlin,6,10,0,2,166.67
RR Pant,BA Stokes,28,40,0,4,142.86
RR Pant,BB Sran,6,4,0,2,66.67
RR Pant,BCJ Cutting,24,48,0,3,200.0
RR Pant,Basil Thampi,22,60,2,3,272.73
RR Pant,Brijesh Sharma,16,24,0,2,150.0
RR Pant,C Bosch,8,2,0,2,25.0
RR Pant,C Green,14,16,2,3,114.29
RR Pant,C Sakariya,6,4,0,2,66.67
RR Pant,CH Morris,8,14,0,2,175.0
RR Pant,CJ Anderson,6,12,2,2,200.0
RR Pant,CJ Jordan,14,12,2,3,85.71
RR Pant,CR Woakes,24,50,0,2,208.33
RR Pant,CV Varun,72,72,6,8,100.0
RR Pant,DJ Bravo,90,110,2,9,122.22
RR Pant,DJ Hooda,20,26,0,4,130.0
RR Pant,DL Chahar,36,48,2,7,133.33
RR Pant,DR Sams,14,18,0,3,128.57
RR Pant,DR Smith,20,32,0,4,160.0
RR Pant,DS Kulkarni,52,96,0,6,184.62
RR Pant,DT Christian,10,8,2,3,80.0
RR Pant,E Malinga,32,36,2,3,112.5
RR Pant,G Coetzee,6,2,2,2,33.33
RR Pant,GC Viljoen,16,8,2,3,50.0
RR Pant,GJ Maxwell,32,24,6,5,75.0
RR Pant,HH Pandya,46,70,2,5,152.17
RR Pant,HR Shokeen,12,6,0,2,50.0
RR Pant,HV Patel,78,112,6,7,143.59
RR Pant,Harbhajan Singh,66,112,0,7,169.7
RR Pant,Harpreet Brar,6,4,0,2,66.67
RR Pant,Harsh Dubey,16,16,0,3,100.0
RR Pant,I Udana,10,16,0,2,160.0
RR Pant,IS Sodhi,16,22,0,2,137.5
RR Pant,Imran Tahir,40,64,2,5,160.0
RR Pant,Iqbal Abdulla,12,36,0,2,300.0
RR Pant,J Overton,22,34,2,3,154.55
RR Pant,J Suchith,6,2,0,2,33.33
RR Pant,J Yadav,58,50,2,5,86.21
RR Pant,JA Richardson,8,14,2,2,175.0
RR Pant,JC Archer,38,60,0,5,157.89
RR Pant,JD Unadkat,84,150,4,7,178.57
RR Pant,JJ Bumrah,92,110,14,15,119.57
RR Pant,JO Holder,42,58,0,5,138.1
RR Pant,JP Faulkner,32,76,2,4,237.5
RR Pant,JR Hazlewood,44,76,0,7,172.73
RR Pant,K Gowtham,76,78,0,7,102.63
RR Pant,K Rabada,20,52,0,4,260.0
RR Pant,KA Jamieson,16,8,0,2,50.0
RR Pant,KA Pollard,14,14,0,3,100.0
RR Pant,KC Cariappa,8,18,0,2,225.0
RR Pant,KH Pandya,92,160,6,13,173.91
RR Pant,KK Ahmed,40,60,2,7,150.0
RR Pant,KL Nagarkoti,16,12,0,3,75.0
RR Pant,KM Asif,10,34,0,2,340.0
RR Pant,KV Sharma,12,18,0,2,150.0
RR Pant,Kartik Tyagi,36,46,0,5,127.78
RR Pant,Kuldeep Yadav,50,46,6,6,92.0
RR Pant,L Ngidi,16,16,4,4,100.0
RR Pant,LH Ferguson,46,58,4,8,126.09
RR Pant,LS Livingstone,6,14,2,2,233.33
RR Pant,M Ashwin,16,16,0,4,100.0
RR Pant,M Jansen,18,38,0,3,211.11
RR Pant,M Markande,62,102,0,5,164.52
RR Pant,M Pathirana,44,82,4,3,186.36
RR Pant,M Prasidh Krishna,50,74,4,7,148.0
RR Pant,M Shahrukh Khan,8,2,0,2,25.0
RR Pant,M Theekshana,12,26,0,2,216.67
RR Pant,MC Henriques,26,40,0,4,153.85
RR Pant,MJ McClenaghan,14,20,0,3,142.86
RR Pant,MM Ali,68,82,4,7,120.59
RR Pant,MM Sharma,54,138,0,5,255.56
RR Pant,MP Stoinis,8,18,0,2,225.0
RR Pant,Mohammad Nabi,24,40,2,4,166.67
RR Pant,Mohammed Shami,38,46,2,7,121.05
RR Pant,Mohammed Siraj,106,186,10,11,175.47
RR Pant,Mohsin Khan,14,6,2,3,42.86
RR Pant,Mujeeb Ur Rahman,22,34,4,4,154.55
RR Pant,Mukesh Kumar,22,12,2,4,54.55
RR Pant,Mustafizur Rahman,86,144,2,8,167.44
RR Pant,N Burger,16,10,2,3,62.5
RR Pant,N Rana,18,12,2,4,66.67
RR Pant,N Thushara,32,34,0,3,106.25
RR Pant,NA Saini,12,26,0,3,216.67
RR Pant,NM Coulter-Nile,60,44,6,7,73.33
RR Pant,Naveen-ul-Haq,20,30,2,3,150.0
RR Pant,Nithish Kumar Reddy,14,24,2,2,171.43
RR Pant,Noor Ahmad,72,70,0,5,97.22
RR Pant,OC McCoy,6,16,0,2,266.67
RR Pant,PJ Cummins,58,60,2,7,103.45
RR Pant,PJ Sangwan,16,42,0,3,262.5
RR Pant,PP Chawla,50,74,0,6,148.0
RR Pant,PWH de Silva,26,48,2,3,184.62
RR Pant,R Ashwin,82,86,0,8,104.88
RR Pant,R Bhatia,14,34,0,2,242.86
RR Pant,R Parag,46,102,0,5,221.74
RR Pant,R Shepherd,22,46,0,2,209.09
RR Pant,R Tewatia,36,64,0,5,177.78
RR Pant,RA Jadeja,114,168,4,12,147.37
RR Pant,RD Chahar,16,26,0,3,162.5
RR Pant,RP Meredith,18,10,0,3,55.56
RR Pant,Raghu Sharma,6,18,0,2,300.0
RR Pant,Ramandeep Singh,10,30,2,2,300.0
RR Pant,Rashid Khan,194,234,4,14,120.62
RR Pant,Rasikh Salam,20,68,0,4,340.0
RR Pant,Ravi Bishnoi,108,122,4,8,112.96
RR Pant,S Gopal,70,120,2,6,171.43
RR Pant,S Kaul,66,110,2,6,166.67
RR Pant,S Kaushik,18,24,0,2,133.33
RR Pant,SK Raina,52,102,0,4,196.15
RR Pant,SM Curran,16,24,0,3,150.0
RR Pant,SN Thakur,44,82,0,5,186.36
RR Pant,SP Narine,118,136,2,12,115.25
RR Pant,SR Watson,46,70,0,4,152.17
RR Pant,SS Mishra,8,16,0,2,200.0
RR Pant,STR Binny,8,8,0,3,100.0
RR Pant,Sandeep Sharma,70,66,2,11,94.29
RR Pant,Shakib Al Hasan,24,34,0,2,141.67
RR Pant,Shivam Mavi,22,42,0,3,190.91
RR Pant,Shivang Kumar,24,32,0,2,133.33
RR Pant,Simarjeet Singh,10,22,0,3,220.0
RR Pant,Suyash Sharma,24,60,0,2,250.0
RR Pant,T Natarajan,48,52,0,5,108.33
RR Pant,T Shamsi,16,20,0,2,125.0
RR Pant,TA Boult,26,26,0,6,100.0
RR Pant,TG Southee,24,28,0,3,116.67
RR Pant,TK Curran,6,10,0,2,166.67
RR Pant,TM Head,14,24,0,2,171.43
RR Pant,TS Mills,22,42,2,3,190.91
RR Pant,TU Deshpande,20,20,0,3,100.0
RR Pant,UT Yadav,32,78,2,6,243.75
RR Pant,V Puthur,6,2,0,2,33.33
RR Pant,V Shankar,44,54,0,5,122.73
RR Pant,VG Arora,38,34,0,5,89.47
RR Pant,VR Aaron,16,32,2,4,200.0
RR Pant,VR Iyer,38,92,0,3,242.11
RR Pant,Vijaykumar Vyshak,24,28,0,3,116.67
RR Pant,WG Jacks,10,18,4,3,180.0
RR Pant,Washington Sundar,62,74,0,6,119.35
RR Pant,YS Chahal,176,260,8,17,147.73
RR Pant,Yash Dayal,24,68,0,2,283.33
RR Pant,Yash Raj Punja,10,10,0,2,100.0
RR Pant,Yash Thakur,8,16,0,2,200.0
RR Pant,Yuvraj Singh,10,8,2,4,80.0
RR Powar,A Mithun,8,10,0,2,125.0
RR Powar,DP Nannes,6,4,2,2,66.67
RR Powar,JA Morkel,14,24,0,2,171.43
RR Powar,L Balaji,38,50,0,5,131.58
RR Powar,M Muralitharan,10,4,0,2,40.0
RR Powar,SL Malinga,8,6,0,2,75.0
RR Powar,VY Mahesh,8,2,0,2,25.0
RR Powar,Z Khan,12,10,0,3,83.33
RR Raje,RJ Harris,6,14,0,2,233.33
RR Raje,RP Singh,8,6,0,3,75.0
RR Raje,VY Mahesh,10,12,0,2,120.0
RR Rossouw,A Nehra,18,6,4,3,33.33
RR Rossouw,AD Russell,8,28,0,2,350.0
RR Rossouw,B Kumar,24,14,0,3,58.33
RR Rossouw,C Green,8,22,0,2,275.0
RR Rossouw,CV Varun,8,10,0,2,125.0
RR Rossouw,DL Chahar,12,22,2,3,183.33
RR Rossouw,GJ Maxwell,6,14,0,2,233.33
RR Rossouw,HH Pandya,8,16,0,2,200.0
RR Rossouw,HV Patel,14,40,0,2,285.71
RR Rossouw,Harpreet Brar,24,58,2,3,241.67
RR Rossouw,Harshit Rana,6,14,0,2,233.33
RR Rossouw,I Sharma,8,8,0,2,100.0
RR Rossouw,IK Pathan,6,2,0,2,33.33
RR Rossouw,JJ Bumrah,6,4,2,3,66.67
RR Rossouw,JR Hazlewood,10,10,0,2,100.0
RR Rossouw,K Gowtham,16,12,0,2,75.0
RR Rossouw,K Rabada,10,34,0,2,340.0
RR Rossouw,KA Pollard,8,14,0,2,175.0
RR Rossouw,KV Sharma,26,32,4,4,123.08
RR Rossouw,M Theekshana,8,6,0,2,75.0
RR Rossouw,MM Ali,30,14,0,3,46.67
RR Rossouw,MM Sharma,14,32,0,3,228.57
RR Rossouw,Mohammed Siraj,14,38,0,2,271.43
RR Rossouw,Mustafizur Rahman,8,16,0,2,200.0
RR Rossouw,NT Ellis,10,16,0,2,160.0
RR Rossouw,Nithish Kumar Reddy,18,50,0,2,277.78
RR Rossouw,Noor Ahmad,8,10,2,2,125.0
RR Rossouw,PJ Cummins,8,12,2,2,150.0
RR Rossouw,PWH de Silva,10,2,0,2,20.0
RR Rossouw,R Ashwin,12,8,2,2,66.67
RR Rossouw,RA Jadeja,34,34,2,3,100.0
RR Rossouw,RD Chahar,22,30,0,3,136.36
RR Rossouw,RG Sharma,6,6,0,2,100.0
RR Rossouw,RJ Gleeson,8,18,0,2,225.0
RR Rossouw,Ravi Bishnoi,24,48,2,2,200.0
RR Rossouw,S Dube,8,26,0,2,325.0
RR Rossouw,SL Malinga,10,24,2,2,240.0
RR Rossouw,SM Curran,18,36,0,2,200.0
RR Rossouw,SN Thakur,8,16,2,2,200.0
RR Rossouw,SP Narine,10,0,2,2,0.0
RR Rossouw,Sandeep Sharma,14,28,0,2,200.0
RR Rossouw,T Natarajan,12,18,0,2,150.0
RR Rossouw,TA Boult,18,26,0,3,144.44
RR Rossouw,TU Deshpande,10,2,2,3,20.0
RR Rossouw,V Viyaskanth,6,14,0,2,233.33
RR Rossouw,WG Jacks,6,6,0,2,100.0
RR Rossouw,Yash Dayal,10,18,0,2,180.0
RR Sarwan,A Kumble,8,2,0,2,25.0
RR Sarwan,A Nehra,6,6,2,2,100.0
RR Sarwan,CK Kapugedera,8,12,0,2,150.0
RR Sarwan,DNT Zoysa,14,14,0,2,100.0
RR Sarwan,DS Kulkarni,8,4,0,2,50.0
RR Sarwan,DW Steyn,8,14,0,2,175.0
RR Sarwan,JA Morkel,6,4,0,2,66.67
RR Sarwan,JH Kallis,10,16,0,2,160.0
RR Sarwan,L Balaji,6,2,2,2,33.33
RR Sarwan,M Muralitharan,14,12,0,2,85.71
RR Sarwan,P Amarnath,6,8,0,2,133.33
RR Sarwan,P Kumar,14,12,2,2,85.71
RR Sarwan,RP Singh,8,10,0,2,125.0
RR Sarwan,Shahid Afridi,6,4,0,2,66.67
RR Sarwan,Z Khan,18,18,0,2,100.0
RS Bopara,A Kumble,60,60,0,4,100.0
RS Bopara,A Mishra,42,42,0,4,100.0
RS Bopara,A Symonds,12,16,0,2,133.33
RS Bopara,AB Dinda,18,20,0,2,111.11
RS Bopara,AC Voges,6,4,0,2,66.67
RS Bopara,AD Mascarenhas,10,12,0,2,120.0
RS Bopara,AD Mathews,6,4,0,2,66.67
RS Bopara,AP Dole,8,6,0,2,75.0
RS Bopara,CH Morris,18,18,0,3,100.0
RS Bopara,DJ Bravo,10,2,4,3,20.0
RS Bopara,DJ Hooda,6,8,0,2,133.33
RS Bopara,DP Nannes,16,6,0,3,37.5
RS Bopara,DW Steyn,38,50,0,3,131.58
RS Bopara,Harbhajan Singh,18,12,0,3,66.67
RS Bopara,I Sharma,6,6,0,2,100.0
RS Bopara,IC Pandey,10,12,0,2,120.0
RS Bopara,Imran Tahir,18,28,0,2,155.56
RS Bopara,J Suchith,8,14,0,2,175.0
RS Bopara,JA Morkel,26,24,2,3,92.31
RS Bopara,JD Ryder,18,36,0,2,200.0
RS Bopara,JH Kallis,44,68,2,4,154.55
RS Bopara,JP Duminy,12,20,2,3,166.67
RS Bopara,JP Faulkner,14,20,0,2,142.86
RS Bopara,KP Pietersen,12,8,0,3,66.67
RS Bopara,Kamran Khan,14,0,2,2,0.0
RS Bopara,M Morkel,6,2,2,2,33.33
RS Bopara,MF Maharoof,8,16,0,2,200.0
RS Bopara,MJ McClenaghan,14,10,2,2,71.43
RS Bopara,MM Patel,20,26,2,3,130.0
RS Bopara,NM Coulter-Nile,10,20,0,2,200.0
RS Bopara,P Kumar,62,120,2,4,193.55
RS Bopara,PJ Sangwan,42,66,0,3,157.14
RS Bopara,PP Ojha,14,22,0,2,157.14
RS Bopara,PV Tambe,18,24,0,2,133.33
RS Bopara,Pankaj Singh,10,14,0,2,140.0
RS Bopara,R Ashwin,10,4,0,2,40.0
RS Bopara,R Vinay Kumar,36,34,0,5,94.44
RS Bopara,RA Jadeja,6,26,0,2,433.33
RS Bopara,RG Sharma,10,6,2,2,60.0
RS Bopara,RP Singh,16,14,0,2,87.5
RS Bopara,SK Trivedi,18,12,0,3,66.67
RS Bopara,SK Warne,16,20,0,3,125.0
RS Bopara,SL Malinga,16,10,0,3,62.5
RS Bopara,SW Tait,10,6,0,2,60.0
RS Bopara,V Kohli,12,20,0,2,166.67
RS Bopara,VY Mahesh,26,34,2,3,130.77
RS Bopara,WPUJC Vaas,12,18,0,2,150.0
RS Bopara,Z Khan,20,12,2,4,60.0
RS Gavaskar,JM Kemp,10,2,2,2,20.0
RS Gavaskar,R Ashwin,6,2,0,2,33.33
RT Ponting,A Chandila,12,6,2,2,50.0
RT Ponting,AA Chavan,6,2,0,2,33.33
RT Ponting,AA Noffke,6,8,0,2,133.33
RT Ponting,AD Mathews,10,6,0,2,60.0
RT Ponting,AS Rajpoot,6,2,2,2,33.33
RT Ponting,B Kumar,12,16,0,2,133.33
RT Ponting,CRD Fernando,8,12,0,2,150.0
RT Ponting,DJ Bravo,12,4,0,2,33.33
RT Ponting,DP Nannes,14,10,0,2,71.43
RT Ponting,DS Kulkarni,10,4,0,2,40.0
RT Ponting,DT Christian,18,24,0,2,133.33
RT Ponting,IK Pathan,12,0,2,2,0.0
RT Ponting,JD Unadkat,14,6,0,2,42.86
RT Ponting,JH Kallis,14,22,2,2,157.14
RT Ponting,M Kartik,10,6,2,2,60.0
RT Ponting,M Muralitharan,14,6,0,2,42.86
RT Ponting,R Sharma,8,4,0,2,50.0
RT Ponting,R Vinay Kumar,10,14,0,2,140.0
RT Ponting,SB Joshi,8,6,0,2,75.0
RT Ponting,SM Pollock,18,10,0,2,55.56
RT Ponting,ST Jayasuriya,10,6,0,2,60.0
RT Ponting,Z Khan,12,4,0,2,33.33
RV Gomez,AC Thomas,8,16,0,2,200.0
RV Gomez,B Lee,8,8,0,3,100.0
RV Gomez,DL Vettori,10,10,0,2,100.0
RV Gomez,Iqbal Abdulla,6,0,0,2,0.0
RV Gomez,JD Ryder,8,6,0,2,75.0
RV Gomez,R Sharma,10,4,0,2,40.0
RV Gomez,S Aravind,10,0,2,2,0.0
RV Gomez,TM Dilshan,6,0,0,2,0.0
RV Gomez,WD Parnell,10,26,0,2,260.0
RV Patel,B Kumar,16,20,0,3,125.0
RV Patel,HV Patel,8,2,0,2,25.0
RV Patel,J Little,8,22,0,2,275.0
RV Patel,M Pathirana,8,4,0,2,50.0
RV Patel,MM Ali,10,14,2,3,140.0
RV Patel,MM Sharma,10,8,2,2,80.0
RV Patel,Mohammed Siraj,6,12,0,2,200.0
RV Patel,RA Jadeja,28,30,2,3,107.14
RV Patel,SN Thakur,20,10,0,2,50.0
RV Patel,T Natarajan,12,12,0,3,100.0
RV Patel,TU Deshpande,8,8,0,2,100.0
RV Uthappa,A Ashish Reddy,30,40,6,4,133.33
RV Uthappa,A Chandila,16,24,2,3,150.0
RV Uthappa,A Flintoff,8,4,0,2,50.0
RV Uthappa,A Mishra,144,168,8,12,116.67
RV Uthappa,A Nehra,70,110,4,7,157.14
RV Uthappa,A Nortje,40,48,4,5,120.0
RV Uthappa,A Singh,18,32,0,3,177.78
RV Uthappa,A Symonds,18,26,2,4,144.44
RV Uthappa,A Zampa,12,16,0,2,133.33
RV Uthappa,AB Agarkar,20,22,0,4,110.0
RV Uthappa,AB Dinda,54,54,0,5,100.0
RV Uthappa,AD Mascarenhas,28,22,4,4,78.57
RV Uthappa,AD Mathews,22,32,2,4,145.45
RV Uthappa,AJ Tye,52,78,2,5,150.0
RV Uthappa,AM Nayar,30,36,0,3,120.0
RV Uthappa,AN Ahmed,62,68,2,5,109.68
RV Uthappa,AR Patel,164,172,4,12,104.88
RV Uthappa,AS Rajpoot,10,10,0,2,100.0
RV Uthappa,Abhishek Sharma,6,4,0,2,66.67
RV Uthappa,Akash Deep,24,48,0,2,200.0
RV Uthappa,Ankit Sharma,6,6,0,2,100.0
RV Uthappa,Anureet Singh,12,24,2,3,200.0
RV Uthappa,Arshdeep Singh,14,10,0,3,71.43
RV Uthappa,Avesh Khan,38,80,0,3,210.53
RV Uthappa,Azhar Mahmood,14,12,0,3,85.71
RV Uthappa,B Akhil,22,22,2,3,100.0
RV Uthappa,B Kumar,158,172,2,16,108.86
RV Uthappa,B Laughlin,10,14,0,2,140.0
RV Uthappa,B Lee,12,38,0,3,316.67
RV Uthappa,BA Bhatt,12,12,0,2,100.0
RV Uthappa,BA Stokes,22,22,2,4,100.0
RV Uthappa,BAW Mendis,16,44,0,2,275.0
RV Uthappa,BB Sran,44,76,4,7,172.73
RV Uthappa,BCJ Cutting,36,64,2,3,177.78
RV Uthappa,BE Hendricks,6,10,0,2,166.67
RV Uthappa,BJ Hodge,6,16,0,2,266.67
RV Uthappa,BW Hilfenhaus,36,42,0,3,116.67
RV Uthappa,Basil Thampi,14,32,0,2,228.57
RV Uthappa,Bipul Sharma,44,52,2,7,118.18
RV Uthappa,CH Gayle,10,2,0,2,20.0
RV Uthappa,CH Morris,82,106,4,10,129.27
RV Uthappa,CJ Anderson,16,20,2,3,125.0
RV Uthappa,CJ Jordan,12,4,4,4,33.33
RV Uthappa,CK Langeveldt,6,6,0,2,100.0
RV Uthappa,CR Brathwaite,36,36,2,4,100.0
RV Uthappa,CV Varun,26,46,2,4,176.92
RV Uthappa,DE Bollinger,6,8,0,2,133.33
RV Uthappa,DJ Bravo,34,64,0,5,188.24
RV Uthappa,DJ Muthuswami,8,10,2,2,125.0
RV Uthappa,DJG Sammy,10,6,0,3,60.0
RV Uthappa,DL Chahar,18,18,2,3,100.0
RV Uthappa,DL Vettori,34,42,2,4,123.53
RV Uthappa,DP Nannes,14,12,0,3,85.71
RV Uthappa,DR Sams,8,4,0,3,50.0
RV Uthappa,DR Smith,14,8,2,3,57.14
RV Uthappa,DS Kulkarni,78,120,6,8,153.85
RV Uthappa,DT Christian,24,46,2,4,191.67
RV Uthappa,DW Steyn,96,114,0,10,118.75
RV Uthappa,FH Edwards,10,4,0,2,40.0
RV Uthappa,GC Viljoen,28,34,0,2,121.43
RV Uthappa,GD McGrath,12,30,0,2,250.0
RV Uthappa,GJ Maxwell,34,56,2,6,164.71
RV Uthappa,Gurkeerat Singh,8,12,0,2,150.0
RV Uthappa,HH Pandya,34,18,0,4,52.94
RV Uthappa,HR Shokeen,10,16,0,2,160.0
RV Uthappa,HV Patel,58,114,2,6,196.55
RV Uthappa,Harbhajan Singh,96,154,4,11,160.42
RV Uthappa,Harmeet Singh,38,42,4,5,110.53
RV Uthappa,Harmeet Singh (2),12,22,0,2,183.33
RV Uthappa,I Sharma,86,116,2,8,134.88
RV Uthappa,IC Pandey,42,84,0,4,200.0
RV Uthappa,IK Pathan,88,60,6,10,68.18
RV Uthappa,Imran Tahir,42,76,2,5,180.95
RV Uthappa,Iqbal Abdulla,50,48,6,6,96.0
RV Uthappa,J Theron,12,6,0,2,50.0
RV Uthappa,JA Morkel,60,84,4,10,140.0
RV Uthappa,JC Archer,20,8,0,4,40.0
RV Uthappa,JD Unadkat,60,86,6,5,143.33
RV Uthappa,JDP Oram,14,40,0,2,285.71
RV Uthappa,JDS Neesham,10,24,0,2,240.0
RV Uthappa,JEC Franklin,26,48,0,3,184.62
RV Uthappa,JH Kallis,32,40,0,3,125.0
RV Uthappa,JJ Bumrah,88,108,6,10,122.73
RV Uthappa,JL Pattinson,10,16,2,2,160.0
RV Uthappa,JO Holder,34,48,0,3,141.18
RV Uthappa,JP Duminy,38,68,0,5,178.95
RV Uthappa,JP Faulkner,58,60,4,7,103.45
RV Uthappa,JR Hazlewood,26,24,2,3,92.31
RV Uthappa,Joginder Sharma,34,34,2,3,100.0
RV Uthappa,K Gowtham,28,14,4,3,50.0
RV Uthappa,K Khejroliya,6,4,0,2,66.67
RV Uthappa,K Rabada,78,92,2,9,117.95
RV Uthappa,KA Pollard,64,84,6,7,131.25
RV Uthappa,KH Pandya,56,62,2,6,110.71
RV Uthappa,KJ Abbott,10,20,0,2,200.0
RV Uthappa,KK Ahmed,10,20,0,2,200.0
RV Uthappa,KK Cooper,6,4,0,2,66.67
RV Uthappa,KMA Paul,6,16,0,2,266.67
RV Uthappa,KMDN Kulasekara,8,10,2,3,125.0
RV Uthappa,KP Appanna,12,18,0,3,150.0
RV Uthappa,KV Sharma,58,64,6,8,110.34
RV Uthappa,Kamran Khan,8,2,0,2,25.0
RV Uthappa,Karanveer Singh,6,6,0,2,100.0
RV Uthappa,L Balaji,86,132,0,8,153.49
RV Uthappa,LA Carseldine,8,10,0,2,125.0
RV Uthappa,LMP Simmons,14,38,2,2,271.43
RV Uthappa,LR Shukla,10,14,0,3,140.0
RV Uthappa,M Ashwin,46,88,4,4,191.3
RV Uthappa,M Kartik,56,56,6,6,100.0
RV Uthappa,M Markande,16,26,4,3,162.5
RV Uthappa,M Morkel,66,90,2,6,136.36
RV Uthappa,M Muralitharan,80,114,6,8,142.5
RV Uthappa,M de Lange,8,12,2,2,150.0
RV Uthappa,MA Starc,36,56,0,4,155.56
RV Uthappa,MC Henriques,76,128,2,7,168.42
RV Uthappa,MG Johnson,46,76,4,6,165.22
RV Uthappa,MJ McClenaghan,52,40,2,6,76.92
RV Uthappa,MM Patel,72,64,2,7,88.89
RV Uthappa,MM Sharma,86,156,0,9,181.4
RV Uthappa,MP Stoinis,36,34,2,4,94.44
RV Uthappa,MS Gony,70,80,0,6,114.29
RV Uthappa,Mandeep Singh,6,10,0,2,166.67
RV Uthappa,Mohammad Hafeez,6,10,0,2,166.67
RV Uthappa,Mohammed Shami,80,104,4,8,130.0
RV Uthappa,Mohammed Siraj,78,120,2,6,153.85
RV Uthappa,Mujeeb Ur Rahman,10,26,0,2,260.0
RV Uthappa,Mustafizur Rahman,10,8,0,2,80.0
RV Uthappa,NA Saini,38,40,0,4,105.26
RV Uthappa,NLTC Perera,20,20,4,3,100.0
RV Uthappa,NM Coulter-Nile,40,40,0,4,100.0
RV Uthappa,P Amarnath,10,12,0,2,120.0
RV Uthappa,P Awana,58,74,4,5,127.59
RV Uthappa,P Kumar,88,112,2,12,127.27
RV Uthappa,P Negi,60,48,2,4,80.0
RV Uthappa,P Sahu,8,12,2,2,150.0
RV Uthappa,PJ Cummins,32,48,4,5,150.0
RV Uthappa,PJ Sangwan,34,22,4,3,64.71
RV Uthappa,PP Chawla,88,86,4,10,97.73
RV Uthappa,PP Ojha,82,76,0,9,92.68
RV Uthappa,PV Tambe,20,24,0,2,120.0
RV Uthappa,PVD Chameera,14,26,0,2,185.71
RV Uthappa,PWH de Silva,10,16,2,2,160.0
RV Uthappa,R Ashwin,188,246,14,16,130.85
RV Uthappa,R Bhatia,50,76,0,5,152.0
RV Uthappa,R Dhawan,24,24,0,3,100.0
RV Uthappa,R Tewatia,24,38,2,4,158.33
RV Uthappa,R Vinay Kumar,82,130,0,8,158.54
RV Uthappa,RA Jadeja,116,130,6,12,112.07
RV Uthappa,RA Tripathi,6,12,0,2,200.0
RV Uthappa,RG More,32,50,0,2,156.25
RV Uthappa,RJ Harris,34,74,2,5,217.65
RV Uthappa,RN ten Doeschate,6,4,0,2,66.67
RV Uthappa,RP Meredith,14,20,0,2,142.86
RV Uthappa,RP Singh,64,74,0,6,115.62
RV Uthappa,RR Powar,8,12,0,2,150.0
RV Uthappa,Rashid Khan,82,128,4,7,156.1
RV Uthappa,Ravi Bishnoi,18,20,2,3,111.11
RV Uthappa,S Aravind,16,36,0,4,225.0
RV Uthappa,S Gopal,30,60,0,3,200.0
RV Uthappa,S Kaul,60,70,2,6,116.67
RV Uthappa,S Midhun,6,16,0,2,266.67
RV Uthappa,S Nadeem,84,120,4,8,142.86
RV Uthappa,S Sreesanth,40,112,0,4,280.0
RV Uthappa,S Tyagi,8,10,0,3,125.0
RV Uthappa,SA Abbott,12,18,0,2,150.0
RV Uthappa,SB Jakati,22,30,2,3,136.36
RV Uthappa,SB Joshi,12,4,0,2,33.33
RV Uthappa,SC Ganguly,12,10,0,2,83.33
RV Uthappa,SJ Srivastava,12,16,0,2,133.33
RV Uthappa,SK Raina,28,34,0,4,121.43
RV Uthappa,SK Trivedi,70,90,0,7,128.57
RV Uthappa,SK Warne,46,70,6,6,152.17
RV Uthappa,SL Malinga,154,152,2,11,98.7
RV Uthappa,SMSM Senanayake,12,10,2,2,83.33
RV Uthappa,SN Thakur,18,18,0,2,100.0
RV Uthappa,SP Narine,36,36,2,5,100.0
RV Uthappa,SR Tendulkar,18,36,0,2,200.0
RV Uthappa,SR Watson,106,128,2,9,120.75
RV Uthappa,ST Jayasuriya,16,36,0,3,225.0
RV Uthappa,STR Binny,44,40,2,6,90.91
RV Uthappa,SW Tait,12,4,2,2,33.33
RV Uthappa,Sandeep Sharma,112,138,4,10,123.21
RV Uthappa,Shahbaz Ahmed,10,12,0,3,120.0
RV Uthappa,Shahid Afridi,18,12,2,3,66.67
RV Uthappa,Shakib Al Hasan,62,88,0,7,141.94
RV Uthappa,Shivam Mavi,20,34,0,3,170.0
RV Uthappa,Swapnil Singh,18,32,0,2,177.78
RV Uthappa,T Thushara,10,4,0,2,40.0
RV Uthappa,TA Boult,26,22,2,4,84.62
RV Uthappa,TG Southee,42,56,0,6,133.33
RV Uthappa,TK Curran,16,14,2,2,87.5
RV Uthappa,TM Dilshan,18,42,0,2,233.33
RV Uthappa,TU Deshpande,14,20,0,2,142.86
RV Uthappa,UT Yadav,74,68,4,8,91.89
RV Uthappa,V Shankar,6,8,0,2,133.33
RV Uthappa,VG Arora,12,16,2,2,133.33
RV Uthappa,VR Aaron,26,30,2,5,115.38
RV Uthappa,VRV Singh,6,8,2,2,133.33
RV Uthappa,VY Mahesh,24,34,0,3,141.67
RV Uthappa,WD Parnell,20,14,2,2,70.0
RV Uthappa,Washington Sundar,54,98,2,6,181.48
RV Uthappa,Y Venugopal Rao,6,2,2,2,33.33
RV Uthappa,YA Abdulla,10,26,0,3,260.0
RV Uthappa,YK Pathan,12,4,2,3,33.33
RV Uthappa,YS Chahal,78,88,6,10,112.82
RV Uthappa,Yash Dayal,10,4,0,2,40.0
RV Uthappa,Yuvraj Singh,34,32,4,5,94.12
RV Uthappa,Z Khan,82,84,4,11,102.44
Rahmanullah Gurbaz,A Kamboj,6,12,2,2,200.0
Rahmanullah Gurbaz,Akash Deep,14,18,0,2,128.57
Rahmanullah Gurbaz,Akash Madhwal,6,4,0,2,66.67
Rahmanullah Gurbaz,Arjun Tendulkar,10,8,0,2,80.0
Rahmanullah Gurbaz,Arshdeep Singh,22,32,0,3,145.45
Rahmanullah Gurbaz,B Kumar,38,44,2,4,115.79
Rahmanullah Gurbaz,C Green,6,4,0,2,66.67
Rahmanullah Gurbaz,DJ Willey,16,12,0,2,75.0
Rahmanullah Gurbaz,DL Chahar,8,2,2,2,25.0
Rahmanullah Gurbaz,HH Pandya,16,40,0,2,250.0
Rahmanullah Gurbaz,J Little,24,28,0,3,116.67
Rahmanullah Gurbaz,JC Archer,14,6,0,2,42.86
Rahmanullah Gurbaz,KH Pandya,8,4,0,2,50.0
Rahmanullah Gurbaz,KK Ahmed,12,10,0,2,83.33
Rahmanullah Gurbaz,KV Sharma,14,18,2,2,128.57
Rahmanullah Gurbaz,M Jansen,8,2,2,3,25.0
Rahmanullah Gurbaz,M Theekshana,12,22,2,2,183.33
Rahmanullah Gurbaz,MA Starc,22,44,2,2,200.0
Rahmanullah Gurbaz,MG Bracewell,12,30,0,2,250.0
Rahmanullah Gurbaz,Mohammed Shami,28,44,2,3,157.14
Rahmanullah Gurbaz,Mohammed Siraj,28,26,2,3,92.86
Rahmanullah Gurbaz,NT Ellis,10,0,4,3,0.0
Rahmanullah Gurbaz,Noor Ahmad,10,18,2,2,180.0
Rahmanullah Gurbaz,PJ Cummins,24,30,0,3,125.0
Rahmanullah Gurbaz,PWH de Silva,8,20,0,2,250.0
Rahmanullah Gurbaz,R Dhawan,8,8,0,2,100.0
Rahmanullah Gurbaz,Rashid Khan,22,60,0,2,272.73
Rahmanullah Gurbaz,Ravi Bishnoi,14,10,0,2,71.43
Rahmanullah Gurbaz,SM Curran,16,34,0,2,212.5
Rahmanullah Gurbaz,Sandeep Sharma,22,36,0,2,163.64
Rahmanullah Gurbaz,Shahbaz Ahmed,26,36,2,3,138.46
Rahmanullah Gurbaz,T Natarajan,16,14,2,3,87.5
Rahmanullah Gurbaz,Yash Thakur,6,4,2,2,66.67
Rahmanullah Gurbaz,Yudhvir Singh,10,18,0,2,180.0
Ramandeep Singh,A Kamboj,12,14,2,2,116.67
Ramandeep Singh,A Nortje,6,16,0,2,266.67
Ramandeep Singh,Akash Deep,8,2,0,2,25.0
Ramandeep Singh,Ashok Sharma,6,16,2,2,266.67
Ramandeep Singh,CV Varun,12,12,0,2,100.0
Ramandeep Singh,E Malinga,8,4,2,3,50.0
Ramandeep Singh,Fazalhaq Farooqi,12,28,0,2,233.33
Ramandeep Singh,GF Linde,8,2,2,2,25.0
Ramandeep Singh,HH Pandya,8,12,0,3,150.0
Ramandeep Singh,HV Patel,10,16,2,3,160.0
Ramandeep Singh,Harsh Dubey,6,24,2,2,400.0
Ramandeep Singh,J Overton,22,40,0,2,181.82
Ramandeep Singh,JJ Bumrah,18,22,2,4,122.22
Ramandeep Singh,K Rabada,10,18,0,2,180.0
Ramandeep Singh,KK Ahmed,6,10,0,3,166.67
Ramandeep Singh,LS Livingstone,6,4,0,2,66.67
Ramandeep Singh,M Jansen,6,14,0,2,233.33
Ramandeep Singh,M Markande,10,18,0,2,180.0
Ramandeep Singh,M Pathirana,6,6,0,2,100.0
Ramandeep Singh,M Theekshana,8,14,2,2,175.0
Ramandeep Singh,MJ Santner,8,14,2,2,175.0
Ramandeep Singh,Mohammed Siraj,10,34,0,2,340.0
Ramandeep Singh,N Thushara,6,12,0,2,200.0
Ramandeep Singh,Nithish Kumar Reddy,8,6,0,2,75.0
Ramandeep Singh,Noor Ahmad,10,8,0,3,80.0
Ramandeep Singh,PJ Cummins,10,22,2,2,220.0
Ramandeep Singh,PWH de Silva,8,2,0,2,25.0
Ramandeep Singh,Prince Yadav,8,2,0,2,25.0
Ramandeep Singh,RA Jadeja,16,12,0,3,75.0
Ramandeep Singh,Ravi Bishnoi,12,14,2,3,116.67
Ramandeep Singh,SP Narine,12,8,0,2,66.67
Ramandeep Singh,Shahbaz Ahmed,12,20,0,3,166.67
Ramandeep Singh,Shivang Kumar,6,12,0,2,200.0
Ramandeep Singh,TA Boult,10,18,0,2,180.0
Ramandeep Singh,V Puthur,6,12,0,2,200.0
Ramandeep Singh,VR Iyer,6,4,0,2,66.67
Ramandeep Singh,Yash Dayal,8,14,0,3,175.0
Ramandeep Singh,Yash Raj Punja,14,4,2,2,28.57
Ramandeep Singh,Yudhvir Singh,8,30,0,2,375.0
Rashid Khan,A Nortje,10,6,0,2,60.0
Rashid Khan,AR Patel,30,38,2,4,126.67
Rashid Khan,Arshdeep Singh,8,2,4,4,25.0
Rashid Khan,Ashwani Kumar,10,0,4,4,0.0
Rashid Khan,Avesh Khan,30,44,0,4,146.67
Rashid Khan,B Kumar,14,24,2,4,171.43
Rashid Khan,BA Stokes,6,6,0,2,100.0
Rashid Khan,C Green,20,32,0,3,160.0
Rashid Khan,CJ Jordan,36,104,2,5,288.89
Rashid Khan,DJ Bravo,36,52,2,4,144.44
Rashid Khan,DL Chahar,16,32,0,4,200.0
Rashid Khan,G Coetzee,6,8,0,2,133.33
Rashid Khan,HV Patel,22,22,2,4,100.0
Rashid Khan,JA Duffy,10,12,2,2,120.0
Rashid Khan,JC Archer,22,32,2,4,145.45
Rashid Khan,JD Unadkat,18,14,4,6,77.78
Rashid Khan,JJ Bumrah,18,10,8,7,55.56
Rashid Khan,JP Behrendorff,10,26,0,3,260.0
Rashid Khan,JR Hazlewood,8,18,0,3,225.0
Rashid Khan,K Kartikeya,18,60,0,2,333.33
Rashid Khan,K Rabada,14,22,4,4,157.14
Rashid Khan,KA Pollard,12,4,0,2,33.33
Rashid Khan,KH Pandya,14,12,0,3,85.71
Rashid Khan,KK Ahmed,8,4,0,2,50.0
Rashid Khan,KR Sen,8,14,0,2,175.0
Rashid Khan,KV Sharma,6,22,0,2,366.67
Rashid Khan,Kuldeep Yadav,14,20,0,2,142.86
Rashid Khan,M Jansen,8,36,0,2,450.0
Rashid Khan,M Markande,8,2,0,2,25.0
Rashid Khan,M Pathirana,22,36,2,4,163.64
Rashid Khan,M Prasidh Krishna,12,44,2,3,366.67
Rashid Khan,M Theekshana,10,10,0,3,100.0
Rashid Khan,MJ Santner,8,8,0,2,100.0
Rashid Khan,Mohammed Shami,6,6,0,3,100.0
Rashid Khan,Mohammed Siraj,32,48,0,5,150.0
Rashid Khan,Mukesh Kumar,20,32,2,3,160.0
Rashid Khan,Mustafizur Rahman,8,0,4,4,0.0
Rashid Khan,NA Saini,6,2,2,2,33.33
Rashid Khan,NM Coulter-Nile,8,18,0,2,225.0
Rashid Khan,Noor Ahmad,8,14,2,2,175.0
Rashid Khan,PP Chawla,8,4,0,2,50.0
Rashid Khan,PVSN Raju,6,12,2,2,200.0
Rashid Khan,R Ashwin,10,20,0,2,200.0
Rashid Khan,R Shepherd,6,2,0,2,33.33
Rashid Khan,Rasikh Salam,8,22,2,3,275.0
Rashid Khan,Ravi Bishnoi,8,22,0,2,275.0
Rashid Khan,S Kaul,6,22,0,2,366.67
Rashid Khan,SN Thakur,24,42,2,5,175.0
Rashid Khan,Sandeep Sharma,12,30,0,4,250.0
Rashid Khan,Shivam Mavi,14,32,2,3,228.57
Rashid Khan,Suyash Sharma,6,12,0,2,200.0
Rashid Khan,T Natarajan,6,4,2,3,66.67
Rashid Khan,TG Southee,14,8,2,4,57.14
Rashid Khan,TU Deshpande,30,56,6,5,186.67
Rashid Khan,VR Aaron,8,26,0,2,325.0
Rashid Khan,Vijaykumar Vyshak,6,14,0,2,233.33
Rashid Khan,Yash Thakur,6,0,2,2,0.0
Rasikh Salam,C Green,6,2,2,2,33.33
Rasikh Salam,CV Varun,6,2,0,3,33.33
Rasikh Salam,Harshit Rana,8,10,2,2,125.0
Rasikh Salam,K Rabada,8,10,0,2,125.0
Rasikh Salam,KV Sharma,6,2,0,2,33.33
Rasikh Salam,LH Ferguson,8,12,0,2,150.0
Rasikh Salam,MA Starc,6,2,0,2,33.33
Rasikh Salam,Mustafizur Rahman,6,6,0,2,100.0
Rasikh Salam,SP Narine,6,2,0,2,33.33
Ravi Bishnoi,AS Joseph,10,8,0,2,80.0
Ravi Bishnoi,C Bosch,18,12,2,2,66.67
Ravi Bishnoi,HV Patel,16,12,0,4,75.0
Ravi Bishnoi,JJ Bumrah,10,14,0,2,140.0
Ravi Bishnoi,JL Pattinson,8,2,0,2,25.0
Ravi Bishnoi,JP Behrendorff,6,4,0,2,66.67
Ravi Bishnoi,M Prasidh Krishna,6,2,0,2,33.33
Ravi Bishnoi,MK Lomror,6,4,0,2,66.67
Ravi Bishnoi,Sandeep Sharma,10,10,0,2,100.0
S Anirudha,AC Thomas,8,10,0,2,125.0
S Anirudha,Harbhajan Singh,6,2,2,2,33.33
S Anirudha,Harmeet Singh,8,4,0,2,50.0
S Anirudha,Iqbal Abdulla,22,20,0,2,90.91
S Anirudha,JE Taylor,6,4,2,2,66.67
S Anirudha,JH Kallis,16,28,2,2,175.0
S Anirudha,KA Pollard,10,14,0,2,140.0
S Anirudha,L Balaji,16,14,0,2,87.5
S Anirudha,PP Ojha,6,6,0,3,100.0
S Anirudha,R Bhatia,20,22,0,2,110.0
S Anirudha,RJ Harris,14,30,2,3,214.29
S Anirudha,RP Singh,20,16,2,3,80.0
S Anirudha,S Ladda,20,30,0,2,150.0
S Anirudha,SL Malinga,8,14,0,3,175.0
S Anirudha,SP Narine,6,4,0,2,66.67
S Anirudha,SR Watson,6,22,0,2,366.67
S Anirudha,YK Pathan,16,14,0,2,87.5
S Aravind,A Singh,10,26,0,2,260.0
S Aravind,AJ Tye,14,8,0,2,57.14
S Aravind,BA Stokes,6,2,0,2,33.33
S Aravind,CR Woakes,6,8,0,2,133.33
S Aravind,DT Christian,12,18,0,3,150.0
S Aravind,GJ Maxwell,10,4,2,2,40.0
S Aravind,JD Unadkat,8,10,0,2,125.0
S Aravind,JP Faulkner,10,4,2,2,40.0
S Aravind,SJ Srivastava,8,20,0,2,250.0
S Arora,A Kamboj,8,18,0,3,225.0
S Arora,Arshdeep Singh,8,14,2,2,175.0
S Arora,Gurjapneet Singh,10,10,2,2,100.0
S Arora,HH Pandya,8,32,0,2,400.0
S Arora,J Overton,6,12,0,2,200.0
S Arora,JC Archer,6,14,0,2,233.33
S Arora,JJ Bumrah,6,16,0,2,266.67
S Arora,JO Holder,12,18,0,2,150.0
S Arora,K Rabada,8,12,0,2,150.0
S Arora,Kartik Tyagi,6,4,0,2,66.67
S Arora,M Jansen,6,2,0,2,33.33
S Arora,M Prasidh Krishna,6,2,2,2,33.33
S Arora,N Burger,14,24,0,3,171.43
S Arora,Noor Ahmad,6,2,0,2,33.33
S Arora,R Shepherd,8,16,0,2,200.0
S Arora,TA Boult,6,12,0,2,200.0
S Arora,TU Deshpande,6,14,0,2,233.33
S Badree,CR Woakes,6,0,2,2,0.0
S Badree,GJ Maxwell,8,10,0,2,125.0
S Badree,JD Unadkat,12,2,2,3,16.67
S Badrinath,A Kumble,20,14,4,4,70.0
S Badrinath,A Mishra,44,36,0,3,81.82
S Badrinath,A Mithun,10,14,2,2,140.0
S Badrinath,A Nehra,42,38,2,5,90.48
S Badrinath,A Singh,26,42,0,3,161.54
S Badrinath,A Symonds,20,12,0,2,60.0
S Badrinath,AB Agarkar,14,30,0,2,214.29
S Badrinath,AB Dinda,16,14,0,2,87.5
S Badrinath,AC Thomas,10,16,0,3,160.0
S Badrinath,AC Voges,8,12,0,2,150.0
S Badrinath,AD Mascarenhas,10,14,0,2,140.0
S Badrinath,AD Mathews,16,34,0,3,212.5
S Badrinath,AJ Finch,8,14,0,2,175.0
S Badrinath,AL Menaria,12,4,0,2,33.33
S Badrinath,AM Nayar,44,68,0,4,154.55
S Badrinath,AM Salvi,6,6,0,2,100.0
S Badrinath,AN Ahmed,8,12,0,2,150.0
S Badrinath,B Akhil,6,2,0,2,33.33
S Badrinath,B Kumar,32,44,0,4,137.5
S Badrinath,B Lee,10,14,0,3,140.0
S Badrinath,BA Bhatt,34,56,0,3,164.71
S Badrinath,BJ Hodge,14,24,2,3,171.43
S Badrinath,DJ Bravo,48,60,2,4,125.0
S Badrinath,DJ Harris,6,6,0,2,100.0
S Badrinath,DL Vettori,18,20,4,4,111.11
S Badrinath,DP Nannes,18,16,0,3,88.89
S Badrinath,DR Smith,12,12,0,2,100.0
S Badrinath,DS Kulkarni,46,64,2,4,139.13
S Badrinath,DT Christian,26,18,2,4,69.23
S Badrinath,DW Steyn,8,16,0,2,200.0
S Badrinath,FH Edwards,8,2,0,2,25.0
S Badrinath,GB Hogg,10,2,2,2,20.0
S Badrinath,Harbhajan Singh,74,84,0,8,113.51
S Badrinath,Harmeet Singh,30,26,0,3,86.67
S Badrinath,I Sharma,12,28,0,2,233.33
S Badrinath,IK Pathan,46,58,2,7,126.09
S Badrinath,Iqbal Abdulla,12,14,0,2,116.67
S Badrinath,J Syed Mohammad,16,6,2,2,37.5
S Badrinath,J Theron,16,36,0,2,225.0
S Badrinath,JD Ryder,14,22,0,2,157.14
S Badrinath,JE Taylor,20,24,0,3,120.0
S Badrinath,JH Kallis,28,22,2,5,78.57
S Badrinath,JJ van der Wath,6,10,2,2,166.67
S Badrinath,JP Duminy,12,6,0,2,50.0
S Badrinath,JR Hopes,38,76,0,4,200.0
S Badrinath,KA Pollard,94,98,4,7,104.26
S Badrinath,KK Cooper,8,6,0,2,75.0
S Badrinath,KP Pietersen,6,16,0,2,266.67
S Badrinath,Kamran Khan,8,10,0,2,125.0
S Badrinath,L Balaji,28,44,0,2,157.14
S Badrinath,LR Shukla,14,12,0,2,85.71
S Badrinath,M Kartik,94,128,0,5,136.17
S Badrinath,M Morkel,22,12,0,2,54.55
S Badrinath,MG Johnson,10,0,4,3,0.0
S Badrinath,MM Patel,50,58,2,5,116.0
S Badrinath,MN Samuels,16,24,2,2,150.0
S Badrinath,MR Marsh,14,14,2,3,100.0
S Badrinath,MS Gony,8,12,0,2,150.0
S Badrinath,NLTC Perera,10,8,0,2,80.0
S Badrinath,P Kumar,28,14,0,3,50.0
S Badrinath,PJ Sangwan,28,48,0,4,171.43
S Badrinath,PP Chawla,58,62,2,5,106.9
S Badrinath,PP Ojha,52,56,4,6,107.69
S Badrinath,R Bhatia,40,42,2,5,105.0
S Badrinath,R McLaren,40,56,0,4,140.0
S Badrinath,R Sathish,12,12,0,3,100.0
S Badrinath,R Sharma,64,76,0,5,118.75
S Badrinath,R Vinay Kumar,40,52,4,7,130.0
S Badrinath,RA Jadeja,6,8,0,2,133.33
S Badrinath,RE van der Merwe,6,2,0,3,33.33
S Badrinath,RG Sharma,8,26,0,2,325.0
S Badrinath,RJ Harris,30,20,0,3,66.67
S Badrinath,RP Singh,38,34,4,6,89.47
S Badrinath,RR Powar,30,34,0,4,113.33
S Badrinath,RR Raje,22,46,0,2,209.09
S Badrinath,RV Gomez,8,6,2,2,75.0
S Badrinath,S Aravind,22,14,0,3,63.64
S Badrinath,S Nadeem,32,36,0,2,112.5
S Badrinath,S Sreesanth,32,32,2,4,100.0
S Badrinath,SE Bond,10,12,0,2,120.0
S Badrinath,SK Trivedi,40,48,0,5,120.0
S Badrinath,SK Warne,48,28,2,4,58.33
S Badrinath,SL Malinga,64,74,2,8,115.62
S Badrinath,SM Harwood,12,40,0,2,333.33
S Badrinath,SP Narine,6,4,0,2,66.67
S Badrinath,SR Watson,12,24,2,3,200.0
S Badrinath,SW Tait,6,2,2,2,33.33
S Badrinath,Shoaib Malik,6,6,0,2,100.0
S Badrinath,Sohail Tanvir,6,12,0,3,200.0
S Badrinath,TM Dilshan,28,38,0,3,135.71
S Badrinath,TP Sudhindra,14,26,0,2,185.71
S Badrinath,UT Yadav,6,8,2,2,133.33
S Badrinath,V Kohli,16,22,0,2,137.5
S Badrinath,V Sehwag,12,12,0,2,100.0
S Badrinath,VR Aaron,14,14,0,2,100.0
S Badrinath,VRV Singh,30,56,2,3,186.67
S Badrinath,WPUJC Vaas,14,8,0,2,57.14
S Badrinath,YK Pathan,46,62,0,5,134.78
S Badrinath,Yuvraj Singh,22,34,2,5,154.55
S Badrinath,Z Khan,42,26,0,4,61.9
S Chanderpaul,A Nehra,10,20,0,2,200.0
S Chanderpaul,AB Dinda,6,4,0,2,66.67
S Chanderpaul,DS Kulkarni,8,8,2,2,100.0
S Chanderpaul,I Sharma,16,10,2,2,62.5
S Chanderpaul,SR Watson,14,2,2,2,14.29
S Dhawan,A Chandila,14,22,0,3,157.14
S Dhawan,A Choudhary,10,6,0,2,60.0
S Dhawan,A Kumble,6,4,0,2,66.67
S Dhawan,A Mishra,64,78,6,6,121.88
S Dhawan,A Mithun,14,24,0,2,171.43
S Dhawan,A Nehra,68,84,0,8,123.53
S Dhawan,A Nel,10,14,0,2,140.0
S Dhawan,A Nortje,10,6,0,2,60.0
S Dhawan,A Singh,20,34,2,3,170.0
S Dhawan,A Symonds,18,22,0,3,122.22
S Dhawan,A Zampa,10,6,2,3,60.0
S Dhawan,AB Agarkar,20,34,2,3,170.0
S Dhawan,AB Dinda,68,66,2,7,97.06
S Dhawan,AC Thomas,6,4,0,2,66.67
S Dhawan,AD Mathews,26,50,0,3,192.31
S Dhawan,AD Russell,74,126,2,8,170.27
S Dhawan,AF Milne,12,6,0,2,50.0
S Dhawan,AM Salvi,6,12,0,2,200.0
S Dhawan,AN Ahmed,46,50,0,4,108.7
S Dhawan,AR Patel,28,28,0,4,100.0
S Dhawan,AS Joseph,40,60,0,3,150.0
S Dhawan,AS Rajpoot,16,26,2,3,162.5
S Dhawan,Abhishek Sharma,22,28,0,3,127.27
S Dhawan,Akash Deep,12,26,0,2,216.67
S Dhawan,Akash Singh,18,42,0,2,233.33
S Dhawan,Anureet Singh,38,52,0,4,136.84
S Dhawan,Arshdeep Singh,26,44,0,3,169.23
S Dhawan,Avesh Khan,10,16,0,3,160.0
S Dhawan,Azhar Mahmood,16,24,0,2,150.0
S Dhawan,B Kumar,170,178,6,14,104.71
S Dhawan,B Laughlin,16,24,0,2,150.0
S Dhawan,B Lee,62,72,2,6,116.13
S Dhawan,BA Bhatt,20,44,0,2,220.0
S Dhawan,BA Stokes,42,62,2,5,147.62
S Dhawan,BAW Mendis,10,12,0,2,120.0
S Dhawan,BB Sran,12,12,0,3,100.0
S Dhawan,BCJ Cutting,14,22,0,3,157.14
S Dhawan,BE Hendricks,8,20,0,2,250.0
S Dhawan,BJ Hodge,6,6,0,3,100.0
S Dhawan,BW Hilfenhaus,28,30,2,3,107.14
S Dhawan,Basil Thampi,26,34,2,3,130.77
S Dhawan,C Green,22,24,0,3,109.09
S Dhawan,C Munro,6,12,0,2,200.0
S Dhawan,C Sakariya,14,16,0,3,114.29
S Dhawan,CH Gayle,44,40,0,4,90.91
S Dhawan,CH Morris,80,108,2,7,135.0
S Dhawan,CJ Anderson,6,2,0,2,33.33
S Dhawan,CJ Jordan,24,22,0,3,91.67
S Dhawan,CK Kapugedera,8,20,0,2,250.0
S Dhawan,CR Brathwaite,14,26,0,3,185.71
S Dhawan,CR Woakes,12,24,0,2,200.0
S Dhawan,CV Varun,100,108,6,7,108.0
S Dhawan,D Pretorius,30,46,0,3,153.33
S Dhawan,D Salunkhe,6,6,0,2,100.0
S Dhawan,DE Bollinger,30,34,2,5,113.33
S Dhawan,DG Nalkande,8,6,0,2,75.0
S Dhawan,DJ Bravo,168,264,6,13,157.14
S Dhawan,DJ Hooda,56,90,2,6,160.71
S Dhawan,DJ Hussey,6,16,0,2,266.67
S Dhawan,DJ Muthuswami,8,0,0,2,0.0
S Dhawan,DJ Willey,40,70,0,3,175.0
S Dhawan,DJG Sammy,12,16,0,2,133.33
S Dhawan,DJM Short,18,16,0,2,88.89
S Dhawan,DL Chahar,150,174,2,12,116.0
S Dhawan,DP Vijaykumar,18,10,0,2,55.56
S Dhawan,DR Sams,6,10,0,2,166.67
S Dhawan,DR Smith,12,20,2,3,166.67
S Dhawan,DS Kulkarni,180,254,2,15,141.11
S Dhawan,DT Christian,20,14,0,3,70.0
S Dhawan,DW Steyn,22,20,0,4,90.91
S Dhawan,Fazalhaq Farooqi,22,24,2,2,109.09
S Dhawan,GB Hogg,32,34,2,3,106.25
S Dhawan,GC Viljoen,14,28,2,2,200.0
S Dhawan,GHS Garton,16,14,0,2,87.5
S Dhawan,GJ Maxwell,102,164,6,11,160.78
S Dhawan,HH Pandya,56,70,2,6,125.0
S Dhawan,HV Patel,74,84,4,7,113.51
S Dhawan,Harbhajan Singh,240,294,6,16,122.5
S Dhawan,Harpreet Brar,24,36,0,3,150.0
S Dhawan,Harshit Rana,14,20,0,2,142.86
S Dhawan,I Sharma,76,82,8,9,107.89
S Dhawan,I Udana,20,28,2,3,140.0
S Dhawan,IC Pandey,6,4,0,2,66.67
S Dhawan,IK Pathan,92,112,4,10,121.74
S Dhawan,Imran Tahir,16,22,2,3,137.5
S Dhawan,Iqbal Abdulla,26,30,2,4,115.38
S Dhawan,J Botha,58,44,4,7,75.86
S Dhawan,J Little,16,16,2,2,100.0
S Dhawan,J Suchith,46,64,0,3,139.13
S Dhawan,J Syed Mohammad,16,12,0,2,75.0
S Dhawan,J Yadav,92,108,2,9,117.39
S Dhawan,JA Morkel,62,102,2,7,164.52
S Dhawan,JA Richardson,16,26,2,2,162.5
S Dhawan,JC Archer,16,18,2,5,112.5
S Dhawan,JD Unadkat,88,140,2,9,159.09
S Dhawan,JDP Oram,30,34,0,3,113.33
S Dhawan,JDS Neesham,12,18,0,2,150.0
S Dhawan,JEC Franklin,8,12,0,2,150.0
S Dhawan,JH Kallis,52,86,4,5,165.38
S Dhawan,JJ Bumrah,174,210,2,14,120.69
S Dhawan,JJ van der Wath,10,18,0,2,180.0
S Dhawan,JL Pattinson,8,12,0,2,150.0
S Dhawan,JO Holder,104,134,0,8,128.85
S Dhawan,JP Duminy,16,24,2,3,150.0
S Dhawan,JP Faulkner,48,46,8,6,95.83
S Dhawan,JPR Scantlebury-Searles,6,10,0,2,166.67
S Dhawan,JR Hazlewood,46,38,2,5,82.61
S Dhawan,JW Hastings,8,2,0,2,25.0
S Dhawan,Jalaj S Saxena,22,34,0,2,154.55
S Dhawan,Jaskaran Singh,8,4,2,3,50.0
S Dhawan,Joginder Sharma,26,46,0,3,176.92
S Dhawan,K Goel,8,12,0,2,150.0
S Dhawan,K Gowtham,18,26,2,4,144.44
S Dhawan,K Kartikeya,6,6,0,2,100.0
S Dhawan,K Rabada,8,12,0,2,150.0
S Dhawan,KA Jamieson,6,0,2,2,0.0
S Dhawan,KA Pollard,28,44,0,5,157.14
S Dhawan,KAJ Roach,22,16,0,2,72.73
S Dhawan,KC Cariappa,22,36,0,2,163.64
S Dhawan,KH Pandya,60,64,0,8,106.67
S Dhawan,KJ Abbott,20,38,0,2,190.0
S Dhawan,KK Ahmed,60,64,2,9,106.67
S Dhawan,KK Cooper,8,6,0,2,75.0
S Dhawan,KM Asif,22,40,0,2,181.82
S Dhawan,KP Pietersen,18,26,0,2,144.44
S Dhawan,KV Sharma,44,88,0,4,200.0
S Dhawan,KW Richardson,42,38,2,4,90.48
S Dhawan,Kartik Tyagi,14,36,2,3,257.14
S Dhawan,Kuldeep Yadav,74,68,4,7,91.89
S Dhawan,L Balaji,74,100,0,6,135.14
S Dhawan,L Ngidi,6,10,0,2,166.67
S Dhawan,LE Plunkett,20,26,0,3,130.0
S Dhawan,LH Ferguson,88,106,2,7,120.45
S Dhawan,Lalit Yadav,16,22,2,3,137.5
S Dhawan,M Ashwin,70,100,0,5,142.86
S Dhawan,M Jansen,8,2,0,3,25.0
S Dhawan,M Kartik,6,4,2,2,66.67
S Dhawan,M Markande,34,30,2,3,88.24
S Dhawan,M Morkel,120,158,4,9,131.67
S Dhawan,M Muralitharan,80,72,0,6,90.0
S Dhawan,M Ntini,6,4,0,2,66.67
S Dhawan,M Prasidh Krishna,88,130,2,8,147.73
S Dhawan,M Siddharth,22,40,0,2,181.82
S Dhawan,M Theekshana,28,36,0,3,128.57
S Dhawan,M Vijay,6,4,0,2,66.67
S Dhawan,MA Starc,28,40,0,4,142.86
S Dhawan,MG Johnson,50,44,6,6,88.0
S Dhawan,MJ McClenaghan,106,138,6,7,130.19
S Dhawan,MJ Santner,10,4,0,2,40.0
S Dhawan,MK Lomror,8,10,0,2,125.0
S Dhawan,MM Ali,40,36,0,4,90.0
S Dhawan,MM Patel,66,80,0,8,121.21
S Dhawan,MM Sharma,108,124,6,9,114.81
S Dhawan,MN Samuels,22,34,0,3,154.55
S Dhawan,MP Stoinis,16,22,2,4,137.5
S Dhawan,MP Yadav,16,26,0,2,162.5
S Dhawan,MR Marsh,34,48,0,4,141.18
S Dhawan,MS Gony,20,18,2,4,90.0
S Dhawan,Mayank Dagar,14,28,0,2,200.0
S Dhawan,Mohammad Nabi,30,32,2,3,106.67
S Dhawan,Mohammed Shami,152,226,0,14,148.68
S Dhawan,Mohammed Siraj,62,84,2,10,135.48
S Dhawan,Mohsin Khan,24,36,2,3,150.0
S Dhawan,Mujeeb Ur Rahman,10,14,0,2,140.0
S Dhawan,Mukesh Choudhary,32,52,0,3,162.5
S Dhawan,Mustafizur Rahman,10,14,0,3,140.0
S Dhawan,N Rana,32,28,2,4,87.5
S Dhawan,NA Saini,18,38,0,3,211.11
S Dhawan,NLTC Perera,18,32,0,2,177.78
S Dhawan,NM Coulter-Nile,30,30,0,6,100.0
S Dhawan,Naveen-ul-Haq,14,12,0,2,85.71
S Dhawan,O Thomas,8,18,0,2,225.0
S Dhawan,P Amarnath,18,22,0,2,122.22
S Dhawan,P Awana,30,40,0,3,133.33
S Dhawan,P Kumar,136,156,8,13,114.71
S Dhawan,P Negi,34,52,0,3,152.94
S Dhawan,P Parameswaran,28,56,0,2,200.0
S Dhawan,PC Valthaty,26,18,2,3,69.23
S Dhawan,PJ Cummins,60,68,4,6,113.33
S Dhawan,PJ Sangwan,60,98,0,6,163.33
S Dhawan,PM Sarvesh Kumar,10,8,0,2,80.0
S Dhawan,PP Chawla,128,210,6,14,164.06
S Dhawan,PP Ojha,78,102,4,8,130.77
S Dhawan,PV Tambe,34,54,0,4,158.82
S Dhawan,PVD Chameera,12,2,0,2,16.67
S Dhawan,PWH de Silva,6,6,0,2,100.0
S Dhawan,Pankaj Singh,10,12,0,2,120.0
S Dhawan,Parvez Rasool,8,10,2,3,125.0
S Dhawan,R Ashwin,194,156,6,14,80.41
S Dhawan,R Bhatia,82,92,4,6,112.2
S Dhawan,R Dhawan,24,24,4,3,100.0
S Dhawan,R McLaren,20,42,0,3,210.0
S Dhawan,R Sharma,12,20,0,3,166.67
S Dhawan,R Tewatia,16,24,0,2,150.0
S Dhawan,R Vinay Kumar,28,48,0,3,171.43
S Dhawan,RA Jadeja,162,238,2,13,146.91
S Dhawan,RD Chahar,68,94,4,4,138.24
S Dhawan,RG Sharma,14,10,0,3,71.43
S Dhawan,RJ Harris,68,94,0,5,138.24
S Dhawan,RP Meredith,34,64,0,3,188.24
S Dhawan,RP Singh,72,96,2,6,133.33
S Dhawan,RR Powar,16,30,2,4,187.5
S Dhawan,RS Bopara,8,4,2,2,50.0
S Dhawan,Rashid Khan,116,106,8,8,91.38
S Dhawan,Rasikh Salam,18,12,0,2,66.67
S Dhawan,Ravi Bishnoi,64,96,2,5,150.0
S Dhawan,S Aravind,18,16,0,3,88.89
S Dhawan,S Dube,6,4,0,2,66.67
S Dhawan,S Gopal,46,82,4,4,178.26
S Dhawan,S Kaul,18,8,2,4,44.44
S Dhawan,S Kaushik,18,16,0,2,88.89
S Dhawan,S Nadeem,72,128,4,6,177.78
S Dhawan,S Randiv,18,10,0,2,55.56
S Dhawan,S Sandeep Warrier,16,26,0,2,162.5
S Dhawan,S Sreesanth,10,2,0,2,20.0
S Dhawan,S Tyagi,10,8,0,2,80.0
S Dhawan,SA Abbott,12,20,0,2,166.67
S Dhawan,SB Bangar,8,6,0,2,75.0
S Dhawan,SB Jakati,44,54,4,4,122.73
S Dhawan,SB Styris,26,38,0,2,146.15
S Dhawan,SE Bond,34,48,2,3,141.18
S Dhawan,SK Raina,56,58,2,6,103.57
S Dhawan,SK Trivedi,76,92,2,5,121.05
S Dhawan,SK Warne,10,14,0,2,140.0
S Dhawan,SL Malinga,138,170,8,14,123.19
S Dhawan,SM Curran,78,118,0,6,151.28
S Dhawan,SM Pollock,16,12,2,3,75.0
S Dhawan,SN Thakur,106,160,6,11,150.94
S Dhawan,SP Narine,176,210,4,17,119.32
S Dhawan,SR Watson,106,124,4,12,116.98
S Dhawan,STR Binny,18,22,2,5,122.22
S Dhawan,SW Tait,14,24,0,2,171.43
S Dhawan,Sandeep Sharma,134,188,4,11,140.3
S Dhawan,Shahbaz Ahmed,18,20,2,3,111.11
S Dhawan,Shahid Afridi,20,30,0,3,150.0
S Dhawan,Shakib Al Hasan,38,46,0,4,121.05
S Dhawan,Shivam Mavi,32,28,0,4,87.5
S Dhawan,Shivam Sharma,10,6,0,2,60.0
S Dhawan,Suyash Sharma,18,12,0,2,66.67
S Dhawan,T Natarajan,68,106,0,4,155.88
S Dhawan,TA Boult,154,172,2,13,111.69
S Dhawan,TG Southee,100,106,6,10,106.0
S Dhawan,TM Head,6,6,0,2,100.0
S Dhawan,TS Mills,32,34,0,3,106.25
S Dhawan,TU Deshpande,6,8,2,2,133.33
S Dhawan,UT Yadav,178,206,4,17,115.73
S Dhawan,Umran Malik,28,52,0,3,185.71
S Dhawan,V Kohli,6,12,0,2,200.0
S Dhawan,V Shankar,12,30,0,3,250.0
S Dhawan,VG Arora,10,10,0,2,100.0
S Dhawan,VR Aaron,76,86,2,7,113.16
S Dhawan,VS Malik,46,60,0,5,130.43
S Dhawan,WD Parnell,54,80,0,5,148.15
S Dhawan,WPUJC Vaas,6,2,0,2,33.33
S Dhawan,Washington Sundar,94,74,0,8,78.72
S Dhawan,Y Venugopal Rao,22,30,0,3,136.36
S Dhawan,YK Pathan,80,84,2,9,105.0
S Dhawan,YS Chahal,156,212,6,12,135.9
S Dhawan,Yash Dayal,22,8,0,2,36.36
S Dhawan,Yuvraj Singh,10,4,4,3,40.0
S Dhawan,Z Khan,98,98,8,10,100.0
S Dube,A Mishra,12,10,2,2,83.33
S Dube,A Nortje,32,38,0,5,118.75
S Dube,A Zampa,10,16,0,2,160.0
S Dube,AD Russell,24,22,2,4,91.67
S Dube,AJ Tye,6,4,0,2,66.67
S Dube,AK Markram,28,48,0,4,171.43
S Dube,AM Ghazanfar,8,4,2,2,50.0
S Dube,AR Patel,22,38,0,4,172.73
S Dube,AS Joseph,56,64,2,5,114.29
S Dube,Abhinandan Singh,14,12,2,2,85.71
S Dube,Akash Deep,20,56,0,2,280.0
S Dube,Akash Madhwal,34,40,2,4,117.65
S Dube,Arshad Khan,24,46,2,4,191.67
S Dube,Arshdeep Singh,56,88,6,8,157.14
S Dube,Ashwani Kumar,12,30,0,3,250.0
S Dube,Avesh Khan,32,24,4,5,75.0
S Dube,B Kumar,10,6,0,3,60.0
S Dube,C Green,38,38,2,4,100.0
S Dube,CJ Jordan,14,8,2,2,57.14
S Dube,CV Varun,88,128,2,9,145.45
S Dube,D Wiese,10,28,0,2,280.0
S Dube,DJ Bravo,8,2,0,2,25.0
S Dube,DJ Hooda,10,22,0,2,220.0
S Dube,DR Sams,14,28,2,3,200.0
S Dube,DS Rathi,16,10,0,2,62.5
S Dube,E Malinga,18,32,0,3,177.78
S Dube,G Coetzee,18,18,0,3,100.0
S Dube,GJ Maxwell,54,52,2,7,96.3
S Dube,HH Pandya,36,54,0,4,150.0
S Dube,HR Shokeen,38,36,0,4,94.74
S Dube,HV Patel,30,44,0,4,146.67
S Dube,Harshit Rana,28,42,0,3,150.0
S Dube,J Yadav,6,16,0,2,266.67
S Dube,JA Richardson,6,16,0,2,266.67
S Dube,JC Archer,8,4,0,2,50.0
S Dube,JD Unadkat,18,14,2,4,77.78
S Dube,JDS Neesham,14,18,2,3,128.57
S Dube,JJ Bumrah,70,46,6,8,65.71
S Dube,JL Pattinson,10,38,0,2,380.0
S Dube,JO Holder,60,114,2,5,190.0
S Dube,JR Hazlewood,30,56,0,3,186.67
S Dube,K Kartikeya,10,4,2,2,40.0
S Dube,K Khejroliya,6,16,2,2,266.67
S Dube,K Rabada,54,66,4,6,122.22
S Dube,K Yadav,8,4,2,2,50.0
S Dube,KA Pollard,12,8,0,3,66.67
S Dube,KH Pandya,30,46,0,4,153.33
S Dube,KK Ahmed,12,28,2,3,233.33
S Dube,KM Asif,16,18,0,2,112.5
S Dube,KR Sen,6,6,0,2,100.0
S Dube,KV Sharma,8,10,0,2,125.0
S Dube,KW Richardson,16,28,2,2,175.0
S Dube,Kartik Tyagi,24,44,0,3,183.33
S Dube,Kuldeep Yadav,14,10,0,4,71.43
S Dube,L Ngidi,10,14,0,2,140.0
S Dube,LH Ferguson,50,52,2,5,104.0
S Dube,LS Livingstone,12,18,2,3,150.0
S Dube,Lalit Yadav,12,42,0,3,350.0
S Dube,M Ashwin,20,22,0,4,110.0
S Dube,M Jansen,32,64,0,4,200.0
S Dube,M Markande,10,28,0,2,280.0
S Dube,M Theekshana,6,4,0,2,66.67
S Dube,MA Starc,16,14,0,3,87.5
S Dube,MJ Henry,6,10,0,2,166.67
S Dube,MM Ali,26,36,0,3,138.46
S Dube,MM Sharma,46,60,2,5,130.43
S Dube,MP Stoinis,24,48,2,4,200.0
S Dube,MP Yadav,10,6,0,2,60.0
S Dube,MR Marsh,26,22,4,4,84.62
S Dube,Mohammad Nabi,6,0,2,2,0.0
S Dube,Mohammed Shami,36,60,2,7,166.67
S Dube,Mohammed Siraj,36,54,0,5,150.0
S Dube,Mohsin Khan,14,38,0,2,271.43
S Dube,Mukesh Kumar,12,26,2,3,216.67
S Dube,NM Coulter-Nile,18,14,0,2,77.78
S Dube,Nithish Kumar Reddy,10,16,0,3,160.0
S Dube,Noor Ahmad,10,6,2,3,60.0
S Dube,OF Smith,12,24,0,2,200.0
S Dube,PJ Cummins,44,38,2,5,86.36
S Dube,PP Chawla,8,12,0,2,150.0
S Dube,PP Hinge,8,14,0,2,175.0
S Dube,PVD Chameera,18,42,0,2,233.33
S Dube,PWH de Silva,54,118,2,5,218.52
S Dube,Prince Yadav,16,46,0,3,287.5
S Dube,R Ashwin,46,84,4,6,182.61
S Dube,R Dhawan,10,14,2,2,140.0
S Dube,R Goyal,10,26,0,2,260.0
S Dube,R Parag,8,6,0,2,75.0
S Dube,R Sai Kishore,12,40,0,3,333.33
S Dube,R Shepherd,18,54,0,2,300.0
S Dube,RA Jadeja,26,36,4,4,138.46
S Dube,RD Chahar,28,32,2,4,114.29
S Dube,RP Meredith,24,36,2,4,150.0
S Dube,Rashid Khan,50,96,4,9,192.0
S Dube,Ravi Bishnoi,46,68,2,6,147.83
S Dube,S Lamichhane,6,16,0,2,266.67
S Dube,SH Johnson,16,28,0,2,175.0
S Dube,SK Raina,6,4,0,2,66.67
S Dube,SL Malinga,8,16,0,2,200.0
S Dube,SM Curran,26,44,0,4,169.23
S Dube,SN Thakur,88,142,0,7,161.36
S Dube,SP Narine,98,88,0,9,89.8
S Dube,Sakib Hussain,24,26,4,3,108.33
S Dube,Sandeep Sharma,20,20,0,4,100.0
S Dube,Shahbaz Ahmed,28,50,0,4,178.57
S Dube,Shivam Mavi,14,8,2,3,57.14
S Dube,Shivang Kumar,6,6,0,3,100.0
S Dube,Sikandar Raza,10,24,0,2,240.0
S Dube,Suyash Sharma,48,76,0,4,158.33
S Dube,T Natarajan,44,86,2,7,195.45
S Dube,T Stubbs,8,4,0,2,50.0
S Dube,TA Boult,30,64,0,4,213.33
S Dube,TU Deshpande,6,6,0,2,100.0
S Dube,V Nigam,14,26,2,2,185.71
S Dube,V Puthur,6,2,2,2,33.33
S Dube,VG Arora,48,76,4,7,158.33
S Dube,Vijaykumar Vyshak,12,22,0,3,183.33
S Dube,WD Parnell,6,12,2,2,200.0
S Dube,WG Jacks,14,18,0,3,128.57
S Dube,Washington Sundar,16,12,0,3,75.0
S Dube,XC Bartlett,18,28,0,2,155.56
S Dube,YS Chahal,36,44,0,5,122.22
S Dube,Yash Dayal,18,30,2,4,166.67
S Dube,Yash Thakur,34,68,0,5,200.0
S Dube,Yudhvir Singh,10,10,0,2,100.0
S Gopal,A Mishra,14,12,2,2,85.71
S Gopal,AD Russell,6,10,0,2,166.67
S Gopal,AJ Tye,12,16,0,2,133.33
S Gopal,AR Patel,22,14,0,3,63.64
S Gopal,AS Rajpoot,14,26,0,3,185.71
S Gopal,B Kumar,16,18,2,2,112.5
S Gopal,CV Varun,20,12,0,3,60.0
S Gopal,DJ Bravo,6,0,2,2,0.0
S Gopal,DL Chahar,6,12,0,2,200.0
S Gopal,HH Pandya,6,12,0,2,200.0
S Gopal,HV Patel,12,16,2,3,133.33
S Gopal,Imran Tahir,10,8,0,2,80.0
S Gopal,JJ Bumrah,14,16,4,4,114.29
S Gopal,KL Nagarkoti,8,6,0,2,75.0
S Gopal,KMA Paul,8,6,0,2,75.0
S Gopal,KV Sharma,6,6,0,2,100.0
S Gopal,M Ashwin,8,2,2,2,25.0
S Gopal,MR Marsh,12,20,0,3,166.67
S Gopal,N Rana,8,24,0,2,300.0
S Gopal,R Bhatia,18,0,0,2,0.0
S Gopal,RA Jadeja,8,8,0,2,100.0
S Gopal,Rashid Khan,16,16,0,2,100.0
S Gopal,SN Thakur,10,28,0,3,280.0
S Gopal,SP Narine,20,28,2,3,140.0
S Gopal,Shivam Mavi,8,6,0,2,75.0
S Gopal,TU Deshpande,6,10,2,2,166.67
S Gopal,WD Parnell,10,14,0,2,140.0
S Kaul,DJ Bravo,10,8,0,2,80.0
S Kaul,M Markande,10,4,0,2,40.0
S Kaul,MM Sharma,8,6,0,2,75.0
S Kaul,Mustafizur Rahman,14,0,2,3,0.0
S Kaul,TG Southee,8,14,0,3,175.0
S Ladda,KA Pollard,8,0,0,2,0.0
S Ladda,ST Jayasuriya,8,0,0,2,0.0
S Nadeem,AB Dinda,6,8,2,2,133.33
S Nadeem,DJ Bravo,6,0,2,2,0.0
S Nadeem,Iqbal Abdulla,8,4,0,2,50.0
S Nadeem,JA Morkel,6,0,0,2,0.0
S Nadeem,JJ Bumrah,8,2,0,2,25.0
S Nadeem,Kuldeep Yadav,8,6,0,2,75.0
S Nadeem,MA Starc,6,0,2,2,0.0
S Nadeem,P Negi,12,2,4,3,16.67
S Nadeem,R Ashwin,16,6,0,3,37.5
S Nadeem,RA Jadeja,8,4,2,2,50.0
S Nadeem,SP Narine,24,12,0,4,50.0
S Narwal,A Nehra,6,12,0,2,200.0
S Narwal,AB McDonald,8,14,0,2,175.0
S Narwal,M Morkel,12,6,0,2,50.0
S Narwal,S Ladda,8,10,0,2,125.0
S Narwal,UT Yadav,12,28,2,2,233.33
S Rana,A Nehra,6,4,0,2,66.67
S Rana,DW Steyn,8,14,0,2,175.0
S Rana,JH Kallis,8,20,0,2,250.0
S Rana,KW Richardson,8,6,0,2,75.0
S Rana,L Balaji,20,24,2,3,120.0
S Rana,MM Sharma,6,6,0,2,100.0
S Rana,Mohammed Shami,6,10,0,2,166.67
S Rana,R Bhatia,6,2,0,2,33.33
S Rana,R Shukla,10,12,0,2,120.0
S Rana,R Vinay Kumar,12,18,0,2,150.0
S Rana,S Kaul,10,4,0,2,40.0
S Rana,Sandeep Sharma,12,18,0,2,150.0
S Rana,UT Yadav,10,18,0,2,180.0
S Rana,YK Pathan,6,4,0,2,66.67
S Randiv,SL Malinga,8,4,2,2,50.0
S Sohal,A Nehra,20,4,2,2,20.0
S Sohal,AB Dinda,34,52,0,3,152.94
S Sohal,B Kumar,8,6,0,2,75.0
S Sohal,B Lee,14,4,0,2,28.57
S Sohal,CH Gayle,10,18,0,2,180.0
S Sohal,DE Bollinger,8,22,0,2,275.0
S Sohal,DJ Bravo,8,26,0,2,325.0
S Sohal,DL Vettori,14,8,0,2,57.14
S Sohal,DS Kulkarni,22,36,2,4,163.64
S Sohal,Harbhajan Singh,16,12,0,4,75.0
S Sohal,I Sharma,8,4,0,2,50.0
S Sohal,IK Pathan,16,28,0,2,175.0
S Sohal,Iqbal Abdulla,10,20,2,2,200.0
S Sohal,JA Morkel,22,44,2,3,200.0
S Sohal,JJ van der Wath,14,8,0,2,57.14
S Sohal,JR Hopes,10,22,0,2,220.0
S Sohal,KA Pollard,6,0,2,2,0.0
S Sohal,L Balaji,16,28,0,2,175.0
S Sohal,M Morkel,18,32,0,2,177.78
S Sohal,MM Patel,18,22,0,4,122.22
S Sohal,MR Marsh,16,24,2,3,150.0
S Sohal,MS Gony,10,4,0,2,40.0
S Sohal,P Kumar,6,12,0,2,200.0
S Sohal,R Ashwin,18,18,0,2,100.0
S Sohal,R Ninan,10,18,2,2,180.0
S Sohal,R Sharma,12,20,2,2,166.67
S Sohal,RJ Harris,32,40,2,4,125.0
S Sohal,RP Singh,30,28,4,4,93.33
S Sohal,S Aravind,20,30,0,2,150.0
S Sohal,S Nadeem,12,10,2,2,83.33
S Sohal,S Randiv,10,22,0,2,220.0
S Sohal,SB Jakati,6,10,2,2,166.67
S Sohal,SL Malinga,30,28,0,3,93.33
S Sohal,Shoaib Ahmed,6,14,0,2,233.33
S Sohal,T Thushara,8,2,2,2,25.0
S Sohal,TL Suman,10,20,0,2,200.0
S Sohal,WD Parnell,10,12,0,2,120.0
S Sohal,Y Nagar,6,8,0,2,133.33
S Sohal,Yuvraj Singh,12,6,0,2,50.0
S Sohal,Z Khan,16,12,0,2,75.0
S Sreesanth,A Singh,6,0,0,2,0.0
S Sreesanth,DP Nannes,12,10,0,2,83.33
S Sreesanth,Harbhajan Singh,10,0,0,2,0.0
S Sreesanth,Jaskaran Singh,10,24,0,2,240.0
S Sreesanth,MF Maharoof,6,2,0,2,33.33
S Sreesanth,PJ Sangwan,10,18,0,2,180.0
S Sreesanth,R Sharma,8,0,0,2,0.0
S Sreesanth,SK Trivedi,12,8,0,3,66.67
S Sreesanth,SL Malinga,10,2,0,2,20.0
S Sriram,AB Agarkar,6,12,0,2,200.0
S Sriram,AB Dinda,12,4,2,2,33.33
S Sriram,AD Mathews,12,16,0,2,133.33
S Sriram,BAW Mendis,16,10,0,2,62.5
S Sriram,I Sharma,12,12,0,2,100.0
S Sriram,PC Valthaty,10,8,0,2,80.0
S Vidyut,A Nehra,12,24,0,2,200.0
S Vidyut,DW Steyn,6,0,2,2,0.0
S Vidyut,GD McGrath,26,28,2,3,107.69
S Vidyut,IK Pathan,10,10,2,2,100.0
S Vidyut,MM Patel,10,6,0,2,60.0
S Vidyut,Mohammad Asif,22,40,0,3,181.82
S Vidyut,PJ Sangwan,30,34,2,3,113.33
S Vidyut,S Sreesanth,12,18,2,3,150.0
S Vidyut,SM Pollock,10,8,2,2,80.0
S Vidyut,SR Watson,26,34,0,3,130.77
S Vidyut,Shoaib Malik,10,16,0,2,160.0
S Vidyut,Sohail Tanvir,8,2,2,2,25.0
S Vidyut,V Sehwag,10,26,0,2,260.0
S Vidyut,VY Mahesh,22,44,0,3,200.0
SA Abbott,B Kumar,6,4,0,2,66.67
SA Abbott,P Kumar,10,24,0,2,240.0
SA Asnodkar,A Kumble,22,14,2,2,63.64
SA Asnodkar,A Nehra,20,12,0,4,60.0
SA Asnodkar,A Symonds,28,42,0,2,150.0
SA Asnodkar,AB Agarkar,26,54,0,2,207.69
SA Asnodkar,AB Dinda,20,22,0,3,110.0
SA Asnodkar,CK Langeveldt,10,8,0,2,80.0
SA Asnodkar,CRD Fernando,6,2,2,2,33.33
SA Asnodkar,DJ Bravo,14,12,0,2,85.71
SA Asnodkar,DR Smith,14,16,0,3,114.29
SA Asnodkar,DS Kulkarni,14,18,0,2,128.57
SA Asnodkar,GD McGrath,8,14,0,2,175.0
SA Asnodkar,I Sharma,12,22,2,3,183.33
SA Asnodkar,JA Morkel,36,24,4,6,66.67
SA Asnodkar,JDP Oram,14,28,0,3,200.0
SA Asnodkar,JH Kallis,18,28,0,2,155.56
SA Asnodkar,L Balaji,14,14,0,3,100.0
SA Asnodkar,M Muralitharan,30,26,2,4,86.67
SA Asnodkar,M Ntini,34,38,0,4,111.76
SA Asnodkar,MF Maharoof,10,12,2,3,120.0
SA Asnodkar,MS Gony,66,112,0,4,169.7
SA Asnodkar,Mohammad Asif,16,32,0,2,200.0
SA Asnodkar,P Kumar,44,40,4,4,90.91
SA Asnodkar,PJ Sangwan,10,20,0,2,200.0
SA Asnodkar,PP Ojha,18,24,0,2,133.33
SA Asnodkar,RP Singh,14,16,0,2,114.29
SA Asnodkar,RR Powar,6,6,0,2,100.0
SA Asnodkar,RR Raje,14,8,2,2,57.14
SA Asnodkar,S Tyagi,14,18,0,2,128.57
SA Asnodkar,SC Ganguly,6,18,0,2,300.0
SA Asnodkar,SK Raina,6,12,0,2,200.0
SA Asnodkar,SM Pollock,28,42,0,3,150.0
SA Asnodkar,ST Jayasuriya,10,8,0,2,80.0
SA Asnodkar,Umar Gul,8,4,2,2,50.0
SA Asnodkar,V Kohli,14,16,0,2,114.29
SA Asnodkar,VY Mahesh,12,30,0,2,250.0
SA Asnodkar,WPUJC Vaas,10,0,0,2,0.0
SA Asnodkar,Z Khan,8,16,0,2,200.0
SA Yadav,A Kamboj,14,2,0,2,14.29
SA Yadav,A Mishra,30,46,0,5,153.33
SA Yadav,A Nehra,6,8,2,2,133.33
SA Yadav,A Nortje,30,36,4,5,120.0
SA Yadav,AB Dinda,10,14,0,2,140.0
SA Yadav,AD Russell,66,142,8,11,215.15
SA Yadav,AJ Hosein,8,10,2,2,125.0
SA Yadav,AJ Tye,14,12,2,3,85.71
SA Yadav,AR Patel,158,146,2,13,92.41
SA Yadav,AS Joseph,32,80,0,2,250.0
SA Yadav,AS Rajpoot,70,158,0,6,225.71
SA Yadav,Akash Deep,40,96,0,5,240.0
SA Yadav,Akash Madhwal,10,18,0,2,180.0
SA Yadav,Ankit Sharma,10,8,0,2,80.0
SA Yadav,Arshad Khan,8,2,0,2,25.0
SA Yadav,Arshdeep Singh,72,84,6,9,116.67
SA Yadav,Avesh Khan,48,58,6,6,120.83
SA Yadav,B Kumar,56,70,4,10,125.0
SA Yadav,B Stanlake,6,10,0,2,166.67
SA Yadav,BA Stokes,22,30,0,4,136.36
SA Yadav,BB Sran,6,16,0,2,266.67
SA Yadav,BCJ Cutting,8,12,0,2,150.0
SA Yadav,Basil Thampi,14,6,2,4,42.86
SA Yadav,Bipul Sharma,6,6,0,2,100.0
SA Yadav,Brijesh Sharma,14,18,0,2,128.57
SA Yadav,C Green,8,18,0,2,225.0
SA Yadav,C de Grandhomme,18,28,0,2,155.56
SA Yadav,CH Morris,34,36,4,6,105.88
SA Yadav,CJ Anderson,10,26,0,2,260.0
SA Yadav,CR Brathwaite,16,30,2,2,187.5
SA Yadav,CV Varun,92,96,2,9,104.35
SA Yadav,DJ Bravo,60,94,2,6,156.67
SA Yadav,DJ Mitchell,8,26,0,2,325.0
SA Yadav,DL Chahar,90,116,2,8,128.89
SA Yadav,DR Sams,10,12,0,2,120.0
SA Yadav,DR Smith,12,4,2,3,33.33
SA Yadav,DS Kulkarni,46,68,2,5,147.83
SA Yadav,DS Rathi,16,10,0,3,62.5
SA Yadav,DT Christian,16,30,0,3,187.5
SA Yadav,DW Steyn,14,38,0,2,271.43
SA Yadav,E Malinga,30,48,2,4,160.0
SA Yadav,FA Allen,10,10,0,2,100.0
SA Yadav,Fazalhaq Farooqi,10,22,0,2,220.0
SA Yadav,G Coetzee,8,26,0,2,325.0
SA Yadav,GC Viljoen,14,34,0,3,242.86
SA Yadav,GJ Maxwell,24,24,0,4,100.0
SA Yadav,Gurkeerat Singh,10,6,2,2,60.0
SA Yadav,HF Gurney,28,38,0,3,135.71
SA Yadav,HH Pandya,16,26,0,4,162.5
SA Yadav,HV Patel,82,106,2,11,129.27
SA Yadav,Harbhajan Singh,104,150,2,9,144.23
SA Yadav,Harpreet Brar,52,66,0,4,126.92
SA Yadav,I Sharma,14,16,0,3,114.29
SA Yadav,IC Pandey,8,6,0,2,75.0
SA Yadav,Imran Tahir,72,92,2,9,127.78
SA Yadav,Iqbal Abdulla,8,14,0,2,175.0
SA Yadav,J Little,14,30,0,2,214.29
SA Yadav,JA Morkel,12,26,0,2,216.67
SA Yadav,JC Archer,72,90,2,8,125.0
SA Yadav,JD Unadkat,58,82,2,7,141.38
SA Yadav,JJ Bumrah,24,54,2,6,225.0
SA Yadav,JO Holder,54,94,2,5,174.07
SA Yadav,JP Duminy,10,18,0,2,180.0
SA Yadav,JP Faulkner,18,8,2,3,44.44
SA Yadav,JR Hazlewood,20,18,0,3,90.0
SA Yadav,K Gowtham,36,48,0,3,133.33
SA Yadav,K Rabada,128,202,8,12,157.81
SA Yadav,K Yadav,6,8,0,2,133.33
SA Yadav,KA Jamieson,48,84,2,4,175.0
SA Yadav,KH Pandya,88,118,4,11,134.09
SA Yadav,KK Ahmed,44,66,4,4,150.0
SA Yadav,KMA Paul,6,4,0,2,66.67
SA Yadav,KR Sen,16,42,0,3,262.5
SA Yadav,KV Sharma,20,26,0,4,130.0
SA Yadav,Karanveer Singh,12,16,2,2,133.33
SA Yadav,Kartik Tyagi,46,78,2,5,169.57
SA Yadav,Kuldeep Yadav,86,124,2,7,144.19
SA Yadav,L Balaji,8,16,0,2,200.0
SA Yadav,L Ngidi,8,10,2,2,125.0
SA Yadav,LH Ferguson,18,42,0,3,233.33
SA Yadav,LS Livingstone,20,44,0,3,220.0
SA Yadav,M Ashwin,28,16,4,3,57.14
SA Yadav,M Jansen,36,90,2,4,250.0
SA Yadav,M Pathirana,10,26,2,3,260.0
SA Yadav,M Prasidh Krishna,86,126,4,9,146.51
SA Yadav,M Theekshana,34,54,0,4,158.82
SA Yadav,MA Starc,18,24,0,3,133.33
SA Yadav,MG Bracewell,6,8,2,2,133.33
SA Yadav,MG Johnson,42,84,2,6,200.0
SA Yadav,MJ McClenaghan,10,6,2,4,60.0
SA Yadav,MJ Santner,12,10,4,3,83.33
SA Yadav,MM Ali,32,60,0,4,187.5
SA Yadav,MM Sharma,66,100,4,8,151.52
SA Yadav,MP Stoinis,48,82,4,7,170.83
SA Yadav,MP Yadav,8,12,0,2,150.0
SA Yadav,Mayank Dagar,6,12,0,2,200.0
SA Yadav,Mohammad Nabi,50,82,0,5,164.0
SA Yadav,Mohammed Shami,44,88,4,8,200.0
SA Yadav,Mohammed Siraj,66,144,2,9,218.18
SA Yadav,Mohsin Khan,22,32,0,5,145.45
SA Yadav,Mukesh Choudhary,30,64,0,3,213.33
SA Yadav,Mukesh Kumar,36,72,2,6,200.0
SA Yadav,Mustafizur Rahman,36,56,2,5,155.56
SA Yadav,N Burger,20,38,4,3,190.0
SA Yadav,N Rana,8,20,0,2,250.0
SA Yadav,NLTC Perera,24,32,2,3,133.33
SA Yadav,NM Coulter-Nile,14,26,2,3,185.71
SA Yadav,NT Ellis,32,54,2,4,168.75
SA Yadav,Naveen-ul-Haq,12,12,2,3,100.0
SA Yadav,Nithish Kumar Reddy,10,22,0,3,220.0
SA Yadav,Noor Ahmad,108,160,4,8,148.15
SA Yadav,P Dubey,14,10,0,3,71.43
SA Yadav,P Kumar,18,4,0,2,22.22
SA Yadav,P Negi,22,22,2,4,100.0
SA Yadav,PJ Cummins,88,98,6,8,111.36
SA Yadav,PP Chawla,28,36,2,4,128.57
SA Yadav,PV Tambe,16,22,0,3,137.5
SA Yadav,PVD Chameera,22,56,0,2,254.55
SA Yadav,PWH de Silva,32,70,0,3,218.75
SA Yadav,Prince Yadav,18,28,0,3,155.56
SA Yadav,R Ashwin,178,256,0,16,143.82
SA Yadav,R Bhatia,22,18,0,3,81.82
SA Yadav,R Dhawan,18,40,0,3,222.22
SA Yadav,R Parag,18,26,0,3,144.44
SA Yadav,R Sai Kishore,54,90,4,4,166.67
SA Yadav,R Tewatia,48,56,2,6,116.67
SA Yadav,R Vinay Kumar,16,42,0,3,262.5
SA Yadav,RA Jadeja,162,176,6,15,108.64
SA Yadav,RD Chahar,54,74,0,5,137.04
SA Yadav,RJW Topley,18,38,0,3,211.11
SA Yadav,RS Ghosh,10,10,2,2,100.0
SA Yadav,Rashid Khan,156,216,0,14,138.46
SA Yadav,Rasikh Salam,14,22,0,3,157.14
SA Yadav,Ravi Bishnoi,106,172,6,10,162.26
SA Yadav,S Aravind,12,22,2,4,183.33
SA Yadav,S Badree,6,2,0,2,33.33
SA Yadav,S Gopal,78,128,2,7,164.1
SA Yadav,S Kaul,60,122,2,5,203.33
SA Yadav,S Lamichhane,8,24,2,2,300.0
SA Yadav,S Nadeem,28,46,2,3,164.29
SA Yadav,S Sandeep Warrier,24,54,0,4,225.0
SA Yadav,SA Abbott,6,10,0,2,166.67
SA Yadav,SB Jakati,10,18,2,2,180.0
SA Yadav,SK Raina,20,18,0,3,90.0
SA Yadav,SL Malinga,20,30,2,5,150.0
SA Yadav,SM Curran,58,122,4,6,210.34
SA Yadav,SN Thakur,46,64,4,8,139.13
SA Yadav,SP Narine,146,182,0,11,124.66
SA Yadav,SR Watson,52,76,2,5,146.15
SA Yadav,SS Cottrell,12,18,0,2,150.0
SA Yadav,STR Binny,16,20,2,2,125.0
SA Yadav,Sandeep Sharma,64,66,8,9,103.12
SA Yadav,Shahbaz Ahmed,30,56,0,4,186.67
SA Yadav,Shakib Al Hasan,62,56,2,4,90.32
SA Yadav,Shivam Mavi,16,14,0,3,87.5
SA Yadav,Suyash Sharma,44,66,0,4,150.0
SA Yadav,T Natarajan,46,52,0,5,113.04
SA Yadav,T Shamsi,6,10,0,2,166.67
SA Yadav,TA Boult,46,64,2,5,139.13
SA Yadav,TG Southee,18,12,2,4,66.67
SA Yadav,TK Curran,24,52,0,3,216.67
SA Yadav,TU Deshpande,16,22,0,2,137.5
SA Yadav,UT Yadav,22,42,4,5,190.91
SA Yadav,Umran Malik,26,54,0,3,207.69
SA Yadav,V Nigam,48,70,0,4,145.83
SA Yadav,V Shankar,10,20,2,2,200.0
SA Yadav,VG Arora,22,70,0,4,318.18
SA Yadav,VR Aaron,8,4,0,2,50.0
SA Yadav,Vijaykumar Vyshak,56,86,4,5,153.57
SA Yadav,Washington Sundar,14,10,0,2,71.43
SA Yadav,YS Chahal,176,232,8,14,131.82
SA Yadav,Yash Dayal,10,12,2,2,120.0
SA Yadav,Yash Raj Punja,22,22,0,2,100.0
SA Yadav,Yash Thakur,10,16,2,3,160.0
SA Yadav,Zeeshan Ansari,28,68,0,3,242.86
SB Bangar,A Kumble,8,28,0,2,350.0
SB Bangar,AB Agarkar,6,4,0,2,66.67
SB Bangar,DJ Hussey,6,14,0,2,233.33
SB Bangar,Gagandeep Singh,8,4,0,2,50.0
SB Bangar,Kamran Khan,12,2,2,2,16.67
SB Bangar,MM Patel,6,2,0,2,33.33
SB Bangar,Mohammad Asif,6,2,0,2,33.33
SB Bangar,PP Chawla,8,2,2,2,25.0
SB Bangar,R Bhatia,16,8,0,2,50.0
SB Bangar,SK Warne,6,4,0,2,66.67
SB Bangar,VY Mahesh,6,6,0,2,100.0
SB Bangar,Z Khan,6,6,0,2,100.0
SB Dubey,A Zampa,6,22,0,2,366.67
SB Dubey,AR Patel,8,6,0,2,75.0
SB Dubey,Arshdeep Singh,16,28,0,3,175.0
SB Dubey,Avesh Khan,6,6,0,2,100.0
SB Dubey,C Bosch,14,22,0,3,157.14
SB Dubey,CV Varun,6,2,0,2,33.33
SB Dubey,DS Rathi,8,16,0,2,200.0
SB Dubey,HV Patel,6,6,0,2,100.0
SB Dubey,Harshit Rana,12,6,0,3,50.0
SB Dubey,I Sharma,6,22,0,2,366.67
SB Dubey,JJ Bumrah,8,12,0,3,150.0
SB Dubey,JR Hazlewood,8,10,0,2,125.0
SB Dubey,KK Ahmed,10,22,2,2,220.0
SB Dubey,Kuldeep Yadav,6,4,0,3,66.67
SB Dubey,LH Ferguson,6,14,0,2,233.33
SB Dubey,M Jansen,12,28,0,3,233.33
SB Dubey,M Tiwari,8,2,2,2,25.0
SB Dubey,MA Starc,10,12,0,3,120.0
SB Dubey,MM Ali,6,4,0,2,66.67
SB Dubey,PJ Cummins,10,40,0,2,400.0
SB Dubey,PP Chawla,6,4,0,2,66.67
SB Dubey,Prince Yadav,10,18,0,2,180.0
SB Dubey,Rashid Khan,22,26,4,3,118.18
SB Dubey,SP Narine,8,6,0,2,75.0
SB Dubey,VG Arora,16,44,2,3,275.0
SB Dubey,Washington Sundar,10,4,0,2,40.0
SB Jakati,DP Nannes,12,22,2,2,183.33
SB Jakati,Harbhajan Singh,6,6,0,2,100.0
SB Jakati,P Kumar,10,12,0,2,120.0
SB Jakati,SL Malinga,14,6,0,2,42.86
SB Joshi,I Sharma,8,4,0,2,50.0
SB Joshi,SK Warne,12,2,0,2,16.67
SB Styris,A Mishra,12,10,0,2,83.33
SB Styris,JA Morkel,30,38,0,3,126.67
SB Styris,Joginder Sharma,10,14,0,2,140.0
SB Styris,KP Pietersen,10,20,2,2,200.0
SB Styris,L Balaji,8,10,0,2,125.0
SB Styris,M Kartik,6,10,0,2,166.67
SB Styris,M Muralitharan,32,20,2,3,62.5
SB Styris,M Ntini,26,12,0,3,46.15
SB Styris,MF Maharoof,14,10,2,2,71.43
SB Styris,MS Gony,16,18,0,3,112.5
SB Styris,Mohammad Asif,14,28,0,2,200.0
SB Styris,Mohammad Hafeez,8,2,2,2,25.0
SB Styris,P Kumar,10,12,0,3,120.0
SB Styris,R Bhatia,16,10,0,2,62.5
SB Styris,SC Ganguly,12,4,2,2,33.33
SB Styris,SK Warne,6,4,0,2,66.67
SB Styris,Umar Gul,10,6,0,2,60.0
SB Styris,YK Pathan,8,16,2,2,200.0
SC Ganguly,A Ashish Reddy,8,8,0,2,100.0
SC Ganguly,A Chandila,8,4,2,2,50.0
SC Ganguly,A Kumble,34,18,0,5,52.94
SC Ganguly,A Mishra,70,70,0,6,100.0
SC Ganguly,A Nehra,22,36,0,3,163.64
SC Ganguly,A Symonds,38,28,0,4,73.68
SC Ganguly,AA Chavan,8,2,0,2,25.0
SC Ganguly,AA Noffke,6,10,0,2,166.67
SC Ganguly,AD Mascarenhas,12,12,4,4,100.0
SC Ganguly,AG Murtaza,20,16,0,2,80.0
SC Ganguly,AM Nayar,14,8,2,2,57.14
SC Ganguly,Ankit Sharma,12,12,0,3,100.0
SC Ganguly,B Lee,8,6,0,2,75.0
SC Ganguly,CRD Fernando,12,24,0,2,200.0
SC Ganguly,DE Bollinger,26,42,2,3,161.54
SC Ganguly,DJ Bravo,42,48,0,6,114.29
SC Ganguly,DJ Thornely,10,4,2,2,40.0
SC Ganguly,DL Vettori,20,32,2,3,160.0
SC Ganguly,DP Nannes,34,16,4,3,47.06
SC Ganguly,DP Vijaykumar,16,20,2,2,125.0
SC Ganguly,DT Christian,14,4,2,3,28.57
SC Ganguly,DW Steyn,70,72,0,6,102.86
SC Ganguly,FH Edwards,16,0,0,2,0.0
SC Ganguly,FY Fazal,10,26,0,2,260.0
SC Ganguly,Harbhajan Singh,58,38,4,5,65.52
SC Ganguly,Harmeet Singh,38,40,2,4,105.26
SC Ganguly,I Sharma,18,26,0,2,144.44
SC Ganguly,IK Pathan,64,84,2,6,131.25
SC Ganguly,Iqbal Abdulla,22,18,0,2,81.82
SC Ganguly,J Botha,8,12,0,2,150.0
SC Ganguly,J Theron,24,14,0,3,58.33
SC Ganguly,JA Morkel,28,18,0,4,64.29
SC Ganguly,JDP Oram,8,14,0,2,175.0
SC Ganguly,JEC Franklin,16,10,0,2,62.5
SC Ganguly,JH Kallis,30,56,0,5,186.67
SC Ganguly,JP Duminy,48,58,0,4,120.83
SC Ganguly,JP Faulkner,12,10,0,2,83.33
SC Ganguly,JR Hopes,10,16,0,2,160.0
SC Ganguly,Jaskaran Singh,6,2,0,2,33.33
SC Ganguly,KAJ Roach,22,42,0,2,190.91
SC Ganguly,KMDN Kulasekara,8,4,0,2,50.0
SC Ganguly,KP Pietersen,12,20,0,2,166.67
SC Ganguly,Kamran Khan,26,26,2,3,100.0
SC Ganguly,L Balaji,20,10,0,3,50.0
SC Ganguly,M Morkel,14,14,4,3,100.0
SC Ganguly,M Muralitharan,26,6,2,4,23.08
SC Ganguly,M Ntini,8,0,2,2,0.0
SC Ganguly,MF Maharoof,18,24,0,2,133.33
SC Ganguly,MM Patel,66,88,4,6,133.33
SC Ganguly,MS Gony,32,36,2,5,112.5
SC Ganguly,P Awana,8,16,0,2,200.0
SC Ganguly,P Kumar,82,82,4,8,100.0
SC Ganguly,PD Collingwood,16,28,0,2,175.0
SC Ganguly,PJ Sangwan,24,18,0,3,75.0
SC Ganguly,PP Chawla,46,92,2,4,200.0
SC Ganguly,PP Ojha,86,130,4,7,151.16
SC Ganguly,R Ashwin,34,26,0,4,76.47
SC Ganguly,R Bhatia,38,52,2,4,136.84
SC Ganguly,R McLaren,22,40,0,3,181.82
SC Ganguly,R Sathish,6,2,2,2,33.33
SC Ganguly,R Vinay Kumar,34,20,6,5,58.82
SC Ganguly,RA Jadeja,10,6,0,3,60.0
SC Ganguly,RE van der Merwe,10,6,0,2,60.0
SC Ganguly,RG Sharma,26,28,2,3,107.69
SC Ganguly,RJ Harris,16,12,0,2,75.0
SC Ganguly,RP Singh,26,24,0,5,92.31
SC Ganguly,RR Powar,40,38,0,4,95.0
SC Ganguly,RR Raje,10,12,0,2,120.0
SC Ganguly,RS Bopara,14,10,2,3,71.43
SC Ganguly,S Nadeem,16,24,0,2,150.0
SC Ganguly,S Sreesanth,22,16,2,3,72.73
SC Ganguly,S Sriram,6,6,0,2,100.0
SC Ganguly,S Tyagi,18,4,0,2,22.22
SC Ganguly,SB Bangar,16,12,0,3,75.0
SC Ganguly,SB Jakati,8,4,2,2,50.0
SC Ganguly,SB Styris,54,52,0,3,96.3
SC Ganguly,SJ Srivastava,26,64,0,3,246.15
SC Ganguly,SK Raina,8,2,0,2,25.0
SC Ganguly,SK Trivedi,66,80,2,5,121.21
SC Ganguly,SK Warne,70,80,2,6,114.29
SC Ganguly,SL Malinga,14,14,2,5,100.0
SC Ganguly,SM Pollock,14,10,2,3,71.43
SC Ganguly,SP Narine,28,14,0,2,50.0
SC Ganguly,SR Tendulkar,12,12,0,2,100.0
SC Ganguly,SR Watson,46,50,0,5,108.7
SC Ganguly,STR Binny,6,6,0,2,100.0
SC Ganguly,SW Tait,22,26,2,3,118.18
SC Ganguly,Shakib Al Hasan,14,8,4,3,57.14
SC Ganguly,Sohail Tanvir,16,14,0,3,87.5
SC Ganguly,TM Dilshan,36,30,0,3,83.33
SC Ganguly,UT Yadav,16,4,0,2,25.0
SC Ganguly,V Pratap Singh,10,12,0,2,120.0
SC Ganguly,VRV Singh,26,32,0,2,123.08
SC Ganguly,VS Malik,20,10,0,3,50.0
SC Ganguly,VY Mahesh,8,14,2,2,175.0
SC Ganguly,WPUJC Vaas,30,40,2,4,133.33
SC Ganguly,Y Venugopal Rao,26,34,0,3,130.77
SC Ganguly,YA Abdulla,6,12,0,2,200.0
SC Ganguly,YK Pathan,74,90,0,8,121.62
SC Ganguly,Z Khan,28,22,4,6,78.57
SD Chitnis,A Mishra,8,4,0,2,50.0
SD Chitnis,AD Russell,14,28,2,2,200.0
SD Chitnis,DJ Bravo,14,12,2,3,85.71
SD Chitnis,DS Kulkarni,6,2,0,2,33.33
SD Chitnis,IK Pathan,14,20,0,2,142.86
SD Chitnis,M Morkel,6,0,0,2,0.0
SD Chitnis,MS Gony,10,10,0,2,100.0
SD Chitnis,R Sharma,8,12,0,2,150.0
SD Chitnis,S Sreesanth,6,8,0,2,133.33
SD Chitnis,SL Malinga,8,10,0,2,125.0
SD Chitnis,TP Sudhindra,6,8,0,2,133.33
SD Chitnis,UT Yadav,6,2,0,2,33.33
SD Chitnis,VR Aaron,24,26,0,2,108.33
SD Chitnis,VRV Singh,6,22,0,2,366.67
SD Chitnis,VY Mahesh,10,8,2,3,80.0
SD Chitnis,WD Parnell,6,2,2,2,33.33
SD Hope,Arshad Khan,6,8,0,2,133.33
SD Hope,Arshdeep Singh,8,2,0,2,25.0
SD Hope,Azmatullah Omarzai,6,10,0,2,166.67
SD Hope,C Green,6,4,0,2,66.67
SD Hope,Harpreet Brar,14,10,0,2,71.43
SD Hope,K Rabada,10,16,2,2,160.0
SD Hope,KH Pandya,12,14,0,3,116.67
SD Hope,KV Sharma,6,6,0,2,100.0
SD Hope,L Wood,10,30,2,2,300.0
SD Hope,LH Ferguson,10,12,2,2,120.0
SD Hope,Mohammad Nabi,12,32,0,2,266.67
SD Hope,Mohsin Khan,18,10,0,2,55.56
SD Hope,PP Chawla,10,18,0,2,180.0
SD Hope,RD Chahar,16,36,0,2,225.0
SD Hope,Rashid Khan,6,2,2,2,33.33
SD Hope,Ravi Bishnoi,18,28,2,3,155.56
SD Hope,S Sandeep Warrier,18,34,2,3,188.89
SD Hope,Yash Dayal,22,34,0,2,154.55
SD Hope,Yash Thakur,8,6,0,2,75.0
SD Hope,Yudhvir Singh,12,32,0,2,266.67
SD Lad,AS Rajpoot,12,28,0,2,233.33
SD Lad,Mohammed Shami,14,2,2,2,14.29
SE Marsh,A Chandila,26,40,0,2,153.85
SE Marsh,A Choudhary,8,2,0,2,25.0
SE Marsh,A Kumble,40,74,0,3,185.0
SE Marsh,A Mithun,16,18,0,2,112.5
SE Marsh,A Nehra,58,66,2,6,113.79
SE Marsh,A Singh,6,4,0,2,66.67
SE Marsh,A Symonds,6,10,0,2,166.67
SE Marsh,AA Chavan,18,38,0,2,211.11
SE Marsh,AA Jhunjhunwala,22,30,0,4,136.36
SE Marsh,AB Agarkar,32,54,0,3,168.75
SE Marsh,AB Dinda,40,62,0,4,155.0
SE Marsh,AB McDonald,14,18,4,3,128.57
SE Marsh,AD Mathews,18,14,0,2,77.78
SE Marsh,AD Russell,6,16,0,2,266.67
SE Marsh,AL Menaria,6,12,0,2,200.0
SE Marsh,AM Salvi,14,16,0,2,114.29
SE Marsh,AN Ahmed,18,32,0,2,177.78
SE Marsh,AS Raut,8,14,0,2,175.0
SE Marsh,Ankit Sharma,6,4,0,2,66.67
SE Marsh,Ankit Soni,16,22,0,2,137.5
SE Marsh,B Kumar,26,20,6,5,76.92
SE Marsh,BAW Mendis,18,22,2,2,122.22
SE Marsh,BB Sran,8,6,0,2,75.0
SE Marsh,BJ Hodge,18,36,0,3,200.0
SE Marsh,Basil Thampi,22,34,0,3,154.55
SE Marsh,C de Grandhomme,6,16,0,2,266.67
SE Marsh,CH Gayle,18,22,0,3,122.22
SE Marsh,CH Morris,46,50,0,4,108.7
SE Marsh,CJ McKay,6,2,0,2,33.33
SE Marsh,CK Langeveldt,6,8,0,2,133.33
SE Marsh,CR Woakes,8,4,2,2,50.0
SE Marsh,CRD Fernando,16,34,0,2,212.5
SE Marsh,D Kalyankrishna,8,6,0,2,75.0
SE Marsh,D Salunkhe,22,28,0,2,127.27
SE Marsh,DE Bollinger,22,40,0,2,181.82
SE Marsh,DJ Bravo,42,58,2,3,138.1
SE Marsh,DJ Hooda,50,100,0,4,200.0
SE Marsh,DJ Hussey,14,18,2,3,128.57
SE Marsh,DNT Zoysa,26,32,0,2,123.08
SE Marsh,DP Vijaykumar,12,26,0,2,216.67
SE Marsh,DR Smith,20,32,0,2,160.0
SE Marsh,DS Kulkarni,38,58,2,5,152.63
SE Marsh,DT Christian,8,4,2,2,50.0
SE Marsh,DW Steyn,48,88,0,5,183.33
SE Marsh,GD McGrath,8,4,0,2,50.0
SE Marsh,GH Vihari,6,4,0,2,66.67
SE Marsh,HH Pandya,16,30,0,2,187.5
SE Marsh,HV Patel,8,18,0,2,225.0
SE Marsh,Harbhajan Singh,142,168,2,10,118.31
SE Marsh,I Sharma,34,26,0,4,76.47
SE Marsh,IC Pandey,6,2,0,2,33.33
SE Marsh,IK Pathan,32,36,2,4,112.5
SE Marsh,Iqbal Abdulla,8,8,0,2,100.0
SE Marsh,J Botha,8,6,2,2,75.0
SE Marsh,J Theron,14,28,0,2,200.0
SE Marsh,JA Morkel,72,88,0,6,122.22
SE Marsh,JD Ryder,18,18,0,2,100.0
SE Marsh,JD Unadkat,12,10,0,2,83.33
SE Marsh,JEC Franklin,6,0,2,2,0.0
SE Marsh,JH Kallis,26,22,0,4,84.62
SE Marsh,JJ Bumrah,10,8,0,2,80.0
SE Marsh,JJ van der Wath,26,70,0,2,269.23
SE Marsh,JM Kemp,8,20,0,2,250.0
SE Marsh,JP Duminy,14,16,4,3,114.29
SE Marsh,JP Faulkner,58,88,0,5,151.72
SE Marsh,JR Hopes,34,62,0,3,182.35
SE Marsh,KA Pollard,78,92,0,8,117.95
SE Marsh,KH Pandya,14,30,0,2,214.29
SE Marsh,KK Cooper,40,38,4,4,95.0
SE Marsh,KMDN Kulasekara,8,2,0,2,25.0
SE Marsh,KV Sharma,8,8,0,2,100.0
SE Marsh,L Balaji,32,36,2,3,112.5
SE Marsh,LR Shukla,8,18,0,2,225.0
SE Marsh,M Morkel,76,80,4,6,105.26
SE Marsh,M Muralitharan,16,28,0,3,175.0
SE Marsh,M Ntini,24,32,2,2,133.33
SE Marsh,MC Henriques,38,64,0,4,168.42
SE Marsh,MG Johnson,10,4,0,2,40.0
SE Marsh,MJ McClenaghan,22,36,4,4,163.64
SE Marsh,MM Patel,92,102,2,6,110.87
SE Marsh,MM Sharma,26,44,0,3,169.23
SE Marsh,MN Samuels,18,22,0,2,122.22
SE Marsh,MR Marsh,10,12,0,2,120.0
SE Marsh,MS Gony,18,18,0,3,100.0
SE Marsh,Mohammad Hafeez,16,20,0,2,125.0
SE Marsh,Mustafizur Rahman,6,0,2,2,0.0
SE Marsh,NB Singh,12,12,0,2,100.0
SE Marsh,NLTC Perera,16,24,0,3,150.0
SE Marsh,NM Coulter-Nile,24,24,0,2,100.0
SE Marsh,P Amarnath,18,42,0,2,233.33
SE Marsh,P Kumar,50,32,0,5,64.0
SE Marsh,P Negi,14,12,2,3,85.71
SE Marsh,P Parameswaran,12,22,0,2,183.33
SE Marsh,PJ Sangwan,6,2,2,3,33.33
SE Marsh,PP Chawla,10,14,0,2,140.0
SE Marsh,PP Ojha,40,54,2,5,135.0
SE Marsh,PV Tambe,28,32,2,3,114.29
SE Marsh,Pankaj Singh,18,50,0,2,277.78
SE Marsh,R Ashwin,52,34,0,5,65.38
SE Marsh,R Bhatia,12,14,0,2,116.67
SE Marsh,R Dhawan,20,32,0,2,160.0
SE Marsh,R McLaren,16,24,0,2,150.0
SE Marsh,R Rampaul,6,2,2,2,33.33
SE Marsh,R Sharma,24,34,0,3,141.67
SE Marsh,R Tewatia,50,92,0,3,184.0
SE Marsh,R Vinay Kumar,52,46,2,6,88.46
SE Marsh,RA Jadeja,28,38,0,5,135.71
SE Marsh,RG Sharma,32,34,0,4,106.25
SE Marsh,RP Singh,70,118,2,7,168.57
SE Marsh,Rashid Khan,24,22,0,2,91.67
SE Marsh,S Aravind,46,46,2,4,100.0
SE Marsh,S Dhawan,14,10,2,2,71.43
SE Marsh,S Gopal,12,34,0,2,283.33
SE Marsh,S Kaul,46,56,0,3,121.74
SE Marsh,S Randiv,16,14,0,2,87.5
SE Marsh,S Sreesanth,30,40,0,3,133.33
SE Marsh,S Sriram,10,48,0,2,480.0
SE Marsh,S Tyagi,8,4,0,2,50.0
SE Marsh,SB Bangar,34,42,0,2,123.53
SE Marsh,SB Jakati,22,56,0,3,254.55
SE Marsh,SB Styris,24,14,2,3,58.33
SE Marsh,SB Wagh,12,10,2,3,83.33
SE Marsh,SD Chitnis,24,42,2,2,175.0
SE Marsh,SK Raina,50,90,0,5,180.0
SE Marsh,SK Trivedi,56,68,0,5,121.43
SE Marsh,SK Warne,20,54,0,2,270.0
SE Marsh,SL Malinga,64,68,4,8,106.25
SE Marsh,SM Pollock,22,14,0,2,63.64
SE Marsh,SN Thakur,14,10,2,2,71.43
SE Marsh,SP Narine,40,36,2,5,90.0
SE Marsh,SR Watson,96,138,4,7,143.75
SE Marsh,SS Agarwal,10,26,0,2,260.0
SE Marsh,STR Binny,20,30,0,3,150.0
SE Marsh,SW Tait,20,10,0,3,50.0
SE Marsh,Shahid Afridi,22,42,0,2,190.91
SE Marsh,Shakib Al Hasan,20,22,0,2,110.0
SE Marsh,TA Boult,6,2,0,2,33.33
SE Marsh,TG Southee,6,2,2,2,33.33
SE Marsh,TL Suman,22,26,0,3,118.18
SE Marsh,UT Yadav,26,34,0,4,130.77
SE Marsh,Umar Gul,12,8,0,2,66.67
SE Marsh,V Kohli,14,22,0,3,157.14
SE Marsh,VR Aaron,32,46,2,4,143.75
SE Marsh,VS Malik,12,16,2,2,133.33
SE Marsh,VS Yeligati,18,28,0,2,155.56
SE Marsh,WD Parnell,8,4,0,2,50.0
SE Marsh,Y Nagar,10,30,0,2,300.0
SE Marsh,Y Venugopal Rao,28,46,0,4,164.29
SE Marsh,YK Pathan,28,46,0,5,164.29
SE Marsh,Yuvraj Singh,10,20,0,2,200.0
SE Marsh,Z Khan,72,82,4,10,113.89
SE Rutherford,AD Russell,6,4,0,2,66.67
SE Rutherford,Abhishek Sharma,12,34,0,2,283.33
SE Rutherford,Akash Deep,12,18,0,2,150.0
SE Rutherford,Arshdeep Singh,18,20,4,4,111.11
SE Rutherford,Ashwani Kumar,22,40,0,3,181.82
SE Rutherford,Avesh Khan,16,36,0,3,225.0
SE Rutherford,Azmatullah Omarzai,14,10,2,2,71.43
SE Rutherford,B Kumar,34,50,2,4,147.06
SE Rutherford,CV Varun,20,30,0,2,150.0
SE Rutherford,DJ Bravo,8,6,0,2,75.0
SE Rutherford,DS Kulkarni,8,22,2,2,275.0
SE Rutherford,Harbhajan Singh,6,14,2,2,233.33
SE Rutherford,Imran Tahir,18,4,2,3,22.22
SE Rutherford,JA Duffy,14,38,0,2,271.43
SE Rutherford,JJ Bumrah,12,8,0,3,66.67
SE Rutherford,JR Hazlewood,10,22,0,2,220.0
SE Rutherford,KH Pandya,12,20,0,3,166.67
SE Rutherford,Kuldeep Yadav,26,42,0,3,161.54
SE Rutherford,LS Livingstone,6,2,0,2,33.33
SE Rutherford,M Jansen,18,18,0,4,100.0
SE Rutherford,MM Sharma,14,34,0,2,242.86
SE Rutherford,MP Stoinis,20,50,0,3,250.0
SE Rutherford,Mohammad Nabi,6,2,0,2,33.33
SE Rutherford,Mohammed Shami,12,12,0,3,100.0
SE Rutherford,Mukesh Kumar,14,12,2,2,85.71
SE Rutherford,NA Saini,8,22,0,2,275.0
SE Rutherford,PJ Cummins,6,22,0,2,366.67
SE Rutherford,PVSN Raju,6,16,0,2,266.67
SE Rutherford,R Ashwin,8,4,0,2,50.0
SE Rutherford,R Shepherd,16,50,0,2,312.5
SE Rutherford,RJ Gleeson,8,26,0,2,325.0
SE Rutherford,Rasikh Salam,12,18,0,3,150.0
SE Rutherford,Ravi Bishnoi,18,30,0,3,166.67
SE Rutherford,S Gopal,6,12,2,3,200.0
SE Rutherford,SN Thakur,12,12,2,2,100.0
SE Rutherford,SP Narine,24,12,0,2,50.0
SE Rutherford,Shahbaz Ahmed,16,32,0,2,200.0
SE Rutherford,Suyash Sharma,6,16,0,2,266.67
SE Rutherford,TA Boult,16,18,6,5,112.5
SE Rutherford,TG Southee,18,4,2,2,22.22
SE Rutherford,TU Deshpande,6,24,2,2,400.0
SE Rutherford,UT Yadav,16,20,0,3,125.0
SE Rutherford,V Nigam,24,6,2,3,25.0
SE Rutherford,VR Aaron,6,8,0,2,133.33
SE Rutherford,Vijaykumar Vyshak,26,28,0,2,107.69
SE Rutherford,W O'Rourke,12,12,2,2,100.0
SE Rutherford,WG Jacks,12,28,0,2,233.33
SE Rutherford,Washington Sundar,6,4,0,2,66.67
SE Rutherford,YS Chahal,24,26,0,3,108.33
SH Johnson,Mustafizur Rahman,6,8,0,2,133.33
SK Raina,A Chandila,10,6,0,2,60.0
SK Raina,A Choudhary,6,4,0,2,66.67
SK Raina,A Kumble,42,26,0,5,61.9
SK Raina,A Mishra,176,244,8,15,138.64
SK Raina,A Mithun,22,34,0,2,154.55
SK Raina,A Nehra,50,30,2,9,60.0
SK Raina,A Singh,30,54,4,4,180.0
SK Raina,A Symonds,34,38,2,3,111.76
SK Raina,AA Jhunjhunwala,12,10,0,2,83.33
SK Raina,AB Agarkar,30,20,0,4,66.67
SK Raina,AB Dinda,70,112,2,7,160.0
SK Raina,AB McDonald,10,20,0,2,200.0
SK Raina,AC Thomas,20,20,2,3,100.0
SK Raina,AD Mascarenhas,14,24,0,2,171.43
SK Raina,AD Mathews,36,64,0,4,177.78
SK Raina,AD Russell,34,44,4,6,129.41
SK Raina,AJ Tye,62,108,0,4,174.19
SK Raina,AM Nayar,28,42,0,3,150.0
SK Raina,AN Ahmed,40,52,0,4,130.0
SK Raina,AR Patel,96,126,4,11,131.25
SK Raina,AS Rajpoot,22,36,0,3,163.64
SK Raina,Ankit Sharma,10,8,2,4,80.0
SK Raina,Anureet Singh,30,40,0,3,133.33
SK Raina,Azhar Mahmood,28,44,2,3,157.14
SK Raina,B Akhil,20,30,0,3,150.0
SK Raina,B Kumar,120,158,6,14,131.67
SK Raina,B Laughlin,10,16,0,2,160.0
SK Raina,B Lee,28,38,0,4,135.71
SK Raina,B Stanlake,18,16,0,2,88.89
SK Raina,BA Stokes,40,70,0,5,175.0
SK Raina,BAW Mendis,16,42,0,2,262.5
SK Raina,BB Sran,26,38,0,2,146.15
SK Raina,BE Hendricks,8,6,0,2,75.0
SK Raina,BJ Hodge,10,4,2,3,40.0
SK Raina,Bipul Sharma,8,14,0,2,175.0
SK Raina,C Sakariya,8,2,2,2,25.0
SK Raina,CH Gayle,46,56,2,4,121.74
SK Raina,CH Morris,50,42,6,7,84.0
SK Raina,CJ Anderson,8,14,0,3,175.0
SK Raina,CR Brathwaite,8,6,2,2,75.0
SK Raina,CR Woakes,50,90,0,4,180.0
SK Raina,CRD Fernando,8,16,0,2,200.0
SK Raina,D Wiese,38,48,0,3,126.32
SK Raina,DJ Bravo,64,110,8,7,171.88
SK Raina,DJ Hooda,30,32,0,4,106.67
SK Raina,DJ Hussey,50,62,0,4,124.0
SK Raina,DJG Sammy,20,40,0,3,200.0
SK Raina,DL Vettori,36,58,0,3,161.11
SK Raina,DP Nannes,20,24,0,4,120.0
SK Raina,DP Vijaykumar,20,42,0,3,210.0
SK Raina,DR Smith,32,90,0,4,281.25
SK Raina,DS Kulkarni,34,38,2,6,111.76
SK Raina,DT Christian,36,34,2,6,94.44
SK Raina,DW Steyn,50,52,2,9,104.0
SK Raina,FH Edwards,8,4,0,2,50.0
SK Raina,GB Hogg,32,16,0,4,50.0
SK Raina,GJ Maxwell,38,26,4,7,68.42
SK Raina,GS Sandhu,6,8,0,2,133.33
SK Raina,Gurkeerat Singh,22,34,0,2,154.55
SK Raina,HF Gurney,18,30,0,2,166.67
SK Raina,HH Pandya,42,64,4,6,152.38
SK Raina,HV Patel,64,48,4,6,75.0
SK Raina,Harbhajan Singh,240,264,10,20,110.0
SK Raina,Harmeet Singh,32,36,0,3,112.5
SK Raina,Harpreet Brar,18,30,0,2,166.67
SK Raina,I Sharma,80,154,2,9,192.5
SK Raina,IK Pathan,84,130,2,10,154.76
SK Raina,IS Sodhi,20,24,2,2,120.0
SK Raina,Imran Tahir,22,32,0,4,145.45
SK Raina,Iqbal Abdulla,58,110,0,9,189.66
SK Raina,J Botha,40,38,0,4,95.0
SK Raina,J Suchith,30,54,4,3,180.0
SK Raina,J Syed Mohammad,10,14,2,2,140.0
SK Raina,J Theron,12,20,4,3,166.67
SK Raina,J Yadav,10,8,4,3,80.0
SK Raina,JA Morkel,6,12,0,2,200.0
SK Raina,JC Archer,22,24,0,3,109.09
SK Raina,JD Unadkat,66,94,2,8,142.42
SK Raina,JDS Neesham,24,22,2,2,91.67
SK Raina,JE Taylor,14,28,0,2,200.0
SK Raina,JEC Franklin,10,14,2,3,140.0
SK Raina,JH Kallis,126,144,4,12,114.29
SK Raina,JJ Bumrah,74,100,4,10,135.14
SK Raina,JJ van der Wath,6,12,0,2,200.0
SK Raina,JO Holder,16,22,2,3,137.5
SK Raina,JP Behrendorff,24,30,2,2,125.0
SK Raina,JP Duminy,40,54,0,4,135.0
SK Raina,JP Faulkner,12,14,2,2,116.67
SK Raina,JR Hopes,14,32,0,3,228.57
SK Raina,K Goel,14,22,0,3,157.14
SK Raina,K Gowtham,42,56,0,4,133.33
SK Raina,K Rabada,24,38,0,3,158.33
SK Raina,KA Pollard,92,150,4,8,163.04
SK Raina,KC Cariappa,12,18,0,2,150.0
SK Raina,KH Pandya,60,88,0,6,146.67
SK Raina,KK Ahmed,8,6,0,3,75.0
SK Raina,KK Cooper,26,38,4,4,146.15
SK Raina,KP Pietersen,34,22,0,4,64.71
SK Raina,KV Sharma,30,40,2,7,133.33
SK Raina,KW Richardson,30,48,0,3,160.0
SK Raina,Kamran Khan,16,40,0,2,250.0
SK Raina,Karanveer Singh,6,0,0,2,0.0
SK Raina,Kuldeep Yadav,88,102,4,6,115.91
SK Raina,L Balaji,34,40,0,5,117.65
SK Raina,LH Ferguson,10,10,0,3,100.0
SK Raina,LR Shukla,40,44,0,5,110.0
SK Raina,LRPL Taylor,6,8,0,2,133.33
SK Raina,M Ashwin,64,64,2,6,100.0
SK Raina,M Kartik,36,50,0,6,138.89
SK Raina,M Markande,22,30,0,3,136.36
SK Raina,M Morkel,40,64,0,5,160.0
SK Raina,M Muralitharan,36,34,2,4,94.44
SK Raina,M Prasidh Krishna,30,36,0,3,120.0
SK Raina,M Vijay,10,26,0,2,260.0
SK Raina,MA Khote,10,10,2,2,100.0
SK Raina,MA Starc,30,32,0,5,106.67
SK Raina,MC Henriques,26,22,2,3,84.62
SK Raina,MG Johnson,84,128,4,9,152.38
SK Raina,MJ McClenaghan,72,100,2,8,138.89
SK Raina,MK Tiwary,6,16,0,2,266.67
SK Raina,MM Ali,16,28,2,2,175.0
SK Raina,MM Patel,74,126,4,8,170.27
SK Raina,MM Sharma,54,72,2,6,133.33
SK Raina,MN Samuels,28,46,0,4,164.29
SK Raina,MP Stoinis,26,38,2,4,146.15
SK Raina,MS Gony,16,40,0,3,250.0
SK Raina,Mohammad Asif,8,6,0,3,75.0
SK Raina,Mohammed Shami,46,68,2,6,147.83
SK Raina,Mohammed Siraj,24,32,2,5,133.33
SK Raina,Mustafizur Rahman,14,18,0,3,128.57
SK Raina,NA Saini,16,16,0,3,100.0
SK Raina,ND Doshi,6,22,0,2,366.67
SK Raina,NLTC Perera,54,84,2,4,155.56
SK Raina,NM Coulter-Nile,26,40,2,3,153.85
SK Raina,P Awana,46,102,2,5,221.74
SK Raina,P Kumar,94,170,6,13,180.85
SK Raina,P Negi,26,48,2,3,184.62
SK Raina,P Suyal,8,8,0,2,100.0
SK Raina,PJ Cummins,38,38,2,5,100.0
SK Raina,PJ Sangwan,40,54,4,6,135.0
SK Raina,PM Sarvesh Kumar,10,18,0,2,180.0
SK Raina,PP Chawla,202,350,8,17,173.27
SK Raina,PP Ojha,88,136,4,10,154.55
SK Raina,PV Tambe,20,8,0,4,40.0
SK Raina,PWH de Silva,8,20,0,2,250.0
SK Raina,Pankaj Singh,24,32,2,3,133.33
SK Raina,Parvez Rasool,10,8,0,3,80.0
SK Raina,R Ashwin,106,108,2,7,101.89
SK Raina,R Bhatia,78,90,4,10,115.38
SK Raina,R Dhawan,8,6,0,3,75.0
SK Raina,R McLaren,12,10,0,3,83.33
SK Raina,R Ninan,20,40,2,2,200.0
SK Raina,R Rampaul,8,4,0,3,50.0
SK Raina,R Sathish,12,32,0,2,266.67
SK Raina,R Sharma,36,32,2,4,88.89
SK Raina,R Shukla,6,8,0,2,133.33
SK Raina,R Tewatia,18,26,2,4,144.44
SK Raina,R Vinay Kumar,122,196,2,14,160.66
SK Raina,RD Chahar,24,24,2,4,100.0
SK Raina,RE van der Merwe,18,12,2,4,66.67
SK Raina,RG Sharma,12,6,2,3,50.0
SK Raina,RJ Harris,14,4,2,5,28.57
SK Raina,RP Meredith,8,2,0,2,25.0
SK Raina,RP Singh,50,52,2,8,104.0
SK Raina,RR Powar,64,86,0,6,134.38
SK Raina,RS Bopara,8,6,0,2,75.0
SK Raina,RV Gomez,14,32,0,2,228.57
SK Raina,Rashid Khan,70,94,6,8,134.29
SK Raina,S Aravind,46,68,0,6,147.83
SK Raina,S Badree,6,2,0,2,33.33
SK Raina,S Gopal,36,50,2,3,138.89
SK Raina,S Kaul,56,66,2,5,117.86
SK Raina,S Ladda,6,10,0,2,166.67
SK Raina,S Lamichhane,8,6,2,2,75.0
SK Raina,S Nadeem,26,44,0,7,169.23
SK Raina,S Rana,18,26,0,3,144.44
SK Raina,S Sreesanth,48,70,2,5,145.83
SK Raina,SB Bangar,12,12,2,2,100.0
SK Raina,SB Styris,20,16,0,3,80.0
SK Raina,SE Rutherford,12,14,0,2,116.67
SK Raina,SK Trivedi,106,184,2,8,173.58
SK Raina,SK Warne,122,130,6,9,106.56
SK Raina,SL Malinga,118,142,2,13,120.34
SK Raina,SM Curran,8,4,2,2,50.0
SK Raina,SM Harwood,10,2,0,2,20.0
SK Raina,SM Pollock,8,10,0,3,125.0
SK Raina,SMSM Senanayake,8,12,0,2,150.0
SK Raina,SN Thakur,16,14,0,3,87.5
SK Raina,SP Narine,174,236,4,15,135.63
SK Raina,SR Watson,72,106,4,9,147.22
SK Raina,STR Binny,16,16,0,5,100.0
SK Raina,SW Tait,16,28,0,4,175.0
SK Raina,Sandeep Sharma,106,220,4,13,207.55
SK Raina,Shahid Afridi,30,46,0,3,153.33
SK Raina,Shakib Al Hasan,84,94,4,10,111.9
SK Raina,Shivam Mavi,6,6,0,2,100.0
SK Raina,Shoaib Ahmed,6,6,0,2,100.0
SK Raina,Sohail Tanvir,28,48,0,4,171.43
SK Raina,T Natarajan,24,32,0,3,133.33
SK Raina,T Shamsi,16,16,0,2,100.0
SK Raina,TA Boult,38,44,4,5,115.79
SK Raina,TG Southee,14,10,0,3,71.43
SK Raina,TK Curran,14,8,0,3,57.14
SK Raina,TL Suman,14,42,0,2,300.0
SK Raina,TM Dilshan,44,44,2,5,100.0
SK Raina,TM Head,8,20,0,2,250.0
SK Raina,UT Yadav,180,186,6,15,103.33
SK Raina,V Kohli,24,30,0,4,125.0
SK Raina,V Pratap Singh,14,34,0,2,242.86
SK Raina,V Sehwag,6,12,0,2,200.0
SK Raina,V Shankar,14,16,0,3,114.29
SK Raina,VR Aaron,46,68,2,6,147.83
SK Raina,VRV Singh,32,56,0,4,175.0
SK Raina,VS Yeligati,6,18,0,2,300.0
SK Raina,WA Mota,6,2,4,3,33.33
SK Raina,WD Parnell,12,34,0,2,283.33
SK Raina,WPUJC Vaas,6,12,2,2,200.0
SK Raina,Washington Sundar,12,14,0,3,116.67
SK Raina,Y Venugopal Rao,6,12,0,2,200.0
SK Raina,YA Abdulla,12,22,0,2,183.33
SK Raina,YK Pathan,124,140,6,15,112.9
SK Raina,YS Chahal,146,198,8,13,135.62
SK Raina,Yuvraj Singh,10,16,2,3,160.0
SK Raina,Z Khan,74,124,4,8,167.57
SK Rasheed,Akash Deep,10,24,0,2,240.0
SK Rasheed,Arshdeep Singh,18,22,2,2,122.22
SK Rasheed,B Kumar,6,2,0,2,33.33
SK Rasheed,DL Chahar,26,28,0,2,107.69
SK Rasheed,DS Rathi,10,10,0,2,100.0
SK Rasheed,KH Pandya,6,4,2,2,66.67
SK Rasheed,M Jansen,6,0,0,2,0.0
SK Rasheed,MJ Santner,12,8,2,2,66.67
SK Rasheed,SN Thakur,14,20,0,2,142.86
SK Rasheed,Yash Dayal,10,22,0,2,220.0
SK Trivedi,A Nehra,12,8,0,3,66.67
SK Trivedi,DP Nannes,6,4,0,2,66.67
SK Trivedi,DR Smith,6,10,2,2,166.67
SK Trivedi,MF Maharoof,8,2,0,2,25.0
SK Trivedi,RJ Harris,6,8,0,2,133.33
SK Trivedi,RP Singh,14,2,2,3,14.29
SK Trivedi,S Ladda,8,12,0,2,150.0
SK Trivedi,SL Malinga,6,0,0,2,0.0
SK Warne,A Kumble,12,0,4,3,0.0
SK Warne,A Mishra,12,12,4,4,100.0
SK Warne,A Symonds,6,32,0,2,533.33
SK Warne,AB Agarkar,8,2,2,2,25.0
SK Warne,AB Dinda,8,6,0,3,75.0
SK Warne,B Geeves,12,20,0,2,166.67
SK Warne,BA Bhatt,6,10,0,2,166.67
SK Warne,BJ Hodge,8,2,2,2,25.0
SK Warne,CK Langeveldt,6,4,0,2,66.67
SK Warne,DL Vettori,12,8,0,2,66.67
SK Warne,DS Kulkarni,8,2,2,2,25.0
SK Warne,GD McGrath,8,2,0,2,25.0
SK Warne,I Sharma,10,8,0,3,80.0
SK Warne,IK Pathan,16,22,0,2,137.5
SK Warne,JA Morkel,16,24,0,3,150.0
SK Warne,JD Ryder,8,6,0,2,75.0
SK Warne,JDP Oram,8,2,0,2,25.0
SK Warne,L Balaji,24,12,2,5,50.0
SK Warne,LR Shukla,26,20,0,3,76.92
SK Warne,M Ntini,6,12,0,2,200.0
SK Warne,P Parameswaran,10,2,0,2,20.0
SK Warne,PJ Sangwan,10,10,0,2,100.0
SK Warne,PP Chawla,10,12,0,2,120.0
SK Warne,PP Ojha,16,8,2,2,50.0
SK Warne,R Vinay Kumar,10,6,0,2,60.0
SK Warne,RP Singh,12,6,0,3,50.0
SK Warne,RR Raje,6,12,0,2,200.0
SK Warne,SB Jakati,8,18,0,2,225.0
SK Warne,SE Bond,6,0,2,3,0.0
SK Warne,SS Sarkar,16,12,0,2,75.0
SK Warne,Shahid Afridi,6,8,0,2,133.33
SK Warne,Shoaib Ahmed,6,4,0,2,66.67
SK Warne,VRV Singh,10,10,0,2,100.0
SK Warne,Y Venugopal Rao,12,30,0,2,250.0
SK Warne,YA Abdulla,14,14,0,2,100.0
SK Warne,Yuvraj Singh,12,6,0,2,50.0
SL Malinga,AB Dinda,20,28,0,4,140.0
SL Malinga,AD Mathews,8,10,0,2,125.0
SL Malinga,BW Hilfenhaus,12,12,2,3,100.0
SL Malinga,DJ Bravo,18,4,4,4,22.22
SL Malinga,Imran Tahir,10,2,0,2,20.0
SL Malinga,J Botha,6,2,0,2,33.33
SL Malinga,J Syed Mohammad,8,12,2,2,150.0
SL Malinga,JA Morkel,8,16,0,2,200.0
SL Malinga,JP Faulkner,16,10,2,3,62.5
SL Malinga,KK Cooper,8,6,0,2,75.0
SL Malinga,L Balaji,6,2,2,2,33.33
SL Malinga,M Morkel,12,8,0,2,66.67
SL Malinga,SP Narine,6,14,0,2,233.33
SL Malinga,UT Yadav,14,14,2,2,100.0
SL Malinga,WD Parnell,18,10,2,3,55.56
SM Curran,A Zampa,20,18,0,2,90.0
SM Curran,AD Russell,18,30,2,3,166.67
SM Curran,AR Patel,32,38,0,3,118.75
SM Curran,AS Joseph,8,8,0,3,100.0
SM Curran,Arjun Tendulkar,6,22,0,2,366.67
SM Curran,Arshdeep Singh,12,2,0,2,16.67
SM Curran,Avesh Khan,38,64,0,5,168.42
SM Curran,Azmatullah Omarzai,32,56,2,4,175.0
SM Curran,B Kumar,6,2,0,3,33.33
SM Curran,C Green,28,54,0,3,192.86
SM Curran,C Sakariya,8,22,0,2,275.0
SM Curran,CR Woakes,6,10,2,2,166.67
SM Curran,CV Varun,32,30,0,6,93.75
SM Curran,G Coetzee,6,10,0,2,166.67
SM Curran,GJ Maxwell,10,10,0,3,100.0
SM Curran,HF Gurney,16,48,0,2,300.0
SM Curran,HR Shokeen,12,22,0,2,183.33
SM Curran,HV Patel,12,4,2,3,33.33
SM Curran,Harpreet Brar,8,16,0,2,200.0
SM Curran,Imran Tahir,8,10,0,2,125.0
SM Curran,JC Archer,32,32,2,3,100.0
SM Curran,JD Unadkat,10,18,0,3,180.0
SM Curran,JJ Bumrah,32,38,6,5,118.75
SM Curran,KA Maharaj,8,6,2,2,75.0
SM Curran,KH Pandya,28,56,0,6,200.0
SM Curran,KK Ahmed,40,64,2,4,160.0
SM Curran,KL Nagarkoti,6,6,0,2,100.0
SM Curran,KR Sen,10,4,0,2,40.0
SM Curran,KV Sharma,6,6,0,2,100.0
SM Curran,Kartik Tyagi,10,12,0,2,120.0
SM Curran,Kuldeep Yadav,38,30,0,3,78.95
SM Curran,L Ngidi,6,0,2,2,0.0
SM Curran,LH Ferguson,22,28,2,3,127.27
SM Curran,LS Livingstone,8,6,2,2,75.0
SM Curran,M Jansen,26,46,2,3,176.92
SM Curran,M Markande,8,8,2,2,100.0
SM Curran,M Pathirana,12,12,2,2,100.0
SM Curran,M Theekshana,12,20,0,2,166.67
SM Curran,MM Ali,12,6,2,3,50.0
SM Curran,MM Sharma,30,20,2,3,66.67
SM Curran,MR Marsh,32,62,0,3,193.75
SM Curran,Mohammad Nabi,6,10,0,2,166.67
SM Curran,Mohammed Shami,16,26,0,4,162.5
SM Curran,Mohammed Siraj,12,6,0,3,50.0
SM Curran,Mustafizur Rahman,10,10,0,3,100.0
SM Curran,NM Coulter-Nile,34,32,0,2,94.12
SM Curran,Naman Dhir,8,4,0,2,50.0
SM Curran,Navdeep Saini,10,14,0,2,140.0
SM Curran,Naveen-ul-Haq,8,12,2,2,150.0
SM Curran,Nithish Kumar Reddy,16,26,0,2,162.5
SM Curran,Noor Ahmad,12,10,0,3,83.33
SM Curran,P Dubey,20,16,2,2,80.0
SM Curran,PJ Cummins,16,8,0,4,50.0
SM Curran,PP Chawla,10,4,0,3,40.0
SM Curran,R Ashwin,28,30,0,2,107.14
SM Curran,R Tewatia,14,30,2,3,214.29
SM Curran,RA Jadeja,32,34,2,4,106.25
SM Curran,RD Chahar,20,26,0,2,130.0
SM Curran,RJ Gleeson,18,20,0,2,111.11
SM Curran,RP Meredith,6,8,0,2,133.33
SM Curran,Rashid Khan,32,32,2,4,100.0
SM Curran,Ravi Bishnoi,10,18,2,3,180.0
SM Curran,S Gopal,16,16,2,3,100.0
SM Curran,S Lamichhane,16,16,4,3,100.0
SM Curran,SN Thakur,16,30,0,3,187.5
SM Curran,SP Narine,46,78,2,7,169.57
SM Curran,Sandeep Sharma,46,44,2,4,95.65
SM Curran,Simarjeet Singh,12,8,0,2,66.67
SM Curran,Suryansh Shedge,26,68,0,2,261.54
SM Curran,Suyash Sharma,10,6,2,3,60.0
SM Curran,Swapnil Singh,8,12,0,2,150.0
SM Curran,T Natarajan,24,32,2,4,133.33
SM Curran,TA Boult,20,38,2,3,190.0
SM Curran,TG Southee,8,20,0,2,250.0
SM Curran,TK Curran,14,44,0,2,314.29
SM Curran,TU Deshpande,6,0,2,2,0.0
SM Curran,Vijaykumar Vyshak,8,10,0,2,125.0
SM Curran,WG Jacks,8,2,2,2,25.0
SM Curran,Washington Sundar,6,10,0,2,166.67
SM Curran,YS Chahal,56,120,0,5,214.29
SM Curran,Yash Dayal,16,20,2,3,125.0
SM Harwood,DR Smith,8,6,0,2,75.0
SM Harwood,FH Edwards,6,0,0,2,0.0
SM Harwood,L Balaji,8,6,0,2,75.0
SM Katich,A Nehra,6,4,0,2,66.67
SM Katich,A Symonds,10,2,2,2,20.0
SM Katich,AB Agarkar,12,18,0,2,150.0
SM Katich,AB Dinda,10,20,0,2,200.0
SM Katich,GD McGrath,26,34,0,2,130.77
SM Katich,I Sharma,12,14,0,2,116.67
SM Katich,JA Morkel,16,28,0,2,175.0
SM Katich,JDP Oram,8,10,0,2,125.0
SM Katich,Joginder Sharma,10,18,0,2,180.0
SM Katich,LR Shukla,8,4,0,2,50.0
SM Katich,M Muralitharan,20,10,2,4,50.0
SM Katich,MF Maharoof,24,26,2,3,108.33
SM Katich,MS Gony,24,54,0,4,225.0
SM Katich,Mohammad Asif,20,42,0,2,210.0
SM Katich,P Amarnath,6,6,0,2,100.0
SM Katich,PJ Sangwan,12,36,0,2,300.0
SM Katich,R Ashwin,6,0,0,2,0.0
SM Katich,R Bhatia,8,4,0,2,50.0
SM Katich,RE van der Merwe,6,4,0,2,66.67
SM Katich,RG Sharma,6,0,2,2,0.0
SM Katich,RJ Harris,8,12,0,2,150.0
SM Katich,RP Singh,12,22,0,3,183.33
SM Katich,SB Jakati,14,28,0,2,200.0
SM Katich,SC Ganguly,8,12,0,2,150.0
SM Katich,SK Trivedi,6,8,2,2,133.33
SM Katich,SM Harwood,8,2,0,2,25.0
SM Katich,Shoaib Ahmed,6,4,0,2,66.67
SM Katich,Shoaib Malik,20,32,0,2,160.0
SM Katich,VY Mahesh,8,12,0,2,150.0
SM Katich,YK Pathan,10,8,0,2,80.0
SM Pollock,A Mishra,8,6,0,2,75.0
SM Pollock,B Geeves,6,2,0,2,33.33
SM Pollock,B Lee,8,4,0,2,50.0
SM Pollock,D Kalyankrishna,6,12,0,2,200.0
SM Pollock,GD McGrath,18,30,0,3,166.67
SM Pollock,Joginder Sharma,8,8,0,2,100.0
SM Pollock,M Muralitharan,6,4,0,2,66.67
SM Pollock,MF Maharoof,6,10,2,2,166.67
SM Pollock,MS Gony,10,8,0,2,80.0
SM Pollock,Mohammad Asif,16,48,0,2,300.0
SM Pollock,P Amarnath,6,14,2,2,233.33
SM Pollock,P Kumar,8,16,0,2,200.0
SM Pollock,PP Chawla,16,4,0,2,25.0
SM Pollock,PP Ojha,16,16,0,2,100.0
SM Pollock,R Vinay Kumar,6,22,0,2,366.67
SM Pollock,RP Singh,6,0,0,2,0.0
SM Pollock,SB Bangar,14,26,2,2,185.71
SM Pollock,Shahid Afridi,16,4,0,2,25.0
SM Pollock,VRV Singh,10,24,0,2,240.0
SM Pollock,Z Khan,8,10,2,2,125.0
SMSM Senanayake,CH Morris,6,2,0,2,33.33
SMSM Senanayake,R Ashwin,6,4,0,2,66.67
SMSM Senanayake,RA Jadeja,10,4,0,2,40.0
SN Khan,A Nehra,12,6,2,3,50.0
SN Khan,AD Russell,14,22,2,3,157.14
SN Khan,AJ Tye,10,6,0,2,60.0
SN Khan,AR Patel,22,12,2,4,54.55
SN Khan,AS Joseph,12,8,0,2,66.67
SN Khan,AS Roy,6,4,0,2,66.67
SN Khan,Abhinandan Singh,12,26,0,2,216.67
SN Khan,Abhishek Sharma,10,14,0,3,140.0
SN Khan,Anureet Singh,14,16,2,3,114.29
SN Khan,Arshdeep Singh,18,38,2,3,211.11
SN Khan,Avesh Khan,26,52,0,4,200.0
SN Khan,B Kumar,30,80,0,3,266.67
SN Khan,BA Stokes,12,24,0,2,200.0
SN Khan,Basil Thampi,6,22,0,2,366.67
SN Khan,CH Morris,12,20,0,3,166.67
SN Khan,CV Varun,6,14,0,2,233.33
SN Khan,DJ Bravo,24,34,2,4,141.67
SN Khan,DL Chahar,20,26,0,2,130.0
SN Khan,DS Kulkarni,20,34,0,3,170.0
SN Khan,E Malinga,12,8,2,2,66.67
SN Khan,GH Vihari,6,12,0,2,200.0
SN Khan,HH Pandya,24,20,0,3,83.33
SN Khan,HV Patel,20,24,2,3,120.0
SN Khan,Harbhajan Singh,16,10,0,2,62.5
SN Khan,Harpreet Brar,10,28,0,2,280.0
SN Khan,Imran Tahir,26,22,0,2,84.62
SN Khan,J Little,8,8,0,2,100.0
SN Khan,JA Duffy,16,38,0,2,237.5
SN Khan,JC Archer,10,10,0,2,100.0
SN Khan,JD Unadkat,12,20,0,3,166.67
SN Khan,JJ Bumrah,42,60,2,6,142.86
SN Khan,JO Holder,14,12,0,2,85.71
SN Khan,JP Faulkner,6,12,0,2,200.0
SN Khan,K Gowtham,8,20,0,2,250.0
SN Khan,K Rabada,20,20,0,5,100.0
SN Khan,KH Pandya,22,18,2,5,81.82
SN Khan,Kartik Tyagi,6,10,0,2,166.67
SN Khan,Kuldeep Yadav,8,4,0,2,50.0
SN Khan,M Jansen,14,14,0,3,100.0
SN Khan,M Markande,18,10,4,5,55.56
SN Khan,M Prasidh Krishna,12,6,0,3,50.0
SN Khan,MA Wood,12,0,2,2,0.0
SN Khan,MG Johnson,10,6,2,2,60.0
SN Khan,MJ McClenaghan,10,22,0,2,220.0
SN Khan,MJ Santner,8,16,2,2,200.0
SN Khan,MM Ali,12,6,0,2,50.0
SN Khan,MM Sharma,8,12,0,2,150.0
SN Khan,MP Stoinis,6,12,0,2,200.0
SN Khan,Mohammed Shami,8,4,0,3,50.0
SN Khan,Mohammed Siraj,10,14,4,3,140.0
SN Khan,Mustafizur Rahman,10,26,0,2,260.0
SN Khan,N Burger,10,20,0,2,200.0
SN Khan,NT Ellis,6,4,0,2,66.67
SN Khan,P Negi,8,6,0,2,75.0
SN Khan,PV Tambe,14,38,0,2,271.43
SN Khan,R Dhawan,6,18,0,2,300.0
SN Khan,RA Jadeja,50,66,4,5,132.0
SN Khan,RD Chahar,14,18,0,2,128.57
SN Khan,Rashid Khan,16,16,2,2,100.0
SN Khan,Ravi Bishnoi,16,22,0,3,137.5
SN Khan,S Gopal,8,4,0,3,50.0
SN Khan,S Kaul,10,22,0,2,220.0
SN Khan,S Lamichhane,16,12,2,2,75.0
SN Khan,SC Kuggeleijn,30,52,2,2,173.33
SN Khan,SN Thakur,18,22,2,3,122.22
SN Khan,SP Narine,16,4,2,3,25.0
SN Khan,SR Watson,10,22,0,2,220.0
SN Khan,Sandeep Sharma,8,8,0,3,100.0
SN Khan,Shivang Kumar,16,26,0,2,162.5
SN Khan,T Natarajan,8,12,2,3,150.0
SN Khan,TA Boult,12,18,0,3,150.0
SN Khan,TG Southee,8,10,0,2,125.0
SN Khan,VG Arora,6,16,0,2,266.67
SN Khan,Vijaykumar Vyshak,8,24,2,2,300.0
SN Khan,YS Chahal,8,10,2,3,125.0
SN Khan,Yash Dayal,6,8,0,2,133.33
SN Thakur,Akash Deep,10,32,0,2,320.0
SN Thakur,Arshdeep Singh,14,12,2,4,85.71
SN Thakur,B Kumar,14,26,0,3,185.71
SN Thakur,D Jansen,6,12,0,2,200.0
SN Thakur,DJ Bravo,12,18,2,2,150.0
SN Thakur,DJ Willey,8,10,0,2,125.0
SN Thakur,DR Sams,6,14,0,2,233.33
SN Thakur,Gurjapneet Singh,6,4,0,2,66.67
SN Thakur,HH Pandya,6,22,0,2,366.67
SN Thakur,HR Shokeen,10,8,2,2,80.0
SN Thakur,HV Patel,22,38,2,4,172.73
SN Thakur,Imran Tahir,6,4,0,2,66.67
SN Thakur,JJ Bumrah,18,34,0,5,188.89
SN Thakur,KA Pollard,8,4,0,2,50.0
SN Thakur,KH Pandya,8,4,0,2,50.0
SN Thakur,KV Sharma,12,24,0,2,200.0
SN Thakur,M Pathirana,8,12,2,2,150.0
SN Thakur,M Theekshana,14,20,0,2,142.86
SN Thakur,MD Shanaka,10,10,0,2,100.0
SN Thakur,MG Bracewell,8,28,0,2,350.0
SN Thakur,MM Ali,6,4,0,2,66.67
SN Thakur,MM Sharma,6,4,0,2,66.67
SN Thakur,Mohammed Shami,8,0,2,2,0.0
SN Thakur,Mohammed Siraj,16,24,2,3,150.0
SN Thakur,N Burger,8,12,0,3,150.0
SN Thakur,NM Coulter-Nile,18,18,2,3,100.0
SN Thakur,Naveen-ul-Haq,6,4,0,2,66.67
SN Thakur,Noor Ahmad,10,4,0,2,40.0
SN Thakur,PJ Cummins,12,30,0,2,250.0
SN Thakur,RD Chahar,20,16,0,3,80.0
SN Thakur,Ramandeep Singh,6,4,2,2,66.67
SN Thakur,Rashid Khan,12,6,4,4,50.0
SN Thakur,S Kaul,12,30,2,3,250.0
SN Thakur,SL Malinga,6,4,2,3,66.67
SN Thakur,SM Curran,10,36,0,3,360.0
SN Thakur,SP Narine,10,8,0,3,80.0
SN Thakur,SS Iyer,10,2,0,2,20.0
SN Thakur,Sandeep Sharma,8,4,2,2,50.0
SN Thakur,T Natarajan,6,10,2,3,166.67
SN Thakur,TA Boult,8,24,0,3,300.0
SN Thakur,TG Southee,8,8,0,2,100.0
SN Thakur,UT Yadav,10,28,0,2,280.0
SN Thakur,YS Chahal,10,4,2,3,40.0
SO Hetmyer,A Badoni,8,8,0,2,100.0
SO Hetmyer,A Nortje,18,34,0,3,188.89
SO Hetmyer,A Zampa,14,36,0,2,257.14
SO Hetmyer,AD Russell,24,56,0,3,233.33
SO Hetmyer,AJ Tye,14,38,0,2,271.43
SO Hetmyer,AK Markram,10,4,0,2,40.0
SO Hetmyer,AS Joseph,20,60,0,3,300.0
SO Hetmyer,Abhishek Sharma,10,6,2,3,60.0
SO Hetmyer,Akash Singh,6,16,0,2,266.67
SO Hetmyer,Arshdeep Singh,66,108,2,8,163.64
SO Hetmyer,Avesh Khan,18,36,4,4,200.0
SO Hetmyer,Azmatullah Omarzai,12,16,2,2,133.33
SO Hetmyer,B Kumar,68,106,4,8,155.88
SO Hetmyer,Basil Thampi,14,12,0,2,85.71
SO Hetmyer,C Green,12,18,0,3,150.0
SO Hetmyer,C Sakariya,10,22,0,2,220.0
SO Hetmyer,CV Varun,44,38,4,7,86.36
SO Hetmyer,DJ Bravo,28,50,2,3,178.57
SO Hetmyer,DL Chahar,6,4,0,2,66.67
SO Hetmyer,DR Sams,10,6,0,3,60.0
SO Hetmyer,DT Christian,12,22,0,2,183.33
SO Hetmyer,E Malinga,6,2,0,2,33.33
SO Hetmyer,Fazalhaq Farooqi,12,20,0,2,166.67
SO Hetmyer,GJ Maxwell,10,8,2,3,80.0
SO Hetmyer,HH Pandya,32,42,2,5,131.25
SO Hetmyer,HV Patel,78,110,2,7,141.03
SO Hetmyer,Harshit Rana,10,4,4,3,40.0
SO Hetmyer,I Udana,8,20,0,2,250.0
SO Hetmyer,J Little,8,6,0,2,75.0
SO Hetmyer,J Yadav,18,34,0,3,188.89
SO Hetmyer,JC Archer,10,0,0,2,0.0
SO Hetmyer,JJ Bumrah,38,22,8,9,57.89
SO Hetmyer,JO Holder,36,94,0,4,261.11
SO Hetmyer,JR Hazlewood,24,30,2,6,125.0
SO Hetmyer,K Gowtham,38,30,0,3,78.95
SO Hetmyer,K Khejroliya,14,16,0,2,114.29
SO Hetmyer,K Rabada,24,36,2,3,150.0
SO Hetmyer,KA Jamieson,16,46,0,2,287.5
SO Hetmyer,KA Pollard,18,52,0,3,288.89
SO Hetmyer,KH Pandya,14,20,2,3,142.86
SO Hetmyer,KK Ahmed,32,68,0,4,212.5
SO Hetmyer,KV Sharma,12,38,0,2,316.67
SO Hetmyer,Kartik Tyagi,40,74,4,4,185.0
SO Hetmyer,LH Ferguson,28,52,0,5,185.71
SO Hetmyer,M Jansen,10,12,0,3,120.0
SO Hetmyer,M Pathirana,22,16,2,3,72.73
SO Hetmyer,M Prasidh Krishna,24,40,2,3,166.67
SO Hetmyer,M Theekshana,8,4,2,3,50.0
SO Hetmyer,MA Starc,20,34,0,2,170.0
SO Hetmyer,MG Bracewell,18,26,0,2,144.44
SO Hetmyer,MM Ali,48,54,0,7,112.5
SO Hetmyer,MM Sharma,18,22,0,4,122.22
SO Hetmyer,MP Yadav,18,34,0,2,188.89
SO Hetmyer,Mohammad Nabi,20,28,2,3,140.0
SO Hetmyer,Mohammed Shami,34,48,8,5,141.18
SO Hetmyer,Mohammed Siraj,64,96,4,8,150.0
SO Hetmyer,Mohsin Khan,8,4,2,2,50.0
SO Hetmyer,Mukesh Kumar,20,46,0,3,230.0
SO Hetmyer,Mustafizur Rahman,8,2,2,2,25.0
SO Hetmyer,NT Ellis,26,42,0,3,161.54
SO Hetmyer,Naveen-ul-Haq,6,4,0,3,66.67
SO Hetmyer,Noor Ahmad,28,32,0,5,114.29
SO Hetmyer,PH Solanki,6,8,2,2,133.33
SO Hetmyer,PJ Cummins,30,40,0,6,133.33
SO Hetmyer,PP Hinge,6,12,2,2,200.0
SO Hetmyer,PWH de Silva,30,28,2,4,93.33
SO Hetmyer,Prince Yadav,16,22,0,3,137.5
SO Hetmyer,R Ashwin,6,22,0,2,366.67
SO Hetmyer,R Powell,14,24,0,2,171.43
SO Hetmyer,R Sai Kishore,10,20,0,2,200.0
SO Hetmyer,R Tewatia,14,10,0,3,71.43
SO Hetmyer,RA Jadeja,8,8,0,3,100.0
SO Hetmyer,RD Chahar,38,42,0,5,110.53
SO Hetmyer,RP Meredith,20,40,0,4,200.0
SO Hetmyer,Rashid Khan,116,172,6,12,148.28
SO Hetmyer,Ravi Bishnoi,18,8,2,3,44.44
SO Hetmyer,S Gopal,8,0,2,2,0.0
SO Hetmyer,S Nadeem,8,14,0,2,175.0
SO Hetmyer,SL Malinga,6,6,0,2,100.0
SO Hetmyer,SM Curran,38,92,2,4,242.11
SO Hetmyer,SN Thakur,18,20,0,5,111.11
SO Hetmyer,SP Narine,36,50,0,6,138.89
SO Hetmyer,SS Cottrell,12,2,0,2,16.67
SO Hetmyer,Sandeep Sharma,16,20,0,3,125.0
SO Hetmyer,Shivam Mavi,22,26,0,3,118.18
SO Hetmyer,Suyash Sharma,6,4,0,3,66.67
SO Hetmyer,T Natarajan,60,94,4,7,156.67
SO Hetmyer,TA Boult,12,16,2,4,133.33
SO Hetmyer,TG Southee,10,34,0,2,340.0
SO Hetmyer,TS Mills,8,22,0,2,275.0
SO Hetmyer,TU Deshpande,22,42,0,3,190.91
SO Hetmyer,UT Yadav,6,16,0,2,266.67
SO Hetmyer,VG Arora,12,18,0,3,150.0
SO Hetmyer,Washington Sundar,8,8,0,3,100.0
SO Hetmyer,YS Chahal,10,6,0,3,60.0
SO Hetmyer,Yash Dayal,12,24,0,4,200.0
SP Fleming,A Kumble,20,18,2,2,90.0
SP Fleming,AB Agarkar,10,12,0,2,120.0
SP Fleming,AB Dinda,10,14,0,2,140.0
SP Fleming,B Akhil,6,4,0,2,66.67
SP Fleming,DJ Bravo,14,18,0,2,128.57
SP Fleming,DP Vijaykumar,30,34,2,3,113.33
SP Fleming,DS Kulkarni,16,22,2,2,137.5
SP Fleming,GD McGrath,20,10,0,3,50.0
SP Fleming,I Sharma,10,18,0,2,180.0
SP Fleming,JH Kallis,8,6,0,2,75.0
SP Fleming,Mohammad Asif,16,18,2,3,112.5
SP Fleming,P Kumar,22,30,0,2,136.36
SP Fleming,PJ Sangwan,16,30,0,2,187.5
SP Fleming,R Vinay Kumar,24,32,0,2,133.33
SP Fleming,RP Singh,14,20,0,3,142.86
SP Fleming,SB Styris,6,2,2,2,33.33
SP Fleming,SM Pollock,24,10,0,2,41.67
SP Fleming,Shoaib Akhtar,10,20,0,2,200.0
SP Fleming,Shoaib Malik,8,20,0,2,250.0
SP Fleming,Sohail Tanvir,6,0,2,3,0.0
SP Fleming,VY Mahesh,22,36,2,3,163.64
SP Fleming,YK Pathan,6,14,0,2,233.33
SP Goswami,A Nehra,12,12,0,2,100.0
SP Goswami,AB Agarkar,18,34,2,3,188.89
SP Goswami,AC Thomas,6,12,2,2,200.0
SP Goswami,AD Russell,14,28,0,2,200.0
SP Goswami,BJ Hodge,10,4,2,2,40.0
SP Goswami,CH Gayle,14,6,0,2,42.86
SP Goswami,CK Langeveldt,20,16,2,2,80.0
SP Goswami,CRD Fernando,8,4,2,2,50.0
SP Goswami,DL Chahar,10,10,0,3,100.0
SP Goswami,I Sharma,18,6,0,2,33.33
SP Goswami,IK Pathan,26,18,0,3,69.23
SP Goswami,Iqbal Abdulla,6,12,0,2,200.0
SP Goswami,JH Kallis,10,8,0,2,80.0
SP Goswami,JPR Scantlebury-Searles,8,8,0,2,100.0
SP Goswami,Kuldeep Yadav,8,12,2,2,150.0
SP Goswami,L Ngidi,18,24,2,3,133.33
SP Goswami,M Kartik,28,24,0,2,85.71
SP Goswami,M Morkel,24,30,0,3,125.0
SP Goswami,M Ntini,20,12,0,2,60.0
SP Goswami,MF Maharoof,18,4,2,2,22.22
SP Goswami,MM Patel,8,0,4,3,0.0
SP Goswami,MS Gony,18,8,2,2,44.44
SP Goswami,Mohammed Siraj,6,0,2,2,0.0
SP Goswami,PJ Sangwan,12,36,0,2,300.0
SP Goswami,PP Chawla,10,14,0,2,140.0
SP Goswami,R Bhatia,40,70,2,4,175.0
SP Goswami,S Nadeem,8,4,0,2,50.0
SP Goswami,SC Ganguly,6,12,0,2,200.0
SP Goswami,SM Pollock,28,24,0,2,85.71
SP Goswami,SP Narine,20,12,0,3,60.0
SP Goswami,Shakib Al Hasan,16,8,2,2,50.0
SP Goswami,TM Dilshan,6,4,0,2,66.67
SP Goswami,UT Yadav,16,14,0,3,87.5
SP Goswami,V Pratap Singh,6,6,2,2,100.0
SP Goswami,V Sehwag,16,16,0,2,100.0
SP Goswami,VS Malik,16,18,0,2,112.5
SP Goswami,VY Mahesh,30,30,0,2,100.0
SP Goswami,YK Pathan,14,18,0,3,128.57
SP Jackson,B Kumar,10,8,2,2,80.0
SP Jackson,CH Morris,8,22,0,2,275.0
SP Jackson,JD Unadkat,10,10,0,2,100.0
SP Jackson,M Ashwin,6,4,0,2,66.67
SP Jackson,M Prasidh Krishna,6,8,0,2,133.33
SP Jackson,Mohammed Siraj,8,6,0,2,75.0
SP Jackson,Rashid Khan,14,16,0,2,114.29
SP Jackson,Umran Malik,8,12,2,2,150.0
SP Narine,A Kamboj,32,50,0,4,156.25
SP Narine,A Nehra,8,10,0,2,125.0
SP Narine,A Nortje,24,26,4,5,108.33
SP Narine,AJ Tye,10,18,2,2,180.0
SP Narine,AR Patel,32,64,2,6,200.0
SP Narine,AS Joseph,12,28,0,2,233.33
SP Narine,AS Rajpoot,16,10,0,3,62.5
SP Narine,Akash Deep,22,44,0,3,200.0
SP Narine,Akash Singh,6,0,2,2,0.0
SP Narine,Arshdeep Singh,24,42,2,5,175.0
SP Narine,Ashok Sharma,6,0,0,2,0.0
SP Narine,Avesh Khan,32,48,0,5,150.0
SP Narine,B Kumar,56,62,4,11,110.71
SP Narine,B Laughlin,6,14,0,2,233.33
SP Narine,BA Stokes,8,10,2,3,125.0
SP Narine,BB Sran,18,48,0,2,266.67
SP Narine,Basil Thampi,10,28,0,2,280.0
SP Narine,C Sakariya,8,10,0,2,125.0
SP Narine,CH Morris,6,8,0,3,133.33
SP Narine,CJ Jordan,8,12,2,2,150.0
SP Narine,CR Woakes,14,40,0,2,285.71
SP Narine,CV Varun,10,48,0,2,480.0
SP Narine,DJ Bravo,14,30,0,3,214.29
SP Narine,DL Chahar,14,42,2,4,300.0
SP Narine,DS Kulkarni,48,62,0,4,129.17
SP Narine,DT Christian,8,38,0,2,475.0
SP Narine,DW Steyn,22,28,0,3,127.27
SP Narine,GJ Maxwell,18,48,0,4,266.67
SP Narine,HH Pandya,8,14,2,3,175.0
SP Narine,HV Patel,18,28,0,3,155.56
SP Narine,Harbhajan Singh,10,2,4,3,20.0
SP Narine,I Sharma,34,66,2,5,194.12
SP Narine,JC Archer,12,2,0,4,16.67
SP Narine,JD Unadkat,56,56,8,7,100.0
SP Narine,JJ Bumrah,20,6,4,6,30.0
SP Narine,JL Pattinson,14,16,2,2,114.29
SP Narine,JO Holder,8,16,2,3,200.0
SP Narine,JP Faulkner,10,32,0,2,320.0
SP Narine,JR Hazlewood,18,12,2,4,66.67
SP Narine,K Gowtham,34,98,2,5,288.24
SP Narine,K Rabada,42,94,4,6,223.81
SP Narine,KH Pandya,16,40,2,4,250.0
SP Narine,KK Ahmed,68,114,6,9,167.65
SP Narine,KK Cooper,6,4,2,3,66.67
SP Narine,KM Asif,20,20,0,2,100.0
SP Narine,KR Sen,18,42,0,2,233.33
SP Narine,KV Sharma,24,22,4,4,91.67
SP Narine,Kuldeep Yadav,6,8,4,3,133.33
SP Narine,L Ngidi,8,18,0,2,225.0
SP Narine,LB Williams,8,10,0,2,125.0
SP Narine,M Jansen,18,20,4,5,111.11
SP Narine,M Prasidh Krishna,6,2,0,2,33.33
SP Narine,M Theekshana,6,12,0,2,200.0
SP Narine,MA Starc,6,2,0,2,33.33
SP Narine,MG Johnson,24,14,4,5,58.33
SP Narine,MJ McClenaghan,6,8,4,3,133.33
SP Narine,MJ Santner,14,2,4,3,14.29
SP Narine,MM Sharma,18,24,2,4,133.33
SP Narine,MP Stoinis,26,60,0,3,230.77
SP Narine,MR Marsh,12,12,2,2,100.0
SP Narine,Mohammed Shami,22,6,4,6,27.27
SP Narine,Mohammed Siraj,60,66,6,9,110.0
SP Narine,Mohsin Khan,26,50,2,4,192.31
SP Narine,Mujeeb Ur Rahman,12,8,2,3,66.67
SP Narine,Mukesh Kumar,12,12,0,2,100.0
SP Narine,Mustafizur Rahman,8,2,0,2,25.0
SP Narine,NA Saini,24,30,4,3,125.0
SP Narine,Naveen-ul-Haq,6,20,0,2,333.33
SP Narine,P Kumar,16,26,0,3,162.5
SP Narine,PJ Cummins,42,94,4,5,223.81
SP Narine,PVD Chameera,10,38,0,2,380.0
SP Narine,Prince Yadav,8,4,0,2,50.0
SP Narine,R Ashwin,114,266,2,8,233.33
SP Narine,R Dhawan,6,4,0,2,66.67
SP Narine,RA Jadeja,18,30,6,4,166.67
SP Narine,RD Chahar,18,26,2,2,144.44
SP Narine,RP Singh,10,10,0,3,100.0
SP Narine,Rasikh Salam,36,86,2,4,238.89
SP Narine,Ravi Bishnoi,42,74,2,3,176.19
SP Narine,S Aravind,28,70,0,3,250.0
SP Narine,S Badree,32,96,0,3,300.0
SP Narine,S Gopal,28,26,2,4,92.86
SP Narine,S Joseph,6,12,0,2,200.0
SP Narine,S Kaul,8,6,2,3,75.0
SP Narine,S Midhun,10,24,0,2,240.0
SP Narine,SL Malinga,18,30,0,5,166.67
SP Narine,SM Curran,12,22,0,2,183.33
SP Narine,SN Thakur,34,68,0,5,200.0
SP Narine,Sandeep Sharma,46,88,2,5,191.3
SP Narine,Shakib Al Hasan,18,36,4,3,200.0
SP Narine,Sumit Kumar,8,6,0,2,75.0
SP Narine,Suyash Sharma,6,24,0,2,400.0
SP Narine,T Natarajan,20,22,2,3,110.0
SP Narine,TA Boult,34,38,8,5,111.76
SP Narine,TG Southee,30,24,2,4,80.0
SP Narine,TU Deshpande,36,64,0,3,177.78
SP Narine,UT Yadav,16,24,2,3,150.0
SP Narine,VR Aaron,8,32,2,2,400.0
SP Narine,Washington Sundar,20,42,0,4,210.0
SP Narine,YS Chahal,40,98,0,6,245.0
SP Narine,Yash Dayal,46,68,2,5,147.83
SP Narine,Yash Thakur,16,18,0,3,112.5
SP Narine,Yudhvir Singh,12,20,2,2,166.67
SP Narine,Z Khan,8,10,0,3,125.0
SPD Smith,A Ashish Reddy,24,44,0,3,183.33
SPD Smith,A Chandila,6,2,0,2,33.33
SPD Smith,A Mishra,82,78,2,7,95.12
SPD Smith,A Nehra,32,34,0,4,106.25
SPD Smith,AB Dinda,12,42,0,2,350.0
SPD Smith,AD Mathews,6,12,0,2,200.0
SPD Smith,AD Russell,18,34,2,3,188.89
SPD Smith,AR Patel,56,62,4,7,110.71
SPD Smith,AS Rajpoot,12,6,0,2,50.0
SPD Smith,Ankit Sharma,6,6,0,2,100.0
SPD Smith,Azhar Mahmood,8,8,0,2,100.0
SPD Smith,B Kumar,38,30,0,5,78.95
SPD Smith,Basil Thampi,14,12,0,2,85.71
SPD Smith,Bipul Sharma,52,96,0,5,184.62
SPD Smith,C de Grandhomme,8,14,0,2,175.0
SPD Smith,CH Morris,46,76,2,5,165.22
SPD Smith,CJ Anderson,18,12,0,2,66.67
SPD Smith,CJ Jordan,10,12,0,2,120.0
SPD Smith,CR Woakes,14,22,2,3,157.14
SPD Smith,CV Varun,20,28,0,2,140.0
SPD Smith,D Wiese,32,38,2,3,118.75
SPD Smith,DJ Bravo,84,128,4,8,152.38
SPD Smith,DJ Hooda,16,16,0,3,100.0
SPD Smith,DL Chahar,52,54,0,5,103.85
SPD Smith,DP Nannes,8,26,0,2,325.0
SPD Smith,DS Kulkarni,8,14,0,2,175.0
SPD Smith,DW Steyn,28,42,2,4,150.0
SPD Smith,GJ Maxwell,10,8,0,2,80.0
SPD Smith,HF Gurney,28,28,0,2,100.0
SPD Smith,HH Pandya,52,54,0,5,103.85
SPD Smith,HV Patel,44,42,0,7,95.45
SPD Smith,Harbhajan Singh,40,40,2,6,100.0
SPD Smith,Harpreet Brar,20,22,0,2,110.0
SPD Smith,I Sharma,34,42,2,4,123.53
SPD Smith,I Udana,20,30,2,3,150.0
SPD Smith,IK Pathan,12,16,0,3,133.33
SPD Smith,Imran Tahir,26,18,2,3,69.23
SPD Smith,Iqbal Abdulla,16,16,0,3,100.0
SPD Smith,J Botha,42,40,2,3,95.24
SPD Smith,J Suchith,32,46,0,4,143.75
SPD Smith,J Theron,8,16,2,2,200.0
SPD Smith,J Yadav,16,14,0,2,87.5
SPD Smith,JA Morkel,20,14,0,2,70.0
SPD Smith,JD Unadkat,22,30,0,2,136.36
SPD Smith,JDS Neesham,18,32,2,2,177.78
SPD Smith,JH Kallis,6,6,0,2,100.0
SPD Smith,JJ Bumrah,112,136,6,10,121.43
SPD Smith,JL Pattinson,6,0,2,2,0.0
SPD Smith,JP Faulkner,30,56,2,4,186.67
SPD Smith,JR Hazlewood,16,4,0,2,25.0
SPD Smith,K Rabada,12,24,0,3,200.0
SPD Smith,KA Jamieson,6,8,0,2,133.33
SPD Smith,KA Pollard,38,76,2,4,200.0
SPD Smith,KH Pandya,78,114,0,8,146.15
SPD Smith,KJ Abbott,12,30,0,2,250.0
SPD Smith,KK Ahmed,30,58,2,4,193.33
SPD Smith,KMDN Kulasekara,14,24,0,2,171.43
SPD Smith,KP Appanna,20,22,0,3,110.0
SPD Smith,KV Sharma,94,114,2,7,121.28
SPD Smith,Karanveer Singh,14,24,0,2,171.43
SPD Smith,Kuldeep Yadav,52,68,0,3,130.77
SPD Smith,L Balaji,20,42,0,2,210.0
SPD Smith,L Ngidi,18,30,0,2,166.67
SPD Smith,LH Ferguson,8,10,2,2,125.0
SPD Smith,M Ashwin,10,10,0,3,100.0
SPD Smith,M Kartik,14,22,0,2,157.14
SPD Smith,M Markande,16,26,0,2,162.5
SPD Smith,M Morkel,14,28,0,3,200.0
SPD Smith,M Muralitharan,6,4,0,2,66.67
SPD Smith,M Prasidh Krishna,20,34,0,2,170.0
SPD Smith,M de Lange,12,12,0,2,100.0
SPD Smith,MA Starc,14,14,2,4,100.0
SPD Smith,MC Henriques,46,58,0,5,126.09
SPD Smith,MG Johnson,28,24,4,5,85.71
SPD Smith,MJ McClenaghan,48,72,2,4,150.0
SPD Smith,MJ Santner,14,12,0,3,85.71
SPD Smith,MM Patel,16,26,2,2,162.5
SPD Smith,MM Sharma,62,54,4,8,87.1
SPD Smith,MP Stoinis,18,24,2,3,133.33
SPD Smith,MS Gony,12,20,0,3,166.67
SPD Smith,Mohammed Shami,42,82,0,5,195.24
SPD Smith,Mohammed Siraj,16,20,4,3,125.0
SPD Smith,Mustafizur Rahman,22,38,0,2,172.73
SPD Smith,NA Saini,16,18,0,3,112.5
SPD Smith,NLTC Perera,14,6,0,2,42.86
SPD Smith,NM Coulter-Nile,10,8,2,3,80.0
SPD Smith,P Awana,14,20,0,4,142.86
SPD Smith,P Kumar,52,98,0,5,188.46
SPD Smith,P Negi,32,28,0,4,87.5
SPD Smith,P Sahu,20,22,0,2,110.0
SPD Smith,P Suyal,22,38,0,2,172.73
SPD Smith,PJ Cummins,18,12,4,3,66.67
SPD Smith,PP Chawla,98,124,2,9,126.53
SPD Smith,PP Ojha,14,6,2,3,42.86
SPD Smith,R Ashwin,52,50,2,7,96.15
SPD Smith,R Rampaul,6,0,2,2,0.0
SPD Smith,R Sathish,8,6,0,2,75.0
SPD Smith,R Tewatia,12,10,0,2,83.33
SPD Smith,R Vinay Kumar,54,74,4,8,137.04
SPD Smith,RA Jadeja,144,136,10,14,94.44
SPD Smith,RD Chahar,26,22,0,4,84.62
SPD Smith,RP Meredith,12,2,4,3,16.67
SPD Smith,RS Bopara,16,18,2,3,112.5
SPD Smith,Rashid Khan,68,50,2,6,73.53
SPD Smith,Ravi Bishnoi,34,50,0,4,147.06
SPD Smith,S Aravind,22,18,2,3,81.82
SPD Smith,S Badree,30,56,0,3,186.67
SPD Smith,S Gopal,6,6,0,2,100.0
SPD Smith,S Kaul,24,22,2,5,91.67
SPD Smith,S Kaushik,22,46,0,2,209.09
SPD Smith,S Nadeem,42,108,2,5,257.14
SPD Smith,S Sandeep Warrier,8,4,0,2,50.0
SPD Smith,SB Jakati,12,24,0,3,200.0
SPD Smith,SE Rutherford,8,26,0,2,325.0
SPD Smith,SK Raina,16,22,0,3,137.5
SPD Smith,SK Trivedi,28,42,0,3,150.0
SPD Smith,SL Malinga,96,144,2,7,150.0
SPD Smith,SM Curran,32,36,4,4,112.5
SPD Smith,SN Thakur,22,32,0,3,145.45
SPD Smith,SP Narine,108,128,4,9,118.52
SPD Smith,SR Watson,18,20,0,3,111.11
SPD Smith,SS Cottrell,10,16,0,2,160.0
SPD Smith,STR Binny,16,26,2,3,162.5
SPD Smith,SW Tait,18,16,0,3,88.89
SPD Smith,Sandeep Sharma,44,56,0,6,127.27
SPD Smith,Shahbaz Ahmed,6,6,0,2,100.0
SPD Smith,Shakib Al Hasan,22,24,0,4,109.09
SPD Smith,Swapnil Singh,6,4,0,2,66.67
SPD Smith,T Natarajan,12,16,0,3,133.33
SPD Smith,TA Boult,26,32,0,4,123.08
SPD Smith,TG Southee,28,42,0,4,150.0
SPD Smith,UT Yadav,28,28,0,5,100.0
SPD Smith,V Kohli,8,6,0,2,75.0
SPD Smith,V Pratap Singh,6,4,0,2,66.67
SPD Smith,V Shankar,22,32,0,3,145.45
SPD Smith,VR Aaron,12,28,0,2,233.33
SPD Smith,VR Iyer,6,4,0,2,66.67
SPD Smith,VY Mahesh,8,20,0,2,250.0
SPD Smith,Washington Sundar,10,14,0,3,140.0
SPD Smith,YS Chahal,78,84,0,8,107.69
SPD Smith,Yuvraj Singh,6,16,0,2,266.67
SPD Smith,Z Khan,34,32,0,4,94.12
SR Tendulkar,A Chandila,16,8,2,3,50.0
SR Tendulkar,A Flintoff,20,24,0,2,120.0
SR Tendulkar,A Kumble,30,42,0,3,140.0
SR Tendulkar,A Mishra,90,110,4,7,122.22
SR Tendulkar,A Mithun,24,28,0,3,116.67
SR Tendulkar,A Nehra,26,30,2,5,115.38
SR Tendulkar,A Singh,10,10,2,3,100.0
SR Tendulkar,A Symonds,34,40,0,3,117.65
SR Tendulkar,A Uniyal,10,12,0,2,120.0
SR Tendulkar,AA Chavan,24,16,0,2,66.67
SR Tendulkar,AB Agarkar,34,68,2,4,200.0
SR Tendulkar,AB Dinda,86,118,0,7,137.21
SR Tendulkar,AB McDonald,12,8,0,2,66.67
SR Tendulkar,AC Thomas,22,10,0,3,45.45
SR Tendulkar,AD Mathews,30,32,0,3,106.67
SR Tendulkar,AD Russell,6,12,0,2,200.0
SR Tendulkar,AJ Finch,30,28,2,3,93.33
SR Tendulkar,AL Menaria,8,10,2,2,125.0
SR Tendulkar,AM Salvi,16,18,0,2,112.5
SR Tendulkar,AP Dole,12,10,0,2,83.33
SR Tendulkar,AUK Pathan,16,18,0,2,112.5
SR Tendulkar,Anand Rajan,16,16,2,2,100.0
SR Tendulkar,Azhar Mahmood,34,52,2,4,152.94
SR Tendulkar,B Akhil,16,14,0,2,87.5
SR Tendulkar,B Geeves,8,12,0,2,150.0
SR Tendulkar,B Kumar,18,8,0,3,44.44
SR Tendulkar,B Lee,32,48,0,6,150.0
SR Tendulkar,BA Bhatt,50,62,0,5,124.0
SR Tendulkar,BAW Mendis,16,34,2,3,212.5
SR Tendulkar,BJ Hodge,12,16,0,2,133.33
SR Tendulkar,Bipul Sharma,22,24,0,2,109.09
SR Tendulkar,CH Gayle,28,36,0,4,128.57
SR Tendulkar,CH Morris,10,4,0,2,40.0
SR Tendulkar,D du Preez,6,0,2,2,0.0
SR Tendulkar,DE Bollinger,50,34,2,5,68.0
SR Tendulkar,DJ Bravo,10,14,0,2,140.0
SR Tendulkar,DL Vettori,32,36,0,3,112.5
SR Tendulkar,DNT Zoysa,6,6,0,2,100.0
SR Tendulkar,DP Nannes,32,32,2,5,100.0
SR Tendulkar,DR Smith,8,10,0,2,125.0
SR Tendulkar,DT Christian,40,40,0,5,100.0
SR Tendulkar,DW Steyn,74,100,2,9,135.14
SR Tendulkar,GB Hogg,28,38,0,2,135.71
SR Tendulkar,GD McGrath,10,18,0,2,180.0
SR Tendulkar,HV Patel,14,16,2,2,114.29
SR Tendulkar,Harmeet Singh,8,30,0,2,375.0
SR Tendulkar,I Sharma,126,166,2,8,131.75
SR Tendulkar,IK Pathan,104,96,2,9,92.31
SR Tendulkar,Iqbal Abdulla,44,60,0,6,136.36
SR Tendulkar,J Botha,14,8,0,3,57.14
SR Tendulkar,J Syed Mohammad,14,18,2,3,128.57
SR Tendulkar,JA Morkel,94,146,0,6,155.32
SR Tendulkar,JD Ryder,16,22,0,2,137.5
SR Tendulkar,JD Unadkat,10,10,0,2,100.0
SR Tendulkar,JDP Oram,24,40,0,2,166.67
SR Tendulkar,JH Kallis,56,78,4,7,139.29
SR Tendulkar,JP Duminy,6,2,0,2,33.33
SR Tendulkar,JR Hopes,10,12,0,2,120.0
SR Tendulkar,Jaskaran Singh,34,48,0,3,141.18
SR Tendulkar,Joginder Sharma,30,20,2,4,66.67
SR Tendulkar,K Goel,14,26,0,2,185.71
SR Tendulkar,KAJ Roach,6,4,0,2,66.67
SR Tendulkar,KV Sharma,14,34,0,2,242.86
SR Tendulkar,L Balaji,50,36,2,7,72.0
SR Tendulkar,LR Shukla,30,28,2,3,93.33
SR Tendulkar,M Kartik,66,70,0,6,106.06
SR Tendulkar,M Morkel,30,16,2,3,53.33
SR Tendulkar,M Muralitharan,52,72,0,5,138.46
SR Tendulkar,MF Maharoof,30,52,0,3,173.33
SR Tendulkar,MJ Clarke,8,6,0,2,75.0
SR Tendulkar,MM Sharma,20,22,0,2,110.0
SR Tendulkar,MS Gony,30,34,0,3,113.33
SR Tendulkar,NLTC Perera,56,86,0,4,153.57
SR Tendulkar,P Awana,14,16,0,3,114.29
SR Tendulkar,P Kumar,112,76,4,10,67.86
SR Tendulkar,PJ Sangwan,44,42,2,5,95.45
SR Tendulkar,PP Chawla,106,122,4,8,115.09
SR Tendulkar,PP Ojha,52,54,2,6,103.85
SR Tendulkar,Pankaj Singh,14,22,0,2,157.14
SR Tendulkar,R Ashwin,62,78,2,5,125.81
SR Tendulkar,R Bhatia,52,54,6,5,103.85
SR Tendulkar,R McLaren,14,42,0,2,300.0
SR Tendulkar,R Rampaul,18,44,0,2,244.44
SR Tendulkar,R Sharma,30,38,4,5,126.67
SR Tendulkar,R Vinay Kumar,116,162,4,8,139.66
SR Tendulkar,RA Jadeja,50,74,2,6,148.0
SR Tendulkar,RE van der Merwe,34,34,0,3,100.0
SR Tendulkar,RG Sharma,10,14,0,3,140.0
SR Tendulkar,RJ Harris,42,52,2,4,123.81
SR Tendulkar,RP Singh,86,96,6,7,111.63
SR Tendulkar,RR Powar,8,12,0,3,150.0
SR Tendulkar,RV Gomez,16,18,0,2,112.5
SR Tendulkar,S Aravind,26,48,0,2,184.62
SR Tendulkar,S Ladda,14,28,0,2,200.0
SR Tendulkar,S Nadeem,34,36,0,3,105.88
SR Tendulkar,S Sreesanth,6,2,0,2,33.33
SR Tendulkar,S Tyagi,14,20,0,2,142.86
SR Tendulkar,SB Jakati,96,120,2,7,125.0
SR Tendulkar,SB Wagh,34,44,0,3,129.41
SR Tendulkar,SE Bond,6,8,0,2,133.33
SR Tendulkar,SJ Srivastava,20,16,0,2,80.0
SR Tendulkar,SK Raina,24,24,2,3,100.0
SR Tendulkar,SK Trivedi,92,114,2,6,123.91
SR Tendulkar,SK Warne,72,88,2,5,122.22
SR Tendulkar,SP Narine,18,10,4,3,55.56
SR Tendulkar,SR Watson,56,58,0,6,103.57
SR Tendulkar,STR Binny,6,12,0,2,200.0
SR Tendulkar,SW Tait,28,40,0,3,142.86
SR Tendulkar,Shahid Afridi,6,2,2,2,33.33
SR Tendulkar,Shakib Al Hasan,24,28,2,5,116.67
SR Tendulkar,Shoaib Akhtar,6,0,2,2,0.0
SR Tendulkar,Sohail Tanvir,8,14,0,2,175.0
SR Tendulkar,T Thushara,30,26,2,3,86.67
SR Tendulkar,TM Dilshan,8,18,0,2,225.0
SR Tendulkar,UT Yadav,26,22,2,3,84.62
SR Tendulkar,V Kohli,14,22,0,2,157.14
SR Tendulkar,V Pratap Singh,16,12,2,2,75.0
SR Tendulkar,VRV Singh,22,46,0,2,209.09
SR Tendulkar,VS Malik,8,2,2,3,25.0
SR Tendulkar,WD Parnell,8,8,0,3,100.0
SR Tendulkar,YK Pathan,68,98,0,6,144.12
SR Tendulkar,Yuvraj Singh,34,38,2,7,111.76
SR Tendulkar,Z Khan,26,6,2,5,23.08
SR Watson,A Kumble,66,90,0,4,136.36
SR Watson,A Mishra,136,158,12,13,116.18
SR Watson,A Nehra,76,96,4,7,126.32
SR Watson,A Nortje,16,4,2,3,25.0
SR Watson,A Symonds,10,18,0,2,180.0
SR Watson,AB Agarkar,16,24,0,2,150.0
SR Watson,AB Dinda,14,16,0,3,114.29
SR Watson,AC Thomas,6,2,2,2,33.33
SR Watson,AD Mathews,40,50,2,5,125.0
SR Watson,AD Russell,48,66,0,6,137.5
SR Watson,AG Murtaza,20,10,0,2,50.0
SR Watson,AJ Tye,6,22,0,2,366.67
SR Watson,AM Nayar,8,4,0,2,50.0
SR Watson,AR Patel,102,106,12,10,103.92
SR Watson,Abdur Razzak,10,6,0,2,60.0
SR Watson,Anureet Singh,16,26,0,2,162.5
SR Watson,Avesh Khan,20,38,0,4,190.0
SR Watson,Azhar Mahmood,22,50,0,2,227.27
SR Watson,B Geeves,8,26,0,2,325.0
SR Watson,B Kumar,176,156,8,15,88.64
SR Watson,B Laughlin,18,32,2,2,177.78
SR Watson,B Lee,36,18,2,4,50.0
SR Watson,B Stanlake,10,0,0,2,0.0
SR Watson,BA Bhatt,6,8,0,2,133.33
SR Watson,BA Stokes,36,44,4,5,122.22
SR Watson,BB Sran,8,8,0,3,100.0
SR Watson,BCJ Cutting,10,14,0,3,140.0
SR Watson,BW Hilfenhaus,12,2,2,2,16.67
SR Watson,Bipul Sharma,14,22,0,3,157.14
SR Watson,CH Gayle,10,6,0,2,60.0
SR Watson,CH Morris,56,98,0,5,175.0
SR Watson,CJ Anderson,8,4,0,3,50.0
SR Watson,CJ Jordan,12,24,0,2,200.0
SR Watson,CK Langeveldt,10,12,0,2,120.0
SR Watson,CR Brathwaite,44,74,0,4,168.18
SR Watson,CRD Fernando,10,2,0,2,20.0
SR Watson,CV Varun,20,18,2,3,90.0
SR Watson,DE Bollinger,22,18,2,4,81.82
SR Watson,DJ Bravo,56,98,6,6,175.0
SR Watson,DJG Sammy,12,16,0,2,133.33
SR Watson,DR Smith,26,34,0,4,130.77
SR Watson,DS Kulkarni,84,96,4,9,114.29
SR Watson,DW Steyn,42,28,2,5,66.67
SR Watson,GD McGrath,16,20,0,3,125.0
SR Watson,GJ Maxwell,6,6,0,2,100.0
SR Watson,HF Gurney,8,2,2,2,25.0
SR Watson,HH Pandya,18,18,2,4,100.0
SR Watson,HV Patel,12,4,0,3,33.33
SR Watson,Harbhajan Singh,68,82,4,9,120.59
SR Watson,Harmeet Singh,10,22,0,2,220.0
SR Watson,Harpreet Brar,30,54,0,3,180.0
SR Watson,I Sharma,68,108,4,8,158.82
SR Watson,I Udana,8,10,0,2,125.0
SR Watson,IC Pandey,30,36,0,3,120.0
SR Watson,IK Pathan,24,28,0,3,116.67
SR Watson,IS Sodhi,10,20,0,2,200.0
SR Watson,Imran Tahir,12,6,0,2,50.0
SR Watson,Iqbal Abdulla,36,30,0,4,83.33
SR Watson,J Suchith,32,22,4,3,68.75
SR Watson,J Yadav,6,2,0,2,33.33
SR Watson,JA Morkel,58,82,0,6,141.38
SR Watson,JC Archer,24,26,2,3,108.33
SR Watson,JD Ryder,10,28,0,2,280.0
SR Watson,JD Unadkat,76,114,0,8,150.0
SR Watson,JEC Franklin,6,8,0,2,133.33
SR Watson,JH Kallis,36,40,2,6,111.11
SR Watson,JJ Bumrah,68,50,4,9,73.53
SR Watson,JO Holder,34,42,0,3,123.53
SR Watson,JP Behrendorff,6,2,0,2,33.33
SR Watson,JR Hopes,28,40,0,2,142.86
SR Watson,K Gowtham,38,74,0,3,194.74
SR Watson,K Rabada,36,34,0,3,94.44
SR Watson,KA Pollard,30,48,4,6,160.0
SR Watson,KH Pandya,62,62,4,7,100.0
SR Watson,KK Ahmed,32,44,0,5,137.5
SR Watson,KL Nagarkoti,26,38,0,3,146.15
SR Watson,KMA Paul,18,58,0,2,322.22
SR Watson,KV Sharma,48,100,2,6,208.33
SR Watson,Kartik Tyagi,6,16,2,2,266.67
SR Watson,Kuldeep Yadav,8,24,0,2,300.0
SR Watson,L Balaji,28,54,2,5,192.86
SR Watson,LE Plunkett,16,54,0,2,337.5
SR Watson,M Kartik,102,188,0,7,184.31
SR Watson,M Morkel,36,50,0,4,138.89
SR Watson,M Muralitharan,48,108,2,5,225.0
SR Watson,M Prasidh Krishna,8,12,0,3,150.0
SR Watson,MA Starc,30,52,0,4,173.33
SR Watson,MC Henriques,24,26,2,6,108.33
SR Watson,MF Maharoof,28,38,0,4,135.71
SR Watson,MG Johnson,48,52,2,5,108.33
SR Watson,MJ Clarke,14,18,0,2,128.57
SR Watson,MJ McClenaghan,52,60,0,5,115.38
SR Watson,MM Patel,36,28,0,3,77.78
SR Watson,MM Sharma,96,120,4,9,125.0
SR Watson,MS Gony,22,32,0,4,145.45
SR Watson,Mohammad Asif,8,12,0,2,150.0
SR Watson,Mohammed Shami,52,36,2,6,69.23
SR Watson,Mustafizur Rahman,16,14,4,4,87.5
SR Watson,NA Saini,10,0,0,3,0.0
SR Watson,NLTC Perera,70,120,2,7,171.43
SR Watson,NM Coulter-Nile,12,12,0,2,100.0
SR Watson,P Awana,36,76,2,5,211.11
SR Watson,P Kumar,84,134,4,10,159.52
SR Watson,P Negi,42,48,6,6,114.29
SR Watson,P Parameswaran,6,4,2,2,66.67
SR Watson,P Prasanth,12,36,0,2,300.0
SR Watson,PJ Cummins,54,44,0,5,81.48
SR Watson,PJ Sangwan,18,26,0,2,144.44
SR Watson,PP Chawla,100,174,6,10,174.0
SR Watson,PP Ojha,48,64,4,8,133.33
SR Watson,Pankaj Singh,14,2,0,2,14.29
SR Watson,R Ashwin,94,152,4,10,161.7
SR Watson,R Bhatia,16,34,0,3,212.5
SR Watson,R Dhawan,10,14,2,3,140.0
SR Watson,R Rampaul,24,20,2,4,83.33
SR Watson,R Sharma,20,36,0,3,180.0
SR Watson,R Tewatia,16,34,2,3,212.5
SR Watson,R Vinay Kumar,64,128,0,9,200.0
SR Watson,RA Jadeja,110,148,10,9,134.55
SR Watson,RD Chahar,20,16,0,3,80.0
SR Watson,RJ Harris,52,90,0,5,173.08
SR Watson,RP Singh,72,64,6,8,88.89
SR Watson,RR Powar,6,2,0,2,33.33
SR Watson,RR Raje,14,18,2,2,128.57
SR Watson,Rashid Khan,94,164,0,7,174.47
SR Watson,Ravi Bishnoi,28,44,0,2,157.14
SR Watson,S Aravind,26,44,4,3,169.23
SR Watson,S Badree,12,6,0,2,50.0
SR Watson,S Gopal,20,26,0,3,130.0
SR Watson,S Kaul,28,68,0,4,242.86
SR Watson,S Lamichhane,12,4,0,2,33.33
SR Watson,S Nadeem,76,76,4,6,100.0
SR Watson,S Narwal,12,20,0,2,166.67
SR Watson,S Sreesanth,20,34,0,3,170.0
SR Watson,S Tyagi,10,14,0,2,140.0
SR Watson,S Vidyut,10,22,0,2,220.0
SR Watson,SB Jakati,22,26,2,3,118.18
SR Watson,SB Joshi,20,26,0,2,130.0
SR Watson,SC Ganguly,8,12,2,2,150.0
SR Watson,SE Bond,14,20,0,2,142.86
SR Watson,SL Malinga,132,250,6,10,189.39
SR Watson,SM Curran,24,16,2,3,66.67
SR Watson,SM Pollock,6,8,0,2,133.33
SR Watson,SMSM Senanayake,18,18,0,2,100.0
SR Watson,SN Thakur,10,6,0,2,60.0
SR Watson,SP Narine,72,78,10,9,108.33
SR Watson,SS Cottrell,24,44,0,2,183.33
SR Watson,ST Jayasuriya,10,22,0,3,220.0
SR Watson,STR Binny,20,44,0,2,220.0
SR Watson,Sandeep Sharma,112,204,0,7,182.14
SR Watson,Shahid Afridi,6,4,2,2,66.67
SR Watson,Shakib Al Hasan,122,192,2,10,157.38
SR Watson,Shivam Mavi,34,44,0,3,129.41
SR Watson,Shivam Sharma,8,36,0,2,450.0
SR Watson,T Natarajan,16,18,2,2,112.5
SR Watson,TA Boult,66,50,2,6,75.76
SR Watson,TG Southee,20,34,0,4,170.0
SR Watson,TK Curran,16,54,2,3,337.5
SR Watson,TU Deshpande,8,18,0,2,225.0
SR Watson,UT Yadav,50,86,2,5,172.0
SR Watson,Umar Gul,8,2,2,3,25.0
SR Watson,V Sehwag,8,18,0,2,225.0
SR Watson,V Shankar,16,56,0,3,350.0
SR Watson,VRV Singh,12,8,0,2,66.67
SR Watson,VY Mahesh,40,98,0,3,245.0
SR Watson,WA Mota,10,22,0,2,220.0
SR Watson,WD Parnell,18,26,2,4,144.44
SR Watson,Washington Sundar,12,10,2,2,83.33
SR Watson,YS Chahal,68,48,6,6,70.59
SR Watson,Yuvraj Singh,14,16,2,4,114.29
SR Watson,Z Khan,80,84,0,8,105.0
SS Iyer,A Ashish Reddy,8,18,0,2,225.0
SS Iyer,A Dananjaya,8,14,0,2,175.0
SS Iyer,A Kamboj,24,22,4,3,91.67
SS Iyer,A Nehra,10,10,2,2,100.0
SS Iyer,AB Dinda,20,22,2,3,110.0
SS Iyer,AD Russell,120,148,10,11,123.33
SS Iyer,AJ Tye,22,32,0,4,145.45
SS Iyer,AM Ghazanfar,20,32,0,2,160.0
SS Iyer,AR Patel,118,164,2,8,138.98
SS Iyer,AS Joseph,10,10,0,2,100.0
SS Iyer,AS Rajpoot,12,16,0,2,133.33
SS Iyer,Abhishek Sharma,14,14,0,4,100.0
SS Iyer,Akash Deep,6,12,0,2,200.0
SS Iyer,Akash Madhwal,10,18,0,2,180.0
SS Iyer,Akash Singh,12,26,0,2,216.67
SS Iyer,Anureet Singh,20,24,0,2,120.0
SS Iyer,Arjun Tendulkar,26,40,0,2,153.85
SS Iyer,Arshad Khan (2),12,18,0,2,150.0
SS Iyer,Arshdeep Singh,20,30,2,4,150.0
SS Iyer,Ashok Sharma,12,26,0,2,216.67
SS Iyer,Ashwani Kumar,28,74,0,2,264.29
SS Iyer,Auqib Nabi,10,18,0,2,180.0
SS Iyer,Avesh Khan,38,42,0,5,110.53
SS Iyer,B Kumar,102,92,6,13,90.2
SS Iyer,BA Stokes,28,40,0,3,142.86
SS Iyer,BB Sran,14,12,0,2,85.71
SS Iyer,Basil Thampi,38,52,2,4,136.84
SS Iyer,Brijesh Sharma,12,14,0,2,116.67
SS Iyer,C Green,20,24,2,3,120.0
SS Iyer,C Sakariya,16,14,0,4,87.5
SS Iyer,C de Grandhomme,26,68,0,4,261.54
SS Iyer,CH Morris,14,14,2,2,100.0
SS Iyer,CJ Jordan,12,10,0,2,83.33
SS Iyer,CR Woakes,22,24,0,4,109.09
SS Iyer,CV Varun,50,80,2,6,160.0
SS Iyer,D Wiese,6,4,0,2,66.67
SS Iyer,DJ Bravo,38,40,2,6,105.26
SS Iyer,DJ Hooda,20,18,0,4,90.0
SS Iyer,DL Chahar,92,122,0,9,132.61
SS Iyer,DR Smith,6,10,0,2,166.67
SS Iyer,DS Kulkarni,44,62,0,4,140.91
SS Iyer,DS Rathi,42,78,2,4,185.71
SS Iyer,DT Christian,6,12,0,2,200.0
SS Iyer,DW Steyn,16,18,0,2,112.5
SS Iyer,E Malinga,34,86,2,4,252.94
SS Iyer,Fazalhaq Farooqi,8,6,0,2,75.0
SS Iyer,GB Hogg,14,14,2,2,100.0
SS Iyer,GC Viljoen,32,36,2,3,112.5
SS Iyer,GHS Garton,10,8,0,2,80.0
SS Iyer,HH Pandya,40,40,2,5,100.0
SS Iyer,HV Patel,38,68,6,6,178.95
SS Iyer,Harbhajan Singh,64,82,2,7,128.12
SS Iyer,Harpreet Brar,14,28,0,2,200.0
SS Iyer,Harsh Dubey,12,16,0,2,133.33
SS Iyer,IC Pandey,14,32,0,2,228.57
SS Iyer,IS Sodhi,10,26,0,2,260.0
SS Iyer,Imran Tahir,20,26,4,4,130.0
SS Iyer,J Yadav,46,48,0,4,104.35
SS Iyer,JC Archer,38,46,2,6,121.05
SS Iyer,JD Unadkat,32,54,4,5,168.75
SS Iyer,JDS Neesham,8,16,0,2,200.0
SS Iyer,JJ Bumrah,134,194,2,13,144.78
SS Iyer,JL Pattinson,16,40,0,2,250.0
SS Iyer,JO Holder,54,86,4,5,159.26
SS Iyer,JP Faulkner,38,74,0,4,194.74
SS Iyer,JR Hazlewood,44,22,8,7,50.0
SS Iyer,K Gowtham,48,100,0,4,208.33
SS Iyer,K Rabada,44,78,0,5,177.27
SS Iyer,KA Pollard,22,30,0,5,136.36
SS Iyer,KC Cariappa,8,10,0,2,125.0
SS Iyer,KH Pandya,98,84,2,11,85.71
SS Iyer,KK Ahmed,50,66,6,9,132.0
SS Iyer,KL Nagarkoti,32,46,0,3,143.75
SS Iyer,KM Asif,6,4,0,2,66.67
SS Iyer,KR Sen,24,30,0,3,125.0
SS Iyer,KT Maphaka,8,10,0,2,125.0
SS Iyer,KV Sharma,52,82,0,4,157.69
SS Iyer,Kartik Tyagi,44,34,2,4,77.27
SS Iyer,Kuldeep Yadav,130,232,6,10,178.46
SS Iyer,L Ngidi,36,34,2,4,94.44
SS Iyer,LH Ferguson,64,88,0,7,137.5
SS Iyer,Lalit Yadav,8,8,0,3,100.0
SS Iyer,M Ashwin,30,18,4,4,60.0
SS Iyer,M Jansen,22,26,0,2,118.18
SS Iyer,M Markande,8,6,2,2,75.0
SS Iyer,M Morkel,16,22,0,2,137.5
SS Iyer,M Pathirana,20,46,2,2,230.0
SS Iyer,M Prasidh Krishna,62,120,4,7,193.55
SS Iyer,M Siddharth,22,34,0,3,154.55
SS Iyer,M Theekshana,10,10,0,2,100.0
SS Iyer,M Tiwari,26,52,0,2,200.0
SS Iyer,MA Starc,20,24,2,4,120.0
SS Iyer,MC Henriques,16,28,0,3,175.0
SS Iyer,MG Johnson,24,22,0,4,91.67
SS Iyer,MJ Henry,12,30,0,2,250.0
SS Iyer,MJ McClenaghan,86,122,4,7,141.86
SS Iyer,MJ Santner,30,40,0,4,133.33
SS Iyer,MM Ali,44,38,2,4,86.36
SS Iyer,MM Sharma,34,42,2,5,123.53
SS Iyer,MP Stoinis,20,16,2,3,80.0
SS Iyer,MP Yadav,8,12,0,2,150.0
SS Iyer,MR Marsh,6,14,0,2,233.33
SS Iyer,Mayank Dagar,8,18,0,2,225.0
SS Iyer,Mohammad Nabi,14,12,0,2,85.71
SS Iyer,Mohammed Shami,72,98,2,7,136.11
SS Iyer,Mohammed Siraj,92,120,4,12,130.43
SS Iyer,Mohsin Khan,64,50,2,6,78.12
SS Iyer,Mujeeb Ur Rahman,42,50,2,4,119.05
SS Iyer,Mukesh Choudhary,6,2,0,2,33.33
SS Iyer,Mukesh Kumar,28,42,0,4,150.0
SS Iyer,Mustafizur Rahman,42,36,2,8,85.71
SS Iyer,N Thushara,8,12,2,2,150.0
SS Iyer,NA Saini,36,40,2,3,111.11
SS Iyer,NLTC Perera,12,20,0,2,166.67
SS Iyer,NM Coulter-Nile,50,62,2,5,124.0
SS Iyer,Naveen-ul-Haq,6,10,0,2,166.67
SS Iyer,Nithish Kumar Reddy,28,54,0,4,192.86
SS Iyer,Noor Ahmad,34,36,0,3,105.88
SS Iyer,OC McCoy,22,36,0,2,163.64
SS Iyer,P Kumar,24,32,2,2,133.33
SS Iyer,P Negi,38,54,0,3,142.11
SS Iyer,PJ Cummins,44,84,0,5,190.91
SS Iyer,PJ Sangwan,18,40,0,3,222.22
SS Iyer,PP Chawla,60,84,2,7,140.0
SS Iyer,PV Tambe,20,28,0,2,140.0
SS Iyer,PVD Chameera,8,10,2,2,125.0
SS Iyer,PWH de Silva,14,6,2,3,42.86
SS Iyer,Prince Yadav,26,52,0,4,200.0
SS Iyer,R Ashwin,126,160,0,7,126.98
SS Iyer,R Parag,20,20,4,4,100.0
SS Iyer,R Powell,6,14,0,2,233.33
SS Iyer,R Ravindra,8,4,0,2,50.0
SS Iyer,R Sai Kishore,18,34,0,2,188.89
SS Iyer,R Shepherd,6,0,4,3,0.0
SS Iyer,R Tewatia,34,42,2,3,123.53
SS Iyer,R Vinay Kumar,12,8,0,2,66.67
SS Iyer,RA Jadeja,172,168,2,14,97.67
SS Iyer,RD Chahar,50,60,6,6,120.0
SS Iyer,RJW Topley,10,36,0,2,360.0
SS Iyer,RP Meredith,10,10,0,2,100.0
SS Iyer,RS Bopara,12,8,0,2,66.67
SS Iyer,Rashid Khan,180,210,4,13,116.67
SS Iyer,Rasikh Salam,26,30,2,5,115.38
SS Iyer,Ravi Bishnoi,44,54,0,5,122.73
SS Iyer,S Aravind,8,0,2,2,0.0
SS Iyer,S Dube,6,6,0,2,100.0
SS Iyer,S Gopal,38,48,2,5,126.32
SS Iyer,S Joseph,22,32,0,2,145.45
SS Iyer,S Kaul,58,50,2,5,86.21
SS Iyer,S Nadeem,10,16,0,2,160.0
SS Iyer,SK Raina,8,12,0,2,150.0
SS Iyer,SL Malinga,28,20,4,3,71.43
SS Iyer,SM Curran,74,144,2,7,194.59
SS Iyer,SN Thakur,98,176,6,11,179.59
SS Iyer,SP Narine,76,92,2,10,121.05
SS Iyer,SR Watson,24,14,2,4,58.33
SS Iyer,Sandeep Sharma,112,94,6,10,83.93
SS Iyer,Shahbaz Ahmed,12,16,2,3,133.33
SS Iyer,Shakib Al Hasan,30,38,0,4,126.67
SS Iyer,Shivam Mavi,52,144,0,4,276.92
SS Iyer,Shivang Kumar,10,8,0,2,80.0
SS Iyer,Suyash Sharma,6,4,0,2,66.67
SS Iyer,T Natarajan,60,88,2,8,146.67
SS Iyer,T Shamsi,28,44,0,2,157.14
SS Iyer,TA Boult,100,136,2,9,136.0
SS Iyer,TG Southee,44,36,0,6,81.82
SS Iyer,TM Head,26,76,0,3,292.31
SS Iyer,TS Mills,10,20,0,2,200.0
SS Iyer,TU Deshpande,12,22,0,3,183.33
SS Iyer,UT Yadav,70,106,0,8,151.43
SS Iyer,Umran Malik,30,32,4,3,106.67
SS Iyer,V Nigam,34,56,0,3,164.71
SS Iyer,V Shankar,22,26,2,3,118.18
SS Iyer,V Viyaskanth,14,14,0,2,100.0
SS Iyer,VR Aaron,22,42,0,3,190.91
SS Iyer,Vijaykumar Vyshak,26,30,0,2,115.38
SS Iyer,WG Jacks,8,14,0,2,175.0
SS Iyer,Washington Sundar,48,70,4,5,145.83
SS Iyer,YS Chahal,138,188,4,12,136.23
SS Iyer,Yash Dayal,22,34,2,5,154.55
SS Iyer,Yash Raj Punja,16,22,0,2,137.5
SS Iyer,Yash Thakur,22,30,2,3,136.36
SS Iyer,Yudhvir Singh,10,8,0,2,80.0
SS Iyer,Yuvraj Singh,10,28,0,3,280.0
SS Iyer,Zeeshan Ansari,26,62,0,2,238.46
SS Mishra,Sakib Hussain,6,2,0,2,33.33
SS Prabhudessai,AD Russell,20,30,0,3,150.0
SS Prabhudessai,AR Patel,6,10,2,2,166.67
SS Prabhudessai,B Kumar,8,2,0,2,25.0
SS Prabhudessai,CJ Jordan,8,20,0,2,250.0
SS Prabhudessai,CV Varun,22,28,0,2,127.27
SS Prabhudessai,J Suchith,14,12,2,2,85.71
SS Prabhudessai,KH Pandya,12,14,0,3,116.67
SS Prabhudessai,M Jansen,12,10,0,2,83.33
SS Prabhudessai,M Pathirana,12,20,2,2,166.67
SS Prabhudessai,MM Ali,6,12,0,2,200.0
SS Prabhudessai,R Ashwin,6,2,2,2,33.33
SS Prabhudessai,RA Jadeja,14,32,0,2,228.57
SS Prabhudessai,Ravi Bishnoi,12,18,0,3,150.0
SS Prabhudessai,TU Deshpande,10,18,0,2,180.0
SS Prabhudessai,Umran Malik,6,6,0,2,100.0
SS Prabhudessai,YS Chahal,12,2,0,3,16.67
SS Shaikh,J Botha,10,2,0,2,20.0
SS Tiwary,A Ashish Reddy,14,14,0,2,100.0
SS Tiwary,A Chandila,18,20,0,2,111.11
SS Tiwary,A Kumble,28,36,2,3,128.57
SS Tiwary,A Mishra,64,92,2,6,143.75
SS Tiwary,A Nehra,16,28,2,3,175.0
SS Tiwary,A Symonds,14,12,0,2,85.71
SS Tiwary,A Uniyal,8,16,0,2,200.0
SS Tiwary,AA Jhunjhunwala,8,12,0,2,150.0
SS Tiwary,AB Dinda,46,42,4,5,91.3
SS Tiwary,AB McDonald,14,10,0,2,71.43
SS Tiwary,AC Thomas,20,34,0,3,170.0
SS Tiwary,AD Mascarenhas,12,12,0,2,100.0
SS Tiwary,AD Mathews,56,74,0,5,132.14
SS Tiwary,AK Markram,12,14,0,2,116.67
SS Tiwary,AN Ahmed,6,6,0,2,100.0
SS Tiwary,AP Dole,8,18,0,2,225.0
SS Tiwary,AR Patel,28,32,2,3,114.29
SS Tiwary,AS Rajpoot,26,20,2,4,76.92
SS Tiwary,Arshdeep Singh,18,20,0,2,111.11
SS Tiwary,B Kumar,32,38,0,5,118.75
SS Tiwary,BAW Mendis,28,32,0,2,114.29
SS Tiwary,C de Grandhomme,16,18,0,2,112.5
SS Tiwary,CH Gayle,22,34,0,3,154.55
SS Tiwary,CJ Jordan,10,12,0,2,120.0
SS Tiwary,DE Bollinger,18,14,0,4,77.78
SS Tiwary,DJ Bravo,50,52,0,4,104.0
SS Tiwary,DJ Hussey,14,24,0,2,171.43
SS Tiwary,DL Chahar,14,24,0,3,171.43
SS Tiwary,DP Nannes,8,6,0,2,75.0
SS Tiwary,DS Kulkarni,20,22,0,4,110.0
SS Tiwary,DT Christian,12,10,0,2,83.33
SS Tiwary,DW Steyn,10,18,0,3,180.0
SS Tiwary,GB Hogg,18,26,0,3,144.44
SS Tiwary,Gurkeerat Singh,10,14,2,2,140.0
SS Tiwary,HH Pandya,6,4,0,2,66.67
SS Tiwary,Harbhajan Singh,52,76,2,5,146.15
SS Tiwary,Harpreet Brar,10,20,0,2,200.0
SS Tiwary,I Sharma,20,20,2,5,100.0
SS Tiwary,IK Pathan,10,4,0,2,40.0
SS Tiwary,Imran Tahir,10,8,2,2,80.0
SS Tiwary,Iqbal Abdulla,6,2,0,2,33.33
SS Tiwary,JA Morkel,12,8,0,4,66.67
SS Tiwary,JC Archer,10,30,2,2,300.0
SS Tiwary,JD Unadkat,20,12,0,2,60.0
SS Tiwary,JE Taylor,14,28,2,2,200.0
SS Tiwary,JH Kallis,40,62,0,4,155.0
SS Tiwary,JJ Bumrah,18,26,2,2,144.44
SS Tiwary,JP Faulkner,20,14,0,4,70.0
SS Tiwary,JR Hazlewood,10,8,0,2,80.0
SS Tiwary,JR Hopes,10,4,0,2,40.0
SS Tiwary,K Rabada,12,4,0,2,33.33
SS Tiwary,K Upadhyay,14,4,0,2,28.57
SS Tiwary,KH Pandya,12,38,0,2,316.67
SS Tiwary,KJ Abbott,8,4,0,2,50.0
SS Tiwary,KP Pietersen,22,12,0,2,54.55
SS Tiwary,KV Sharma,16,14,0,2,87.5
SS Tiwary,Kartik Tyagi,10,6,0,2,60.0
SS Tiwary,Kuldeep Yadav,18,16,0,3,88.89
SS Tiwary,L Ablish,6,12,0,2,200.0
SS Tiwary,L Balaji,16,8,0,4,50.0
SS Tiwary,L Ngidi,10,22,0,2,220.0
SS Tiwary,M Kartik,18,18,2,3,100.0
SS Tiwary,M Morkel,16,24,2,3,150.0
SS Tiwary,M Muralitharan,24,16,2,3,66.67
SS Tiwary,MA Starc,6,6,0,2,100.0
SS Tiwary,MF Maharoof,14,26,0,2,185.71
SS Tiwary,MJ McClenaghan,20,8,0,3,40.0
SS Tiwary,MM Ali,18,16,0,2,88.89
SS Tiwary,MM Patel,16,24,0,3,150.0
SS Tiwary,MS Gony,14,8,0,3,57.14
SS Tiwary,Mohammad Asif,8,4,2,2,50.0
SS Tiwary,Mohammed Siraj,8,4,2,2,50.0
SS Tiwary,Mustafizur Rahman,8,6,0,2,75.0
SS Tiwary,NT Ellis,16,12,2,2,75.0
SS Tiwary,P Awana,6,2,2,2,33.33
SS Tiwary,P Kumar,28,24,0,5,85.71
SS Tiwary,PD Collingwood,24,36,0,2,150.0
SS Tiwary,PJ Cummins,10,28,0,2,280.0
SS Tiwary,PJ Sangwan,28,58,2,3,207.14
SS Tiwary,PP Chawla,50,58,4,8,116.0
SS Tiwary,PP Ojha,26,30,2,2,115.38
SS Tiwary,Parvez Rasool,24,44,0,3,183.33
SS Tiwary,R Ashwin,28,30,0,5,107.14
SS Tiwary,R Bhatia,32,40,2,3,125.0
SS Tiwary,R Dhawan,12,16,0,2,133.33
SS Tiwary,R Sharma,50,80,0,5,160.0
SS Tiwary,R Tewatia,20,16,0,2,80.0
SS Tiwary,R Vinay Kumar,30,42,0,4,140.0
SS Tiwary,RA Jadeja,44,68,4,5,154.55
SS Tiwary,RG Sharma,12,12,2,3,100.0
SS Tiwary,RJ Harris,10,4,2,3,40.0
SS Tiwary,RN ten Doeschate,8,6,2,2,75.0
SS Tiwary,RP Singh,26,36,2,4,138.46
SS Tiwary,RS Bopara,20,24,2,3,120.0
SS Tiwary,Ravi Bishnoi,14,20,0,2,142.86
SS Tiwary,S Gopal,8,14,0,2,175.0
SS Tiwary,S Ladda,10,10,0,2,100.0
SS Tiwary,S Randiv,6,4,2,2,66.67
SS Tiwary,S Sreesanth,6,8,0,2,133.33
SS Tiwary,S Tyagi,6,4,0,2,66.67
SS Tiwary,SB Jakati,34,28,4,5,82.35
SS Tiwary,SC Ganguly,6,16,0,2,266.67
SS Tiwary,SJ Srivastava,14,20,2,3,142.86
SS Tiwary,SK Raina,52,66,0,5,126.92
SS Tiwary,SK Trivedi,46,46,2,3,100.0
SS Tiwary,SK Warne,22,40,0,2,181.82
SS Tiwary,SL Malinga,48,54,0,6,112.5
SS Tiwary,SM Curran,14,10,0,2,71.43
SS Tiwary,SN Thakur,22,26,0,2,118.18
SS Tiwary,SP Narine,22,26,4,5,118.18
SS Tiwary,SR Watson,30,26,2,4,86.67
SS Tiwary,STR Binny,6,12,0,2,200.0
SS Tiwary,SW Tait,8,4,2,3,50.0
SS Tiwary,Shakib Al Hasan,10,10,0,2,100.0
SS Tiwary,Shoaib Malik,8,10,0,2,125.0
SS Tiwary,T Thushara,14,6,0,2,42.86
SS Tiwary,TA Boult,10,12,0,2,120.0
SS Tiwary,TG Southee,32,50,0,3,156.25
SS Tiwary,TL Suman,20,18,0,3,90.0
SS Tiwary,UT Yadav,48,70,0,4,145.83
SS Tiwary,V Kohli,10,18,0,2,180.0
SS Tiwary,V Pratap Singh,10,22,2,2,220.0
SS Tiwary,VR Aaron,12,14,0,2,116.67
SS Tiwary,VRV Singh,12,24,0,2,200.0
SS Tiwary,Washington Sundar,6,4,0,2,66.67
SS Tiwary,YK Pathan,22,28,0,3,127.27
SS Tiwary,YS Chahal,22,24,2,4,109.09
SS Tiwary,Yuvraj Singh,8,8,0,3,100.0
ST Jayasuriya,A Flintoff,6,10,0,2,166.67
ST Jayasuriya,A Kumble,38,80,0,4,210.53
ST Jayasuriya,A Mishra,16,20,2,2,125.0
ST Jayasuriya,A Mithun,6,8,0,2,133.33
ST Jayasuriya,AB Dinda,14,24,2,3,171.43
ST Jayasuriya,AD Mascarenhas,12,26,0,2,216.67
ST Jayasuriya,B Akhil,12,8,0,2,66.67
ST Jayasuriya,B Geeves,20,48,0,2,240.0
ST Jayasuriya,B Lee,26,8,4,3,30.77
ST Jayasuriya,BAW Mendis,10,22,0,2,220.0
ST Jayasuriya,BJ Hodge,14,12,0,2,85.71
ST Jayasuriya,CH Gayle,6,16,0,2,266.67
ST Jayasuriya,CK Kapugedera,10,52,0,2,520.0
ST Jayasuriya,D du Preez,12,28,0,2,233.33
ST Jayasuriya,DNT Zoysa,26,50,0,3,192.31
ST Jayasuriya,DP Nannes,12,4,2,3,33.33
ST Jayasuriya,DP Vijaykumar,12,20,0,2,166.67
ST Jayasuriya,DW Steyn,26,2,4,3,7.69
ST Jayasuriya,FH Edwards,10,2,0,2,20.0
ST Jayasuriya,GD McGrath,24,22,0,3,91.67
ST Jayasuriya,I Sharma,50,78,2,5,156.0
ST Jayasuriya,IK Pathan,14,36,2,4,257.14
ST Jayasuriya,J Botha,18,10,0,2,55.56
ST Jayasuriya,JA Morkel,46,102,0,3,221.74
ST Jayasuriya,JDP Oram,16,32,0,2,200.0
ST Jayasuriya,JH Kallis,68,98,0,4,144.12
ST Jayasuriya,Joginder Sharma,12,24,0,2,200.0
ST Jayasuriya,Kamran Khan,10,18,0,2,180.0
ST Jayasuriya,LR Shukla,12,10,2,2,83.33
ST Jayasuriya,M Muralitharan,14,24,0,2,171.43
ST Jayasuriya,MF Maharoof,28,28,2,3,100.0
ST Jayasuriya,MM Patel,18,22,0,2,122.22
ST Jayasuriya,MS Gony,44,68,2,4,154.55
ST Jayasuriya,Mohammad Asif,12,26,0,2,216.67
ST Jayasuriya,P Kumar,34,32,0,5,94.12
ST Jayasuriya,PP Ojha,8,12,0,2,150.0
ST Jayasuriya,Pankaj Singh,10,26,0,2,260.0
ST Jayasuriya,R Vinay Kumar,38,62,0,4,163.16
ST Jayasuriya,RE van der Merwe,10,2,4,3,20.0
ST Jayasuriya,RJ Harris,8,10,0,2,125.0
ST Jayasuriya,RP Singh,18,0,4,4,0.0
ST Jayasuriya,S Sreesanth,14,6,2,2,42.86
ST Jayasuriya,S Tyagi,18,30,2,2,166.67
ST Jayasuriya,SB Bangar,10,10,0,2,100.0
ST Jayasuriya,SC Ganguly,10,28,0,2,280.0
ST Jayasuriya,SK Trivedi,26,32,2,3,123.08
ST Jayasuriya,SK Warne,14,14,2,3,100.0
ST Jayasuriya,SR Watson,18,8,4,4,44.44
ST Jayasuriya,Shoaib Akhtar,14,54,0,2,385.71
ST Jayasuriya,Sohail Tanvir,32,20,0,3,62.5
ST Jayasuriya,T Thushara,22,28,2,2,127.27
ST Jayasuriya,VY Mahesh,26,66,2,3,253.85
ST Jayasuriya,Y Venugopal Rao,8,16,2,2,200.0
ST Jayasuriya,YK Pathan,24,14,0,4,58.33
ST Jayasuriya,Z Khan,12,12,0,2,100.0
STR Binny,A Ashish Reddy,8,8,0,2,100.0
STR Binny,A Mishra,54,52,4,7,96.3
STR Binny,A Nehra,16,36,0,3,225.0
STR Binny,AD Russell,8,10,0,3,125.0
STR Binny,AJ Tye,8,20,0,2,250.0
STR Binny,AR Patel,14,6,0,3,42.86
STR Binny,Anureet Singh,6,22,0,2,366.67
STR Binny,Arshdeep Singh,6,24,0,2,400.0
STR Binny,B Kumar,30,38,2,7,126.67
STR Binny,BA Bhatt,6,6,0,2,100.0
STR Binny,BCJ Cutting,6,14,0,2,233.33
STR Binny,BW Hilfenhaus,12,6,0,2,50.0
STR Binny,CH Morris,34,50,0,4,147.06
STR Binny,CR Brathwaite,20,20,0,4,100.0
STR Binny,CR Woakes,6,0,2,2,0.0
STR Binny,D Wiese,12,12,0,2,100.0
STR Binny,DE Bollinger,10,12,0,2,120.0
STR Binny,DJ Bravo,54,114,2,6,211.11
STR Binny,DJG Sammy,30,32,2,4,106.67
STR Binny,DL Vettori,8,12,0,2,150.0
STR Binny,DR Smith,6,8,0,2,133.33
STR Binny,DS Kulkarni,20,12,0,4,60.0
STR Binny,DT Christian,6,22,0,2,366.67
STR Binny,DW Steyn,18,26,0,3,144.44
STR Binny,HV Patel,14,14,0,3,100.0
STR Binny,Harbhajan Singh,58,96,0,6,165.52
STR Binny,I Sharma,28,34,0,5,121.43
STR Binny,IC Pandey,8,4,0,2,50.0
STR Binny,Imran Tahir,10,8,4,4,80.0
STR Binny,J Botha,10,36,0,2,360.0
STR Binny,JD Unadkat,18,28,0,3,155.56
STR Binny,JH Kallis,8,10,0,2,125.0
STR Binny,JJ Bumrah,16,18,2,4,112.5
STR Binny,K Rabada,12,20,2,2,166.67
STR Binny,KP Appanna,8,2,0,2,25.0
STR Binny,KV Sharma,18,12,0,4,66.67
STR Binny,Karanveer Singh,16,18,2,3,112.5
STR Binny,LH Ferguson,10,0,2,2,0.0
STR Binny,M Kartik,20,46,0,3,230.0
STR Binny,M Prasidh Krishna,6,0,2,2,0.0
STR Binny,MA Starc,6,2,2,2,33.33
STR Binny,MC Henriques,10,8,0,2,80.0
STR Binny,MG Johnson,34,10,4,5,29.41
STR Binny,MM Sharma,24,44,2,4,183.33
STR Binny,Mohammed Shami,16,42,0,2,262.5
STR Binny,Mujeeb Ur Rahman,6,2,0,2,33.33
STR Binny,Mustafizur Rahman,6,16,0,2,266.67
STR Binny,NLTC Perera,12,12,2,3,100.0
STR Binny,NM Coulter-Nile,10,8,0,2,80.0
STR Binny,P Kumar,26,12,2,5,46.15
STR Binny,PC Valthaty,8,8,0,2,100.0
STR Binny,PJ Cummins,8,12,0,2,150.0
STR Binny,PP Chawla,30,42,2,3,140.0
STR Binny,PP Ojha,24,56,0,3,233.33
STR Binny,R Ashwin,12,20,0,3,166.67
STR Binny,R Bhatia,14,20,0,3,142.86
STR Binny,R Dhawan,20,16,0,3,80.0
STR Binny,R McLaren,6,14,2,2,233.33
STR Binny,R Sharma,16,28,0,3,175.0
STR Binny,R Vinay Kumar,34,52,4,6,152.94
STR Binny,RA Jadeja,44,60,4,6,136.36
STR Binny,RS Bopara,6,6,0,2,100.0
STR Binny,Rashid Khan,8,4,0,2,50.0
STR Binny,S Badree,6,14,0,2,233.33
STR Binny,S Gopal,10,2,2,2,20.0
STR Binny,S Nadeem,26,16,0,4,61.54
STR Binny,SB Jakati,10,28,0,2,280.0
STR Binny,SE Bond,8,16,0,2,200.0
STR Binny,SK Raina,14,6,0,2,42.86
STR Binny,SL Malinga,28,34,0,5,121.43
STR Binny,SN Thakur,22,18,4,4,81.82
STR Binny,SP Narine,24,22,0,4,91.67
STR Binny,SR Watson,10,8,0,3,80.0
STR Binny,Sandeep Sharma,10,14,0,4,140.0
STR Binny,TA Boult,6,10,0,2,166.67
STR Binny,UT Yadav,12,40,4,4,333.33
STR Binny,V Pratap Singh,8,10,0,2,125.0
STR Binny,VR Aaron,14,4,0,2,28.57
STR Binny,VY Mahesh,14,16,2,2,114.29
STR Binny,WD Parnell,8,14,0,2,175.0
STR Binny,YS Chahal,12,16,0,2,133.33
STR Binny,Yuvraj Singh,6,2,4,3,33.33
STR Binny,Z Khan,28,28,2,4,100.0
SU Parakh,Brijesh Sharma,8,14,0,2,175.0
SU Parakh,CV Varun,16,22,0,2,137.5
SU Parakh,SP Narine,16,24,2,2,150.0
SU Parakh,Yash Thakur,10,26,0,2,260.0
SV Samson,A Kamboj,12,6,0,2,50.0
SV Samson,A Mishra,46,28,2,5,60.87
SV Samson,A Nehra,8,6,0,3,75.0
SV Samson,A Nortje,42,28,2,6,66.67
SV Samson,A Zampa,46,76,4,4,165.22
SV Samson,AB Dinda,30,64,0,3,213.33
SV Samson,AD Mathews,8,2,2,2,25.0
SV Samson,AD Russell,38,64,4,8,168.42
SV Samson,AJ Tye,10,6,2,2,60.0
SV Samson,AM Ghazanfar,16,26,0,2,162.5
SV Samson,AR Patel,168,206,4,15,122.62
SV Samson,AS Joseph,20,40,0,3,200.0
SV Samson,AS Rajpoot,8,8,0,2,100.0
SV Samson,AS Roy,34,80,0,4,235.29
SV Samson,AU Rashid,24,42,0,3,175.0
SV Samson,Abhishek Sharma,44,66,2,7,150.0
SV Samson,Akash Deep,8,4,0,2,50.0
SV Samson,Akash Singh,14,8,2,2,57.14
SV Samson,Ankit Soni,16,34,0,2,212.5
SV Samson,Anureet Singh,10,18,0,3,180.0
SV Samson,Arshad Khan,22,34,2,3,154.55
SV Samson,Arshdeep Singh,92,164,2,11,178.26
SV Samson,Ashwani Kumar,18,28,0,2,155.56
SV Samson,Auqib Nabi,12,26,0,2,216.67
SV Samson,Avesh Khan,52,56,2,5,107.69
SV Samson,Azhar Mahmood,10,16,0,2,160.0
SV Samson,B Kumar,190,240,8,20,126.32
SV Samson,B Stanlake,38,50,2,3,131.58
SV Samson,BA Stokes,22,30,0,2,136.36
SV Samson,BE Hendricks,8,16,0,2,200.0
SV Samson,BW Hilfenhaus,12,26,0,2,216.67
SV Samson,Basil Thampi,20,50,0,3,250.0
SV Samson,Bipul Sharma,20,16,0,2,80.0
SV Samson,C Green,30,28,0,4,93.33
SV Samson,CH Morris,8,12,0,3,150.0
SV Samson,CJ Anderson,18,26,0,2,144.44
SV Samson,CJ Jordan,10,24,0,2,240.0
SV Samson,CR Woakes,36,80,0,4,222.22
SV Samson,CV Varun,60,94,0,5,156.67
SV Samson,DJ Bravo,28,36,2,3,128.57
SV Samson,DJ Willey,12,18,0,3,150.0
SV Samson,DJG Sammy,6,6,0,2,100.0
SV Samson,DL Chahar,56,78,6,7,139.29
SV Samson,DR Sams,12,14,0,2,116.67
SV Samson,DS Kulkarni,14,12,2,3,85.71
SV Samson,DS Rathi,8,20,2,2,250.0
SV Samson,DT Christian,6,6,0,2,100.0
SV Samson,DW Steyn,34,30,2,4,88.24
SV Samson,GB Hogg,10,4,2,2,40.0
SV Samson,GHS Garton,8,14,0,2,175.0
SV Samson,GJ Maxwell,42,80,0,4,190.48
SV Samson,H Sharma,14,36,0,2,257.14
SV Samson,HH Pandya,88,172,4,11,195.45
SV Samson,HR Shokeen,10,30,0,2,300.0
SV Samson,HV Patel,52,54,6,7,103.85
SV Samson,Harbhajan Singh,82,112,0,5,136.59
SV Samson,Harpreet Brar,34,42,0,4,123.53
SV Samson,Harshit Rana,6,2,2,3,33.33
SV Samson,I Sharma,20,42,0,3,210.0
SV Samson,IC Pandey,14,6,0,2,42.86
SV Samson,IK Pathan,14,12,0,2,85.71
SV Samson,Imran Tahir,40,42,2,3,105.0
SV Samson,Iqbal Abdulla,28,30,0,4,107.14
SV Samson,J Little,6,10,2,2,166.67
SV Samson,J Overton,6,16,0,2,266.67
SV Samson,J Suchith,16,32,0,2,200.0
SV Samson,J Yadav,6,6,0,2,100.0
SV Samson,JA Duffy,10,18,2,2,180.0
SV Samson,JA Richardson,20,60,0,2,300.0
SV Samson,JC Archer,10,10,0,2,100.0
SV Samson,JD Unadkat,38,46,0,6,121.05
SV Samson,JDS Neesham,20,40,2,3,200.0
SV Samson,JH Kallis,18,22,0,3,122.22
SV Samson,JJ Bumrah,158,178,6,16,112.66
SV Samson,JL Pattinson,8,20,0,2,250.0
SV Samson,JO Holder,72,80,6,7,111.11
SV Samson,JP Behrendorff,8,10,0,2,125.0
SV Samson,JP Duminy,10,10,0,2,100.0
SV Samson,JPR Scantlebury-Searles,8,22,0,2,275.0
SV Samson,JR Hazlewood,32,30,0,4,93.75
SV Samson,K Kartikeya,10,12,2,3,120.0
SV Samson,K Khejroliya,42,110,0,4,261.9
SV Samson,K Rabada,56,74,6,6,132.14
SV Samson,KA Jamieson,8,4,0,2,50.0
SV Samson,KA Pollard,44,64,2,5,145.45
SV Samson,KC Cariappa,20,30,2,3,150.0
SV Samson,KH Pandya,140,190,2,11,135.71
SV Samson,KK Ahmed,108,174,2,8,161.11
SV Samson,KM Asif,10,16,0,2,160.0
SV Samson,KT Maphaka,6,16,0,2,266.67
SV Samson,KV Sharma,24,24,4,7,100.0
SV Samson,KW Richardson,8,18,0,2,225.0
SV Samson,Karanveer Singh,22,12,2,2,54.55
SV Samson,Kartik Tyagi,10,26,2,2,260.0
SV Samson,Krish Bhagat,24,62,0,2,258.33
SV Samson,Kuldeep Yadav,112,170,2,10,151.79
SV Samson,L Balaji,16,24,0,2,150.0
SV Samson,L Ngidi,50,58,2,4,116.0
SV Samson,LE Plunkett,6,4,0,2,66.67
SV Samson,LH Ferguson,36,34,2,5,94.44
SV Samson,LS Livingstone,16,26,0,2,162.5
SV Samson,M Ashwin,64,102,0,6,159.38
SV Samson,M Jansen,22,30,0,4,136.36
SV Samson,M Kartik,38,82,0,3,215.79
SV Samson,M Markande,46,108,0,5,234.78
SV Samson,M Morkel,10,32,0,2,320.0
SV Samson,M Pathirana,30,36,0,4,120.0
SV Samson,M Prasidh Krishna,28,32,2,5,114.29
SV Samson,MA Starc,40,36,0,5,90.0
SV Samson,MC Henriques,38,44,0,5,115.79
SV Samson,MG Johnson,34,40,2,5,117.65
SV Samson,MJ McClenaghan,30,44,8,7,146.67
SV Samson,MJ Santner,26,12,4,4,46.15
SV Samson,MK Tiwary,10,14,0,2,140.0
SV Samson,MM Ali,12,18,0,3,150.0
SV Samson,MM Sharma,88,90,2,8,102.27
SV Samson,MP Stoinis,42,54,4,8,128.57
SV Samson,MS Gony,8,22,0,2,275.0
SV Samson,Mayank Dagar,12,28,0,2,233.33
SV Samson,Mohammad Nabi,12,20,0,3,166.67
SV Samson,Mohammed Shami,122,216,2,13,177.05
SV Samson,Mohammed Siraj,84,82,8,10,97.62
SV Samson,Mohsin Khan,44,90,0,4,204.55
SV Samson,Mujeeb Ur Rahman,30,22,2,5,73.33
SV Samson,Mukesh Choudhary,6,10,0,2,166.67
SV Samson,Mukesh Kumar,70,126,2,6,180.0
SV Samson,Mustafizur Rahman,40,44,0,5,110.0
SV Samson,N Thushara,6,4,0,2,66.67
SV Samson,NLTC Perera,22,28,0,4,127.27
SV Samson,NM Coulter-Nile,42,66,0,6,157.14
SV Samson,NT Ellis,22,24,4,3,109.09
SV Samson,Naveen-ul-Haq,10,6,0,2,60.0
SV Samson,Nithish Kumar Reddy,14,30,2,3,214.29
SV Samson,Noor Ahmad,34,48,4,5,141.18
SV Samson,P Awana,30,52,2,4,173.33
SV Samson,P Kumar,48,60,0,4,125.0
SV Samson,P Negi,14,28,0,3,200.0
SV Samson,P Sahu,12,20,0,2,166.67
SV Samson,P Suyal,14,22,0,2,157.14
SV Samson,PJ Cummins,40,46,2,7,115.0
SV Samson,PJ Sangwan,16,24,2,3,150.0
SV Samson,PP Chawla,94,136,4,9,144.68
SV Samson,PP Hinge,14,38,0,3,271.43
SV Samson,PP Ojha,22,24,0,3,109.09
SV Samson,PWH de Silva,64,76,6,5,118.75
SV Samson,Parvez Rasool,10,8,0,2,80.0
SV Samson,Prince Yadav,10,16,0,3,160.0
SV Samson,R Ashwin,116,152,4,10,131.03
SV Samson,R Bhatia,32,22,2,3,68.75
SV Samson,R Dhawan,26,36,2,3,138.46
SV Samson,R Rampaul,8,4,2,3,50.0
SV Samson,R Sai Kishore,14,24,2,2,171.43
SV Samson,R Sathish,8,16,0,2,200.0
SV Samson,R Sharma,16,14,0,2,87.5
SV Samson,R Shepherd,12,16,0,2,133.33
SV Samson,R Tewatia,22,24,0,3,109.09
SV Samson,R Vinay Kumar,72,90,2,6,125.0
SV Samson,RA Jadeja,126,164,6,12,130.16
SV Samson,RD Chahar,72,112,4,8,155.56
SV Samson,RJ Harris,8,2,0,2,25.0
SV Samson,RJW Topley,14,16,0,2,114.29
SV Samson,RN ten Doeschate,12,12,0,2,100.0
SV Samson,RP Meredith,26,60,0,3,230.77
SV Samson,RP Singh,12,14,0,2,116.67
SV Samson,RS Bopara,14,16,2,3,114.29
SV Samson,Rashid Khan,216,242,2,16,112.04
SV Samson,Rasikh Salam,14,38,0,2,271.43
SV Samson,Ravi Bishnoi,90,150,0,8,166.67
SV Samson,S Aravind,10,10,0,3,100.0
SV Samson,S Gopal,14,20,2,2,142.86
SV Samson,S Kaul,124,228,4,9,183.87
SV Samson,S Kaushik,8,6,0,2,75.0
SV Samson,S Nadeem,56,96,4,5,171.43
SV Samson,SH Johnson,24,52,0,3,216.67
SV Samson,SK Raina,6,16,0,2,266.67
SV Samson,SL Malinga,26,32,2,4,123.08
SV Samson,SM Boland,14,16,2,2,114.29
SV Samson,SM Curran,32,42,4,5,131.25
SV Samson,SMSM Senanayake,10,16,0,2,160.0
SV Samson,SN Thakur,62,80,2,10,129.03
SV Samson,SP Narine,178,140,6,15,78.65
SV Samson,SR Watson,20,12,2,3,60.0
SV Samson,SS Cottrell,8,20,0,2,250.0
SV Samson,STR Binny,6,4,0,2,66.67
SV Samson,Sandeep Sharma,118,118,4,12,100.0
SV Samson,Shahbaz Ahmed,20,46,2,5,230.0
SV Samson,Shakib Al Hasan,82,80,4,8,97.56
SV Samson,Shivam Mavi,50,68,10,8,136.0
SV Samson,Simarjeet Singh,42,56,2,4,133.33
SV Samson,Suyash Sharma,18,16,0,2,88.89
SV Samson,Swapnil Singh,6,16,0,2,266.67
SV Samson,T Natarajan,126,212,2,10,168.25
SV Samson,TA Boult,62,76,6,10,122.58
SV Samson,TG Southee,24,24,0,3,100.0
SV Samson,TS Mills,6,16,0,3,266.67
SV Samson,TU Deshpande,8,6,2,3,75.0
SV Samson,UT Yadav,136,238,6,11,175.0
SV Samson,Umran Malik,24,50,0,3,208.33
SV Samson,V Nigam,8,20,0,2,250.0
SV Samson,V Shankar,34,50,2,5,147.06
SV Samson,VG Arora,34,62,2,4,182.35
SV Samson,Vivrant Sharma,8,4,0,2,50.0
SV Samson,WD Parnell,24,32,4,4,133.33
SV Samson,Washington Sundar,48,102,2,5,212.5
SV Samson,XC Bartlett,6,8,2,2,133.33
SV Samson,YS Chahal,106,122,10,13,115.09
SV Samson,Yash Dayal,36,44,0,4,122.22
SV Samson,Yash Thakur,40,100,0,3,250.0
SV Samson,Yuvraj Singh,24,50,2,4,208.33
SW Billings,AB Dinda,8,10,0,2,125.0
SW Billings,AD Russell,10,28,0,3,280.0
SW Billings,AJ Tye,6,4,0,2,66.67
SW Billings,AR Patel,28,46,2,3,164.29
SW Billings,Arshdeep Singh,6,2,0,2,33.33
SW Billings,Avesh Khan,12,34,0,2,283.33
SW Billings,B Kumar,16,8,2,3,50.0
SW Billings,B Stanlake,12,18,0,2,150.0
SW Billings,BA Stokes,18,32,0,3,177.78
SW Billings,Basil Thampi,8,14,0,2,175.0
SW Billings,CR Woakes,6,6,0,2,100.0
SW Billings,DJ Bravo,10,14,2,2,140.0
SW Billings,DL Chahar,14,30,0,2,214.29
SW Billings,GB Hogg,26,44,0,2,169.23
SW Billings,HV Patel,8,0,2,2,0.0
SW Billings,Harpreet Brar,8,6,0,2,75.0
SW Billings,IS Sodhi,8,0,0,2,0.0
SW Billings,Imran Tahir,8,4,2,2,50.0
SW Billings,Iqbal Abdulla,16,12,2,3,75.0
SW Billings,JC Archer,10,14,0,2,140.0
SW Billings,JD Unadkat,16,14,0,3,87.5
SW Billings,JO Holder,14,18,0,3,128.57
SW Billings,K Rabada,8,8,0,2,100.0
SW Billings,KC Cariappa,20,20,0,3,100.0
SW Billings,KK Ahmed,10,2,4,3,20.0
SW Billings,Kuldeep Yadav,12,18,0,4,150.0
SW Billings,M Ashwin,22,28,2,3,127.27
SW Billings,MJ Santner,10,10,0,2,100.0
SW Billings,MM Sharma,22,34,0,3,154.55
SW Billings,MP Stoinis,10,4,2,3,40.0
SW Billings,Mohammed Shami,8,8,2,2,100.0
SW Billings,Mohammed Siraj,14,30,2,3,214.29
SW Billings,Mohsin Khan,6,2,0,2,33.33
SW Billings,OF Smith,8,20,0,2,250.0
SW Billings,PP Chawla,30,60,0,3,200.0
SW Billings,PWH de Silva,16,20,0,2,125.0
SW Billings,R Ashwin,14,32,2,3,228.57
SW Billings,R Bhatia,12,10,2,2,83.33
SW Billings,RA Jadeja,24,26,0,2,108.33
SW Billings,RD Chahar,14,10,0,2,71.43
SW Billings,Ravi Bishnoi,20,30,2,2,150.0
SW Billings,S Gopal,8,2,2,2,25.0
SW Billings,S Lamichhane,8,2,0,2,25.0
SW Billings,SP Narine,24,24,0,4,100.0
SW Billings,Sandeep Sharma,16,10,2,3,62.5
SW Billings,T Natarajan,16,20,0,2,125.0
SW Billings,TK Curran,14,44,2,2,314.29
SW Billings,UT Yadav,26,32,2,4,123.08
SW Billings,Umran Malik,18,22,0,2,122.22
SW Billings,VR Aaron,18,36,0,2,200.0
SW Billings,Washington Sundar,12,14,0,2,116.67
SW Billings,YS Chahal,22,34,2,4,154.55
SW Tait,A Mishra,8,14,0,2,175.0
SW Tait,RA Jadeja,6,4,0,2,66.67
SW Tait,UT Yadav,8,4,0,2,50.0
SW Tait,V Sehwag,6,2,2,2,33.33
Sachin Baby,A Mishra,10,4,2,2,40.0
Sachin Baby,AD Russell,6,0,2,3,0.0
Sachin Baby,AR Patel,14,20,0,2,142.86
Sachin Baby,Anureet Singh,6,6,0,2,100.0
Sachin Baby,B Kumar,16,28,0,3,175.0
Sachin Baby,Bipul Sharma,6,2,2,2,33.33
Sachin Baby,CV Varun,12,4,2,2,33.33
Sachin Baby,JJ Bumrah,6,4,0,2,66.67
Sachin Baby,KA Pollard,8,32,0,2,400.0
Sachin Baby,KC Cariappa,14,14,0,2,100.0
Sachin Baby,LH Ferguson,12,8,0,3,66.67
Sachin Baby,M Prasidh Krishna,8,2,0,2,25.0
Sachin Baby,MC Henriques,10,10,0,2,100.0
Sachin Baby,MM Sharma,12,12,0,2,100.0
Sachin Baby,MP Stoinis,6,8,0,2,133.33
Sachin Baby,Mohammed Shami,8,14,0,2,175.0
Sachin Baby,Mustafizur Rahman,16,46,0,3,287.5
Sachin Baby,PJ Cummins,6,8,2,2,133.33
Sachin Baby,Sandeep Sharma,6,6,0,2,100.0
Sachin Baby,TG Southee,8,10,0,2,125.0
Sachin Baby,UT Yadav,12,30,0,2,250.0
Sakib Hussain,Brijesh Sharma,8,2,0,2,25.0
Sakib Hussain,N Burger,6,8,0,2,133.33
Salil Arora,Brijesh Sharma,10,32,0,2,320.0
Salil Arora,RA Jadeja,18,20,2,2,111.11
Salil Arora,Yash Raj Punja,10,10,0,2,100.0
Salman Butt,A Mishra,14,14,0,2,100.0
Salman Butt,A Nehra,12,12,0,2,100.0
Salman Butt,GD McGrath,16,12,0,2,75.0
Salman Butt,IK Pathan,14,20,0,2,142.86
Salman Butt,JA Morkel,16,22,0,2,137.5
Salman Butt,L Balaji,20,26,2,2,130.0
Salman Butt,M Muralitharan,26,52,0,2,200.0
Salman Butt,M Ntini,20,22,0,2,110.0
Salman Butt,MF Maharoof,10,12,0,2,120.0
Salman Butt,MM Patel,16,34,2,2,212.5
Salman Butt,MS Gony,26,24,0,2,92.31
Salman Butt,PJ Sangwan,18,22,0,2,122.22
Salman Butt,S Sreesanth,24,28,2,2,116.67
Salman Butt,SM Pollock,14,14,2,2,100.0
Salman Butt,SR Watson,28,26,0,3,92.86
Salman Butt,Sohail Tanvir,10,2,2,3,20.0
Salman Butt,V Sehwag,10,12,0,2,120.0
Salman Butt,VY Mahesh,20,24,2,2,120.0
Salman Butt,WPUJC Vaas,8,8,2,2,100.0
Sameer Rizvi,A Kamboj,20,48,0,3,240.0
Sameer Rizvi,A Nortje,22,26,0,2,118.18
Sameer Rizvi,AK Markram,10,24,0,2,240.0
Sameer Rizvi,Arshdeep Singh,10,20,0,2,200.0
Sameer Rizvi,Azmatullah Omarzai,16,44,0,2,275.0
Sameer Rizvi,B Kumar,6,4,2,2,66.67
Sameer Rizvi,C Bosch,24,62,2,2,258.33
Sameer Rizvi,CV Varun,8,2,0,2,25.0
Sameer Rizvi,D Madushanka,8,20,0,2,250.0
Sameer Rizvi,DL Chahar,26,50,0,3,192.31
Sameer Rizvi,E Malinga,6,6,0,2,100.0
Sameer Rizvi,Gurjapneet Singh,10,10,0,3,100.0
Sameer Rizvi,Harpreet Brar,28,32,0,3,114.29
Sameer Rizvi,Harsh Dubey,8,8,2,2,100.0
Sameer Rizvi,J Overton,14,6,2,3,42.86
Sameer Rizvi,JJ Bumrah,28,16,0,3,57.14
Sameer Rizvi,K Rabada,10,14,2,2,140.0
Sameer Rizvi,KV Sharma,12,26,0,2,216.67
Sameer Rizvi,M Jansen,10,20,0,2,200.0
Sameer Rizvi,M Markande,18,32,0,2,177.78
Sameer Rizvi,M Pathirana,14,18,0,2,128.57
Sameer Rizvi,M Siddharth,6,0,2,2,0.0
Sameer Rizvi,MJ Santner,40,28,2,3,70.0
Sameer Rizvi,MP Stoinis,12,16,0,3,133.33
Sameer Rizvi,Mohammed Shami,12,12,0,2,100.0
Sameer Rizvi,Mohsin Khan,28,26,0,2,92.86
Sameer Rizvi,Mukesh Choudhary,16,22,0,3,137.5
Sameer Rizvi,Nithish Kumar Reddy,8,18,0,2,225.0
Sameer Rizvi,Noor Ahmad,10,20,0,3,200.0
Sameer Rizvi,Prince Yadav,10,10,0,2,100.0
Sameer Rizvi,RA Jadeja,6,4,0,2,66.67
Sameer Rizvi,RD Chahar,12,10,0,2,83.33
Sameer Rizvi,Rashid Khan,10,28,2,3,280.0
Sameer Rizvi,SN Thakur,14,40,0,3,285.71
Sameer Rizvi,SP Narine,6,4,2,2,66.67
Sameer Rizvi,Sakib Hussain,18,14,0,2,77.78
Sameer Rizvi,Sandeep Sharma,8,12,0,2,150.0
Sameer Rizvi,Shahbaz Ahmed,10,30,0,2,300.0
Sameer Rizvi,Shivang Kumar,8,16,0,2,200.0
Sameer Rizvi,TA Boult,16,28,0,3,175.0
Sandeep Sharma,A Nortje,8,4,0,2,50.0
Sandeep Sharma,CH Gayle,6,6,0,2,100.0
Sandeep Sharma,CH Morris,10,8,0,4,80.0
Sandeep Sharma,D Wiese,8,4,0,2,50.0
Sandeep Sharma,DW Steyn,6,12,2,2,200.0
Sandeep Sharma,MM Sharma,12,6,0,3,50.0
Sandeep Sharma,Mohammed Shami,6,0,0,2,0.0
Sandeep Sharma,Mustafizur Rahman,12,10,2,4,83.33
Sandeep Sharma,UT Yadav,6,2,0,2,33.33
Sandeep Sharma,YS Chahal,6,10,2,2,166.67
Sanvir Singh,CJ Jordan,6,8,0,2,133.33
Sanvir Singh,Harpreet Brar,6,4,0,2,66.67
Sanvir Singh,Mohammed Shami,8,12,0,2,150.0
Sanvir Singh,N Thushara,10,12,0,2,120.0
Saurav Chauhan,G Coetzee,8,12,0,2,150.0
Saurav Chauhan,JJ Bumrah,8,6,2,2,75.0
Saurav Chauhan,R Ashwin,6,14,0,2,233.33
Sediqullah Atal,M Jansen,10,16,0,2,160.0
Sediqullah Atal,MP Stoinis,10,22,0,2,220.0
Sediqullah Atal,P Dubey,8,4,2,2,50.0
Shahbaz Ahmed,A Kamboj,14,22,0,2,157.14
Shahbaz Ahmed,A Nortje,22,18,0,4,81.82
Shahbaz Ahmed,AD Russell,22,50,0,4,227.27
Shahbaz Ahmed,AR Patel,26,40,0,3,153.85
Shahbaz Ahmed,Arshdeep Singh,24,32,2,5,133.33
Shahbaz Ahmed,Avesh Khan,16,4,2,2,25.0
Shahbaz Ahmed,CJ Jordan,10,16,0,3,160.0
Shahbaz Ahmed,CV Varun,36,34,4,7,94.44
Shahbaz Ahmed,DG Nalkande,14,20,0,2,142.86
Shahbaz Ahmed,DJ Bravo,20,36,0,2,180.0
Shahbaz Ahmed,DJ Mitchell,6,4,0,2,66.67
Shahbaz Ahmed,Harpreet Brar,14,4,0,3,28.57
Shahbaz Ahmed,J Overton,14,34,0,2,242.86
Shahbaz Ahmed,JJ Bumrah,12,10,0,3,83.33
Shahbaz Ahmed,JO Holder,26,26,2,4,100.0
Shahbaz Ahmed,K Rabada,8,8,2,2,100.0
Shahbaz Ahmed,KH Pandya,12,10,0,2,83.33
Shahbaz Ahmed,KK Ahmed,22,58,0,3,263.64
Shahbaz Ahmed,KR Sen,12,6,0,2,50.0
Shahbaz Ahmed,KV Sharma,14,10,0,2,71.43
Shahbaz Ahmed,Kuldeep Yadav,30,42,0,6,140.0
Shahbaz Ahmed,L Ngidi,12,14,0,2,116.67
Shahbaz Ahmed,LH Ferguson,18,30,2,3,166.67
Shahbaz Ahmed,M Jansen,6,2,2,3,33.33
Shahbaz Ahmed,M Prasidh Krishna,22,48,0,4,218.18
Shahbaz Ahmed,M Theekshana,26,14,4,5,53.85
Shahbaz Ahmed,MA Starc,10,22,4,4,220.0
Shahbaz Ahmed,MM Ali,32,52,2,4,162.5
Shahbaz Ahmed,MM Sharma,14,10,2,3,71.43
Shahbaz Ahmed,MP Stoinis,8,16,0,2,200.0
Shahbaz Ahmed,Mohammed Shami,6,14,2,2,233.33
Shahbaz Ahmed,Mohammed Siraj,16,14,0,2,87.5
Shahbaz Ahmed,Mukesh Choudhary,14,18,0,2,128.57
Shahbaz Ahmed,Mukesh Kumar,16,38,0,2,237.5
Shahbaz Ahmed,Mustafizur Rahman,20,34,2,4,170.0
Shahbaz Ahmed,Navdeep Saini,12,34,0,2,283.33
Shahbaz Ahmed,OC McCoy,10,12,0,2,120.0
Shahbaz Ahmed,PP Chawla,12,12,0,2,100.0
Shahbaz Ahmed,PVD Chameera,6,10,0,2,166.67
Shahbaz Ahmed,R Ashwin,24,24,2,4,100.0
Shahbaz Ahmed,RA Jadeja,28,32,0,4,114.29
Shahbaz Ahmed,RD Chahar,6,2,0,2,33.33
Shahbaz Ahmed,Rashid Khan,14,12,0,3,85.71
Shahbaz Ahmed,Ravi Bishnoi,10,8,2,3,80.0
Shahbaz Ahmed,S Nadeem,8,16,2,2,200.0
Shahbaz Ahmed,SM Curran,10,14,0,3,140.0
Shahbaz Ahmed,SN Thakur,6,10,0,3,166.67
Shahbaz Ahmed,SP Narine,16,16,2,3,100.0
Shahbaz Ahmed,Shivam Mavi,6,8,0,2,133.33
Shahbaz Ahmed,Suyash Sharma,8,2,2,2,25.0
Shahbaz Ahmed,Swapnil Singh,12,10,0,2,83.33
Shahbaz Ahmed,T Natarajan,22,10,0,4,45.45
Shahbaz Ahmed,TA Boult,30,34,6,5,113.33
Shahbaz Ahmed,TG Southee,8,6,0,2,75.0
Shahbaz Ahmed,UT Yadav,14,14,0,3,100.0
Shahbaz Ahmed,Umran Malik,22,32,2,3,145.45
Shahbaz Ahmed,YS Chahal,34,18,0,4,52.94
Shahbaz Ahmed,Yash Dayal,14,14,0,2,100.0
Shahid Afridi,GD McGrath,10,26,0,2,260.0
Shahid Afridi,IK Pathan,6,10,0,2,166.67
Shahid Afridi,Joginder Sharma,10,40,0,2,400.0
Shahid Afridi,MF Maharoof,20,20,0,3,100.0
Shahid Afridi,Mohammad Asif,8,24,0,2,300.0
Shahid Afridi,YK Pathan,8,20,2,2,250.0
Shakib Al Hasan,A Nehra,14,12,0,2,85.71
Shakib Al Hasan,A Singh,6,12,2,2,200.0
Shakib Al Hasan,AB Dinda,18,26,0,2,144.44
Shakib Al Hasan,AD Russell,18,42,0,3,233.33
Shakib Al Hasan,AJ Tye,12,16,0,3,133.33
Shakib Al Hasan,AN Ahmed,20,14,2,3,70.0
Shakib Al Hasan,AR Patel,16,20,2,3,125.0
Shakib Al Hasan,B Kumar,22,22,6,4,100.0
Shakib Al Hasan,BA Bhatt,6,2,0,2,33.33
Shakib Al Hasan,BB Sran,28,40,0,4,142.86
Shakib Al Hasan,BW Hilfenhaus,18,48,0,3,266.67
Shakib Al Hasan,C de Grandhomme,10,12,0,2,120.0
Shakib Al Hasan,CH Morris,6,0,2,2,0.0
Shakib Al Hasan,CJ Jordan,6,4,0,2,66.67
Shakib Al Hasan,DJ Bravo,52,88,4,6,169.23
Shakib Al Hasan,DL Chahar,22,24,0,4,109.09
Shakib Al Hasan,DR Smith,30,14,4,4,46.67
Shakib Al Hasan,DS Kulkarni,34,58,0,4,170.59
Shakib Al Hasan,DT Christian,6,12,0,2,200.0
Shakib Al Hasan,GJ Maxwell,10,18,0,2,180.0
Shakib Al Hasan,HH Pandya,20,30,2,4,150.0
Shakib Al Hasan,HV Patel,16,14,0,2,87.5
Shakib Al Hasan,Harbhajan Singh,24,34,0,5,141.67
Shakib Al Hasan,JD Unadkat,12,10,2,3,83.33
Shakib Al Hasan,JP Duminy,14,14,0,2,100.0
Shakib Al Hasan,JP Faulkner,28,30,0,4,107.14
Shakib Al Hasan,KA Jamieson,12,12,2,2,100.0
Shakib Al Hasan,KA Pollard,6,4,0,2,66.67
Shakib Al Hasan,KH Pandya,8,4,2,3,50.0
Shakib Al Hasan,KV Sharma,20,4,4,4,20.0
Shakib Al Hasan,KW Richardson,18,36,0,2,200.0
Shakib Al Hasan,Karanveer Singh,12,14,2,2,116.67
Shakib Al Hasan,Kuldeep Yadav,18,16,0,3,88.89
Shakib Al Hasan,M Markande,12,4,2,2,33.33
Shakib Al Hasan,M Muralitharan,16,14,0,4,87.5
Shakib Al Hasan,M Prasidh Krishna,14,14,2,3,100.0
Shakib Al Hasan,MG Johnson,16,22,0,3,137.5
Shakib Al Hasan,MJ Clarke,20,34,0,2,170.0
Shakib Al Hasan,MJ McClenaghan,12,14,0,3,116.67
Shakib Al Hasan,MK Tiwary,8,10,0,2,125.0
Shakib Al Hasan,MM Ali,8,18,0,2,225.0
Shakib Al Hasan,MM Patel,6,12,0,2,200.0
Shakib Al Hasan,MM Sharma,22,30,0,4,136.36
Shakib Al Hasan,Mohammed Shami,6,12,0,2,200.0
Shakib Al Hasan,Mohammed Siraj,20,24,0,3,120.0
Shakib Al Hasan,Mujeeb Ur Rahman,14,6,2,2,42.86
Shakib Al Hasan,Mustafizur Rahman,20,24,0,3,120.0
Shakib Al Hasan,NM Coulter-Nile,10,14,0,2,140.0
Shakib Al Hasan,P Awana,8,10,0,2,125.0
Shakib Al Hasan,P Kumar,8,20,0,2,250.0
Shakib Al Hasan,P Sahu,6,2,0,2,33.33
Shakib Al Hasan,PP Chawla,40,28,4,4,70.0
Shakib Al Hasan,PV Tambe,14,16,0,4,114.29
Shakib Al Hasan,R Ashwin,48,52,2,7,108.33
Shakib Al Hasan,R Bhatia,8,8,2,3,100.0
Shakib Al Hasan,R Dhawan,6,6,0,2,100.0
Shakib Al Hasan,R Vinay Kumar,8,6,4,4,75.0
Shakib Al Hasan,RA Jadeja,48,68,4,7,141.67
Shakib Al Hasan,RD Chahar,6,4,0,2,66.67
Shakib Al Hasan,RG Sharma,8,14,0,2,175.0
Shakib Al Hasan,S Nadeem,6,12,0,2,200.0
Shakib Al Hasan,SK Raina,6,12,0,2,200.0
Shakib Al Hasan,SK Trivedi,14,20,0,2,142.86
Shakib Al Hasan,SL Malinga,30,28,6,5,93.33
Shakib Al Hasan,SN Thakur,12,16,0,4,133.33
Shakib Al Hasan,SP Narine,16,28,0,3,175.0
Shakib Al Hasan,SR Watson,38,58,0,6,152.63
Shakib Al Hasan,T Natarajan,6,4,0,2,66.67
Shakib Al Hasan,TG Southee,10,24,2,3,240.0
Shakib Al Hasan,UT Yadav,10,6,0,2,60.0
Shakib Al Hasan,VR Aaron,10,8,0,3,80.0
Shakib Al Hasan,Washington Sundar,6,4,0,2,66.67
Shakib Al Hasan,YS Chahal,46,82,0,5,178.26
Shakib Al Hasan,Yuvraj Singh,8,10,0,2,125.0
Shashank Singh,A Kamboj,6,14,0,2,233.33
Shashank Singh,A Nortje,8,4,0,3,50.0
Shashank Singh,AS Joseph,18,50,0,3,277.78
Shashank Singh,Abhishek Sharma,6,10,0,2,166.67
Shashank Singh,Akash Madhwal,28,40,0,3,142.86
Shashank Singh,Avesh Khan,16,28,2,4,175.0
Shashank Singh,B Kumar,50,104,2,6,208.0
Shashank Singh,CV Varun,34,56,0,4,164.71
Shashank Singh,D Pretorius,14,18,0,2,128.57
Shashank Singh,Fazalhaq Farooqi,10,34,0,2,340.0
Shashank Singh,G Coetzee,6,10,0,2,166.67
Shashank Singh,HH Pandya,12,10,0,2,83.33
Shashank Singh,Harsh Dubey,6,6,0,2,100.0
Shashank Singh,Harshit Rana,14,46,0,2,328.57
Shashank Singh,JC Archer,8,2,0,2,25.0
Shashank Singh,JD Unadkat,14,32,0,3,228.57
Shashank Singh,JR Hazlewood,56,96,0,7,171.43
Shashank Singh,K Rabada,6,4,0,2,66.67
Shashank Singh,KA Maharaj,8,14,0,2,175.0
Shashank Singh,KH Pandya,38,40,0,5,105.26
Shashank Singh,KK Ahmed,8,18,2,4,225.0
Shashank Singh,KV Sharma,12,38,0,2,316.67
Shashank Singh,LH Ferguson,10,44,0,3,440.0
Shashank Singh,M Pathirana,26,24,0,3,92.31
Shashank Singh,M Theekshana,8,6,0,3,75.0
Shashank Singh,MJ Henry,6,14,0,2,233.33
Shashank Singh,MJ Santner,10,12,2,2,120.0
Shashank Singh,MM Ali,6,18,0,2,300.0
Shashank Singh,MM Sharma,30,54,0,3,180.0
Shashank Singh,MP Yadav,12,30,0,2,250.0
Shashank Singh,Mohammed Siraj,14,46,0,3,328.57
Shashank Singh,Mukesh Choudhary,8,8,2,2,100.0
Shashank Singh,Mukesh Kumar,8,18,0,3,225.0
Shashank Singh,Mustafizur Rahman,20,4,2,3,20.0
Shashank Singh,Naveen-ul-Haq,8,12,0,2,150.0
Shashank Singh,Nithish Kumar Reddy,6,4,0,3,66.67
Shashank Singh,Noor Ahmad,50,82,0,5,164.0
Shashank Singh,PJ Cummins,12,22,0,3,183.33
Shashank Singh,PVD Chameera,12,36,0,2,300.0
Shashank Singh,PWH de Silva,22,20,2,4,90.91
Shashank Singh,Prince Yadav,8,6,2,3,75.0
Shashank Singh,R Ashwin,16,22,0,2,137.5
Shashank Singh,R Parag,12,18,0,2,150.0
Shashank Singh,R Sai Kishore,12,10,2,3,83.33
Shashank Singh,R Shepherd,14,18,0,4,128.57
Shashank Singh,RA Jadeja,42,50,2,5,119.05
Shashank Singh,RJ Gleeson,14,22,0,3,157.14
Shashank Singh,Ramandeep Singh,6,16,0,2,266.67
Shashank Singh,Rashid Khan,24,58,0,4,241.67
Shashank Singh,Rasikh Salam,8,8,2,2,100.0
Shashank Singh,S Gopal,14,44,0,2,314.29
Shashank Singh,SN Thakur,20,28,2,4,140.0
Shashank Singh,SP Narine,26,18,0,3,69.23
Shashank Singh,Sandeep Sharma,12,12,0,2,100.0
Shashank Singh,Suyash Sharma,36,60,2,5,166.67
Shashank Singh,Swapnil Singh,12,14,0,2,116.67
Shashank Singh,T Natarajan,28,48,0,3,171.43
Shashank Singh,TG Southee,10,8,2,2,80.0
Shashank Singh,TU Deshpande,30,54,0,3,180.0
Shashank Singh,UT Yadav,8,30,0,3,375.0
Shashank Singh,V Nigam,10,10,0,3,100.0
Shashank Singh,WG Jacks,6,4,0,2,66.67
Shashank Singh,Washington Sundar,6,8,0,2,133.33
Shashank Singh,YS Chahal,8,4,0,2,50.0
Shashank Singh,Yash Dayal,18,18,0,5,100.0
Shivam Mavi,A Mishra,6,0,2,2,0.0
Shivam Mavi,CH Morris,8,0,2,2,0.0
Shivam Mavi,DJ Bravo,20,36,4,3,180.0
Shivam Mavi,JL Pattinson,10,4,0,2,40.0
Shivam Mavi,MP Stoinis,6,2,0,2,33.33
Shivam Mavi,Mustafizur Rahman,6,10,0,2,166.67
Shivam Mavi,RD Chahar,8,6,2,2,75.0
Shivam Mavi,Rashid Khan,10,8,2,3,80.0
Shivam Mavi,S Kaul,12,10,2,3,83.33
Shivang Kumar,A Kamboj,6,10,2,2,166.67
Shivang Kumar,Brijesh Sharma,6,4,0,2,66.67
Shivang Kumar,Gurjapneet Singh,10,14,0,2,140.0
Shivang Kumar,JC Archer,10,28,0,2,280.0
Shivang Kumar,JO Holder,6,0,2,2,0.0
Shivang Kumar,M Prasidh Krishna,6,8,0,2,133.33
Shivang Kumar,RA Jadeja,8,8,0,2,100.0
Shivang Kumar,SS Mishra,12,4,2,2,33.33
Shivang Kumar,Yash Raj Punja,10,8,0,2,80.0
Shoaib Ahmed,DP Nannes,6,0,0,2,0.0
Shoaib Akhtar,DJ Thornely,8,2,0,2,25.0
Shoaib Malik,B Lee,6,8,0,2,133.33
Shoaib Malik,DJ Bravo,8,12,0,2,150.0
Shoaib Malik,DJ Thornely,8,6,0,2,75.0
Shoaib Malik,DS Kulkarni,14,18,0,2,128.57
Shoaib Malik,P Kumar,6,12,0,2,200.0
Shoaib Malik,PP Chawla,6,4,0,2,66.67
Shoaib Malik,S Sreesanth,6,12,0,2,200.0
Shoaib Malik,VRV Singh,12,10,2,2,83.33
Shubman Gill,A Kamboj,34,50,2,4,147.06
Shubman Gill,A Mishra,34,38,2,4,111.76
Shubman Gill,A Nortje,50,76,8,8,152.0
Shubman Gill,A Zampa,26,28,0,3,107.69
Shubman Gill,AD Russell,14,22,0,3,157.14
Shubman Gill,AJ Hosein,10,20,0,2,200.0
Shubman Gill,AJ Tye,26,40,0,4,153.85
Shubman Gill,AK Markram,18,48,0,3,266.67
Shubman Gill,AR Patel,130,190,0,8,146.15
Shubman Gill,AS Rajpoot,18,40,0,3,222.22
Shubman Gill,AS Roy,26,70,0,3,269.23
Shubman Gill,Abhishek Sharma,18,40,0,3,222.22
Shubman Gill,Akash Deep,32,60,0,3,187.5
Shubman Gill,Akash Madhwal,36,64,4,3,177.78
Shubman Gill,Akash Singh,14,30,0,2,214.29
Shubman Gill,Arshdeep Singh,120,154,4,12,128.33
Shubman Gill,Ashwani Kumar,18,12,2,3,66.67
Shubman Gill,Avesh Khan,124,150,8,11,120.97
Shubman Gill,Azmatullah Omarzai,14,38,0,2,271.43
Shubman Gill,B Kumar,168,170,12,16,101.19
Shubman Gill,B Laughlin,6,10,0,2,166.67
Shubman Gill,BA Stokes,16,10,0,3,62.5
Shubman Gill,BB Sran,32,68,0,4,212.5
Shubman Gill,Basil Thampi,16,30,0,2,187.5
Shubman Gill,Brijesh Sharma,34,68,2,3,200.0
Shubman Gill,C Green,44,106,0,4,240.91
Shubman Gill,C Sakariya,30,30,0,3,100.0
Shubman Gill,CH Morris,52,44,2,7,84.62
Shubman Gill,CJ Jordan,52,62,0,4,119.23
Shubman Gill,CV Varun,106,186,0,6,175.47
Shubman Gill,D Ferreira,6,10,0,2,166.67
Shubman Gill,DJ Bravo,18,18,0,3,100.0
Shubman Gill,DJ Mitchell,30,64,0,2,213.33
Shubman Gill,DL Chahar,144,202,8,13,140.28
Shubman Gill,DR Sams,10,26,0,2,260.0
Shubman Gill,DS Rathi,38,38,0,3,100.0
Shubman Gill,DW Steyn,10,14,2,2,140.0
Shubman Gill,Fazalhaq Farooqi,26,50,0,3,192.31
Shubman Gill,GF Linde,12,24,0,2,200.0
Shubman Gill,GHS Garton,14,32,0,2,228.57
Shubman Gill,GJ Maxwell,26,32,4,5,123.08
Shubman Gill,Gurjapneet Singh,18,10,0,3,55.56
Shubman Gill,H Sharma,18,40,0,2,222.22
Shubman Gill,HH Pandya,46,38,8,7,82.61
Shubman Gill,HV Patel,94,128,2,10,136.17
Shubman Gill,Harbhajan Singh,22,18,0,3,81.82
Shubman Gill,Harpreet Brar,56,72,0,4,128.57
Shubman Gill,Harshit Rana,32,62,0,3,193.75
Shubman Gill,I Sharma,68,92,2,5,135.29
Shubman Gill,IS Sodhi,10,10,0,2,100.0
Shubman Gill,Imran Tahir,14,12,2,3,85.71
Shubman Gill,J Overton,8,20,0,2,250.0
Shubman Gill,JA Duffy,8,6,0,3,75.0
Shubman Gill,JC Archer,84,112,8,9,133.33
Shubman Gill,JD Unadkat,64,68,0,7,106.25
Shubman Gill,JJ Bumrah,90,86,4,10,95.56
Shubman Gill,JO Holder,38,56,0,3,147.37
Shubman Gill,JP Behrendorff,36,40,0,4,111.11
Shubman Gill,JR Hazlewood,58,102,4,7,175.86
Shubman Gill,K Kartikeya,44,68,2,4,154.55
Shubman Gill,K Rabada,118,156,4,11,132.2
Shubman Gill,KA Jamieson,32,64,2,3,200.0
Shubman Gill,KA Maharaj,16,26,0,2,162.5
Shubman Gill,KA Pollard,8,8,0,3,100.0
Shubman Gill,KH Pandya,120,130,2,9,108.33
Shubman Gill,KK Ahmed,66,98,4,8,148.48
Shubman Gill,KM Asif,10,30,0,2,300.0
Shubman Gill,KMA Paul,20,36,2,2,180.0
Shubman Gill,KR Sen,16,20,0,3,125.0
Shubman Gill,KV Sharma,22,28,2,4,127.27
Shubman Gill,Kartik Tyagi,26,40,0,4,153.85
Shubman Gill,Krish Bhagat,8,10,0,2,125.0
Shubman Gill,Kuldeep Yadav,76,146,0,4,192.11
Shubman Gill,L Ngidi,26,20,2,4,76.92
Shubman Gill,LE Plunkett,10,6,0,2,60.0
Shubman Gill,LH Ferguson,10,4,0,2,40.0
Shubman Gill,LS Livingstone,20,30,2,3,150.0
Shubman Gill,Lalit Yadav,18,16,0,3,88.89
Shubman Gill,M Ashwin,54,78,2,4,144.44
Shubman Gill,M Jansen,70,80,0,7,114.29
Shubman Gill,M Markande,30,44,2,3,146.67
Shubman Gill,M Pathirana,20,20,2,4,100.0
Shubman Gill,M Prasidh Krishna,32,32,0,4,100.0
Shubman Gill,M Siddharth,26,14,0,2,53.85
Shubman Gill,M Theekshana,40,64,2,4,160.0
Shubman Gill,MC Henriques,6,10,0,2,166.67
Shubman Gill,MG Bracewell,12,32,0,2,266.67
Shubman Gill,MJ McClenaghan,20,20,0,3,100.0
Shubman Gill,MJ Santner,62,94,0,7,151.61
Shubman Gill,MM Ali,22,40,0,2,181.82
Shubman Gill,MP Stoinis,16,34,0,5,212.5
Shubman Gill,Mohammad Nabi,34,26,0,3,76.47
Shubman Gill,Mohammed Shami,124,194,4,9,156.45
Shubman Gill,Mohammed Siraj,88,130,2,10,147.73
Shubman Gill,Mohsin Khan,22,32,0,3,145.45
Shubman Gill,Mujeeb Ur Rahman,34,46,0,3,135.29
Shubman Gill,Mukesh Choudhary,16,18,2,4,112.5
Shubman Gill,Mukesh Kumar,28,38,0,4,135.71
Shubman Gill,Mustafizur Rahman,56,60,0,6,107.14
Shubman Gill,N Burger,20,26,0,2,130.0
Shubman Gill,NA Saini,30,18,2,4,60.0
Shubman Gill,NM Coulter-Nile,12,20,0,2,166.67
Shubman Gill,Naveen-ul-Haq,6,6,0,2,100.0
Shubman Gill,Nithish Kumar Reddy,6,10,0,2,166.67
Shubman Gill,Noor Ahmad,20,34,2,3,170.0
Shubman Gill,O Thomas,10,14,0,2,140.0
Shubman Gill,OC McCoy,16,26,0,2,162.5
Shubman Gill,OF Smith,10,18,0,2,180.0
Shubman Gill,PH Solanki,6,6,0,2,100.0
Shubman Gill,PHKD Mendis,16,34,0,3,212.5
Shubman Gill,PJ Cummins,38,56,0,4,147.37
Shubman Gill,PP Chawla,48,90,2,4,187.5
Shubman Gill,PVD Chameera,44,64,2,4,145.45
Shubman Gill,PWH de Silva,36,38,0,4,105.56
Shubman Gill,Prince Yadav,18,18,2,2,100.0
Shubman Gill,R Ashwin,138,222,0,9,160.87
Shubman Gill,R Parag,20,42,2,4,210.0
Shubman Gill,R Shepherd,6,12,0,2,200.0
Shubman Gill,R Tewatia,16,22,4,6,137.5
Shubman Gill,RA Jadeja,154,248,2,12,161.04
Shubman Gill,RD Chahar,84,150,4,6,178.57
Shubman Gill,RP Meredith,22,30,0,3,136.36
Shubman Gill,RS Hangargekar,8,14,0,2,175.0
Shubman Gill,Rashid Khan,76,62,4,8,81.58
Shubman Gill,Rasikh Salam,14,20,0,2,142.86
Shubman Gill,Ravi Bishnoi,66,114,0,5,172.73
Shubman Gill,S Dube,16,28,0,3,175.0
Shubman Gill,S Gopal,52,98,0,5,188.46
Shubman Gill,S Kaul,38,30,2,5,78.95
Shubman Gill,SC Kuggeleijn,6,2,0,2,33.33
Shubman Gill,SH Johnson,18,36,2,2,200.0
Shubman Gill,SL Malinga,24,40,0,3,166.67
Shubman Gill,SM Curran,76,94,2,7,123.68
Shubman Gill,SN Thakur,90,102,4,8,113.33
Shubman Gill,SP Narine,96,124,6,6,129.17
Shubman Gill,SR Watson,12,24,0,2,200.0
Shubman Gill,SZ Mulani,18,36,0,2,200.0
Shubman Gill,Sandeep Sharma,80,68,2,8,85.0
Shubman Gill,Shahbaz Ahmed,42,56,2,5,133.33
Shubman Gill,Shakib Al Hasan,14,32,0,3,228.57
Shubman Gill,Sikandar Raza,10,14,0,2,140.0
Shubman Gill,Simarjeet Singh,24,50,0,3,208.33
Shubman Gill,Suyash Sharma,36,36,2,4,100.0
Shubman Gill,Swapnil Singh,22,18,0,4,81.82
Shubman Gill,T Natarajan,98,142,0,8,144.9
Shubman Gill,TA Boult,142,150,4,14,105.63
Shubman Gill,TU Deshpande,100,180,4,8,180.0
Shubman Gill,UT Yadav,16,28,0,4,175.0
Shubman Gill,Umran Malik,22,42,2,3,190.91
Shubman Gill,V Nigam,32,58,0,3,181.25
Shubman Gill,V Shankar,28,30,0,3,107.14
Shubman Gill,VG Arora,74,120,4,4,162.16
Shubman Gill,VR Aaron,36,50,2,3,138.89
Shubman Gill,Vijaykumar Vyshak,34,52,0,3,152.94
Shubman Gill,WD Parnell,18,40,0,2,222.22
Shubman Gill,Washington Sundar,38,54,0,4,142.11
Shubman Gill,XC Bartlett,16,30,0,3,187.5
Shubman Gill,YS Chahal,114,138,8,10,121.05
Shubman Gill,Yash Dayal,10,6,0,3,60.0
Shubman Gill,Yash Raj Punja,34,62,0,3,182.35
Shubman Gill,Yash Thakur,28,50,2,3,178.57
Shubman Gill,Yudhvir Singh,26,60,0,2,230.77
Shubman Gill,Zeeshan Ansari,44,70,0,3,159.09
Sikandar Raza,A Mishra,8,14,0,2,175.0
Sikandar Raza,Avesh Khan,18,18,0,3,100.0
Sikandar Raza,Azmatullah Omarzai,6,2,0,2,33.33
Sikandar Raza,CV Varun,8,6,0,2,75.0
Sikandar Raza,JD Unadkat,14,16,2,2,114.29
Sikandar Raza,K Gowtham,28,38,0,2,135.71
Sikandar Raza,KH Pandya,18,40,0,2,222.22
Sikandar Raza,KK Ahmed,10,18,0,2,180.0
Sikandar Raza,M Pathirana,10,16,0,2,160.0
Sikandar Raza,MA Wood,12,16,0,2,133.33
Sikandar Raza,Naveen-ul-Haq,12,14,0,2,116.67
Sikandar Raza,Nithish Kumar Reddy,8,18,0,2,225.0
Sikandar Raza,Noor Ahmad,18,22,0,2,122.22
Sikandar Raza,PJ Cummins,8,4,0,2,50.0
Sikandar Raza,Ravi Bishnoi,22,38,2,3,172.73
Sikandar Raza,SN Thakur,8,14,0,2,175.0
Sikandar Raza,SP Narine,6,2,2,2,33.33
Sikandar Raza,Shahbaz Ahmed,8,16,0,2,200.0
Sikandar Raza,UT Yadav,6,6,0,2,100.0
Sikandar Raza,Umran Malik,10,8,2,2,80.0
Sikandar Raza,Yash Thakur,8,8,2,2,100.0
Simarjeet Singh,K Kartikeya,6,4,2,2,66.67
Simarjeet Singh,OC McCoy,6,6,0,2,100.0
Sohail Tanvir,AB Agarkar,6,22,0,2,366.67
Sohail Tanvir,L Balaji,6,8,0,2,133.33
Sohail Tanvir,M Ntini,6,8,0,2,133.33
Sohail Tanvir,RR Raje,6,12,0,2,200.0
Sohail Tanvir,Umar Gul,10,6,2,3,60.0
Sohail Tanvir,VY Mahesh,8,10,0,2,125.0
Sumit Kumar,Arshdeep Singh,6,0,2,2,0.0
Sumit Kumar,CV Varun,6,2,0,2,33.33
Sumit Kumar,Noor Ahmad,12,16,0,2,133.33
Sumit Kumar,Rashid Khan,6,2,0,2,33.33
Sumit Kumar,SP Narine,6,12,2,2,200.0
Sunny Singh,S Randiv,6,4,2,2,66.67
Sunny Singh,SB Jakati,8,14,0,2,175.0
Sunny Singh,SB Wagh,6,16,0,2,266.67
Sunny Singh,SK Raina,8,22,0,2,275.0
Sunny Singh,SR Watson,6,10,0,2,166.67
Sunny Singh,VR Aaron,6,4,0,2,66.67
Suryansh Shedge,Arjun Tendulkar,8,6,0,2,75.0
Suryansh Shedge,Arshad Khan,18,28,0,2,155.56
Suryansh Shedge,JO Holder,8,8,0,2,100.0
Suryansh Shedge,JR Hazlewood,10,24,0,2,240.0
Suryansh Shedge,K Rabada,10,14,2,2,140.0
Suryansh Shedge,KH Pandya,6,6,0,2,100.0
Suryansh Shedge,L Ngidi,8,10,0,2,125.0
Suryansh Shedge,MA Starc,8,32,0,2,400.0
Suryansh Shedge,MJ Suthar,10,52,0,2,520.0
Suryansh Shedge,Mohsin Khan,6,12,0,2,200.0
Suryansh Shedge,Nithish Kumar Reddy,8,6,0,2,75.0
Suryansh Shedge,PWH de Silva,6,4,0,2,66.67
Suryansh Shedge,Rashid Khan,12,12,0,2,100.0
Suryansh Shedge,Rasikh Salam,8,8,0,2,100.0
Suryansh Shedge,SN Thakur,6,0,2,2,0.0
Suryansh Shedge,Shivang Kumar,18,40,0,2,222.22
Suryansh Shedge,Suyash Sharma,18,30,2,2,166.67
Swapnil Singh,A Zampa,16,10,0,2,62.5
Swapnil Singh,DT Christian,10,10,0,2,100.0
Swapnil Singh,JD Unadkat,8,0,2,2,0.0
Swapnil Singh,Noor Ahmad,18,18,0,3,100.0
Swapnil Singh,Rashid Khan,6,14,0,2,233.33
Swapnil Singh,Sandeep Sharma,6,16,0,2,266.67
Swapnil Singh,T Natarajan,10,22,2,2,220.0
T Banton,Mohammed Siraj,18,6,2,3,33.33
T Banton,NA Saini,18,26,2,3,144.44
T Dahiya,AM Ghazanfar,8,10,0,2,125.0
T Dahiya,C Bosch,10,8,2,2,80.0
T Dahiya,JJ Bumrah,6,4,0,2,66.67
T Henderson,P Kumar,12,4,0,2,33.33
T Henderson,R Vinay Kumar,10,16,0,2,160.0
T Kohler-Cadmore,Arshdeep Singh,6,2,0,2,33.33
T Kohler-Cadmore,B Kumar,12,4,0,2,33.33
T Kohler-Cadmore,HV Patel,12,8,0,2,66.67
T Kohler-Cadmore,Mohammed Siraj,14,20,0,2,142.86
T Kohler-Cadmore,NT Ellis,12,6,0,2,50.0
T Kohler-Cadmore,PJ Cummins,20,16,2,2,80.0
T Kohler-Cadmore,SM Curran,14,20,0,2,142.86
T Kohler-Cadmore,Yash Dayal,10,18,0,2,180.0
T Kohli,B Geeves,6,2,0,2,33.33
T Kohli,GD McGrath,18,12,2,2,66.67
T Natarajan,S Dube,6,4,0,2,66.67
T Shamsi,A Nortje,6,2,0,2,33.33
T Stubbs,A Kamboj,12,20,0,3,166.67
T Stubbs,A Nortje,26,38,0,2,146.15
T Stubbs,AF Milne,8,6,0,2,75.0
T Stubbs,AJ Hosein,8,4,0,2,50.0
T Stubbs,AS Roy,6,4,2,2,66.67
T Stubbs,Abhishek Sharma,8,8,0,3,100.0
T Stubbs,Akash Madhwal,10,34,0,2,340.0
T Stubbs,Arshad Khan,10,40,0,3,400.0
T Stubbs,Arshdeep Singh,34,22,0,4,64.71
T Stubbs,Avesh Khan,12,10,0,2,83.33
T Stubbs,B Kumar,40,70,4,7,175.0
T Stubbs,BJ Dwarshuis,8,6,0,2,75.0
T Stubbs,CV Varun,34,54,4,3,158.82
T Stubbs,D Pretorius,6,2,0,2,33.33
T Stubbs,DS Rathi,6,6,0,2,100.0
T Stubbs,E Malinga,36,58,2,3,161.11
T Stubbs,G Coetzee,6,14,0,2,233.33
T Stubbs,Gurjapneet Singh,50,96,0,3,192.0
T Stubbs,HV Patel,30,32,0,4,106.67
T Stubbs,Harpreet Brar,10,16,0,3,160.0
T Stubbs,I Sharma,16,24,0,2,150.0
T Stubbs,J Overton,20,10,4,3,50.0
T Stubbs,JC Archer,18,28,2,4,155.56
T Stubbs,JD Unadkat,10,6,0,2,60.0
T Stubbs,JJ Bumrah,26,16,2,5,61.54
T Stubbs,JR Hazlewood,26,36,0,4,138.46
T Stubbs,K Rabada,6,2,0,2,33.33
T Stubbs,KH Pandya,50,54,0,6,108.0
T Stubbs,KK Ahmed,18,42,0,3,233.33
T Stubbs,KV Sharma,10,4,2,3,40.0
T Stubbs,L Wood,16,54,0,2,337.5
T Stubbs,M Jansen,6,4,0,2,66.67
T Stubbs,M Markande,6,4,0,2,66.67
T Stubbs,M Pathirana,34,22,4,4,64.71
T Stubbs,M Prasidh Krishna,14,20,0,3,142.86
T Stubbs,M Siddharth,14,36,2,2,257.14
T Stubbs,M Theekshana,12,14,0,3,116.67
T Stubbs,MJ Santner,6,4,0,2,66.67
T Stubbs,Mohammed Shami,12,16,0,2,133.33
T Stubbs,Mohammed Siraj,10,16,2,4,160.0
T Stubbs,Mohsin Khan,24,28,0,3,116.67
T Stubbs,Mukesh Choudhary,20,30,2,4,150.0
T Stubbs,N Thushara,14,30,0,2,214.29
T Stubbs,Naveen-ul-Haq,24,54,0,3,225.0
T Stubbs,Nithish Kumar Reddy,6,14,2,3,233.33
T Stubbs,Noor Ahmad,28,30,0,3,107.14
T Stubbs,PJ Cummins,10,8,0,3,80.0
T Stubbs,PP Chawla,18,36,0,3,200.0
T Stubbs,PWA Mulder,8,18,0,2,225.0
T Stubbs,PWH de Silva,12,22,0,2,183.33
T Stubbs,Prince Yadav,24,20,0,3,83.33
T Stubbs,R Ashwin,16,40,0,3,250.0
T Stubbs,R Sai Kishore,18,60,0,3,333.33
T Stubbs,R Shepherd,18,58,0,3,322.22
T Stubbs,RA Jadeja,6,4,0,2,66.67
T Stubbs,RD Chahar,6,6,2,2,100.0
T Stubbs,Rashid Khan,16,28,0,2,175.0
T Stubbs,Rasikh Salam,28,40,0,2,142.86
T Stubbs,Ravi Bishnoi,14,20,0,4,142.86
T Stubbs,SN Thakur,6,4,0,2,66.67
T Stubbs,SP Narine,34,42,2,5,123.53
T Stubbs,SSB Magala,8,4,2,2,50.0
T Stubbs,Sakib Hussain,6,12,0,2,200.0
T Stubbs,Sandeep Sharma,44,108,2,4,245.45
T Stubbs,Suyash Sharma,32,50,0,4,156.25
T Stubbs,T Natarajan,8,8,0,3,100.0
T Stubbs,TU Deshpande,18,34,0,4,188.89
T Stubbs,VG Arora,10,18,0,2,180.0
T Stubbs,YS Chahal,24,42,0,3,175.0
T Stubbs,Yash Dayal,14,34,0,3,242.86
T Stubbs,Yash Thakur,8,16,0,3,200.0
T Stubbs,Zeeshan Ansari,20,18,0,3,90.0
T Taibu,A Kumble,8,4,0,2,50.0
T Taibu,A Mishra,8,4,0,2,50.0
T Taibu,DP Vijaykumar,6,10,0,2,166.67
T Taibu,P Kumar,10,22,0,2,220.0
T Taibu,PJ Sangwan,6,6,0,2,100.0
T Thushara,B Lee,8,0,0,2,0.0
T Thushara,Harmeet Singh,8,10,0,2,125.0
T Thushara,RJ Harris,8,6,2,2,75.0
T Thushara,SK Trivedi,6,4,0,2,66.67
TA Boult,Avesh Khan,8,8,0,3,100.0
TA Boult,HH Pandya,10,6,0,2,60.0
TA Boult,HV Patel,8,8,2,3,100.0
TA Boult,LH Ferguson,6,6,0,2,100.0
TA Boult,Mohammed Shami,6,2,2,3,33.33
TA Boult,Mohammed Siraj,8,8,0,2,100.0
TA Boult,Mohsin Khan,10,26,0,2,260.0
TA Boult,NT Ellis,12,16,0,2,133.33
TA Boult,Noor Ahmad,14,26,0,2,185.71
TA Boult,R Sai Kishore,8,16,2,2,200.0
TA Boult,RA Jadeja,6,12,2,2,200.0
TA Boult,TG Southee,6,4,0,2,66.67
TA Boult,YS Chahal,6,0,0,2,0.0
TD Paine,A Mithun,8,4,0,2,50.0
TD Paine,AG Murtaza,6,2,0,2,33.33
TD Paine,S Aravind,16,6,2,2,37.5
TD Paine,SL Malinga,6,2,0,2,33.33
TD Paine,Z Khan,10,6,0,2,60.0
TG Southee,AD Mathews,6,14,0,2,233.33
TG Southee,Avesh Khan,10,6,2,2,60.0
TG Southee,BA Stokes,6,14,0,2,233.33
TG Southee,CH Morris,6,6,0,3,100.0
TG Southee,DJ Bravo,32,60,0,3,187.5
TG Southee,DJ Willey,14,16,0,2,114.29
TG Southee,Harbhajan Singh,6,2,0,2,33.33
TG Southee,IC Pandey,6,8,0,2,133.33
TG Southee,IS Sodhi,8,6,0,2,75.0
TG Southee,JC Archer,8,10,0,2,125.0
TG Southee,JD Unadkat,14,12,2,2,85.71
TG Southee,JJ Bumrah,8,2,2,3,25.0
TG Southee,JP Faulkner,8,18,0,2,225.0
TG Southee,K Rabada,14,14,0,2,100.0
TG Southee,Mustafizur Rahman,8,4,4,3,50.0
TG Southee,SL Malinga,6,8,0,2,133.33
TG Southee,SN Thakur,10,22,0,2,220.0
TH David,A Kamboj,18,36,0,2,200.0
TH David,A Nortje,26,44,0,4,169.23
TH David,AD Russell,24,38,2,4,158.33
TH David,AR Patel,26,50,2,4,192.31
TH David,AS Joseph,8,16,0,2,200.0
TH David,Arshad Khan,10,12,2,2,120.0
TH David,Arshdeep Singh,38,88,2,5,231.58
TH David,Avesh Khan,26,20,0,4,76.92
TH David,Azmatullah Omarzai,8,16,0,2,200.0
TH David,B Kumar,32,64,0,4,200.0
TH David,Brijesh Sharma,10,16,2,2,160.0
TH David,CV Varun,28,42,2,5,150.0
TH David,D Pretorius,12,8,0,2,66.67
TH David,DA Payne,14,26,0,2,185.71
TH David,DS Rathi,16,36,0,3,225.0
TH David,E Malinga,8,0,2,2,0.0
TH David,Fazalhaq Farooqi,8,18,0,2,225.0
TH David,HH Pandya,10,24,0,2,240.0
TH David,HV Patel,12,4,2,3,33.33
TH David,Harpreet Brar,14,40,0,2,285.71
TH David,I Sharma,10,26,0,2,260.0
TH David,J Overton,20,62,0,2,310.0
TH David,JA Richardson,16,20,0,2,125.0
TH David,JC Archer,22,22,0,3,100.0
TH David,JD Unadkat,24,36,0,4,150.0
TH David,JJ Bumrah,16,28,0,3,175.0
TH David,JO Holder,26,76,0,5,292.31
TH David,K Rabada,14,18,0,3,128.57
TH David,KK Ahmed,34,72,2,7,211.76
TH David,KR Sen,8,20,0,2,250.0
TH David,KV Sharma,6,4,2,2,66.67
TH David,Kuldeep Yadav,18,18,0,5,100.0
TH David,L Ngidi,10,22,0,2,220.0
TH David,LB Williams,8,14,0,2,175.0
TH David,LH Ferguson,8,18,0,4,225.0
TH David,M Jansen,8,10,0,2,125.0
TH David,M Pathirana,8,6,0,3,75.0
TH David,M Prasidh Krishna,22,40,4,4,181.82
TH David,M Theekshana,6,4,0,2,66.67
TH David,MA Starc,10,16,2,2,160.0
TH David,MJ Santner,14,12,0,3,85.71
TH David,MJ Suthar,6,4,0,2,66.67
TH David,MM Ali,8,28,0,2,350.0
TH David,MM Sharma,16,20,2,3,125.0
TH David,MP Yadav,12,34,0,2,283.33
TH David,Mohammed Shami,24,52,0,2,216.67
TH David,Mohammed Siraj,6,4,0,2,66.67
TH David,Mohsin Khan,32,72,0,3,225.0
TH David,Mukesh Kumar,38,108,2,5,284.21
TH David,Mustafizur Rahman,12,38,2,3,316.67
TH David,N Burger,6,0,2,2,0.0
TH David,NT Ellis,20,42,0,3,210.0
TH David,Naveen-ul-Haq,30,42,0,4,140.0
TH David,Noor Ahmad,16,40,2,4,250.0
TH David,PJ Cummins,16,16,0,2,100.0
TH David,Prince Yadav,6,4,0,3,66.67
TH David,R Ashwin,16,10,0,3,62.5
TH David,R Sai Kishore,10,16,0,2,160.0
TH David,RA Jadeja,6,6,0,2,100.0
TH David,Rashid Khan,54,64,6,8,118.52
TH David,Rasikh Salam,8,8,0,2,100.0
TH David,Ravi Bishnoi,18,16,0,3,88.89
TH David,SM Curran,34,82,0,5,241.18
TH David,SN Thakur,24,66,2,4,275.0
TH David,SP Narine,16,8,0,4,50.0
TH David,Sakib Hussain,10,26,0,2,260.0
TH David,Sandeep Sharma,20,40,2,4,200.0
TH David,Shahbaz Ahmed,14,32,2,2,228.57
TH David,T Natarajan,32,94,0,3,293.75
TH David,TA Boult,22,44,0,4,200.0
TH David,TU Deshpande,18,38,4,4,211.11
TH David,V Nigam,6,4,0,2,66.67
TH David,XC Bartlett,12,22,0,2,183.33
TH David,YS Chahal,20,24,2,5,120.0
TH David,Yash Thakur,16,26,2,3,162.5
TK Curran,BCJ Cutting,12,12,0,2,100.0
TK Curran,C Sakariya,6,6,0,2,100.0
TK Curran,CH Morris,10,16,0,3,160.0
TK Curran,CV Varun,24,22,0,2,91.67
TK Curran,DL Chahar,8,2,0,2,25.0
TK Curran,HH Pandya,6,8,0,2,133.33
TK Curran,JJ Bumrah,6,2,0,2,33.33
TK Curran,KA Pollard,12,16,2,2,133.33
TK Curran,KH Pandya,10,8,2,3,80.0
TK Curran,KL Nagarkoti,6,4,0,2,66.67
TK Curran,Kuldeep Yadav,10,18,0,2,180.0
TK Curran,Mustafizur Rahman,12,14,2,2,116.67
TK Curran,R Tewatia,10,10,2,3,100.0
TK Curran,RD Chahar,10,6,0,2,60.0
TK Curran,SM Curran,8,16,0,2,200.0
TK Curran,SN Thakur,6,0,0,2,0.0
TK Curran,SP Narine,24,54,0,2,225.0
TK Curran,Shivam Mavi,8,10,0,2,125.0
TL Seifert,DR Sams,6,18,0,2,300.0
TL Seifert,JJ Bumrah,12,18,0,2,150.0
TL Seifert,K Rabada,16,26,2,2,162.5
TL Seifert,M Ashwin,6,0,2,2,0.0
TL Seifert,Mohammed Shami,14,8,0,3,57.14
TL Seifert,Mohammed Siraj,12,12,0,2,100.0
TL Seifert,Mohsin Khan,6,0,2,2,0.0
TL Suman,A Kumble,36,48,2,4,133.33
TL Suman,A Mishra,28,16,0,5,57.14
TL Suman,A Nehra,24,42,0,4,175.0
TL Suman,A Singh,12,6,2,2,50.0
TL Suman,AA Chavan,16,16,0,3,100.0
TL Suman,AB Agarkar,14,26,0,3,185.71
TL Suman,AC Thomas,10,30,0,2,300.0
TL Suman,AD Mathews,8,14,0,3,175.0
TL Suman,Ankit Sharma,10,2,0,2,20.0
TL Suman,Azhar Mahmood,6,2,2,2,33.33
TL Suman,B Lee,6,8,0,2,133.33
TL Suman,BJ Hodge,12,20,0,2,166.67
TL Suman,Bipul Sharma,8,4,0,3,50.0
TL Suman,CH Gayle,8,16,0,2,200.0
TL Suman,CK Langeveldt,6,4,0,2,66.67
TL Suman,DE Bollinger,8,8,2,2,100.0
TL Suman,DJ Bravo,18,16,2,3,88.89
TL Suman,DL Vettori,6,4,0,2,66.67
TL Suman,DP Nannes,28,26,0,5,92.86
TL Suman,DS Kulkarni,14,14,0,2,100.0
TL Suman,DT Christian,10,14,0,2,140.0
TL Suman,DW Steyn,36,42,4,4,116.67
TL Suman,Harbhajan Singh,40,50,6,5,125.0
TL Suman,I Sharma,34,18,0,4,52.94
TL Suman,IK Pathan,22,42,0,4,190.91
TL Suman,Iqbal Abdulla,6,2,2,3,33.33
TL Suman,J Theron,16,22,0,2,137.5
TL Suman,JD Ryder,6,16,0,2,266.67
TL Suman,JE Taylor,6,14,0,2,233.33
TL Suman,JH Kallis,32,16,0,3,50.0
TL Suman,KA Pollard,12,10,0,2,83.33
TL Suman,M Kartik,14,10,0,3,71.43
TL Suman,M Morkel,16,20,0,2,125.0
TL Suman,M Muralitharan,10,4,2,2,40.0
TL Suman,MC Henriques,28,36,0,3,128.57
TL Suman,MG Johnson,6,18,0,2,300.0
TL Suman,MM Patel,14,10,0,3,71.43
TL Suman,NLTC Perera,10,14,0,2,140.0
TL Suman,P Kumar,34,54,0,4,158.82
TL Suman,PJ Sangwan,26,16,4,4,61.54
TL Suman,PP Chawla,28,34,2,4,121.43
TL Suman,PP Ojha,10,12,0,2,120.0
TL Suman,R Ashwin,10,6,0,2,60.0
TL Suman,R McLaren,10,8,0,2,80.0
TL Suman,R Sharma,6,2,2,2,33.33
TL Suman,R Vinay Kumar,32,48,2,4,150.0
TL Suman,RA Jadeja,12,8,0,2,66.67
TL Suman,RE van der Merwe,6,4,0,2,66.67
TL Suman,RJ Harris,18,0,2,3,0.0
TL Suman,RP Singh,6,4,0,2,66.67
TL Suman,S Sreesanth,14,18,0,3,128.57
TL Suman,S Tyagi,20,42,0,3,210.0
TL Suman,SB Jakati,32,26,2,3,81.25
TL Suman,SJ Srivastava,30,38,0,4,126.67
TL Suman,SK Raina,32,62,0,3,193.75
TL Suman,SK Trivedi,24,32,2,4,133.33
TL Suman,SK Warne,34,40,0,3,117.65
TL Suman,SL Malinga,22,22,0,4,100.0
TL Suman,SM Harwood,14,28,0,2,200.0
TL Suman,Shakib Al Hasan,10,2,2,2,20.0
TL Suman,T Thushara,26,22,0,2,84.62
TL Suman,TM Dilshan,14,30,0,3,214.29
TL Suman,UT Yadav,12,20,2,3,166.67
TL Suman,V Kohli,6,8,0,2,133.33
TL Suman,YK Pathan,8,18,0,3,225.0
TL Suman,Yuvraj Singh,30,52,0,4,173.33
TM Dilshan,A Ashish Reddy,26,32,0,2,123.08
TM Dilshan,A Chandila,20,20,0,3,100.0
TM Dilshan,A Flintoff,8,22,0,2,275.0
TM Dilshan,A Kumble,34,26,2,3,76.47
TM Dilshan,A Mishra,26,26,0,2,100.0
TM Dilshan,A Singh,8,6,0,2,75.0
TM Dilshan,A Symonds,28,32,2,3,114.29
TM Dilshan,AB Agarkar,16,32,0,2,200.0
TM Dilshan,AB Dinda,42,44,4,5,104.76
TM Dilshan,AC Thomas,22,18,0,3,81.82
TM Dilshan,AD Mascarenhas,14,12,2,4,85.71
TM Dilshan,AD Mathews,22,20,0,2,90.91
TM Dilshan,AG Murtaza,20,20,0,3,100.0
TM Dilshan,Anand Rajan,14,16,0,2,114.29
TM Dilshan,B Akhil,14,18,0,3,128.57
TM Dilshan,B Kumar,46,22,0,3,47.83
TM Dilshan,BJ Hodge,6,4,0,2,66.67
TM Dilshan,DP Vijaykumar,6,14,0,2,233.33
TM Dilshan,DR Smith,24,30,2,4,125.0
TM Dilshan,DS Kulkarni,8,0,2,2,0.0
TM Dilshan,DW Steyn,46,26,2,5,56.52
TM Dilshan,FH Edwards,16,36,0,2,225.0
TM Dilshan,GB Hogg,30,40,0,2,133.33
TM Dilshan,Harbhajan Singh,68,82,2,6,120.59
TM Dilshan,Harmeet Singh,24,26,2,3,108.33
TM Dilshan,I Sharma,32,36,6,6,112.5
TM Dilshan,IC Pandey,8,20,0,2,250.0
TM Dilshan,IK Pathan,10,20,0,2,200.0
TM Dilshan,Iqbal Abdulla,8,8,0,2,100.0
TM Dilshan,J Botha,42,50,2,3,119.05
TM Dilshan,JA Morkel,26,32,4,5,123.08
TM Dilshan,JD Unadkat,8,8,0,2,100.0
TM Dilshan,JE Taylor,20,24,0,2,120.0
TM Dilshan,JH Kallis,8,16,0,2,200.0
TM Dilshan,JP Duminy,20,10,0,2,50.0
TM Dilshan,JP Faulkner,20,20,0,2,100.0
TM Dilshan,Joginder Sharma,18,22,0,3,122.22
TM Dilshan,K Upadhyay,14,32,0,2,228.57
TM Dilshan,KA Pollard,54,52,0,4,96.3
TM Dilshan,KK Cooper,24,32,0,2,133.33
TM Dilshan,KP Appanna,24,20,0,2,83.33
TM Dilshan,L Balaji,38,40,2,4,105.26
TM Dilshan,LJ Wright,10,8,2,2,80.0
TM Dilshan,M Kartik,24,16,0,2,66.67
TM Dilshan,M Muralitharan,22,22,2,3,100.0
TM Dilshan,MC Henriques,14,14,0,2,100.0
TM Dilshan,MG Johnson,22,12,2,3,54.55
TM Dilshan,MM Patel,78,52,2,8,66.67
TM Dilshan,MR Marsh,12,14,0,3,116.67
TM Dilshan,MS Gony,10,18,0,3,180.0
TM Dilshan,P Kumar,10,16,0,2,160.0
TM Dilshan,P Parameswaran,6,4,0,2,66.67
TM Dilshan,PP Chawla,10,0,0,2,0.0
TM Dilshan,PP Ojha,46,44,2,5,95.65
TM Dilshan,Pankaj Singh,44,76,0,4,172.73
TM Dilshan,R Ashwin,6,6,0,3,100.0
TM Dilshan,R Bhatia,10,6,0,2,60.0
TM Dilshan,R Sharma,30,30,2,3,100.0
TM Dilshan,R Vinay Kumar,22,38,0,3,172.73
TM Dilshan,RA Jadeja,32,36,0,3,112.5
TM Dilshan,RG Sharma,26,26,0,3,100.0
TM Dilshan,RJ Harris,12,20,0,3,166.67
TM Dilshan,RP Singh,86,76,2,9,88.37
TM Dilshan,RR Powar,30,58,0,3,193.33
TM Dilshan,S Dhawan,10,20,0,2,200.0
TM Dilshan,S Sreesanth,30,28,6,5,93.33
TM Dilshan,S Tyagi,14,16,0,2,114.29
TM Dilshan,SB Jakati,10,8,2,2,80.0
TM Dilshan,SC Ganguly,10,12,0,2,120.0
TM Dilshan,SK Trivedi,64,108,0,6,168.75
TM Dilshan,SK Warne,42,42,4,5,100.0
TM Dilshan,SL Malinga,96,122,4,8,127.08
TM Dilshan,SR Watson,26,28,2,5,107.69
TM Dilshan,SW Tait,8,12,0,2,150.0
TM Dilshan,Shakib Al Hasan,8,14,0,2,175.0
TM Dilshan,Shoaib Ahmed,26,56,0,3,215.38
TM Dilshan,Shoaib Akhtar,6,8,0,2,133.33
TM Dilshan,V Pratap Singh,20,34,2,2,170.0
TM Dilshan,VRV Singh,8,16,0,2,200.0
TM Dilshan,WPUJC Vaas,14,22,0,3,157.14
TM Dilshan,Y Venugopal Rao,12,22,0,2,183.33
TM Dilshan,YK Pathan,30,26,2,4,86.67
TM Dilshan,Z Khan,10,14,0,2,140.0
TM Head,A Badoni,6,16,0,2,266.67
TM Head,A Kamboj,52,82,2,4,157.69
TM Head,A Nortje,22,58,0,3,263.64
TM Head,AD Russell,8,20,0,2,250.0
TM Head,AM Ghazanfar,10,16,0,2,160.0
TM Head,AR Patel,18,28,2,3,155.56
TM Head,AS Rajpoot,26,32,0,2,123.08
TM Head,Arshdeep Singh,54,82,4,6,151.85
TM Head,Ashwani Kumar,8,34,0,2,425.0
TM Head,Avesh Khan,36,88,2,4,244.44
TM Head,Azmatullah Omarzai,10,22,0,2,220.0
TM Head,B Kumar,26,38,2,4,146.15
TM Head,B Muzarabani,6,18,0,2,300.0
TM Head,Basil Thampi,16,30,0,2,187.5
TM Head,C Green,8,26,0,2,325.0
TM Head,C de Grandhomme,8,10,0,2,125.0
TM Head,CR Woakes,14,24,0,2,171.43
TM Head,CV Varun,22,62,2,3,281.82
TM Head,DL Chahar,48,48,0,6,100.0
TM Head,DS Rathi,22,30,0,3,136.36
TM Head,G Coetzee,12,32,2,2,266.67
TM Head,GJ Maxwell,18,32,0,2,177.78
TM Head,HH Pandya,56,102,2,6,182.14
TM Head,Harshit Rana,22,42,0,2,190.91
TM Head,I Sharma,12,10,0,2,83.33
TM Head,JA Duffy,12,10,2,2,83.33
TM Head,JC Archer,30,64,4,4,213.33
TM Head,JJ Bumrah,50,68,0,7,136.0
TM Head,JR Hazlewood,10,14,0,2,140.0
TM Head,K Gowtham,18,52,0,2,288.89
TM Head,K Rabada,24,40,0,2,166.67
TM Head,KH Pandya,20,20,2,3,100.0
TM Head,KK Ahmed,16,38,0,3,237.5
TM Head,KT Maphaka,14,50,0,2,357.14
TM Head,KV Sharma,8,4,0,2,50.0
TM Head,Kartik Tyagi,16,24,2,3,150.0
TM Head,Kuldeep Yadav,16,12,2,3,75.0
TM Head,L Ngidi,10,16,0,3,160.0
TM Head,LH Ferguson,26,66,2,4,253.85
TM Head,Lalit Yadav,14,48,0,2,342.86
TM Head,M Jansen,24,52,0,4,216.67
TM Head,M Prasidh Krishna,6,8,2,2,133.33
TM Head,M Theekshana,32,44,2,3,137.5
TM Head,MA Starc,14,20,4,3,142.86
TM Head,MC Henriques,14,20,0,2,142.86
TM Head,MJ McClenaghan,14,34,0,2,242.86
TM Head,MW Short,16,8,0,2,50.0
TM Head,Mohammed Shami,10,2,2,2,20.0
TM Head,Mohammed Siraj,32,38,4,4,118.75
TM Head,Mukesh Choudhary,20,28,4,3,140.0
TM Head,Mukesh Kumar,42,94,0,4,223.81
TM Head,N Burger,28,44,0,3,157.14
TM Head,N Rana,20,28,0,3,140.0
TM Head,N Thushara,14,18,0,2,128.57
TM Head,Naveen-ul-Haq,16,62,0,2,387.5
TM Head,Noor Ahmad,12,12,2,3,100.0
TM Head,PP Chawla,22,22,2,4,100.0
TM Head,R Ashwin,38,18,0,4,47.37
TM Head,R Parag,6,4,2,2,66.67
TM Head,RA Jadeja,14,18,0,3,128.57
TM Head,RJW Topley,14,42,0,2,300.0
TM Head,RP Singh,10,6,0,2,60.0
TM Head,Rashid Khan,24,34,2,3,141.67
TM Head,Rasikh Salam,12,24,2,2,200.0
TM Head,Ravi Bishnoi,26,56,0,3,215.38
TM Head,SH Johnson,8,8,0,2,100.0
TM Head,SN Thakur,14,20,0,2,142.86
TM Head,SP Narine,50,60,2,5,120.0
TM Head,Sandeep Sharma,58,72,4,6,124.14
TM Head,Shashank Singh,12,12,2,3,100.0
TM Head,TA Boult,66,92,2,6,139.39
TM Head,TG Southee,6,0,0,2,0.0
TM Head,TU Deshpande,26,50,4,5,192.31
TM Head,UT Yadav,22,52,0,3,236.36
TM Head,VG Arora,60,134,4,6,223.33
TM Head,Vijaykumar Vyshak,14,34,0,2,242.86
TM Head,WG Jacks,42,78,4,5,185.71
TM Head,XC Bartlett,12,28,0,2,233.33
TM Head,YS Chahal,56,106,4,6,189.29
TM Head,Yash Dayal,26,54,0,3,207.69
TM Head,Yash Thakur,6,6,0,3,100.0
TM Srivastava,GD McGrath,6,4,0,2,66.67
TM Srivastava,VY Mahesh,12,10,2,2,83.33
TR Birt,DT Christian,14,4,2,2,28.57
TR Birt,Iqbal Abdulla,12,12,0,2,100.0
TR Birt,P Kumar,8,12,2,2,150.0
TR Birt,P Parameswaran,8,18,0,2,225.0
TR Birt,PP Chawla,8,8,0,2,100.0
TR Birt,R Vinay Kumar,22,52,2,3,236.36
TR Birt,RA Jadeja,6,8,0,2,133.33
TR Birt,RJ Harris,6,12,0,2,200.0
TR Birt,RR Powar,8,2,2,2,25.0
TR Birt,S Sreesanth,8,12,0,2,150.0
TR Birt,YK Pathan,10,4,2,2,40.0
TS Mills,B Kumar,6,12,2,2,200.0
TS Mills,C de Grandhomme,8,2,2,2,25.0
TS Mills,CH Morris,6,0,2,2,0.0
TU Deshpande,E Malinga,12,18,2,2,150.0
TU Deshpande,JO Holder,12,26,2,3,216.67
TU Deshpande,PP Hinge,8,30,0,2,375.0
TU Deshpande,R Sai Kishore,6,6,2,2,100.0
TU Deshpande,T Natarajan,6,10,0,2,166.67
Tanush Kotian,Arshdeep Singh,14,20,0,2,142.86
Tanush Kotian,HV Patel,8,10,0,2,125.0
Tanush Kotian,K Rabada,14,12,0,2,85.71
Tanush Kotian,LS Livingstone,14,2,2,2,14.29
Tanush Kotian,SM Curran,12,4,0,2,33.33
Tilak Varma,A Kamboj,10,14,0,2,140.0
Tilak Varma,A Nortje,18,20,2,3,111.11
Tilak Varma,AD Russell,36,54,2,5,150.0
Tilak Varma,AJ Hosein,10,2,2,2,20.0
Tilak Varma,AR Patel,36,64,0,6,177.78
Tilak Varma,AS Joseph,6,6,0,2,100.0
Tilak Varma,Akash Deep,40,62,0,5,155.0
Tilak Varma,Arshdeep Singh,50,96,2,8,192.0
Tilak Varma,Ashok Sharma,18,56,0,2,311.11
Tilak Varma,Avesh Khan,48,62,0,6,129.17
Tilak Varma,Azmatullah Omarzai,20,36,0,3,180.0
Tilak Varma,B Kumar,38,54,6,6,142.11
Tilak Varma,CV Varun,62,76,2,6,122.58
Tilak Varma,D Pretorius,18,26,0,3,144.44
Tilak Varma,DJ Bravo,28,34,0,3,121.43
Tilak Varma,DS Rathi,16,8,0,2,50.0
Tilak Varma,E Malinga,12,18,0,3,150.0
Tilak Varma,Fazalhaq Farooqi,8,14,0,2,175.0
Tilak Varma,G Coetzee,10,18,2,3,180.0
Tilak Varma,GJ Maxwell,8,24,0,2,300.0
Tilak Varma,HV Patel,42,76,0,4,180.95
Tilak Varma,Harpreet Brar,10,10,0,3,100.0
Tilak Varma,Harshit Rana,12,30,2,2,250.0
Tilak Varma,I Sharma,14,12,0,2,85.71
Tilak Varma,J Overton,20,30,0,3,150.0
Tilak Varma,JC Archer,8,4,0,2,50.0
Tilak Varma,JO Holder,32,42,4,4,131.25
Tilak Varma,JR Hazlewood,8,6,0,3,75.0
Tilak Varma,K Rabada,34,62,0,4,182.35
Tilak Varma,KA Jamieson,6,4,2,2,66.67
Tilak Varma,KH Pandya,54,76,0,6,140.74
Tilak Varma,KK Ahmed,26,26,4,6,100.0
Tilak Varma,KL Nagarkoti,10,18,0,2,180.0
Tilak Varma,KR Sen,22,18,0,3,81.82
Tilak Varma,KV Sharma,14,14,0,2,100.0
Tilak Varma,Kartik Tyagi,24,24,2,3,100.0
Tilak Varma,Kuldeep Yadav,86,128,0,7,148.84
Tilak Varma,LH Ferguson,10,10,0,3,100.0
Tilak Varma,LS Livingstone,8,20,0,2,250.0
Tilak Varma,Lalit Yadav,26,22,0,3,84.62
Tilak Varma,M Jansen,28,78,0,4,278.57
Tilak Varma,M Markande,44,74,0,3,168.18
Tilak Varma,M Pathirana,14,20,2,2,142.86
Tilak Varma,M Prasidh Krishna,52,102,4,6,196.15
Tilak Varma,M Siddharth,10,8,2,2,80.0
Tilak Varma,M Theekshana,38,52,0,3,136.84
Tilak Varma,MG Bracewell,14,16,0,2,114.29
Tilak Varma,MJ Santner,14,24,0,3,171.43
Tilak Varma,MM Ali,10,6,0,2,60.0
Tilak Varma,MM Sharma,28,50,0,3,178.57
Tilak Varma,MP Stoinis,30,40,0,4,133.33
Tilak Varma,Mohammed Shami,22,66,0,3,300.0
Tilak Varma,Mohammed Siraj,34,60,2,6,176.47
Tilak Varma,Mohsin Khan,26,20,0,4,76.92
Tilak Varma,Mukesh Choudhary,36,36,0,4,100.0
Tilak Varma,Mukesh Kumar,30,52,8,6,173.33
Tilak Varma,Mustafizur Rahman,8,4,0,3,50.0
Tilak Varma,N Burger,8,6,0,3,75.0
Tilak Varma,Navdeep Saini,8,24,0,2,300.0
Tilak Varma,Naveen-ul-Haq,16,18,2,3,112.5
Tilak Varma,Nithish Kumar Reddy,18,20,0,2,111.11
Tilak Varma,Noor Ahmad,26,28,4,4,107.69
Tilak Varma,OF Smith,12,18,0,2,150.0
Tilak Varma,PJ Cummins,48,68,2,6,141.67
Tilak Varma,PJ Sangwan,12,16,0,2,133.33
Tilak Varma,PVD Chameera,14,16,0,3,114.29
Tilak Varma,Prince Yadav,6,10,0,2,166.67
Tilak Varma,R Ashwin,96,120,2,7,125.0
Tilak Varma,R Parag,6,14,0,2,233.33
Tilak Varma,R Sai Kishore,28,32,0,4,114.29
Tilak Varma,R Shepherd,14,8,0,2,57.14
Tilak Varma,RA Jadeja,74,98,2,5,132.43
Tilak Varma,RD Chahar,6,6,0,2,100.0
Tilak Varma,Rashid Khan,76,92,4,9,121.05
Tilak Varma,Rasikh Salam,34,48,0,4,141.18
Tilak Varma,Ravi Bishnoi,64,108,4,7,168.75
Tilak Varma,SM Curran,10,10,0,3,100.0
Tilak Varma,SN Thakur,18,16,0,4,88.89
Tilak Varma,SP Narine,54,46,2,7,85.19
Tilak Varma,Sakib Hussain,8,14,0,2,175.0
Tilak Varma,Sandeep Sharma,20,22,2,4,110.0
Tilak Varma,Shahbaz Ahmed,20,50,0,3,250.0
Tilak Varma,Simarjeet Singh,20,12,0,2,60.0
Tilak Varma,Suyash Sharma,56,68,4,5,121.43
Tilak Varma,T Natarajan,18,22,0,2,122.22
Tilak Varma,TA Boult,56,68,0,6,121.43
Tilak Varma,TU Deshpande,12,24,0,3,200.0
Tilak Varma,UT Yadav,6,4,0,2,66.67
Tilak Varma,Umran Malik,16,14,2,3,87.5
Tilak Varma,V Nigam,32,48,0,3,150.0
Tilak Varma,VG Arora,18,44,0,3,244.44
Tilak Varma,Vijaykumar Vyshak,30,48,2,5,160.0
Tilak Varma,Washington Sundar,12,10,0,5,83.33
Tilak Varma,XC Bartlett,16,40,0,2,250.0
Tilak Varma,YS Chahal,102,176,2,8,172.55
Tilak Varma,Yash Dayal,18,36,0,2,200.0
Tilak Varma,Yash Thakur,10,6,0,2,60.0
UA Birla,L Balaji,12,4,0,2,33.33
UA Birla,SP Narine,10,8,0,2,80.0
UBT Chand,A Mishra,14,24,2,3,171.43
UBT Chand,A Singh,12,0,0,2,0.0
UBT Chand,AB Dinda,14,10,0,2,71.43
UBT Chand,Ankit Sharma,6,12,0,2,200.0
UBT Chand,Azhar Mahmood,18,6,2,3,33.33
UBT Chand,B Lee,18,8,4,3,44.44
UBT Chand,D Wiese,18,40,0,2,222.22
UBT Chand,DJ Hooda,6,4,0,2,66.67
UBT Chand,DJ Muthuswami,6,4,0,2,66.67
UBT Chand,DS Kulkarni,8,2,0,3,25.0
UBT Chand,DW Steyn,10,16,2,3,160.0
UBT Chand,I Sharma,12,10,0,2,83.33
UBT Chand,Iqbal Abdulla,20,38,0,2,190.0
UBT Chand,JD Unadkat,14,12,2,2,85.71
UBT Chand,JH Kallis,20,32,0,2,160.0
UBT Chand,JJ Bumrah,8,2,0,2,25.0
UBT Chand,KV Sharma,6,2,0,2,33.33
UBT Chand,L Balaji,14,12,0,2,85.71
UBT Chand,M Kartik,24,24,0,2,100.0
UBT Chand,MC Henriques,6,14,0,2,233.33
UBT Chand,MM Sharma,26,30,4,3,115.38
UBT Chand,NLTC Perera,18,8,0,2,44.44
UBT Chand,P Awana,12,12,0,2,100.0
UBT Chand,P Kumar,32,30,4,4,93.75
UBT Chand,PP Ojha,6,0,2,2,0.0
UBT Chand,PV Tambe,8,10,2,2,125.0
UBT Chand,R Bhatia,8,14,0,2,175.0
UBT Chand,R Sharma,10,14,2,2,140.0
UBT Chand,R Vinay Kumar,26,30,2,3,115.38
UBT Chand,S Badree,20,28,0,2,140.0
UBT Chand,S Nadeem,6,4,0,2,66.67
UBT Chand,S Sreesanth,18,18,2,2,100.0
UBT Chand,SP Narine,20,8,0,2,40.0
UBT Chand,SR Watson,10,8,0,2,80.0
UBT Chand,STR Binny,6,6,0,2,100.0
UBT Chand,TG Southee,16,8,2,3,50.0
UBT Chand,YS Chahal,32,36,2,2,112.5
UBT Chand,Yuvraj Singh,6,6,0,2,100.0
UBT Chand,Z Khan,10,20,0,2,200.0
UT Khawaja,A Mishra,12,2,2,2,16.67
UT Khawaja,A Nehra,10,18,0,2,180.0
UT Khawaja,AD Russell,10,20,0,2,200.0
UT Khawaja,B Kumar,6,4,0,2,66.67
UT Khawaja,CH Morris,6,0,2,2,0.0
UT Khawaja,CR Brathwaite,10,12,0,2,120.0
UT Khawaja,Gurkeerat Singh,10,10,2,2,100.0
UT Khawaja,J Yadav,22,30,0,2,136.36
UT Khawaja,KJ Abbott,8,4,0,2,50.0
UT Khawaja,M Morkel,20,20,0,2,100.0
UT Khawaja,MM Sharma,12,20,0,2,166.67
UT Khawaja,Mohammed Shami,10,16,0,2,160.0
UT Khawaja,Parvez Rasool,10,24,0,2,240.0
UT Khawaja,R Dhawan,12,14,0,2,116.67
UT Khawaja,Sandeep Sharma,12,8,0,2,66.67
UT Khawaja,Z Khan,16,28,0,2,175.0
UT Yadav,A Nortje,8,4,2,2,50.0
UT Yadav,AB Dinda,6,4,0,2,66.67
UT Yadav,AD Mathews,6,8,0,2,133.33
UT Yadav,AS Joseph,6,4,0,2,66.67
UT Yadav,Akash Deep,10,20,2,2,200.0
UT Yadav,B Kumar,6,4,0,2,66.67
UT Yadav,CH Morris,6,6,0,3,100.0
UT Yadav,DJ Bravo,18,8,4,5,44.44
UT Yadav,DJ Willey,8,2,0,2,25.0
UT Yadav,DW Steyn,16,6,0,3,37.5
UT Yadav,HH Pandya,6,6,0,2,100.0
UT Yadav,HV Patel,6,4,0,2,66.67
UT Yadav,Imran Tahir,10,2,0,2,20.0
UT Yadav,JA Morkel,12,18,0,4,150.0
UT Yadav,JJ Bumrah,6,4,2,3,66.67
UT Yadav,JP Faulkner,10,36,0,2,360.0
UT Yadav,KA Pollard,12,20,0,3,166.67
UT Yadav,L Balaji,6,4,0,3,66.67
UT Yadav,LH Ferguson,8,14,0,2,175.0
UT Yadav,M Pathirana,10,16,0,2,160.0
UT Yadav,M Prasidh Krishna,6,4,0,2,66.67
UT Yadav,Mohammed Shami,8,6,0,3,75.0
UT Yadav,Mohammed Siraj,10,22,0,3,220.0
UT Yadav,Mustafizur Rahman,14,4,0,3,28.57
UT Yadav,NLTC Perera,6,22,0,3,366.67
UT Yadav,Naveen-ul-Haq,6,4,2,2,66.67
UT Yadav,R Ashwin,6,0,2,2,0.0
UT Yadav,RA Jadeja,10,0,2,2,0.0
UT Yadav,Rashid Khan,12,10,0,3,83.33
UT Yadav,SL Malinga,10,2,0,4,20.0
UT Yadav,SR Watson,8,8,0,2,100.0
UT Yadav,Sandeep Sharma,12,20,0,3,166.67
UT Yadav,TA Boult,10,38,0,2,380.0
UT Yadav,TS Mills,8,4,0,2,50.0
UT Yadav,TU Deshpande,6,8,0,2,133.33
UT Yadav,V Shankar,8,10,0,2,125.0
UT Yadav,Yash Dayal,6,4,0,3,66.67
Umar Gul,JR Hopes,6,24,0,2,400.0
Umar Gul,S Sreesanth,10,22,0,2,220.0
Umar Gul,Sohail Tanvir,8,14,2,3,175.0
Umran Malik,TA Boult,10,24,0,2,240.0
Umran Malik,TG Southee,8,6,0,2,75.0
Urvil Patel,AR Patel,8,4,2,2,50.0
Urvil Patel,Akash Singh,6,0,2,2,0.0
Urvil Patel,Avesh Khan,6,36,0,2,600.0
Urvil Patel,DS Rathi,12,48,0,2,400.0
Urvil Patel,E Malinga,6,2,0,2,33.33
Urvil Patel,G Coetzee,8,18,0,2,225.0
Urvil Patel,Harshit Rana,8,14,2,2,175.0
Urvil Patel,JJ Bumrah,12,14,0,2,116.67
Urvil Patel,K Rabada,6,8,2,2,133.33
Urvil Patel,Krish Bhagat,10,34,0,2,340.0
Urvil Patel,L Ngidi,10,30,0,2,300.0
Urvil Patel,M Prasidh Krishna,6,4,0,2,66.67
Urvil Patel,MM Ali,8,34,0,2,425.0
Urvil Patel,Mohammed Shami,8,16,0,2,200.0
Urvil Patel,Mohammed Siraj,14,18,2,3,128.57
Urvil Patel,PJ Cummins,6,24,0,2,400.0
Urvil Patel,Prince Yadav,16,10,0,3,62.5
Urvil Patel,R Sai Kishore,8,22,2,2,275.0
Urvil Patel,Rashid Khan,6,12,0,2,200.0
Urvil Patel,Shahbaz Ahmed,10,24,2,2,240.0
Urvil Patel,VG Arora,6,14,0,2,233.33
V Kohli,A Ashish Reddy,52,64,4,6,123.08
V Kohli,A Chandila,30,30,0,3,100.0
V Kohli,A Flintoff,8,2,0,2,25.0
V Kohli,A Kamboj,28,42,2,3,150.0
V Kohli,A Mishra,210,324,6,16,154.29
V Kohli,A Nehra,108,120,12,11,111.11
V Kohli,A Nortje,34,36,2,5,105.88
V Kohli,A Singh,12,24,0,2,200.0
V Kohli,A Symonds,20,48,2,4,240.0
V Kohli,A Zampa,32,66,0,3,206.25
V Kohli,AB Dinda,56,72,4,6,128.57
V Kohli,AB McDonald,12,34,0,2,283.33
V Kohli,AC Thomas,10,12,2,2,120.0
V Kohli,AD Mathews,26,18,2,6,69.23
V Kohli,AD Russell,132,176,4,12,133.33
V Kohli,AF Milne,18,30,2,2,166.67
V Kohli,AJ Tye,72,86,0,5,119.44
V Kohli,AK Markram,6,10,0,2,166.67
V Kohli,AL Menaria,16,18,0,2,112.5
V Kohli,AM Nayar,18,36,0,4,200.0
V Kohli,AR Patel,180,200,2,15,111.11
V Kohli,AS Joseph,18,24,0,2,133.33
V Kohli,AS Rajpoot,34,66,0,4,194.12
V Kohli,AS Roy,34,50,0,3,147.06
V Kohli,Abhishek Sharma,38,56,0,5,147.37
V Kohli,Akash Singh,26,40,2,3,153.85
V Kohli,Ankit Sharma,52,46,0,4,88.46
V Kohli,Anureet Singh,32,52,2,4,162.5
V Kohli,Arshad Khan,58,98,2,4,168.97
V Kohli,Arshdeep Singh,130,218,4,13,167.69
V Kohli,Auqib Nabi,12,18,0,2,150.0
V Kohli,Avesh Khan,102,162,8,9,158.82
V Kohli,Azhar Mahmood,22,12,2,3,54.55
V Kohli,Azmatullah Omarzai,46,54,2,4,117.39
V Kohli,B Kumar,182,258,8,17,141.76
V Kohli,B Lee,32,34,0,4,106.25
V Kohli,BA Stokes,14,28,2,3,200.0
V Kohli,BB Sran,8,20,2,2,250.0
V Kohli,BCJ Cutting,20,22,0,2,110.0
V Kohli,BE Hendricks,8,6,0,2,75.0
V Kohli,BJ Hodge,6,14,2,2,233.33
V Kohli,Basil Thampi,50,58,2,4,116.0
V Kohli,Bipul Sharma,30,42,2,4,140.0
V Kohli,C Green,20,32,0,3,160.0
V Kohli,C Sakariya,34,34,0,3,100.0
V Kohli,CH Morris,146,218,2,11,149.32
V Kohli,CJ Anderson,24,32,0,2,133.33
V Kohli,CJ Dala,22,48,0,2,218.18
V Kohli,CJ Jordan,14,12,0,3,85.71
V Kohli,CL White,8,26,0,2,325.0
V Kohli,CR Brathwaite,20,24,0,3,120.0
V Kohli,CRD Fernando,28,46,0,3,164.29
V Kohli,CV Varun,96,110,2,9,114.58
V Kohli,DA Payne,8,8,0,2,100.0
V Kohli,DE Bollinger,46,52,2,5,113.04
V Kohli,DJ Bravo,206,314,2,13,152.43
V Kohli,DJ Willey,8,4,0,2,50.0
V Kohli,DJM Short,6,16,0,2,266.67
V Kohli,DL Chahar,120,160,4,12,133.33
V Kohli,DL Vettori,18,18,0,3,100.0
V Kohli,DP Nannes,30,40,0,4,133.33
V Kohli,DP Vijaykumar,10,6,0,3,60.0
V Kohli,DR Smith,12,20,0,3,166.67
V Kohli,DS Kulkarni,162,202,8,12,124.69
V Kohli,DS Rathi,26,34,0,3,130.77
V Kohli,DT Christian,50,44,2,4,88.0
V Kohli,DW Steyn,52,56,0,6,107.69
V Kohli,E Malinga,20,40,0,4,200.0
V Kohli,FH Edwards,18,38,0,2,211.11
V Kohli,Fazalhaq Farooqi,6,6,0,2,100.0
V Kohli,G Coetzee,6,2,0,2,33.33
V Kohli,GB Hogg,14,14,0,3,100.0
V Kohli,GD Phillips,8,14,0,2,175.0
V Kohli,GF Linde,8,6,0,2,75.0
V Kohli,GH Vihari,6,4,0,2,66.67
V Kohli,GJ Maxwell,22,28,0,4,127.27
V Kohli,Gagandeep Singh,10,14,0,2,140.0
V Kohli,HF Gurney,26,48,2,2,184.62
V Kohli,HH Pandya,108,120,6,12,111.11
V Kohli,HR Shokeen,6,8,0,2,133.33
V Kohli,HV Patel,112,214,4,8,191.07
V Kohli,Harbhajan Singh,134,174,2,15,129.85
V Kohli,Harmeet Singh,28,36,0,3,128.57
V Kohli,Harpreet Brar,144,158,4,9,109.72
V Kohli,Harsh Dubey,22,22,2,3,100.0
V Kohli,Harshit Rana,48,66,2,4,137.5
V Kohli,I Sharma,152,224,2,12,147.37
V Kohli,IC Pandey,20,14,0,3,70.0
V Kohli,IK Pathan,138,184,6,10,133.33
V Kohli,Imran Tahir,52,68,0,5,130.77
V Kohli,Iqbal Abdulla,24,22,0,3,91.67
V Kohli,J Botha,8,12,0,2,150.0
V Kohli,J Little,8,6,0,2,75.0
V Kohli,J Suchith,16,20,2,3,125.0
V Kohli,J Yadav,14,16,0,3,114.29
V Kohli,JA Morkel,104,146,4,10,140.38
V Kohli,JC Archer,92,128,2,8,139.13
V Kohli,JD Ryder,16,22,0,2,137.5
V Kohli,JD Unadkat,152,184,2,12,121.05
V Kohli,JDP Oram,6,10,0,2,166.67
V Kohli,JDS Neesham,12,20,0,2,166.67
V Kohli,JE Taylor,6,26,0,2,433.33
V Kohli,JH Kallis,68,58,6,7,85.29
V Kohli,JJ Bumrah,220,328,10,19,149.09
V Kohli,JO Holder,66,96,8,8,145.45
V Kohli,JP Behrendorff,26,26,4,4,100.0
V Kohli,JP Duminy,22,16,0,4,72.73
V Kohli,JP Faulkner,26,20,2,5,76.92
V Kohli,JR Hazlewood,22,22,0,2,100.0
V Kohli,JR Hopes,14,22,0,3,157.14
V Kohli,Joginder Sharma,6,14,2,2,233.33
V Kohli,K Gowtham,54,48,2,4,88.89
V Kohli,K Kartikeya,18,26,0,2,144.44
V Kohli,K Rabada,138,248,8,12,179.71
V Kohli,KA Jamieson,24,28,2,4,116.67
V Kohli,KA Pollard,62,88,6,8,141.94
V Kohli,KC Cariappa,32,86,2,3,268.75
V Kohli,KH Pandya,214,234,2,14,109.35
V Kohli,KJ Abbott,20,36,0,2,180.0
V Kohli,KK Ahmed,64,102,2,8,159.38
V Kohli,KL Nagarkoti,22,22,0,2,100.0
V Kohli,KV Sharma,90,178,0,7,197.78
V Kohli,KW Richardson,30,24,2,3,80.0
V Kohli,Kamran Khan,22,40,0,4,181.82
V Kohli,Kartik Tyagi,44,74,2,5,168.18
V Kohli,Kuldeep Yadav,128,150,2,8,117.19
V Kohli,L Ablish,14,24,0,2,171.43
V Kohli,L Balaji,50,46,6,7,92.0
V Kohli,L Ngidi,6,2,2,3,33.33
V Kohli,LH Ferguson,90,144,0,8,160.0
V Kohli,LJ Wright,12,8,0,2,66.67
V Kohli,LRPL Taylor,6,6,0,2,100.0
V Kohli,LS Livingstone,28,46,0,4,164.29
V Kohli,Lalit Yadav,16,12,2,2,75.0
V Kohli,M Ashwin,68,76,0,5,111.76
V Kohli,M Jansen,38,52,2,4,136.84
V Kohli,M Kartik,12,10,2,3,83.33
V Kohli,M Manhas,8,12,0,2,150.0
V Kohli,M Markande,70,76,2,7,108.57
V Kohli,M Morkel,124,132,6,11,106.45
V Kohli,M Muralitharan,78,100,4,7,128.21
V Kohli,M Ntini,10,10,0,2,100.0
V Kohli,M Pathirana,18,30,0,3,166.67
V Kohli,M Prasidh Krishna,84,140,6,10,166.67
V Kohli,M Siddharth,16,14,2,2,87.5
V Kohli,M Theekshana,44,56,0,6,127.27
V Kohli,MA Starc,62,118,0,5,190.32
V Kohli,MA Wood,8,24,0,2,300.0
V Kohli,MC Henriques,50,74,2,5,148.0
V Kohli,MG Johnson,42,56,0,5,133.33
V Kohli,MJ Clarke,12,10,0,2,83.33
V Kohli,MJ Henry,16,38,0,2,237.5
V Kohli,MJ McClenaghan,80,78,8,9,97.5
V Kohli,MJ Santner,86,104,2,5,120.93
V Kohli,MJ Suthar,14,28,0,2,200.0
V Kohli,MM Ali,14,8,2,3,57.14
V Kohli,MM Patel,50,40,2,7,80.0
V Kohli,MM Sharma,124,180,0,13,145.16
V Kohli,MN Samuels,6,2,0,2,33.33
V Kohli,MP Stoinis,26,36,0,5,138.46
V Kohli,MR Marsh,42,56,0,4,133.33
V Kohli,MS Gony,106,120,2,8,113.21
V Kohli,Mayank Dagar,24,26,0,2,108.33
V Kohli,Mohammad Nabi,10,8,0,3,80.0
V Kohli,Mohammed Shami,170,238,10,14,140.0
V Kohli,Mohammed Siraj,46,74,0,6,160.87
V Kohli,Mohsin Khan,18,20,0,2,111.11
V Kohli,Monu Kumar,6,6,0,2,100.0
V Kohli,Mujeeb Ur Rahman,10,4,2,2,40.0
V Kohli,Mukesh Choudhary,18,10,2,3,55.56
V Kohli,Mukesh Kumar,32,36,2,5,112.5
V Kohli,Mustafizur Rahman,96,134,4,10,139.58
V Kohli,N Burger,38,48,0,3,126.32
V Kohli,N Rana,20,32,2,4,160.0
V Kohli,NB Singh,10,2,0,2,20.0
V Kohli,NLTC Perera,76,132,2,5,173.68
V Kohli,NM Coulter-Nile,14,20,2,3,142.86
V Kohli,NT Ellis,16,28,0,2,175.0
V Kohli,Navdeep Saini,6,8,0,2,133.33
V Kohli,Naveen-ul-Haq,12,24,0,3,200.0
V Kohli,Nithish Kumar Reddy,20,32,0,3,160.0
V Kohli,Noor Ahmad,88,126,4,5,143.18
V Kohli,OF Smith,6,12,0,2,200.0
V Kohli,P Amarnath,8,14,0,2,175.0
V Kohli,P Awana,54,76,4,5,140.74
V Kohli,P Kumar,116,138,2,10,118.97
V Kohli,P Negi,68,90,0,5,132.35
V Kohli,P Parameswaran,8,10,0,2,125.0
V Kohli,PJ Cummins,74,116,0,8,156.76
V Kohli,PJ Sangwan,56,76,0,6,135.71
V Kohli,PP Chawla,210,280,6,16,133.33
V Kohli,PP Ojha,62,62,2,7,100.0
V Kohli,PV Tambe,68,98,2,5,144.12
V Kohli,PVD Chameera,40,36,4,5,90.0
V Kohli,PWH de Silva,40,54,0,3,135.0
V Kohli,Pankaj Singh,34,46,2,4,135.29
V Kohli,Parvez Rasool,16,14,0,2,87.5
V Kohli,Prince Yadav,18,34,2,3,188.89
V Kohli,R Ashwin,298,362,2,24,121.48
V Kohli,R Bhatia,52,80,0,5,153.85
V Kohli,R McLaren,30,36,0,4,120.0
V Kohli,R Parag,46,78,0,6,169.57
V Kohli,R Sai Kishore,48,54,0,3,112.5
V Kohli,R Sharma,68,92,2,6,135.29
V Kohli,R Shukla,14,14,0,2,100.0
V Kohli,R Tewatia,68,80,0,5,117.65
V Kohli,R Vinay Kumar,42,52,2,5,123.81
V Kohli,RA Jadeja,320,358,6,22,111.87
V Kohli,RD Chahar,84,84,2,9,100.0
V Kohli,RG Sharma,8,18,0,2,225.0
V Kohli,RJ Harris,38,42,4,5,110.53
V Kohli,RP Meredith,16,16,0,2,100.0
V Kohli,RP Singh,74,124,4,10,167.57
V Kohli,RR Powar,8,4,0,2,50.0
V Kohli,RS Bopara,22,24,2,3,109.09
V Kohli,Rashid Khan,180,234,4,12,130.0
V Kohli,Ravi Bishnoi,88,74,4,8,84.09
V Kohli,S Badree,22,28,0,3,127.27
V Kohli,S Gopal,78,136,6,7,174.36
V Kohli,S Kaul,26,36,0,3,138.46
V Kohli,S Kaushik,44,100,0,3,227.27
V Kohli,S Lamichhane,36,58,0,4,161.11
V Kohli,S Nadeem,114,130,0,8,114.04
V Kohli,S Randiv,12,16,0,2,133.33
V Kohli,S Sandeep Warrier,6,12,0,2,200.0
V Kohli,S Sreesanth,58,48,0,5,82.76
V Kohli,SB Bangar,8,24,0,3,300.0
V Kohli,SB Jakati,114,148,4,9,129.82
V Kohli,SB Styris,18,32,0,3,177.78
V Kohli,SC Ganguly,10,16,0,2,160.0
V Kohli,SH Johnson,8,26,0,2,325.0
V Kohli,SJ Srivastava,6,12,0,2,200.0
V Kohli,SK Raina,88,108,2,8,122.73
V Kohli,SK Trivedi,58,66,4,6,113.79
V Kohli,SK Warne,56,32,2,5,57.14
V Kohli,SL Malinga,68,68,0,9,100.0
V Kohli,SM Curran,132,222,6,10,168.18
V Kohli,SN Thakur,102,166,2,10,162.75
V Kohli,SP Narine,282,298,8,19,105.67
V Kohli,SR Watson,50,38,2,8,76.0
V Kohli,SS Cottrell,8,0,2,2,0.0
V Kohli,ST Jayasuriya,8,24,0,2,300.0
V Kohli,STR Binny,8,6,0,3,75.0
V Kohli,Sakib Hussain,6,2,2,2,33.33
V Kohli,Sandeep Sharma,182,282,14,20,154.95
V Kohli,Shahbaz Ahmed,36,28,0,4,77.78
V Kohli,Shahid Afridi,10,10,0,2,100.0
V Kohli,Shakib Al Hasan,90,112,2,6,124.44
V Kohli,Shashank Singh,12,24,0,2,200.0
V Kohli,Shivam Mavi,30,50,0,3,166.67
V Kohli,Simarjeet Singh,16,24,0,2,150.0
V Kohli,Sohail Tanvir,10,2,2,2,20.0
V Kohli,Suyash Sharma,20,40,0,2,200.0
V Kohli,T Natarajan,70,132,2,8,188.57
V Kohli,TA Boult,146,194,2,13,132.88
V Kohli,TG Southee,96,120,2,9,125.0
V Kohli,TK Curran,18,44,0,2,244.44
V Kohli,TU Deshpande,32,64,0,4,200.0
V Kohli,UT Yadav,192,336,6,15,175.0
V Kohli,V Kaverappa,22,36,0,2,163.64
V Kohli,V Nigam,22,26,2,3,118.18
V Kohli,V Pratap Singh,14,8,0,2,57.14
V Kohli,V Puthur,6,16,0,2,266.67
V Kohli,VG Arora,48,108,0,4,225.0
V Kohli,VR Aaron,32,66,0,3,206.25
V Kohli,VRV Singh,12,6,2,3,50.0
V Kohli,Vijaykumar Vyshak,14,12,0,2,85.71
V Kohli,W O'Rourke,12,42,0,2,350.0
V Kohli,WD Parnell,16,14,0,2,87.5
V Kohli,WG Jacks,10,18,0,2,180.0
V Kohli,Washington Sundar,10,6,0,2,60.0
V Kohli,XC Bartlett,18,18,0,2,100.0
V Kohli,Y Venugopal Rao,6,12,0,3,200.0
V Kohli,YA Abdulla,12,22,0,4,183.33
V Kohli,YK Pathan,6,10,0,2,166.67
V Kohli,YS Chahal,108,144,4,8,133.33
V Kohli,Yash Dayal,52,96,0,3,184.62
V Kohli,Yash Thakur,10,10,0,2,100.0
V Kohli,Yuvraj Singh,40,60,0,5,150.0
V Kohli,Z Khan,86,128,4,7,148.84
V Nigam,AD Russell,8,16,2,2,200.0
V Nigam,Abhishek Sharma,8,6,0,2,75.0
V Nigam,CV Varun,6,14,0,2,233.33
V Nigam,E Malinga,6,6,0,2,100.0
V Nigam,Harshit Rana,18,34,0,2,188.89
V Nigam,JD Unadkat,6,2,0,2,33.33
V Nigam,K Rabada,6,6,0,2,100.0
V Nigam,M Prasidh Krishna,6,8,4,3,133.33
V Nigam,MJ Santner,18,30,4,3,166.67
V Nigam,Prince Yadav,6,18,0,2,300.0
V Nigam,Ravi Bishnoi,10,32,0,2,320.0
V Nigam,Shahbaz Ahmed,8,24,0,2,300.0
V Nigam,TA Boult,6,4,0,2,66.67
V Nigam,WG Jacks,10,30,0,2,300.0
V Nigam,Zeeshan Ansari,12,20,0,2,166.67
V Sehwag,A Kumble,22,30,0,2,136.36
V Sehwag,A Mishra,50,100,2,4,200.0
V Sehwag,A Nehra,74,130,6,7,175.68
V Sehwag,A Singh,30,44,0,4,146.67
V Sehwag,A Symonds,28,78,2,3,278.57
V Sehwag,A Uniyal,10,34,0,2,340.0
V Sehwag,AA Chavan,44,68,0,3,154.55
V Sehwag,AB Agarkar,18,30,2,2,166.67
V Sehwag,AB Dinda,28,28,2,4,100.0
V Sehwag,AC Thomas,18,12,0,4,66.67
V Sehwag,AC Voges,12,16,0,2,133.33
V Sehwag,AD Mascarenhas,56,94,2,4,167.86
V Sehwag,AD Mathews,42,78,0,4,185.71
V Sehwag,AG Murtaza,18,12,2,4,66.67
V Sehwag,AM Nayar,14,32,0,3,228.57
V Sehwag,Azhar Mahmood,10,12,0,3,120.0
V Sehwag,B Akhil,12,32,0,2,266.67
V Sehwag,B Chipli,12,40,0,2,333.33
V Sehwag,B Kumar,36,54,2,5,150.0
V Sehwag,B Lee,52,60,2,7,115.38
V Sehwag,BAW Mendis,18,18,0,2,100.0
V Sehwag,BW Hilfenhaus,32,38,4,4,118.75
V Sehwag,CH Gayle,6,16,2,2,266.67
V Sehwag,CH Morris,12,16,0,2,133.33
V Sehwag,CJ McKay,16,20,0,2,125.0
V Sehwag,CRD Fernando,14,18,0,2,128.57
V Sehwag,DE Bollinger,20,32,2,3,160.0
V Sehwag,DJ Bravo,14,18,2,4,128.57
V Sehwag,DJ Hussey,8,36,2,2,450.0
V Sehwag,DJ Muthuswami,6,6,0,2,100.0
V Sehwag,DR Smith,24,34,0,3,141.67
V Sehwag,DS Kulkarni,30,40,2,4,133.33
V Sehwag,DT Christian,30,58,0,3,193.33
V Sehwag,DW Steyn,70,66,4,9,94.29
V Sehwag,FH Edwards,10,20,0,2,200.0
V Sehwag,GB Hogg,32,50,4,3,156.25
V Sehwag,HV Patel,6,12,0,2,200.0
V Sehwag,Harbhajan Singh,80,110,4,8,137.5
V Sehwag,Harmeet Singh,32,26,4,4,81.25
V Sehwag,I Malhotra,12,46,0,2,383.33
V Sehwag,I Sharma,46,30,2,4,65.22
V Sehwag,IC Pandey,42,58,2,4,138.1
V Sehwag,IK Pathan,32,48,4,6,150.0
V Sehwag,Imran Tahir,10,32,0,3,320.0
V Sehwag,Iqbal Abdulla,16,28,0,4,175.0
V Sehwag,JA Morkel,88,118,2,9,134.09
V Sehwag,JD Ryder,20,60,2,3,300.0
V Sehwag,JD Unadkat,32,44,4,5,137.5
V Sehwag,JH Kallis,68,120,4,8,176.47
V Sehwag,JJ Bumrah,26,40,0,3,153.85
V Sehwag,JM Kemp,10,28,0,2,280.0
V Sehwag,JP Duminy,14,28,4,3,200.0
V Sehwag,JP Faulkner,12,24,4,3,200.0
V Sehwag,Joginder Sharma,30,72,2,3,240.0
V Sehwag,K Santokie,8,14,0,2,175.0
V Sehwag,KA Pollard,28,74,0,4,264.29
V Sehwag,KV Sharma,6,0,0,2,0.0
V Sehwag,KW Richardson,18,6,0,3,33.33
V Sehwag,Kamran Khan,6,2,0,2,33.33
V Sehwag,L Balaji,52,78,2,6,150.0
V Sehwag,LJ Wright,22,66,0,3,300.0
V Sehwag,M Kartik,32,54,2,3,168.75
V Sehwag,M Morkel,56,48,0,6,85.71
V Sehwag,M Muralitharan,32,38,2,3,118.75
V Sehwag,M Ntini,20,24,0,2,120.0
V Sehwag,M de Lange,8,8,0,2,100.0
V Sehwag,MA Starc,24,20,0,3,83.33
V Sehwag,MJ McClenaghan,8,4,0,2,50.0
V Sehwag,MM Patel,78,104,6,7,133.33
V Sehwag,MM Sharma,48,66,4,6,137.5
V Sehwag,MS Gony,44,84,4,4,190.91
V Sehwag,Mohammed Shami,36,36,2,3,100.0
V Sehwag,NLTC Perera,14,18,0,3,128.57
V Sehwag,NM Coulter-Nile,22,10,0,2,45.45
V Sehwag,P Awana,24,20,4,4,83.33
V Sehwag,P Kumar,88,158,4,9,179.55
V Sehwag,P Parameswaran,6,12,2,2,200.0
V Sehwag,P Suyal,16,20,0,2,125.0
V Sehwag,PJ Sangwan,10,32,0,2,320.0
V Sehwag,PP Chawla,66,118,4,7,178.79
V Sehwag,PP Ojha,48,36,4,6,75.0
V Sehwag,Pankaj Singh,32,66,2,4,206.25
V Sehwag,R Ashwin,50,84,2,5,168.0
V Sehwag,R Rampaul,30,24,0,3,80.0
V Sehwag,R Sharma,62,86,0,5,138.71
V Sehwag,R Shukla,14,18,0,2,128.57
V Sehwag,R Vinay Kumar,64,126,4,8,196.88
V Sehwag,RA Jadeja,50,110,0,3,220.0
V Sehwag,RJ Harris,30,36,0,3,120.0
V Sehwag,RJ Peterson,8,14,2,2,175.0
V Sehwag,RN ten Doeschate,8,10,0,2,125.0
V Sehwag,RP Singh,106,176,2,9,166.04
V Sehwag,RR Powar,16,36,0,3,225.0
V Sehwag,S Aravind,18,28,0,2,155.56
V Sehwag,S Sreesanth,38,36,2,5,94.74
V Sehwag,SB Bangar,16,52,0,2,325.0
V Sehwag,SB Wagh,12,28,0,2,233.33
V Sehwag,SC Ganguly,22,46,0,4,209.09
V Sehwag,SJ Srivastava,12,26,0,2,216.67
V Sehwag,SK Warne,8,12,0,2,150.0
V Sehwag,SL Malinga,72,82,2,8,113.89
V Sehwag,SM Pollock,14,50,0,3,357.14
V Sehwag,SP Narine,24,46,0,3,191.67
V Sehwag,SR Watson,48,64,6,5,133.33
V Sehwag,ST Jayasuriya,22,58,0,3,263.64
V Sehwag,STR Binny,8,2,0,2,25.0
V Sehwag,SW Tait,20,34,2,4,170.0
V Sehwag,Sandeep Sharma,14,18,0,2,128.57
V Sehwag,Shahid Afridi,10,22,0,2,220.0
V Sehwag,Sohail Tanvir,6,6,0,2,100.0
V Sehwag,UT Yadav,48,52,4,5,108.33
V Sehwag,V Pratap Singh,8,14,0,2,175.0
V Sehwag,VR Aaron,22,32,0,3,145.45
V Sehwag,VRV Singh,20,40,0,3,200.0
V Sehwag,VS Malik,20,48,0,3,240.0
V Sehwag,WD Parnell,10,10,0,3,100.0
V Sehwag,WPUJC Vaas,44,56,4,5,127.27
V Sehwag,YA Abdulla,12,36,0,2,300.0
V Sehwag,YK Pathan,8,20,0,2,250.0
V Sehwag,YS Chahal,24,20,4,3,83.33
V Sehwag,Yuvraj Singh,16,20,0,4,125.0
V Sehwag,Z Khan,66,112,4,9,169.7
V Shankar,A Mishra,8,8,0,3,100.0
V Shankar,A Nortje,16,6,0,3,37.5
V Shankar,AD Russell,26,36,2,4,138.46
V Shankar,AF Milne,8,4,0,2,50.0
V Shankar,AK Markram,6,6,0,2,100.0
V Shankar,AR Patel,42,46,2,7,109.52
V Shankar,AS Joseph,6,0,2,2,0.0
V Shankar,AS Rajpoot,10,6,0,2,60.0
V Shankar,Akash Madhwal,8,18,0,2,225.0
V Shankar,Ankit Soni,10,28,0,2,280.0
V Shankar,Arshdeep Singh,20,26,2,4,130.0
V Shankar,Avesh Khan,14,20,2,4,142.86
V Shankar,B Kumar,10,32,0,2,320.0
V Shankar,B Laughlin,6,6,2,2,100.0
V Shankar,BA Stokes,18,20,0,3,111.11
V Shankar,BCJ Cutting,24,46,0,2,191.67
V Shankar,C Sakariya,6,4,0,2,66.67
V Shankar,C de Grandhomme,8,20,0,2,250.0
V Shankar,CH Morris,10,12,2,3,120.0
V Shankar,CJ Jordan,20,18,0,3,90.0
V Shankar,CV Varun,32,82,2,4,256.25
V Shankar,DJ Bravo,48,114,2,5,237.5
V Shankar,DL Chahar,24,22,2,5,91.67
V Shankar,DS Kulkarni,10,32,0,2,320.0
V Shankar,H Sharma,18,16,0,2,88.89
V Shankar,HH Pandya,16,18,0,2,112.5
V Shankar,HV Patel,18,20,2,4,111.11
V Shankar,Harbhajan Singh,22,24,0,3,109.09
V Shankar,Harpreet Brar,6,4,0,2,66.67
V Shankar,Harshit Rana,20,12,0,3,60.0
V Shankar,I Sharma,16,14,2,4,87.5
V Shankar,Imran Tahir,18,22,2,3,122.22
V Shankar,JC Archer,34,54,0,3,158.82
V Shankar,JD Unadkat,26,48,2,4,184.62
V Shankar,JJ Bumrah,46,46,2,6,100.0
V Shankar,JP Behrendorff,14,36,0,2,257.14
V Shankar,JP Faulkner,8,14,0,2,175.0
V Shankar,K Kartikeya,18,28,0,3,155.56
V Shankar,K Khejroliya,10,2,0,2,20.0
V Shankar,K Rabada,6,2,4,4,33.33
V Shankar,KH Pandya,42,56,2,5,133.33
V Shankar,KK Ahmed,14,16,0,3,114.29
V Shankar,KMA Paul,8,14,0,3,175.0
V Shankar,KR Sen,18,20,2,3,111.11
V Shankar,KV Sharma,6,6,0,3,100.0
V Shankar,Kartik Tyagi,10,14,0,2,140.0
V Shankar,Kuldeep Yadav,58,72,2,5,124.14
V Shankar,L Ngidi,16,24,0,3,150.0
V Shankar,LH Ferguson,32,76,0,4,237.5
V Shankar,M Ashwin,8,18,0,2,225.0
V Shankar,M Pathirana,6,4,2,2,66.67
V Shankar,M Prasidh Krishna,20,26,0,3,130.0
V Shankar,M Theekshana,8,4,2,3,50.0
V Shankar,MA Starc,14,14,0,2,100.0
V Shankar,MJ McClenaghan,6,6,0,2,100.0
V Shankar,MJ Santner,6,12,0,2,200.0
V Shankar,MM Ali,6,16,0,2,266.67
V Shankar,MM Patel,16,24,0,2,150.0
V Shankar,MM Sharma,20,26,2,3,130.0
V Shankar,MP Stoinis,16,14,0,3,87.5
V Shankar,MR Marsh,14,22,2,2,157.14
V Shankar,Mohammed Shami,18,12,0,4,66.67
V Shankar,Mohammed Siraj,30,50,0,4,166.67
V Shankar,Mujeeb Ur Rahman,10,12,0,2,120.0
V Shankar,Mukesh Kumar,20,32,0,3,160.0
V Shankar,Mustafizur Rahman,18,22,0,3,122.22
V Shankar,N Rana,6,22,0,2,366.67
V Shankar,Naveen-ul-Haq,14,18,2,3,128.57
V Shankar,O Thomas,6,4,0,2,66.67
V Shankar,P Kumar,12,4,0,2,33.33
V Shankar,PJ Cummins,18,12,2,3,66.67
V Shankar,PJ Sangwan,26,44,0,2,169.23
V Shankar,PP Chawla,30,36,4,6,120.0
V Shankar,PVD Chameera,8,4,2,2,50.0
V Shankar,PWH de Silva,10,16,2,2,160.0
V Shankar,R Ashwin,24,30,2,3,125.0
V Shankar,R Parag,6,6,0,2,100.0
V Shankar,R Tewatia,50,38,0,4,76.0
V Shankar,RA Jadeja,80,50,0,9,62.5
V Shankar,RD Chahar,38,24,0,4,63.16
V Shankar,RP Meredith,6,2,0,2,33.33
V Shankar,RS Hangargekar,14,24,2,2,171.43
V Shankar,Rashid Khan,6,2,0,2,33.33
V Shankar,Ravi Bishnoi,32,22,0,4,68.75
V Shankar,S Gopal,32,38,2,4,118.75
V Shankar,S Kaul,8,10,0,2,125.0
V Shankar,S Lamichhane,8,6,0,2,75.0
V Shankar,SL Malinga,10,8,2,3,80.0
V Shankar,SM Curran,6,8,0,2,133.33
V Shankar,SN Thakur,46,78,0,4,169.57
V Shankar,SP Narine,38,56,2,7,147.37
V Shankar,Suyash Sharma,26,40,0,3,153.85
V Shankar,TA Boult,16,36,2,4,225.0
V Shankar,TG Southee,10,8,0,2,80.0
V Shankar,TU Deshpande,20,36,0,4,180.0
V Shankar,UT Yadav,20,16,0,4,80.0
V Shankar,V Nigam,20,18,0,2,90.0
V Shankar,Vijaykumar Vyshak,24,36,4,3,150.0
V Shankar,WD Parnell,16,30,0,2,187.5
V Shankar,Washington Sundar,10,26,2,2,260.0
V Shankar,YS Chahal,26,36,4,6,138.46
V Shankar,Yash Thakur,6,4,2,3,66.67
V Suryavanshi,A Kamboj,18,40,2,3,222.22
V Suryavanshi,AK Markram,8,4,2,2,50.0
V Suryavanshi,Abhinandan Singh,10,30,0,2,300.0
V Suryavanshi,Akash Singh,12,48,0,2,400.0
V Suryavanshi,Arshdeep Singh,26,72,2,3,276.92
V Suryavanshi,Ashok Sharma,6,22,0,2,366.67
V Suryavanshi,Avesh Khan,6,22,0,2,366.67
V Suryavanshi,B Kumar,38,78,2,3,205.26
V Suryavanshi,C Green,6,16,0,2,266.67
V Suryavanshi,DL Chahar,10,4,4,3,40.0
V Suryavanshi,DS Rathi,26,52,0,3,200.0
V Suryavanshi,E Malinga,26,50,0,3,192.31
V Suryavanshi,Harpreet Brar,6,16,2,2,266.67
V Suryavanshi,I Sharma,14,54,0,2,385.71
V Suryavanshi,JJ Bumrah,10,26,0,2,260.0
V Suryavanshi,JO Holder,18,36,0,2,200.0
V Suryavanshi,JR Hazlewood,8,36,0,2,450.0
V Suryavanshi,K Rabada,46,86,2,4,186.96
V Suryavanshi,KH Pandya,8,16,2,2,200.0
V Suryavanshi,KK Ahmed,12,20,0,3,166.67
V Suryavanshi,Karim Janat,12,60,0,2,500.0
V Suryavanshi,Kartik Tyagi,18,30,0,2,166.67
V Suryavanshi,L Ngidi,10,24,0,2,240.0
V Suryavanshi,LH Ferguson,10,32,0,2,320.0
V Suryavanshi,M Jansen,20,46,0,3,230.0
V Suryavanshi,M Pathirana,8,6,0,2,75.0
V Suryavanshi,M Prasidh Krishna,28,30,2,4,107.14
V Suryavanshi,MA Starc,8,22,0,2,275.0
V Suryavanshi,MJ Henry,12,38,0,2,316.67
V Suryavanshi,MP Yadav,20,44,0,2,220.0
V Suryavanshi,Mohammed Siraj,70,136,2,5,194.29
V Suryavanshi,Mohsin Khan,24,4,4,3,16.67
V Suryavanshi,Noor Ahmad,24,76,0,3,316.67
V Suryavanshi,PJ Cummins,24,76,0,3,316.67
V Suryavanshi,PP Hinge,34,114,4,4,335.29
V Suryavanshi,Prince Yadav,26,70,0,3,269.23
V Suryavanshi,R Ashwin,16,10,2,2,62.5
V Suryavanshi,RA Jadeja,10,28,0,2,280.0
V Suryavanshi,Rashid Khan,24,40,2,4,166.67
V Suryavanshi,Ravi Bishnoi,8,10,0,2,125.0
V Suryavanshi,SN Thakur,18,50,2,3,277.78
V Suryavanshi,SP Narine,16,14,0,2,87.5
V Suryavanshi,Sakib Hussain,38,118,2,3,310.53
V Suryavanshi,Shivang Kumar,12,42,0,2,350.0
V Suryavanshi,T Vijay,18,42,0,2,233.33
V Suryavanshi,TH David,8,26,0,2,325.0
V Suryavanshi,VG Arora,16,38,2,3,237.5
V Suryavanshi,WG Jacks,6,4,0,2,66.67
V Suryavanshi,Washington Sundar,20,64,0,3,320.0
VG Arora,Arshdeep Singh,12,0,2,2,0.0
VG Arora,JD Unadkat,6,2,0,3,33.33
VG Arora,KK Ahmed,6,2,0,2,33.33
VG Arora,Mohammed Shami,8,2,2,2,25.0
VH Zol,A Nehra,10,18,0,2,180.0
VH Zol,JP Faulkner,8,10,0,2,125.0
VH Zol,KW Richardson,6,0,0,2,0.0
VH Zol,MM Sharma,8,4,2,2,50.0
VH Zol,PV Tambe,8,12,0,2,150.0
VH Zol,R Ashwin,6,4,0,2,66.67
VR Aaron,A Choudhary,10,0,0,2,0.0
VR Aaron,AR Patel,12,10,0,3,83.33
VR Aaron,B Kumar,6,12,2,2,200.0
VR Aaron,CR Woakes,8,6,2,2,75.0
VR Aaron,KA Pollard,10,10,0,2,100.0
VR Aaron,KL Nagarkoti,10,0,0,2,0.0
VR Aaron,L Balaji,22,30,0,3,136.36
VR Aaron,MG Johnson,6,4,0,3,66.67
VR Aaron,R Dhawan,8,10,0,2,125.0
VR Aaron,RJ Harris,6,0,0,2,0.0
VR Aaron,SE Rutherford,6,2,0,2,33.33
VR Aaron,Shivam Mavi,6,0,0,2,0.0
VR Aaron,TA Boult,10,6,0,3,60.0
VR Iyer,A Kamboj,16,28,0,2,175.0
VR Iyer,A Nortje,28,28,2,4,100.0
VR Iyer,AF Milne,24,38,0,3,158.33
VR Iyer,AK Markram,10,8,0,2,80.0
VR Iyer,AR Patel,46,52,4,6,113.04
VR Iyer,AS Joseph,34,66,2,4,194.12
VR Iyer,Akash Deep,6,8,4,3,133.33
VR Iyer,Akash Singh,30,34,0,2,113.33
VR Iyer,Arjun Tendulkar,12,24,0,2,200.0
VR Iyer,Arshad Khan,6,2,2,2,33.33
VR Iyer,Arshdeep Singh,36,48,2,6,133.33
VR Iyer,Avesh Khan,28,40,0,4,142.86
VR Iyer,Azmatullah Omarzai,16,22,0,2,137.5
VR Iyer,B Kumar,72,98,0,8,136.11
VR Iyer,Basil Thampi,22,12,0,2,54.55
VR Iyer,C Green,22,42,2,4,190.91
VR Iyer,C Sakariya,16,14,0,3,87.5
VR Iyer,CH Morris,18,12,0,2,66.67
VR Iyer,D Jansen,18,46,0,2,255.56
VR Iyer,DJ Bravo,20,10,2,3,50.0
VR Iyer,DJ Willey,30,18,2,4,60.0
VR Iyer,DL Chahar,38,50,4,5,131.58
VR Iyer,DR Sams,30,42,0,3,140.0
VR Iyer,DS Rathi,18,34,0,2,188.89
VR Iyer,E Malinga,12,8,2,2,66.67
VR Iyer,FA Allen,30,52,0,2,173.33
VR Iyer,G Coetzee,18,42,0,2,233.33
VR Iyer,GHS Garton,10,16,0,2,160.0
VR Iyer,GJ Maxwell,16,12,2,3,75.0
VR Iyer,HH Pandya,26,42,0,3,161.54
VR Iyer,HR Shokeen,22,48,0,2,218.18
VR Iyer,HV Patel,56,60,4,6,107.14
VR Iyer,Harpreet Brar,36,54,0,5,150.0
VR Iyer,I Sharma,6,10,0,3,166.67
VR Iyer,J Little,20,38,2,3,190.0
VR Iyer,JD Unadkat,36,50,0,3,138.89
VR Iyer,JE Root,10,12,0,2,120.0
VR Iyer,JJ Bumrah,54,66,4,6,122.22
VR Iyer,JO Holder,20,10,2,3,50.0
VR Iyer,JR Hazlewood,26,44,0,3,169.23
VR Iyer,K Gowtham,16,16,2,2,100.0
VR Iyer,K Kartikeya,8,24,2,2,300.0
VR Iyer,K Rabada,48,90,4,6,187.5
VR Iyer,KH Pandya,28,24,2,4,85.71
VR Iyer,KM Asif,14,24,0,2,171.43
VR Iyer,Kuldeep Yadav,22,20,0,2,90.91
VR Iyer,LB Williams,6,6,0,2,100.0
VR Iyer,LH Ferguson,22,50,0,3,227.27
VR Iyer,M Ashwin,22,38,0,3,172.73
VR Iyer,M Jansen,36,28,6,5,77.78
VR Iyer,M Prasidh Krishna,6,4,0,2,66.67
VR Iyer,M Theekshana,18,8,0,3,44.44
VR Iyer,Mayank Dagar,14,20,0,2,142.86
VR Iyer,Mohammed Shami,38,54,0,5,142.11
VR Iyer,Mohammed Siraj,102,130,2,10,127.45
VR Iyer,Mohsin Khan,16,28,2,3,175.0
VR Iyer,Mustafizur Rahman,14,6,0,4,42.86
VR Iyer,N Thushara,22,34,0,3,154.55
VR Iyer,NT Ellis,40,66,0,4,165.0
VR Iyer,Naman Dhir,16,22,0,2,137.5
VR Iyer,Nithish Kumar Reddy,6,14,0,2,233.33
VR Iyer,Noor Ahmad,10,4,0,2,40.0
VR Iyer,PJ Cummins,40,100,0,5,250.0
VR Iyer,PP Chawla,44,36,2,4,81.82
VR Iyer,PWH de Silva,22,42,2,3,190.91
VR Iyer,R Ashwin,62,72,0,5,116.13
VR Iyer,R Dhawan,6,8,0,2,133.33
VR Iyer,R Sai Kishore,10,10,2,2,100.0
VR Iyer,RA Jadeja,14,30,2,3,214.29
VR Iyer,RD Chahar,50,52,2,5,104.0
VR Iyer,RP Meredith,30,74,2,3,246.67
VR Iyer,Rashid Khan,62,66,2,6,106.45
VR Iyer,Rasikh Salam,12,24,0,2,200.0
VR Iyer,Ravi Bishnoi,56,66,2,4,117.86
VR Iyer,S Dube,6,6,0,2,100.0
VR Iyer,SM Curran,16,14,0,5,87.5
VR Iyer,SN Thakur,26,52,4,6,200.0
VR Iyer,Sandeep Sharma,20,48,0,3,240.0
VR Iyer,Shahbaz Ahmed,10,8,0,2,80.0
VR Iyer,Shivang Kumar,12,44,0,2,366.67
VR Iyer,Sikandar Raza,18,28,0,2,155.56
VR Iyer,Simarjeet Singh,18,34,0,2,188.89
VR Iyer,Suyash Sharma,6,10,0,2,166.67
VR Iyer,T Natarajan,26,58,4,5,223.08
VR Iyer,TA Boult,42,38,0,6,90.48
VR Iyer,TM Head,8,10,0,2,125.0
VR Iyer,TS Mills,10,20,0,2,200.0
VR Iyer,TU Deshpande,14,24,0,3,171.43
VR Iyer,Tilak Varma,8,10,0,2,125.0
VR Iyer,Umran Malik,6,6,0,2,100.0
VR Iyer,V Viyaskanth,10,30,0,2,300.0
VR Iyer,Vijaykumar Vyshak,28,26,0,3,92.86
VR Iyer,Washington Sundar,10,10,0,2,100.0
VR Iyer,YS Chahal,56,114,4,7,203.57
VR Iyer,Yash Dayal,32,78,2,5,243.75
VS Malik,Z Khan,6,10,2,2,166.67
VVS Laxman,A Kumble,26,40,0,3,153.85
VVS Laxman,A Mithun,8,14,0,2,175.0
VVS Laxman,A Nehra,8,10,0,2,125.0
VVS Laxman,A Singh,16,16,0,2,100.0
VVS Laxman,AB Dinda,12,8,2,3,66.67
VVS Laxman,AP Dole,6,8,2,2,133.33
VVS Laxman,CK Langeveldt,10,12,0,2,120.0
VVS Laxman,DJ Bravo,26,36,2,4,138.46
VVS Laxman,DL Vettori,12,18,0,2,150.0
VVS Laxman,DW Steyn,22,16,0,3,72.73
VVS Laxman,I Sharma,32,30,0,4,93.75
VVS Laxman,IK Pathan,18,24,0,3,133.33
VVS Laxman,JA Morkel,22,10,2,3,45.45
VVS Laxman,JH Kallis,22,30,0,3,136.36
VVS Laxman,M Muralitharan,14,14,0,3,100.0
VVS Laxman,Mohammad Asif,10,2,2,2,20.0
VVS Laxman,P Kumar,14,10,2,3,71.43
VVS Laxman,PP Chawla,10,14,2,2,140.0
VVS Laxman,S Narwal,10,4,0,2,40.0
VVS Laxman,S Sreesanth,30,38,0,3,126.67
VVS Laxman,SD Chitnis,8,12,0,2,150.0
VVS Laxman,SJ Srivastava,6,14,0,2,233.33
VVS Laxman,SK Raina,6,4,2,2,66.67
VVS Laxman,SK Trivedi,12,16,0,3,133.33
VVS Laxman,SM Pollock,8,12,0,2,150.0
VVS Laxman,SR Watson,26,20,0,4,76.92
VVS Laxman,ST Jayasuriya,8,6,0,2,75.0
VVS Laxman,TM Dilshan,24,32,2,2,133.33
VVS Laxman,VRV Singh,18,26,0,2,144.44
VVS Laxman,YK Pathan,10,2,0,2,20.0
VVS Laxman,Z Khan,38,26,0,4,68.42
VY Mahesh,A Nehra,6,4,0,2,66.67
VY Mahesh,B Lee,6,8,0,2,133.33
VY Mahesh,I Sharma,6,4,0,2,66.67
VY Mahesh,LR Shukla,6,2,2,2,33.33
VY Mahesh,MM Patel,10,2,2,2,20.0
VY Mahesh,SK Warne,10,4,0,2,40.0
Vijaykumar Vyshak,AD Russell,8,16,0,2,200.0
Virat Singh,Avesh Khan,8,0,2,2,0.0
Virat Singh,KA Pollard,10,12,0,2,120.0
Virat Singh,R Ashwin,14,6,0,2,42.86
Virat Singh,RD Chahar,10,6,2,2,60.0
Vishnu Vinod,AS Joseph,14,22,0,2,157.14
Vishnu Vinod,C Bosch,6,22,0,2,366.67
Vishnu Vinod,J Little,8,8,0,2,100.0
Vishnu Vinod,MM Sharma,12,12,4,4,100.0
Vishnu Vinod,Mohammed Shami,20,24,0,3,120.0
Vishnu Vinod,Noor Ahmad,16,16,0,3,100.0
Vishnu Vinod,PJ Cummins,6,2,2,2,33.33
Vishnu Vinod,Sandeep Sharma,14,2,2,2,14.29
Vishnu Vinod,Yash Thakur,6,2,2,2,33.33
Vishnu Vinod,Z Khan,8,16,0,3,200.0
Vivrant Sharma,Akash Madhwal,10,6,2,2,60.0
Vivrant Sharma,C Green,8,2,0,2,25.0
Vivrant Sharma,CJ Jordan,16,40,0,2,250.0
Vivrant Sharma,JP Behrendorff,22,26,0,2,118.18
Vivrant Sharma,K Kartikeya,12,18,0,2,150.0
Vivrant Sharma,PP Chawla,26,46,0,2,176.92
W Jaffer,A Singh,6,2,2,2,33.33
W Jaffer,AB Dinda,18,4,2,2,22.22
W Jaffer,DP Vijaykumar,18,20,0,2,111.11
W Jaffer,GD McGrath,12,6,2,2,50.0
W Jaffer,I Sharma,12,6,0,2,50.0
W Jaffer,JA Morkel,14,20,0,2,142.86
W Jaffer,JDP Oram,16,6,0,2,37.5
W Jaffer,Joginder Sharma,6,16,0,2,266.67
W Jaffer,M Morkel,12,14,0,2,116.67
W Jaffer,MS Gony,16,24,0,2,150.0
W Jaffer,Mohammad Asif,6,14,0,2,233.33
W Jaffer,P Amarnath,14,34,2,2,242.86
W Jaffer,PP Ojha,10,8,2,2,80.0
W Jaffer,RP Singh,20,24,0,3,120.0
W Jaffer,S Sreesanth,8,0,2,2,0.0
W Jaffer,SB Bangar,6,12,0,2,200.0
W Jaffer,SB Styris,16,14,0,2,87.5
W Jaffer,Shahid Afridi,14,20,0,2,142.86
W Jaffer,Z Khan,12,4,2,2,33.33
WA Mota,DJ Bravo,6,8,0,2,133.33
WA Mota,DS Kulkarni,8,4,0,2,50.0
WA Mota,JA Morkel,18,20,2,2,111.11
WA Mota,L Balaji,22,22,0,2,100.0
WA Mota,M Muralitharan,12,8,0,2,66.67
WA Mota,PP Ojha,18,12,0,3,66.67
WA Mota,R Ashwin,8,4,2,2,50.0
WA Mota,RJ Harris,6,4,0,2,66.67
WA Mota,SK Raina,12,6,0,2,50.0
WA Mota,TL Suman,12,8,2,3,66.67
WA Mota,Y Venugopal Rao,8,4,0,2,50.0
WD Parnell,A Mishra,14,12,0,2,85.71
WD Parnell,AB Dinda,8,4,0,2,50.0
WD Parnell,AG Murtaza,6,4,0,2,66.67
WD Parnell,Harbhajan Singh,12,18,0,2,150.0
WD Parnell,JEC Franklin,10,14,2,2,140.0
WD Parnell,JH Kallis,6,6,0,2,100.0
WD Parnell,JR Hopes,10,16,0,2,160.0
WD Parnell,L Balaji,6,4,2,3,66.67
WD Parnell,M Pathirana,8,4,0,2,50.0
WD Parnell,PP Ojha,16,22,0,3,137.5
WD Parnell,RA Jadeja,6,2,0,2,33.33
WD Parnell,SL Malinga,16,2,2,3,12.5
WD Parnell,SP Narine,18,10,2,4,55.56
WG Jacks,AD Russell,14,18,4,3,128.57
WG Jacks,AR Patel,16,12,0,2,75.0
WG Jacks,Akash Deep,6,2,2,2,33.33
WG Jacks,Akash Madhwal,6,8,2,2,133.33
WG Jacks,Arshad Khan,16,28,0,2,175.0
WG Jacks,Arshdeep Singh,8,24,0,2,300.0
WG Jacks,Avesh Khan,14,38,0,3,271.43
WG Jacks,Brijesh Sharma,16,22,0,2,137.5
WG Jacks,CV Varun,32,52,0,4,162.5
WG Jacks,DS Rathi,10,8,0,2,80.0
WG Jacks,E Malinga,26,42,0,4,161.54
WG Jacks,HV Patel,14,12,0,3,85.71
WG Jacks,Harsh Dubey,18,48,0,2,266.67
WG Jacks,Harshit Rana,10,16,0,2,160.0
WG Jacks,JD Unadkat,14,14,0,3,100.0
WG Jacks,JJ Bumrah,6,8,0,2,133.33
WG Jacks,JR Hazlewood,10,10,0,3,100.0
WG Jacks,KH Pandya,12,10,2,2,83.33
WG Jacks,KK Ahmed,18,24,0,3,133.33
WG Jacks,Kuldeep Yadav,12,28,2,2,233.33
WG Jacks,M Jansen,12,30,0,3,250.0
WG Jacks,M Markande,10,8,2,3,80.0
WG Jacks,MA Starc,12,44,0,2,366.67
WG Jacks,MM Sharma,24,78,0,2,325.0
WG Jacks,MP Yadav,8,22,0,2,275.0
WG Jacks,Mohammed Shami,8,12,0,3,150.0
WG Jacks,Mohammed Siraj,16,30,0,2,187.5
WG Jacks,Mukesh Choudhary,6,2,0,2,33.33
WG Jacks,Mukesh Kumar,10,6,2,4,60.0
WG Jacks,Mustafizur Rahman,12,24,0,2,200.0
WG Jacks,Noor Ahmad,26,34,2,3,130.77
WG Jacks,PJ Cummins,16,30,2,4,187.5
WG Jacks,PP Hinge,8,16,0,2,200.0
WG Jacks,R Sai Kishore,28,56,0,3,200.0
WG Jacks,RA Jadeja,8,14,0,2,175.0
WG Jacks,RD Chahar,10,16,0,2,160.0
WG Jacks,Rashid Khan,44,80,2,3,181.82
WG Jacks,Rasikh Salam,18,32,0,3,177.78
WG Jacks,Ravi Bishnoi,14,8,0,2,57.14
WG Jacks,SM Curran,10,30,0,3,300.0
WG Jacks,SN Thakur,8,8,0,2,100.0
WG Jacks,SP Narine,32,26,0,4,81.25
WG Jacks,Shahbaz Ahmed,6,2,0,2,33.33
WG Jacks,Suyash Sharma,20,14,0,4,70.0
WG Jacks,T Natarajan,6,6,0,2,100.0
WG Jacks,V Kaverappa,6,2,2,2,33.33
WG Jacks,V Nigam,10,16,0,2,160.0
WG Jacks,Vijaykumar Vyshak,8,14,2,2,175.0
WG Jacks,Yash Dayal,10,26,0,2,260.0
WG Jacks,Yash Raj Punja,12,30,2,2,250.0
WG Jacks,Zeeshan Ansari,22,28,2,3,127.27
WP Saha,A Choudhary,6,12,0,2,200.0
WP Saha,A Kumble,26,22,2,4,84.62
WP Saha,A Mishra,56,60,4,7,107.14
WP Saha,A Mithun,18,8,0,2,44.44
WP Saha,A Nortje,20,26,4,5,130.0
WP Saha,A Zampa,20,16,2,4,80.0
WP Saha,AB McDonald,14,18,0,2,128.57
WP Saha,AD Mathews,12,18,0,2,150.0
WP Saha,AD Russell,22,28,2,6,127.27
WP Saha,AM Nayar,8,16,0,2,200.0
WP Saha,AR Patel,40,62,0,4,155.0
WP Saha,AS Rajpoot,14,12,2,3,85.71
WP Saha,Akash Madhwal,6,8,2,3,133.33
WP Saha,Arjun Tendulkar,12,6,2,2,50.0
WP Saha,Arshdeep Singh,62,100,2,6,161.29
WP Saha,Avesh Khan,30,48,2,4,160.0
WP Saha,B Kumar,74,96,2,7,129.73
WP Saha,BA Stokes,14,22,0,3,157.14
WP Saha,BB Sran,30,42,0,4,140.0
WP Saha,BCJ Cutting,12,22,0,3,183.33
WP Saha,Basil Thampi,8,18,0,2,225.0
WP Saha,C Green,6,4,0,2,66.67
WP Saha,C de Grandhomme,18,12,0,3,66.67
WP Saha,CH Gayle,12,16,0,2,133.33
WP Saha,CH Morris,32,44,2,5,137.5
WP Saha,CJ Anderson,6,4,0,2,66.67
WP Saha,CJ Jordan,18,28,0,4,155.56
WP Saha,CR Brathwaite,12,10,0,3,83.33
WP Saha,CR Woakes,18,10,0,2,55.56
WP Saha,CV Varun,38,40,0,4,105.26
WP Saha,DJ Bravo,72,72,6,7,100.0
WP Saha,DJ Hussey,12,8,2,3,66.67
WP Saha,DJ Muthuswami,10,14,0,2,140.0
WP Saha,DL Chahar,102,134,6,6,131.37
WP Saha,DL Vettori,20,16,0,2,80.0
WP Saha,DP Nannes,6,6,0,2,100.0
WP Saha,DR Sams,14,4,0,2,28.57
WP Saha,DS Kulkarni,34,44,0,5,129.41
WP Saha,DT Christian,16,14,2,4,87.5
WP Saha,DW Steyn,24,34,2,4,141.67
WP Saha,GB Hogg,10,16,0,2,160.0
WP Saha,GD McGrath,6,4,0,2,66.67
WP Saha,GJ Maxwell,12,12,0,3,100.0
WP Saha,Gagandeep Singh,10,18,0,2,180.0
WP Saha,HH Pandya,22,52,0,3,236.36
WP Saha,HV Patel,16,28,4,4,175.0
WP Saha,Harbhajan Singh,78,116,0,6,148.72
WP Saha,Harpreet Brar,32,28,0,4,87.5
WP Saha,Harshit Rana,6,6,0,2,100.0
WP Saha,I Sharma,14,8,2,4,57.14
WP Saha,I Udana,10,18,0,2,180.0
WP Saha,IC Pandey,10,16,0,2,160.0
WP Saha,IK Pathan,16,16,0,3,100.0
WP Saha,Imran Tahir,6,6,2,3,100.0
WP Saha,Iqbal Abdulla,10,10,0,2,100.0
WP Saha,J Yadav,6,4,0,2,66.67
WP Saha,JA Morkel,26,24,0,5,92.31
WP Saha,JC Archer,8,12,0,2,150.0
WP Saha,JD Unadkat,56,94,2,8,167.86
WP Saha,JH Kallis,20,48,2,4,240.0
WP Saha,JJ Bumrah,118,132,4,11,111.86
WP Saha,JL Pattinson,8,8,0,2,100.0
WP Saha,JP Behrendorff,30,30,0,4,100.0
WP Saha,JP Duminy,22,22,0,3,100.0
WP Saha,JP Faulkner,44,60,2,6,136.36
WP Saha,JR Hazlewood,30,18,0,4,60.0
WP Saha,JR Hopes,20,34,0,3,170.0
WP Saha,K Kartikeya,8,14,0,2,175.0
WP Saha,K Rabada,76,116,8,7,152.63
WP Saha,KA Pollard,20,40,0,3,200.0
WP Saha,KH Pandya,106,124,4,7,116.98
WP Saha,KK Ahmed,54,74,2,5,137.04
WP Saha,KL Nagarkoti,16,18,0,2,112.5
WP Saha,KP Appanna,12,24,0,2,200.0
WP Saha,KP Pietersen,8,8,0,2,100.0
WP Saha,KR Mayers,10,26,0,2,260.0
WP Saha,KV Sharma,60,64,2,5,106.67
WP Saha,KW Richardson,8,22,0,2,275.0
WP Saha,Kuldeep Yadav,36,54,4,4,150.0
WP Saha,L Balaji,30,66,2,4,220.0
WP Saha,L Wood,8,2,0,2,25.0
WP Saha,LH Ferguson,6,8,0,2,133.33
WP Saha,M Ashwin,20,16,4,4,80.0
WP Saha,M Jansen,18,52,0,2,288.89
WP Saha,M Morkel,64,78,6,7,121.88
WP Saha,M Muralitharan,20,26,0,3,130.0
WP Saha,M Pathirana,12,16,0,3,133.33
WP Saha,M Prasidh Krishna,20,22,2,3,110.0
WP Saha,M Theekshana,28,26,0,3,92.86
WP Saha,MA Starc,22,30,0,4,136.36
WP Saha,MC Henriques,46,64,4,5,139.13
WP Saha,MF Maharoof,6,6,0,2,100.0
WP Saha,MG Johnson,24,38,0,2,158.33
WP Saha,MJ McClenaghan,50,76,4,6,152.0
WP Saha,MJ Santner,16,10,0,2,62.5
WP Saha,MK Lomror,10,8,2,3,80.0
WP Saha,MM Ali,18,14,0,3,77.78
WP Saha,MM Sharma,20,24,4,4,120.0
WP Saha,MP Stoinis,10,18,0,3,180.0
WP Saha,MS Gony,34,58,2,3,170.59
WP Saha,Mohammed Shami,32,60,4,6,187.5
WP Saha,Mohammed Siraj,76,74,8,7,97.37
WP Saha,Mohsin Khan,36,64,2,3,177.78
WP Saha,Mujeeb Ur Rahman,6,14,0,2,233.33
WP Saha,Mukesh Choudhary,42,52,0,3,123.81
WP Saha,Mukesh Kumar,12,4,2,3,33.33
WP Saha,Mustafizur Rahman,14,24,0,3,171.43
WP Saha,NA Saini,10,8,2,3,80.0
WP Saha,NM Coulter-Nile,38,44,4,5,115.79
WP Saha,NT Ellis,16,8,0,2,50.0
WP Saha,Naveen-ul-Haq,20,18,0,2,90.0
WP Saha,O Thomas,6,6,2,2,100.0
WP Saha,P Amarnath,12,24,0,2,200.0
WP Saha,P Awana,14,6,2,3,42.86
WP Saha,P Kumar,52,70,0,5,134.62
WP Saha,P Negi,16,16,2,3,100.0
WP Saha,PH Solanki,24,18,0,2,75.0
WP Saha,PJ Sangwan,16,20,0,2,125.0
WP Saha,PP Chawla,122,200,8,12,163.93
WP Saha,PP Ojha,8,4,0,2,50.0
WP Saha,PV Tambe,12,22,0,3,183.33
WP Saha,PVD Chameera,8,8,0,2,100.0
WP Saha,PWH de Silva,8,12,2,3,150.0
WP Saha,R Ashwin,54,66,0,7,122.22
WP Saha,R Bhatia,16,12,2,3,75.0
WP Saha,R Sharma,6,2,2,2,33.33
WP Saha,R Tewatia,12,8,2,2,66.67
WP Saha,R Vinay Kumar,16,16,0,5,100.0
WP Saha,RA Jadeja,84,96,4,7,114.29
WP Saha,RD Chahar,18,18,0,2,100.0
WP Saha,RP Meredith,18,24,0,2,133.33
WP Saha,RP Singh,38,48,0,4,126.32
WP Saha,RS Hangargekar,10,10,2,2,100.0
WP Saha,Rashid Khan,8,2,2,3,25.0
WP Saha,Ravi Bishnoi,44,40,0,4,90.91
WP Saha,S Aravind,36,66,2,5,183.33
WP Saha,S Badree,12,8,0,2,66.67
WP Saha,S Gopal,6,2,0,2,33.33
WP Saha,S Kaul,16,30,2,3,187.5
WP Saha,S Nadeem,14,22,2,3,157.14
WP Saha,SK Raina,6,8,0,2,133.33
WP Saha,SL Malinga,64,82,0,5,128.12
WP Saha,SN Thakur,40,42,0,5,105.0
WP Saha,SP Narine,124,148,8,13,119.35
WP Saha,SR Watson,18,26,2,4,144.44
WP Saha,Sandeep Sharma,34,32,0,3,94.12
WP Saha,Shahbaz Ahmed,22,40,2,4,181.82
WP Saha,Shakib Al Hasan,36,34,2,5,94.44
WP Saha,Shivam Mavi,30,34,0,4,113.33
WP Saha,Simarjeet Singh,28,38,0,2,135.71
WP Saha,Sohail Tanvir,6,8,0,2,133.33
WP Saha,Swapnil Singh,20,14,2,4,70.0
WP Saha,T Natarajan,12,26,0,2,216.67
WP Saha,TA Boult,62,80,6,9,129.03
WP Saha,TG Southee,24,36,2,6,150.0
WP Saha,TU Deshpande,42,64,0,6,152.38
WP Saha,UT Yadav,154,222,4,13,144.16
WP Saha,Umran Malik,8,4,2,2,50.0
WP Saha,VR Aaron,18,20,2,4,111.11
WP Saha,VRV Singh,26,34,0,3,130.77
WP Saha,WD Parnell,6,10,0,2,166.67
WP Saha,WPUJC Vaas,16,4,2,2,25.0
WP Saha,Washington Sundar,30,44,0,3,146.67
WP Saha,YS Chahal,102,116,4,9,113.73
WP Saha,Yash Thakur,8,16,0,2,200.0
WP Saha,Yuvraj Singh,14,22,0,3,157.14
WP Saha,Z Khan,40,78,0,6,195.0
WPUJC Vaas,A Nehra,8,16,0,2,200.0
WPUJC Vaas,AC Voges,8,6,0,2,75.0
WPUJC Vaas,AS Raut,8,22,0,2,275.0
WPUJC Vaas,IK Pathan,8,6,2,2,75.0
WPUJC Vaas,PD Collingwood,6,4,2,2,66.67
WPUJC Vaas,R Bhatia,6,6,0,3,100.0
WPUJC Vaas,R Vinay Kumar,6,0,0,2,0.0
WPUJC Vaas,SJ Srivastava,10,24,0,2,240.0
WPUJC Vaas,SK Trivedi,6,6,0,2,100.0
WPUJC Vaas,SK Warne,8,4,0,2,50.0
WPUJC Vaas,SW Tait,6,2,0,2,33.33
WPUJC Vaas,UT Yadav,14,8,0,3,57.14
WPUJC Vaas,Umar Gul,6,10,0,2,166.67
WPUJC Vaas,VY Mahesh,10,22,0,2,220.0
WPUJC Vaas,YK Pathan,16,12,2,3,75.0
Washington Sundar,A Mishra,20,14,2,2,70.0
Washington Sundar,A Nortje,10,20,0,3,200.0
Washington Sundar,AJ Tye,12,18,0,3,150.0
Washington Sundar,AK Markram,10,16,0,2,160.0
Washington Sundar,AM Ghazanfar,10,14,0,2,140.0
Washington Sundar,AR Patel,14,20,0,4,142.86
Washington Sundar,Arshdeep Singh,36,40,0,4,111.11
Washington Sundar,Ashwani Kumar,10,20,0,3,200.0
Washington Sundar,Avesh Khan,6,4,0,2,66.67
Washington Sundar,B Kumar,36,44,0,5,122.22
Washington Sundar,B Laughlin,14,24,0,2,171.43
Washington Sundar,BA Stokes,20,32,2,2,160.0
Washington Sundar,Brijesh Sharma,14,24,0,2,171.43
Washington Sundar,CV Varun,14,6,2,3,42.86
Washington Sundar,D Ferreira,6,12,0,2,200.0
Washington Sundar,DJ Bravo,8,26,0,2,325.0
Washington Sundar,E Malinga,18,40,0,2,222.22
Washington Sundar,GJ Maxwell,30,36,0,3,120.0
Washington Sundar,HH Pandya,30,62,2,4,206.67
Washington Sundar,HV Patel,8,14,0,3,175.0
Washington Sundar,JA Duffy,24,28,2,3,116.67
Washington Sundar,JC Archer,20,54,0,4,270.0
Washington Sundar,JD Unadkat,30,58,2,4,193.33
Washington Sundar,JDS Neesham,14,8,0,2,57.14
Washington Sundar,JJ Bumrah,28,24,4,6,85.71
Washington Sundar,JO Holder,18,22,4,5,122.22
Washington Sundar,JP Behrendorff,8,18,0,2,225.0
Washington Sundar,JR Hazlewood,32,60,0,5,187.5
Washington Sundar,K Rabada,44,54,6,5,122.73
Washington Sundar,KH Pandya,38,22,4,7,57.89
Washington Sundar,KM Asif,8,2,0,2,25.0
Washington Sundar,KV Sharma,6,16,0,2,266.67
Washington Sundar,Kartik Tyagi,8,14,0,2,175.0
Washington Sundar,Krish Bhagat,8,4,0,2,50.0
Washington Sundar,Kuldeep Yadav,22,26,0,3,118.18
Washington Sundar,L Ngidi,8,6,0,2,75.0
Washington Sundar,M Ashwin,16,8,2,3,50.0
Washington Sundar,M Jansen,22,36,0,4,163.64
Washington Sundar,M Markande,8,10,0,2,125.0
Washington Sundar,M Pathirana,6,6,0,2,100.0
Washington Sundar,MJ Santner,6,2,2,3,33.33
Washington Sundar,MM Sharma,8,16,2,3,200.0
Washington Sundar,MP Stoinis,8,22,0,2,275.0
Washington Sundar,Mohammed Shami,28,30,2,6,107.14
Washington Sundar,Mukesh Choudhary,10,18,4,3,180.0
Washington Sundar,Mukesh Kumar,14,18,2,3,128.57
Washington Sundar,NM Coulter-Nile,12,48,0,2,400.0
Washington Sundar,NT Ellis,8,8,2,2,100.0
Washington Sundar,Naman Dhir,6,4,0,2,66.67
Washington Sundar,PHKD Mendis,10,14,0,3,140.0
Washington Sundar,PJ Cummins,28,30,0,4,107.14
Washington Sundar,PP Hinge,6,10,0,2,166.67
Washington Sundar,Prince Yadav,10,24,0,2,240.0
Washington Sundar,R Shepherd,12,14,2,2,116.67
Washington Sundar,RA Jadeja,20,10,2,4,50.0
Washington Sundar,RJ Gleeson,6,10,0,2,166.67
Washington Sundar,RP Meredith,12,16,0,3,133.33
Washington Sundar,Rashid Khan,20,14,2,3,70.0
Washington Sundar,Rasikh Salam,18,24,0,3,133.33
Washington Sundar,Ravi Bishnoi,48,48,6,6,100.0
Washington Sundar,S Kaul,6,2,0,2,33.33
Washington Sundar,S Nadeem,8,10,0,2,125.0
Washington Sundar,SM Curran,14,4,2,3,28.57
Washington Sundar,SN Thakur,8,10,0,3,125.0
Washington Sundar,SP Narine,12,8,0,3,66.67
Washington Sundar,Sakib Hussain,12,14,2,2,116.67
Washington Sundar,Sandeep Sharma,22,22,2,4,100.0
Washington Sundar,Shivang Kumar,14,16,0,2,114.29
Washington Sundar,Simarjeet Singh,12,40,0,2,333.33
Washington Sundar,Suyash Sharma,10,8,0,3,80.0
Washington Sundar,T Natarajan,30,44,4,4,146.67
Washington Sundar,TA Boult,38,74,2,5,194.74
Washington Sundar,TU Deshpande,22,38,0,4,172.73
Washington Sundar,V Nigam,8,30,0,2,375.0
Washington Sundar,Vijaykumar Vyshak,6,10,2,3,166.67
Washington Sundar,XC Bartlett,18,24,0,3,133.33
Washington Sundar,YS Chahal,10,12,0,4,120.0
Washington Sundar,Yash Thakur,8,6,0,2,75.0
Washington Sundar,Zeeshan Ansari,20,24,0,3,120.0
X Thalaivan Sargunam,CH Morris,8,6,0,2,75.0
X Thalaivan Sargunam,DJ Bravo,12,6,2,2,50.0
X Thalaivan Sargunam,JO Holder,8,6,0,2,75.0
X Thalaivan Sargunam,R Ashwin,6,2,0,2,33.33
XC Bartlett,A Nortje,8,8,0,2,100.0
XC Bartlett,C Bosch,6,20,0,2,333.33
XC Bartlett,CV Varun,14,8,0,2,57.14
XC Bartlett,JJ Bumrah,8,16,0,2,200.0
XC Bartlett,M Prasidh Krishna,6,16,0,2,266.67
XC Bartlett,SP Narine,6,4,0,2,66.67
Y Gnaneswara Rao,DJ Bravo,8,8,2,2,100.0
Y Gnaneswara Rao,R Ashwin,12,6,0,2,50.0
Y Gnaneswara Rao,SB Jakati,12,22,0,2,183.33
Y Nagar,A Kumble,16,10,2,2,62.5
Y Nagar,A Mishra,10,18,0,3,180.0
Y Nagar,A Nehra,18,20,0,2,111.11
Y Nagar,A Singh,16,44,2,2,275.0
Y Nagar,A Symonds,8,2,0,2,25.0
Y Nagar,AA Chavan,6,10,0,2,166.67
Y Nagar,AC Thomas,12,20,2,2,166.67
Y Nagar,AM Nayar,8,22,2,2,275.0
Y Nagar,B Akhil,10,6,0,2,60.0
Y Nagar,B Lee,16,18,2,3,112.5
Y Nagar,BW Hilfenhaus,10,22,0,2,220.0
Y Nagar,DJ Bravo,24,16,0,2,66.67
Y Nagar,DL Vettori,8,14,2,2,175.0
Y Nagar,DT Christian,16,22,2,3,137.5
Y Nagar,DW Steyn,16,26,0,3,162.5
Y Nagar,GB Hogg,14,10,0,3,71.43
Y Nagar,HV Patel,10,12,0,2,120.0
Y Nagar,JA Morkel,10,8,0,2,80.0
Y Nagar,JD Unadkat,8,18,0,2,225.0
Y Nagar,KK Cooper,10,4,0,2,40.0
Y Nagar,L Balaji,6,12,2,2,200.0
Y Nagar,M Muralitharan,8,2,0,2,25.0
Y Nagar,P Parameswaran,6,2,0,2,33.33
Y Nagar,PP Ojha,6,12,0,2,200.0
Y Nagar,Pankaj Singh,6,2,0,2,33.33
Y Nagar,R Ashwin,28,22,0,2,78.57
Y Nagar,R Bhatia,6,8,0,2,133.33
Y Nagar,R Vinay Kumar,36,34,2,3,94.44
Y Nagar,RA Jadeja,36,24,0,4,66.67
Y Nagar,RE van der Merwe,6,16,0,2,266.67
Y Nagar,RJ Harris,8,2,2,2,25.0
Y Nagar,RV Gomez,12,12,0,2,100.0
Y Nagar,S Sreesanth,6,2,0,3,33.33
Y Nagar,SB Jakati,18,16,0,2,88.89
Y Nagar,SJ Srivastava,8,0,0,2,0.0
Y Nagar,SR Watson,6,2,0,2,33.33
Y Nagar,V Kohli,18,14,0,2,77.78
Y Nagar,V Pratap Singh,6,14,0,2,233.33
Y Venugopal Rao,A Kumble,28,52,2,4,185.71
Y Venugopal Rao,A Mishra,12,12,2,2,100.0
Y Venugopal Rao,A Mithun,24,36,0,2,150.0
Y Venugopal Rao,A Nehra,30,46,4,4,153.33
Y Venugopal Rao,A Singh,20,30,0,2,150.0
Y Venugopal Rao,A Symonds,14,32,0,2,228.57
Y Venugopal Rao,AB Dinda,22,32,0,3,145.45
Y Venugopal Rao,AB McDonald,6,4,2,2,66.67
Y Venugopal Rao,AG Murtaza,8,14,0,2,175.0
Y Venugopal Rao,AM Nayar,10,10,0,2,100.0
Y Venugopal Rao,Azhar Mahmood,12,4,0,3,33.33
Y Venugopal Rao,B Akhil,20,20,0,4,100.0
Y Venugopal Rao,B Lee,22,22,0,3,100.0
Y Venugopal Rao,CRD Fernando,22,26,0,2,118.18
Y Venugopal Rao,DJ Bravo,36,52,2,6,144.44
Y Venugopal Rao,DJ Thornely,8,12,0,2,150.0
Y Venugopal Rao,DL Vettori,28,22,2,3,78.57
Y Venugopal Rao,DR Smith,6,2,0,2,33.33
Y Venugopal Rao,DS Kulkarni,18,14,2,3,77.78
Y Venugopal Rao,DT Christian,14,8,0,3,57.14
Y Venugopal Rao,DW Steyn,10,4,0,3,40.0
Y Venugopal Rao,GD McGrath,32,26,2,3,81.25
Y Venugopal Rao,HV Patel,22,24,0,3,109.09
Y Venugopal Rao,Harbhajan Singh,10,18,0,3,180.0
Y Venugopal Rao,Harmeet Singh,12,20,0,2,166.67
Y Venugopal Rao,I Sharma,36,26,4,4,72.22
Y Venugopal Rao,IK Pathan,10,10,0,2,100.0
Y Venugopal Rao,Iqbal Abdulla,14,10,0,3,71.43
Y Venugopal Rao,J Botha,20,36,0,2,180.0
Y Venugopal Rao,J Syed Mohammad,10,8,0,2,80.0
Y Venugopal Rao,JA Morkel,30,34,0,3,113.33
Y Venugopal Rao,JD Ryder,8,4,0,2,50.0
Y Venugopal Rao,JEC Franklin,6,6,0,2,100.0
Y Venugopal Rao,JH Kallis,10,4,2,3,40.0
Y Venugopal Rao,JP Faulkner,8,12,0,2,150.0
Y Venugopal Rao,KA Pollard,30,38,2,4,126.67
Y Venugopal Rao,KP Pietersen,18,22,0,3,122.22
Y Venugopal Rao,KW Richardson,16,20,0,2,125.0
Y Venugopal Rao,L Balaji,22,34,0,4,154.55
Y Venugopal Rao,LR Shukla,16,18,0,2,112.5
Y Venugopal Rao,M Kartik,26,54,0,2,207.69
Y Venugopal Rao,M Morkel,12,26,0,2,216.67
Y Venugopal Rao,M Muralitharan,50,42,2,5,84.0
Y Venugopal Rao,M Ntini,10,6,0,2,60.0
Y Venugopal Rao,MF Maharoof,28,48,2,3,171.43
Y Venugopal Rao,MM Patel,26,18,0,3,69.23
Y Venugopal Rao,MM Sharma,8,8,2,2,100.0
Y Venugopal Rao,MS Gony,22,16,0,2,72.73
Y Venugopal Rao,Mashrafe Mortaza,10,10,0,2,100.0
Y Venugopal Rao,Mohammad Asif,14,18,0,3,128.57
Y Venugopal Rao,ND Doshi,22,8,2,2,36.36
Y Venugopal Rao,P Awana,6,20,2,3,333.33
Y Venugopal Rao,P Kumar,20,26,0,5,130.0
Y Venugopal Rao,P Parameswaran,16,16,2,3,100.0
Y Venugopal Rao,PC Valthaty,12,28,0,2,233.33
Y Venugopal Rao,PJ Sangwan,10,12,0,2,120.0
Y Venugopal Rao,PP Chawla,40,22,2,7,55.0
Y Venugopal Rao,PP Ojha,10,4,0,2,40.0
Y Venugopal Rao,R Ashwin,28,28,4,5,100.0
Y Venugopal Rao,R Bhatia,16,8,0,4,50.0
Y Venugopal Rao,R Dhawan,8,18,0,2,225.0
Y Venugopal Rao,R McLaren,8,2,0,2,25.0
Y Venugopal Rao,R Sharma,10,18,0,2,180.0
Y Venugopal Rao,R Vinay Kumar,44,46,2,5,104.55
Y Venugopal Rao,RA Jadeja,30,48,2,6,160.0
Y Venugopal Rao,RE van der Merwe,6,8,0,2,133.33
Y Venugopal Rao,RJ Harris,24,40,0,3,166.67
Y Venugopal Rao,RP Singh,16,22,0,2,137.5
Y Venugopal Rao,RR Raje,8,16,0,2,200.0
Y Venugopal Rao,RV Gomez,12,20,0,2,166.67
Y Venugopal Rao,S Sreesanth,28,10,2,5,35.71
Y Venugopal Rao,SB Jakati,46,62,2,5,134.78
Y Venugopal Rao,SC Ganguly,12,4,0,2,33.33
Y Venugopal Rao,SJ Srivastava,10,12,0,3,120.0
Y Venugopal Rao,SK Raina,12,14,0,2,116.67
Y Venugopal Rao,SK Trivedi,20,52,2,3,260.0
Y Venugopal Rao,SK Warne,38,36,2,4,94.74
Y Venugopal Rao,SL Malinga,20,18,4,5,90.0
Y Venugopal Rao,SP Narine,12,8,0,3,66.67
Y Venugopal Rao,ST Jayasuriya,24,40,0,3,166.67
Y Venugopal Rao,SW Tait,6,2,0,2,33.33
Y Venugopal Rao,Sandeep Sharma,8,4,2,2,50.0
Y Venugopal Rao,Shakib Al Hasan,26,20,0,3,76.92
Y Venugopal Rao,Sohail Tanvir,12,32,0,2,266.67
Y Venugopal Rao,UT Yadav,14,8,0,3,57.14
Y Venugopal Rao,Umar Gul,16,38,0,2,237.5
Y Venugopal Rao,V Kohli,6,6,0,2,100.0
Y Venugopal Rao,WA Mota,16,26,0,2,162.5
Y Venugopal Rao,YK Pathan,10,4,0,3,40.0
Y Venugopal Rao,Yuvraj Singh,38,54,4,5,142.11
Y Venugopal Rao,Z Khan,14,18,0,3,128.57
YBK Jaiswal,A Kamboj,30,30,2,3,100.0
YBK Jaiswal,A Mishra,10,8,0,2,80.0
YBK Jaiswal,A Nortje,34,26,2,5,76.47
YBK Jaiswal,AK Markram,12,30,0,2,250.0
YBK Jaiswal,AM Ghazanfar,8,20,0,2,250.0
YBK Jaiswal,AR Patel,42,62,0,5,147.62
YBK Jaiswal,AU Rashid,44,60,0,3,136.36
YBK Jaiswal,Akash Singh,52,118,2,4,226.92
YBK Jaiswal,Arshad Khan,18,38,4,3,211.11
YBK Jaiswal,Arshdeep Singh,78,146,4,9,187.18
YBK Jaiswal,Ashok Sharma,8,4,0,2,50.0
YBK Jaiswal,Avesh Khan,38,54,2,5,142.11
YBK Jaiswal,B Kumar,120,204,0,11,170.0
YBK Jaiswal,C Green,38,60,2,4,157.89
YBK Jaiswal,CV Varun,44,50,0,6,113.64
YBK Jaiswal,DJ Willey,28,28,2,3,100.0
YBK Jaiswal,DL Chahar,46,94,2,5,204.35
YBK Jaiswal,DS Rathi,26,30,0,2,115.38
YBK Jaiswal,DT Christian,10,30,2,2,300.0
YBK Jaiswal,E Malinga,18,30,2,3,166.67
YBK Jaiswal,Fazalhaq Farooqi,16,30,2,2,187.5
YBK Jaiswal,G Coetzee,24,44,0,2,183.33
YBK Jaiswal,GJ Maxwell,32,56,0,5,175.0
YBK Jaiswal,HH Pandya,36,24,2,5,66.67
YBK Jaiswal,HV Patel,32,30,2,5,93.75
YBK Jaiswal,Harpreet Brar,60,64,4,5,106.67
YBK Jaiswal,Harshit Rana,30,64,0,4,213.33
YBK Jaiswal,I Sharma,10,14,0,2,140.0
YBK Jaiswal,IC Porel,16,14,0,2,87.5
YBK Jaiswal,J Yadav,10,20,0,3,200.0
YBK Jaiswal,JC Archer,22,42,0,2,190.91
YBK Jaiswal,JD Unadkat,12,12,0,3,100.0
YBK Jaiswal,JJ Bumrah,44,58,2,6,131.82
YBK Jaiswal,JO Holder,20,14,0,3,70.0
YBK Jaiswal,JR Hazlewood,76,186,8,6,244.74
YBK Jaiswal,K Kartikeya,8,2,0,2,25.0
YBK Jaiswal,K Rabada,54,54,6,7,100.0
YBK Jaiswal,KH Pandya,24,28,0,3,116.67
YBK Jaiswal,KK Ahmed,76,130,4,7,171.05
YBK Jaiswal,KT Maphaka,12,20,2,2,166.67
YBK Jaiswal,KV Sharma,6,6,0,2,100.0
YBK Jaiswal,Kartik Tyagi,6,4,0,2,66.67
YBK Jaiswal,Kuldeep Yadav,24,38,2,4,158.33
YBK Jaiswal,L Ngidi,6,0,2,2,0.0
YBK Jaiswal,LH Ferguson,36,52,2,4,144.44
YBK Jaiswal,LS Livingstone,18,30,0,4,166.67
YBK Jaiswal,M Jansen,62,122,2,6,196.77
YBK Jaiswal,M Pathirana,12,10,0,3,83.33
YBK Jaiswal,M Prasidh Krishna,40,92,0,3,230.0
YBK Jaiswal,M Theekshana,36,36,0,3,100.0
YBK Jaiswal,MA Starc,48,88,2,5,183.33
YBK Jaiswal,MJ Henry,40,64,0,3,160.0
YBK Jaiswal,MJ Santner,16,22,0,2,137.5
YBK Jaiswal,MM Ali,46,42,4,5,91.3
YBK Jaiswal,MM Sharma,6,6,0,2,100.0
YBK Jaiswal,MP Stoinis,50,70,6,6,140.0
YBK Jaiswal,MP Yadav,8,4,0,2,50.0
YBK Jaiswal,MR Marsh,8,6,2,2,75.0
YBK Jaiswal,Mohammad Nabi,22,38,0,2,172.73
YBK Jaiswal,Mohammed Shami,84,110,2,8,130.95
YBK Jaiswal,Mohammed Siraj,116,162,4,12,139.66
YBK Jaiswal,Mohsin Khan,56,102,2,5,182.14
YBK Jaiswal,Mukesh Choudhary,24,44,0,2,183.33
YBK Jaiswal,Mukesh Kumar,32,34,4,4,106.25
YBK Jaiswal,N Rana,12,52,0,2,433.33
YBK Jaiswal,N Thushara,16,28,0,2,175.0
YBK Jaiswal,NM Coulter-Nile,12,24,2,3,200.0
YBK Jaiswal,NT Ellis,14,20,2,2,142.86
YBK Jaiswal,Naveen-ul-Haq,18,18,0,3,100.0
YBK Jaiswal,Nithish Kumar Reddy,16,22,0,3,137.5
YBK Jaiswal,Noor Ahmad,12,6,0,2,50.0
YBK Jaiswal,PH Solanki,8,16,2,2,200.0
YBK Jaiswal,PJ Cummins,46,70,0,6,152.17
YBK Jaiswal,PP Chawla,46,92,0,3,200.0
YBK Jaiswal,PP Hinge,16,16,0,4,100.0
YBK Jaiswal,PVD Chameera,20,44,0,2,220.0
YBK Jaiswal,PWH de Silva,10,10,0,2,100.0
YBK Jaiswal,Prince Yadav,26,32,0,4,123.08
YBK Jaiswal,R Ashwin,26,22,0,2,84.62
YBK Jaiswal,R Dhawan,20,32,0,2,160.0
YBK Jaiswal,R Shepherd,6,2,2,2,33.33
YBK Jaiswal,RA Jadeja,26,42,0,2,161.54
YBK Jaiswal,RD Chahar,46,74,2,4,160.87
YBK Jaiswal,RP Meredith,38,90,0,2,236.84
YBK Jaiswal,Ramandeep Singh,6,16,0,2,266.67
YBK Jaiswal,Rashid Khan,54,56,2,5,103.7
YBK Jaiswal,Ravi Bishnoi,30,28,0,4,93.33
YBK Jaiswal,SH Johnson,28,44,0,3,157.14
YBK Jaiswal,SM Curran,62,92,2,7,148.39
YBK Jaiswal,SN Thakur,54,116,0,7,214.81
YBK Jaiswal,SP Narine,26,36,2,3,138.46
YBK Jaiswal,Sakib Hussain,14,10,2,3,71.43
YBK Jaiswal,Sandeep Sharma,60,106,2,4,176.67
YBK Jaiswal,Shahbaz Ahmed,16,34,2,4,212.5
YBK Jaiswal,Shakib Al Hasan,6,0,2,2,0.0
YBK Jaiswal,Shivam Mavi,22,18,2,2,81.82
YBK Jaiswal,Shivang Kumar,10,4,2,2,40.0
YBK Jaiswal,Simarjeet Singh,24,20,4,4,83.33
YBK Jaiswal,Suyash Sharma,34,56,0,3,164.71
YBK Jaiswal,Swapnil Singh,14,20,0,2,142.86
YBK Jaiswal,T Natarajan,20,20,2,5,100.0
YBK Jaiswal,T Stubbs,8,14,0,2,175.0
YBK Jaiswal,TA Boult,34,74,4,6,217.65
YBK Jaiswal,TU Deshpande,24,30,4,4,125.0
YBK Jaiswal,UT Yadav,26,36,2,2,138.46
YBK Jaiswal,Umran Malik,12,14,0,2,116.67
YBK Jaiswal,VG Arora,42,64,2,5,152.38
YBK Jaiswal,Vijaykumar Vyshak,6,2,0,2,33.33
YBK Jaiswal,WG Jacks,14,16,2,2,114.29
YBK Jaiswal,Washington Sundar,30,56,0,4,186.67
YBK Jaiswal,XC Bartlett,12,24,0,2,200.0
YBK Jaiswal,YS Chahal,36,54,2,4,150.0
YBK Jaiswal,Yash Dayal,64,122,4,6,190.62
YBK Jaiswal,Yudhvir Singh,10,30,0,2,300.0
YK Pathan,A Kumble,16,14,2,4,87.5
YK Pathan,A Mishra,122,188,2,12,154.1
YK Pathan,A Mithun,12,22,0,2,183.33
YK Pathan,A Nehra,42,74,2,7,176.19
YK Pathan,A Symonds,14,12,0,3,85.71
YK Pathan,A Zampa,6,2,0,2,33.33
YK Pathan,AA Chavan,8,18,0,2,225.0
YK Pathan,AB Agarkar,24,50,0,4,208.33
YK Pathan,AB Dinda,34,38,2,5,111.76
YK Pathan,AD Mathews,46,38,0,6,82.61
YK Pathan,AD Russell,24,50,2,4,208.33
YK Pathan,AG Murtaza,38,72,0,3,189.47
YK Pathan,AJ Tye,16,22,0,3,137.5
YK Pathan,AM Salvi,8,2,0,2,25.0
YK Pathan,AN Ahmed,24,34,0,5,141.67
YK Pathan,AR Patel,54,48,0,9,88.89
YK Pathan,Anand Rajan,6,12,0,3,200.0
YK Pathan,Ankit Sharma,20,22,2,3,110.0
YK Pathan,Anureet Singh,22,44,0,4,200.0
YK Pathan,Azhar Mahmood,8,6,2,3,75.0
YK Pathan,B Geeves,10,20,0,2,200.0
YK Pathan,B Kumar,86,100,6,12,116.28
YK Pathan,B Lee,6,12,2,2,200.0
YK Pathan,BAW Mendis,18,48,2,2,266.67
YK Pathan,BB Sran,24,20,0,4,83.33
YK Pathan,BCJ Cutting,24,26,0,4,108.33
YK Pathan,BE Hendricks,16,12,2,2,75.0
YK Pathan,BW Hilfenhaus,12,38,0,2,316.67
YK Pathan,Bipul Sharma,6,12,0,3,200.0
YK Pathan,C Nanda,6,2,2,2,33.33
YK Pathan,CH Gayle,8,18,0,2,225.0
YK Pathan,CH Morris,52,60,2,7,115.38
YK Pathan,CK Langeveldt,14,4,2,3,28.57
YK Pathan,D Kalyankrishna,12,18,2,2,150.0
YK Pathan,D du Preez,8,10,2,2,125.0
YK Pathan,DJ Bravo,110,146,4,12,132.73
YK Pathan,DJ Hussey,10,20,0,2,200.0
YK Pathan,DL Chahar,8,0,0,2,0.0
YK Pathan,DL Vettori,32,76,0,3,237.5
YK Pathan,DP Nannes,14,14,0,2,100.0
YK Pathan,DR Smith,40,48,0,5,120.0
YK Pathan,DS Kulkarni,38,40,2,5,105.26
YK Pathan,DT Christian,14,34,0,3,242.86
YK Pathan,DW Steyn,94,164,4,10,174.47
YK Pathan,FH Edwards,6,10,0,2,166.67
YK Pathan,GB Hogg,16,20,0,3,125.0
YK Pathan,GD McGrath,22,34,0,3,154.55
YK Pathan,Gurkeerat Singh,6,16,0,2,266.67
YK Pathan,HH Pandya,14,16,0,4,114.29
YK Pathan,HV Patel,8,16,0,3,200.0
YK Pathan,Harbhajan Singh,72,94,0,8,130.56
YK Pathan,Harmeet Singh,8,8,0,2,100.0
YK Pathan,I Sharma,40,72,0,6,180.0
YK Pathan,IC Pandey,12,24,0,2,200.0
YK Pathan,IK Pathan,34,36,0,5,105.88
YK Pathan,Imran Tahir,30,56,4,4,186.67
YK Pathan,Iqbal Abdulla,10,6,0,2,60.0
YK Pathan,J Botha,8,16,0,3,200.0
YK Pathan,J Suchith,10,24,0,2,240.0
YK Pathan,J Syed Mohammad,8,16,0,2,200.0
YK Pathan,J Theron,12,12,0,3,100.0
YK Pathan,JA Morkel,60,66,4,8,110.0
YK Pathan,JC Archer,22,26,2,3,118.18
YK Pathan,JD Ryder,10,6,0,2,60.0
YK Pathan,JD Unadkat,22,36,2,5,163.64
YK Pathan,JEC Franklin,28,22,2,3,78.57
YK Pathan,JH Kallis,30,26,0,4,86.67
YK Pathan,JJ Bumrah,42,36,2,7,85.71
YK Pathan,JP Behrendorff,6,0,0,2,0.0
YK Pathan,JP Faulkner,22,32,0,3,145.45
YK Pathan,JR Hopes,18,32,2,3,177.78
YK Pathan,K Rabada,10,4,0,2,40.0
YK Pathan,K Upadhyay,8,6,0,2,75.0
YK Pathan,KA Pollard,46,62,4,6,134.78
YK Pathan,KH Pandya,18,18,2,3,100.0
YK Pathan,KJ Abbott,10,22,0,2,220.0
YK Pathan,KK Cooper,8,4,2,3,50.0
YK Pathan,KV Sharma,86,160,2,8,186.05
YK Pathan,Karanveer Singh,18,32,4,3,177.78
YK Pathan,L Balaji,56,96,2,5,171.43
YK Pathan,L Ngidi,8,18,0,2,225.0
YK Pathan,LE Plunkett,6,4,0,2,66.67
YK Pathan,LH Ferguson,6,2,0,2,33.33
YK Pathan,LJ Wright,6,14,0,2,233.33
YK Pathan,LMP Simmons,12,18,0,2,150.0
YK Pathan,LR Shukla,34,46,0,5,135.29
YK Pathan,M Ashwin,30,64,0,3,213.33
YK Pathan,M Kartik,30,26,2,4,86.67
YK Pathan,M Markande,8,12,0,2,150.0
YK Pathan,M Morkel,36,50,2,6,138.89
YK Pathan,M Muralitharan,68,86,2,10,126.47
YK Pathan,M Prasidh Krishna,8,6,0,3,75.0
YK Pathan,MA Starc,8,10,0,2,125.0
YK Pathan,MC Henriques,40,44,4,6,110.0
YK Pathan,MF Maharoof,40,40,4,6,100.0
YK Pathan,MG Johnson,30,36,2,5,120.0
YK Pathan,MJ McClenaghan,26,36,0,5,138.46
YK Pathan,MM Patel,24,24,2,4,100.0
YK Pathan,MM Sharma,60,80,6,7,133.33
YK Pathan,MS Gony,18,2,0,3,11.11
YK Pathan,Mohammed Shami,30,46,0,4,153.33
YK Pathan,Mohammed Siraj,18,16,2,4,88.89
YK Pathan,Mujeeb Ur Rahman,14,6,0,2,42.86
YK Pathan,Mustafizur Rahman,46,52,2,4,113.04
YK Pathan,NLTC Perera,32,48,0,3,150.0
YK Pathan,NM Coulter-Nile,22,38,2,3,172.73
YK Pathan,P Awana,16,22,0,4,137.5
YK Pathan,P Kumar,42,64,2,7,152.38
YK Pathan,P Parameswaran,12,18,0,2,150.0
YK Pathan,PJ Cummins,6,18,0,2,300.0
YK Pathan,PJ Sangwan,14,6,0,2,42.86
YK Pathan,PP Chawla,44,44,6,7,100.0
YK Pathan,PP Ojha,94,186,6,9,197.87
YK Pathan,PV Tambe,16,18,2,3,112.5
YK Pathan,Pankaj Singh,10,18,0,2,180.0
YK Pathan,Parvez Rasool,10,42,0,2,420.0
YK Pathan,R Ashwin,80,112,6,9,140.0
YK Pathan,R Bhatia,20,18,2,2,90.0
YK Pathan,R Dhawan,22,30,2,3,136.36
YK Pathan,R McLaren,18,40,0,2,222.22
YK Pathan,R Rampaul,6,6,0,2,100.0
YK Pathan,R Sathish,14,52,0,2,371.43
YK Pathan,R Sharma,36,76,0,3,211.11
YK Pathan,R Vinay Kumar,84,132,8,12,157.14
YK Pathan,RA Jadeja,92,122,0,8,132.61
YK Pathan,RE van der Merwe,6,8,0,2,133.33
YK Pathan,RJ Harris,6,2,2,2,33.33
YK Pathan,RP Singh,56,88,2,6,157.14
YK Pathan,RR Powar,8,18,2,3,225.0
YK Pathan,RS Bopara,8,18,0,2,225.0
YK Pathan,RV Gomez,14,14,0,3,100.0
YK Pathan,RW Price,8,16,0,2,200.0
YK Pathan,Rashid Khan,10,10,2,2,100.0
YK Pathan,S Aravind,38,56,2,4,147.37
YK Pathan,S Badree,8,8,0,2,100.0
YK Pathan,S Kaul,10,6,0,2,60.0
YK Pathan,S Kaushik,8,24,0,2,300.0
YK Pathan,S Ladda,10,28,0,2,280.0
YK Pathan,S Lamichhane,6,10,0,2,166.67
YK Pathan,S Nadeem,8,2,0,2,25.0
YK Pathan,S Randiv,6,2,0,2,33.33
YK Pathan,S Sreesanth,14,20,0,4,142.86
YK Pathan,S Vidyut,6,16,0,2,266.67
YK Pathan,SB Bangar,18,34,0,2,188.89
YK Pathan,SB Jakati,60,56,4,6,93.33
YK Pathan,SB Styris,12,16,0,2,133.33
YK Pathan,SC Ganguly,20,42,0,4,210.0
YK Pathan,SE Bond,14,26,0,2,185.71
YK Pathan,SJ Srivastava,16,32,2,2,200.0
YK Pathan,SK Raina,18,20,0,3,111.11
YK Pathan,SK Trivedi,46,44,2,5,95.65
YK Pathan,SL Malinga,110,148,0,12,134.55
YK Pathan,SM Pollock,6,4,0,3,66.67
YK Pathan,SN Thakur,44,62,2,5,140.91
YK Pathan,SP Narine,8,2,2,3,25.0
YK Pathan,SR Watson,42,78,2,5,185.71
YK Pathan,SS Sarkar,6,6,0,2,100.0
YK Pathan,ST Jayasuriya,8,34,0,2,425.0
YK Pathan,STR Binny,20,32,0,3,160.0
YK Pathan,Sandeep Sharma,12,10,0,2,83.33
YK Pathan,Shahid Afridi,8,6,0,3,75.0
YK Pathan,Shoaib Ahmed,8,26,0,2,325.0
YK Pathan,T Shamsi,16,26,0,2,162.5
YK Pathan,TA Boult,10,24,0,2,240.0
YK Pathan,TG Southee,14,38,0,3,271.43
YK Pathan,UT Yadav,44,44,4,9,100.0
YK Pathan,Umar Gul,28,66,2,3,235.71
YK Pathan,V Kohli,6,16,0,2,266.67
YK Pathan,VR Aaron,44,70,4,6,159.09
YK Pathan,VRV Singh,12,6,0,3,50.0
YK Pathan,VY Mahesh,6,4,0,2,66.67
YK Pathan,WD Parnell,48,66,2,5,137.5
YK Pathan,WPUJC Vaas,30,70,0,3,233.33
YK Pathan,Y Venugopal Rao,6,18,0,2,300.0
YK Pathan,YA Abdulla,8,22,0,2,275.0
YK Pathan,YS Chahal,40,26,6,6,65.0
YK Pathan,Yuvraj Singh,32,80,0,5,250.0
YK Pathan,Z Khan,42,68,2,6,161.9
YS Chahal,B Kumar,8,6,0,3,75.0
YS Chahal,DJ Bravo,6,4,0,2,66.67
YS Chahal,DT Christian,8,6,0,2,75.0
YS Chahal,Imran Tahir,26,2,2,3,7.69
YS Chahal,JC Archer,8,0,0,2,0.0
YS Chahal,LH Ferguson,22,6,0,4,27.27
YS Chahal,M Ashwin,6,2,2,2,33.33
YS Chahal,RA Jadeja,8,6,0,2,75.0
YS Chahal,SM Curran,8,8,0,2,100.0
YS Chahal,SN Thakur,18,4,0,2,22.22
YS Chahal,Yash Dayal,6,4,2,2,66.67
YV Dhull,M Theekshana,14,8,0,2,57.14
YV Dhull,RA Jadeja,14,18,2,2,128.57
YV Takawale,A Nehra,6,4,0,2,66.67
YV Takawale,DP Vijaykumar,6,6,0,2,100.0
YV Takawale,GD McGrath,26,20,0,2,76.92
YV Takawale,JH Kallis,6,10,2,2,166.67
YV Takawale,M Morkel,46,80,0,3,173.91
YV Takawale,MG Johnson,10,0,2,2,0.0
YV Takawale,MM Patel,38,32,0,3,84.21
YV Takawale,Mohammad Asif,12,8,0,2,66.67
YV Takawale,R Vinay Kumar,18,34,0,3,188.89
YV Takawale,S Badree,24,32,0,2,133.33
YV Takawale,SK Trivedi,24,24,2,3,100.0
YV Takawale,SK Warne,8,4,2,3,50.0
YV Takawale,SP Narine,26,18,2,3,69.23
YV Takawale,SR Watson,20,58,0,3,290.0
YV Takawale,STR Binny,6,0,2,2,0.0
YV Takawale,Shakib Al Hasan,16,14,0,2,87.5
YV Takawale,Sohail Tanvir,24,6,0,3,25.0
YV Takawale,UT Yadav,16,14,0,3,87.5
YV Takawale,YK Pathan,10,14,0,2,140.0
Yash Dayal,HV Patel,10,4,2,2,40.0
Yashpal Singh,A Nehra,12,4,0,2,33.33
Yashpal Singh,A Singh,14,6,0,2,42.86
Yashpal Singh,AD Mascarenhas,10,6,0,2,60.0
Yashpal Singh,AM Nayar,6,6,0,2,100.0
Yashpal Singh,DP Nannes,12,0,0,2,0.0
Yashpal Singh,MM Patel,32,18,2,3,56.25
Yashpal Singh,PJ Sangwan,8,18,0,2,225.0
Yashpal Singh,RA Jadeja,8,10,0,2,125.0
Yashpal Singh,SK Warne,12,12,2,2,100.0
Yashpal Singh,SR Tendulkar,6,6,0,2,100.0
Younis Khan,IK Pathan,10,2,2,2,20.0
Yudhvir Singh,CV Varun,10,12,2,2,120.0
Yudhvir Singh,Rasikh Salam,8,26,0,2,325.0
Yuvraj Singh,A Choudhary,16,44,0,2,275.0
Yuvraj Singh,A Kumble,36,62,2,4,172.22
Yuvraj Singh,A Mishra,70,58,4,8,82.86
Yuvraj Singh,A Mithun,8,6,0,2,75.0
Yuvraj Singh,A Nehra,16,4,0,3,25.0
Yuvraj Singh,A Singh,6,2,2,2,33.33
Yuvraj Singh,A Symonds,14,30,0,3,214.29
Yuvraj Singh,AB Agarkar,18,42,2,3,233.33
Yuvraj Singh,AB Dinda,26,78,0,5,300.0
Yuvraj Singh,AD Mathews,14,16,0,3,114.29
Yuvraj Singh,AJ Tye,6,18,0,2,300.0
Yuvraj Singh,AM Nayar,12,14,0,2,116.67
Yuvraj Singh,AR Patel,66,126,2,7,190.91
Yuvraj Singh,Anureet Singh,8,14,2,2,175.0
Yuvraj Singh,B Lee,20,22,0,2,110.0
Yuvraj Singh,BA Bhatt,8,40,0,2,500.0
Yuvraj Singh,BA Stokes,20,26,0,2,130.0
Yuvraj Singh,BAW Mendis,12,12,0,2,100.0
Yuvraj Singh,BCJ Cutting,6,4,0,2,66.67
Yuvraj Singh,BJ Hodge,14,12,2,3,85.71
Yuvraj Singh,CH Gayle,22,28,0,4,127.27
Yuvraj Singh,CH Morris,36,50,4,6,138.89
Yuvraj Singh,CJ Jordan,8,22,2,2,275.0
Yuvraj Singh,CR Woakes,14,28,2,3,200.0
Yuvraj Singh,CRD Fernando,6,10,0,2,166.67
Yuvraj Singh,D Salunkhe,18,40,0,3,222.22
Yuvraj Singh,D Wiese,14,12,0,3,85.71
Yuvraj Singh,DE Bollinger,22,32,0,3,145.45
Yuvraj Singh,DJ Bravo,36,42,4,8,116.67
Yuvraj Singh,DJ Hooda,14,12,0,2,85.71
Yuvraj Singh,DJ Hussey,14,34,0,3,242.86
Yuvraj Singh,DJG Sammy,8,2,0,2,25.0
Yuvraj Singh,DL Vettori,38,56,0,5,147.37
Yuvraj Singh,DP Nannes,14,16,0,2,114.29
Yuvraj Singh,DS Kulkarni,36,36,2,5,100.0
Yuvraj Singh,DT Christian,50,30,4,6,60.0
Yuvraj Singh,DW Steyn,44,40,2,6,90.91
Yuvraj Singh,GD McGrath,14,42,2,3,300.0
Yuvraj Singh,GJ Maxwell,28,30,2,5,107.14
Yuvraj Singh,HH Pandya,26,24,2,4,92.31
Yuvraj Singh,Harbhajan Singh,116,90,2,12,77.59
Yuvraj Singh,I Sharma,30,40,2,6,133.33
Yuvraj Singh,IC Pandey,16,18,0,2,112.5
Yuvraj Singh,IK Pathan,32,46,2,6,143.75
Yuvraj Singh,Imran Tahir,62,92,2,5,148.39
Yuvraj Singh,J Botha,10,6,0,2,60.0
Yuvraj Singh,J Suchith,8,14,0,2,175.0
Yuvraj Singh,J Syed Mohammad,10,36,0,2,360.0
Yuvraj Singh,J Yadav,14,20,0,3,142.86
Yuvraj Singh,JA Morkel,30,66,4,4,220.0
Yuvraj Singh,JD Ryder,18,26,0,3,144.44
Yuvraj Singh,JD Unadkat,8,10,4,3,125.0
Yuvraj Singh,JDS Neesham,12,24,0,2,200.0
Yuvraj Singh,JH Kallis,76,140,4,9,184.21
Yuvraj Singh,JJ Bumrah,28,10,2,6,35.71
Yuvraj Singh,JO Holder,12,16,2,2,133.33
Yuvraj Singh,JP Duminy,54,28,4,6,51.85
Yuvraj Singh,JP Faulkner,40,46,2,5,115.0
Yuvraj Singh,JR Hopes,10,8,0,2,80.0
Yuvraj Singh,K Rabada,26,60,2,3,230.77
Yuvraj Singh,KA Pollard,32,64,4,6,200.0
Yuvraj Singh,KC Cariappa,10,20,0,2,200.0
Yuvraj Singh,KK Cooper,18,16,0,3,88.89
Yuvraj Singh,KMA Paul,26,24,0,2,92.31
Yuvraj Singh,KMDN Kulasekara,6,14,0,2,233.33
Yuvraj Singh,KV Sharma,30,18,2,4,60.0
Yuvraj Singh,KW Richardson,16,48,4,3,300.0
Yuvraj Singh,Kuldeep Yadav,32,78,0,4,243.75
Yuvraj Singh,L Balaji,60,68,4,8,113.33
Yuvraj Singh,LR Shukla,10,22,0,2,220.0
Yuvraj Singh,M Ashwin,18,6,2,2,33.33
Yuvraj Singh,M Kartik,26,38,0,4,146.15
Yuvraj Singh,M Markande,8,2,0,2,25.0
Yuvraj Singh,M Morkel,44,42,0,6,95.45
Yuvraj Singh,M Muralitharan,80,88,0,7,110.0
Yuvraj Singh,MC Henriques,18,48,2,3,266.67
Yuvraj Singh,MF Maharoof,18,22,2,4,122.22
Yuvraj Singh,MG Johnson,30,40,0,3,133.33
Yuvraj Singh,MJ McClenaghan,44,76,4,6,172.73
Yuvraj Singh,MM Ali,6,4,0,2,66.67
Yuvraj Singh,MM Patel,8,12,4,4,150.0
Yuvraj Singh,MM Sharma,48,86,2,6,179.17
Yuvraj Singh,MP Stoinis,6,4,0,2,66.67
Yuvraj Singh,MR Marsh,14,16,0,2,114.29
Yuvraj Singh,MS Gony,24,12,2,3,50.0
Yuvraj Singh,Mohammad Asif,10,6,0,2,60.0
Yuvraj Singh,Mohammad Hafeez,16,32,2,2,200.0
Yuvraj Singh,Mohammed Shami,66,88,0,7,133.33
Yuvraj Singh,Mohammed Siraj,8,4,0,2,50.0
Yuvraj Singh,NJ Rimmington,10,10,0,2,100.0
Yuvraj Singh,NLTC Perera,12,26,0,3,216.67
Yuvraj Singh,NM Coulter-Nile,18,10,0,3,55.56
Yuvraj Singh,P Amarnath,14,28,2,3,200.0
Yuvraj Singh,P Awana,16,26,0,2,162.5
Yuvraj Singh,P Kumar,52,42,2,8,80.77
Yuvraj Singh,P Negi,8,12,2,2,150.0
Yuvraj Singh,P Suyal,8,2,0,2,25.0
Yuvraj Singh,PC Valthaty,8,20,0,2,250.0
Yuvraj Singh,PD Collingwood,18,8,0,2,44.44
Yuvraj Singh,PJ Sangwan,26,28,2,4,107.69
Yuvraj Singh,PP Chawla,52,74,4,5,142.31
Yuvraj Singh,PP Ojha,40,56,2,4,140.0
Yuvraj Singh,PV Tambe,14,32,0,2,228.57
Yuvraj Singh,Pankaj Singh,14,42,0,3,300.0
Yuvraj Singh,Parvez Rasool,28,28,4,3,100.0
Yuvraj Singh,R Ashwin,94,90,0,10,95.74
Yuvraj Singh,R Bhatia,58,82,0,8,141.38
Yuvraj Singh,R Dhawan,48,48,2,4,100.0
Yuvraj Singh,R Rampaul,18,20,0,2,111.11
Yuvraj Singh,R Sharma,30,38,0,3,126.67
Yuvraj Singh,R Shukla,18,50,0,2,277.78
Yuvraj Singh,R Tewatia,24,26,2,4,108.33
Yuvraj Singh,R Vinay Kumar,16,14,2,3,87.5
Yuvraj Singh,RA Jadeja,48,34,2,7,70.83
Yuvraj Singh,RE van der Merwe,10,22,0,2,220.0
Yuvraj Singh,RG Sharma,34,50,0,5,147.06
Yuvraj Singh,RJ Harris,18,28,0,3,155.56
Yuvraj Singh,RP Singh,6,4,2,4,66.67
Yuvraj Singh,RR Raje,10,8,0,2,80.0
Yuvraj Singh,RS Bopara,8,6,0,2,75.0
Yuvraj Singh,S Aravind,22,42,0,3,190.91
Yuvraj Singh,S Kaul,14,18,0,3,128.57
Yuvraj Singh,S Kaushik,16,4,2,3,25.0
Yuvraj Singh,S Nadeem,34,62,0,5,182.35
Yuvraj Singh,S Randiv,30,22,0,2,73.33
Yuvraj Singh,S Sreesanth,16,22,0,3,137.5
Yuvraj Singh,SB Jakati,26,24,0,4,92.31
Yuvraj Singh,SC Ganguly,26,22,0,2,84.62
Yuvraj Singh,SD Chitnis,6,4,2,2,66.67
Yuvraj Singh,SE Bond,14,8,0,3,57.14
Yuvraj Singh,SK Raina,114,110,4,10,96.49
Yuvraj Singh,SK Trivedi,78,94,4,8,120.51
Yuvraj Singh,SK Warne,80,138,2,6,172.5
Yuvraj Singh,SL Malinga,62,80,6,8,129.03
Yuvraj Singh,SM Harwood,18,10,0,2,55.56
Yuvraj Singh,SM Pollock,8,22,2,2,275.0
Yuvraj Singh,SN Thakur,22,24,2,3,109.09
Yuvraj Singh,SP Narine,96,70,2,9,72.92
Yuvraj Singh,SR Watson,64,102,0,8,159.38
Yuvraj Singh,STR Binny,16,28,0,4,175.0
Yuvraj Singh,Sandeep Sharma,30,38,0,4,126.67
Yuvraj Singh,Shahid Afridi,6,8,0,2,133.33
Yuvraj Singh,Shakib Al Hasan,14,6,2,4,42.86
Yuvraj Singh,Shivam Sharma,14,2,2,2,14.29
Yuvraj Singh,Shoaib Malik,20,24,0,2,120.0
Yuvraj Singh,T Thushara,8,2,0,2,25.0
Yuvraj Singh,TA Boult,26,14,0,3,53.85
Yuvraj Singh,TG Southee,50,72,0,5,144.0
Yuvraj Singh,TL Suman,12,4,0,3,33.33
Yuvraj Singh,TS Mills,12,30,2,2,250.0
Yuvraj Singh,UT Yadav,74,110,8,9,148.65
Yuvraj Singh,V Sehwag,10,4,0,2,40.0
Yuvraj Singh,VY Mahesh,14,18,0,2,128.57
Yuvraj Singh,WD Parnell,6,2,0,2,33.33
Yuvraj Singh,WPUJC Vaas,12,8,2,2,66.67
Yuvraj Singh,Y Venugopal Rao,26,36,2,6,138.46
Yuvraj Singh,YK Pathan,46,78,0,8,169.57
Yuvraj Singh,YS Chahal,38,82,4,5,215.79
Yuvraj Singh,Z Khan,24,24,4,3,100.0
Z Khan,A Flintoff,6,4,2,2,66.67
Z Khan,AB Dinda,8,4,2,3,50.0
Z Khan,BW Hilfenhaus,6,14,0,2,233.33
Z Khan,DE Bollinger,22,20,2,3,90.91
Z Khan,DW Steyn,14,0,4,3,0.0
Z Khan,FH Edwards,6,4,0,2,66.67
Z Khan,GB Hogg,8,0,2,3,0.0
Z Khan,HH Pandya,10,2,0,2,20.0
Z Khan,IK Pathan,6,4,0,3,66.67
Z Khan,JDP Oram,8,12,0,2,150.0
Z Khan,JH Kallis,8,14,0,2,175.0
Z Khan,JJ Bumrah,6,4,0,2,66.67
Z Khan,JW Hastings,6,8,2,2,133.33
Z Khan,KV Sharma,10,2,2,2,20.0
Z Khan,LR Shukla,8,4,0,2,50.0
Z Khan,P Kumar,10,32,0,2,320.0
Z Khan,PP Chawla,10,0,2,3,0.0
Z Khan,R Ashwin,6,4,0,2,66.67
Z Khan,RN ten Doeschate,8,16,0,2,200.0
Z Khan,RP Singh,8,4,0,3,50.0
Z Khan,SB Jakati,16,16,0,2,100.0
Z Khan,SC Ganguly,8,2,2,2,25.0
Z Khan,SK Trivedi,10,18,0,2,180.0
Z Khan,SK Warne,12,4,2,3,33.33
Z Khan,SR Watson,10,6,0,2,60.0
Z Khan,Shakib Al Hasan,6,6,0,2,100.0
Z Khan,Sohail Tanvir,10,6,0,2,60.0
Z Khan,VRV Singh,6,0,0,2,0.0
