player,year,matches,runs,balls,fours,sixes,fifties,hundreds,highest,dismissed,not_outs,avg,sr
A Ashish Reddy,2012.0,5,35,29,3,1,0,0,10,4,1,8.75,120.69
A Ashish Reddy,2013.0,10,125,89,8,5,0,0,36,6,4,20.83,140.45
A Ashish Reddy,2015.0,5,73,46,3,5,0,0,22,3,2,24.33,158.7
A Ashish Reddy,2016.0,3,47,29,2,4,0,0,32,2,1,23.5,162.07
A Badoni,2022.0,11,161,130,11,7,1,0,54,8,3,20.12,123.85
A Badoni,2023.0,12,238,172,13,12,1,0,59,9,3,26.44,138.37
A Badoni,2024.0,12,235,171,22,5,2,0,55,8,4,29.38,137.43
A Badoni,2025.0,11,329,222,27,14,2,0,74,10,1,32.9,148.2
A Badoni,2026.0,10,215,141,23,9,1,0,54,10,0,21.5,152.48
A Chandila,2012.0,1,0,1,0,0,0,0,0,0,1,0.0,0.0
A Chandila,2013.0,1,4,6,0,0,0,0,4,0,1,4.0,66.67
A Chopra,2008.0,5,42,52,5,0,0,0,24,4,1,10.5,80.77
A Chopra,2009.0,1,11,19,2,0,0,0,11,1,0,11.0,57.89
A Choudhary,2017.0,3,25,20,1,1,0,0,15,1,2,25.0,125.0
A Dananjaya,2018.0,1,4,5,0,0,0,0,4,0,1,4.0,80.0
A Flintoff,2009.0,3,62,53,5,2,0,0,24,2,1,31.0,116.98
A Kamboj,2024.0,1,2,2,0,0,0,0,2,0,1,2.0,100.0
A Kamboj,2025.0,5,14,12,2,0,0,0,5,2,3,7.0,116.67
A Kamboj,2026.0,4,58,38,3,4,0,0,19,1,3,58.0,152.63
A Kumble,2008.0,4,13,17,1,0,0,0,8,1,3,13.0,76.47
A Kumble,2009.0,6,16,19,2,0,0,0,7,1,5,16.0,84.21
A Kumble,2010.0,5,6,11,0,0,0,0,2,0,5,6.0,54.55
A Manohar,2022.0,7,108,75,14,3,0,0,43,6,1,18.0,144.0
A Manohar,2023.0,6,114,83,6,7,0,0,42,6,0,19.0,137.35
A Manohar,2024.0,2,9,16,1,0,0,0,8,2,0,4.5,56.25
A Manohar,2025.0,5,61,61,2,4,0,0,43,5,0,12.2,100.0
A Mhatre,2025.0,7,240,127,31,11,1,0,94,7,0,34.29,188.98
A Mhatre,2026.0,6,201,113,20,12,2,0,73,5,1,40.2,177.88
A Mishra,2008.0,3,37,42,3,0,0,0,31,3,0,12.33,88.1
A Mishra,2009.0,5,26,20,2,2,0,0,13,2,3,13.0,130.0
A Mishra,2010.0,7,39,51,1,0,0,0,12,4,3,9.75,76.47
A Mishra,2011.0,9,68,49,9,1,0,0,25,4,5,17.0,138.78
A Mishra,2012.0,5,16,20,1,0,0,0,8,3,2,5.33,80.0
A Mishra,2013.0,6,89,96,9,0,0,0,30,3,3,29.67,92.71
A Mishra,2014.0,2,4,7,0,0,0,0,4,1,1,4.0,57.14
A Mishra,2015.0,4,8,12,0,0,0,0,4,2,2,4.0,66.67
A Mishra,2016.0,2,4,14,0,0,0,0,3,2,0,2.0,28.57
A Mishra,2017.0,6,49,52,2,2,0,0,13,1,5,49.0,94.23
A Mishra,2018.0,1,1,2,0,0,0,0,1,0,1,1.0,50.0
A Mishra,2019.0,4,21,24,2,0,0,0,8,2,2,10.5,87.5
A Mishra,2023.0,1,19,30,2,0,0,0,19,1,0,19.0,63.33
A Mithun,2010.0,1,5,4,1,0,0,0,5,1,0,5.0,125.0
A Mithun,2011.0,4,27,20,3,1,0,0,11,3,1,9.0,135.0
A Mithun,2013.0,1,2,2,0,0,0,0,2,1,0,2.0,100.0
A Mukund,2008.0,1,0,1,0,0,0,0,0,1,0,0.0,0.0
A Mukund,2013.0,1,19,21,1,0,0,0,19,1,0,19.0,90.48
A Nehra,2008.0,3,3,13,0,0,0,0,2,0,3,3.0,23.08
A Nehra,2009.0,1,1,1,0,0,0,0,1,0,1,1.0,100.0
A Nehra,2010.0,2,23,20,2,1,0,0,22,1,1,23.0,115.0
A Nehra,2012.0,2,11,12,1,0,0,0,9,0,2,11.0,91.67
A Nehra,2013.0,4,1,8,0,0,0,0,1,4,0,0.25,12.5
A Nehra,2015.0,4,1,7,0,0,0,0,1,1,3,1.0,14.29
A Nehra,2016.0,1,1,1,0,0,0,0,1,0,1,1.0,100.0
A Nortje,2020.0,3,7,6,0,0,0,0,3,1,2,7.0,116.67
A Nortje,2022.0,1,1,6,0,0,0,0,1,0,1,1.0,16.67
A Nortje,2023.0,7,37,29,6,0,0,0,23,2,5,18.5,127.59
A Nortje,2024.0,2,4,8,0,0,0,0,4,2,0,2.0,50.0
A Nortje,2026.0,1,0,1,0,0,0,0,0,1,0,0.0,0.0
A Raghuvanshi,2024.0,7,163,105,16,8,1,0,54,7,0,23.29,155.24
A Raghuvanshi,2025.0,11,300,215,30,8,1,0,50,9,2,33.33,139.53
A Raghuvanshi,2026.0,12,422,288,40,19,5,0,82,8,4,52.75,146.53
A Singh,2009.0,2,1,3,0,0,0,0,1,1,1,1.0,33.33
A Singh,2011.0,2,1,4,0,0,0,0,1,2,0,0.5,25.0
A Singh,2012.0,1,0,3,0,0,0,0,0,1,0,0.0,0.0
A Symonds,2008.0,3,161,105,15,9,0,1,117,2,1,80.5,153.33
A Symonds,2009.0,8,249,166,15,11,1,0,60,7,1,35.57,150.0
A Symonds,2010.0,16,429,341,35,18,4,0,54,12,4,35.75,125.81
A Symonds,2011.0,9,135,138,9,3,0,0,44,3,6,45.0,97.83
A Tomar,2022.0,1,4,8,1,0,0,0,4,1,0,4.0,50.0
A Uniyal,2010.0,2,4,7,0,0,0,0,4,1,1,4.0,57.14
A Zampa,2016.0,1,0,1,0,0,0,0,0,1,0,0.0,0.0
A Zampa,2017.0,1,5,7,1,0,0,0,5,1,0,5.0,71.43
A Zampa,2023.0,3,10,16,0,0,0,0,7,3,0,3.33,62.5
AA Bilakhia,2009.0,6,67,81,5,0,0,0,22,4,2,16.75,82.72
AA Bilakhia,2010.0,1,2,4,0,0,0,0,2,1,0,2.0,50.0
AA Chavan,2011.0,1,1,3,0,0,0,0,1,0,1,1.0,33.33
AA Chavan,2012.0,2,11,8,2,0,0,0,7,1,1,11.0,137.5
AA Jhunjhunwala,2010.0,10,183,166,16,4,1,0,53,8,2,22.88,110.24
AA Jhunjhunwala,2011.0,2,10,18,2,0,0,0,10,2,0,5.0,55.56
AA Jhunjhunwala,2012.0,3,24,26,1,1,0,0,19,2,1,12.0,92.31
AA Kulkarni,2024.0,2,9,8,2,0,0,0,9,2,0,4.5,112.5
AA Kulkarni,2026.0,2,17,25,1,0,0,0,17,2,0,8.5,68.0
AA Noffke,2008.0,1,9,10,1,0,0,0,9,1,0,9.0,90.0
AB Agarkar,2008.0,6,54,46,5,2,0,0,20,4,2,13.5,117.39
AB Agarkar,2009.0,5,66,57,3,3,0,0,39,2,3,33.0,115.79
AB Agarkar,2010.0,4,40,29,4,0,0,0,17,1,3,40.0,137.93
AB Agarkar,2011.0,1,7,6,1,0,0,0,7,0,1,7.0,116.67
AB Agarkar,2013.0,2,12,16,0,0,0,0,9,1,1,12.0,75.0
AB Barath,2010.0,3,42,42,5,1,0,0,33,2,1,21.0,100.0
AB Dinda,2008.0,2,2,4,0,0,0,0,1,1,1,2.0,50.0
AB Dinda,2009.0,2,2,3,0,0,0,0,2,2,0,1.0,66.67
AB Dinda,2010.0,1,0,1,0,0,0,0,0,1,0,0.0,0.0
AB Dinda,2011.0,1,0,5,0,0,0,0,0,1,0,0.0,0.0
AB Dinda,2012.0,1,2,5,0,0,0,0,2,0,1,2.0,40.0
AB Dinda,2013.0,5,9,11,1,0,0,0,6,2,3,4.5,81.82
AB Dinda,2014.0,3,4,12,0,0,0,0,2,1,2,4.0,33.33
AB Dinda,2017.0,1,7,7,1,0,0,0,7,1,0,7.0,100.0
AB McDonald,2009.0,1,3,4,0,0,0,0,3,1,0,3.0,75.0
AB McDonald,2010.0,3,65,52,3,2,0,0,33,0,3,65.0,125.0
AB McDonald,2011.0,1,8,7,0,0,0,0,8,1,0,8.0,114.29
AB McDonald,2012.0,3,47,35,6,2,0,0,30,2,1,23.5,134.29
AB McDonald,2013.0,1,0,2,0,0,0,0,0,1,0,0.0,0.0
AB de Villiers,2008.0,6,95,98,5,1,0,0,26,4,2,23.75,96.94
AB de Villiers,2009.0,13,465,355,39,12,3,1,105,9,4,51.67,130.99
AB de Villiers,2010.0,7,111,119,7,0,0,0,45,5,2,22.2,93.28
AB de Villiers,2011.0,13,312,243,21,14,2,0,65,8,5,39.0,128.4
AB de Villiers,2012.0,13,319,198,26,15,3,0,64,8,5,39.88,161.11
AB de Villiers,2013.0,14,373,223,34,17,3,0,64,10,4,37.3,167.26
AB de Villiers,2014.0,13,395,249,26,24,3,0,89,11,2,35.91,158.63
AB de Villiers,2015.0,14,513,293,60,22,2,1,133,8,6,64.12,175.09
AB de Villiers,2016.0,16,687,407,57,37,6,1,129,13,3,52.85,168.8
AB de Villiers,2017.0,9,216,163,12,16,1,0,89,7,2,30.86,132.52
AB de Villiers,2018.0,11,480,275,39,30,6,0,90,9,2,53.33,174.55
AB de Villiers,2019.0,13,442,287,31,26,5,0,82,10,3,44.2,154.01
AB de Villiers,2020.0,14,460,290,34,23,5,0,73,10,4,46.0,158.62
AB de Villiers,2021.0,14,313,211,23,16,2,0,76,10,4,31.3,148.34
AC Blizzard,2011.0,6,120,87,21,2,1,0,51,6,0,20.0,137.93
AC Blizzard,2012.0,1,0,3,0,0,0,0,0,1,0,0.0,0.0
AC Gilchrist,2008.0,14,436,318,51,19,3,1,109,13,1,33.54,137.11
AC Gilchrist,2009.0,16,495,325,54,29,3,0,85,16,0,30.94,152.31
AC Gilchrist,2010.0,16,289,185,31,16,1,0,54,16,0,18.06,156.22
AC Gilchrist,2011.0,14,383,295,41,18,2,1,106,14,0,27.36,129.83
AC Gilchrist,2012.0,7,172,143,21,4,1,0,64,4,3,43.0,120.28
AC Gilchrist,2013.0,13,294,229,41,6,1,0,85,12,1,24.5,128.38
AC Thomas,2011.0,2,1,4,0,0,0,0,1,0,2,1.0,25.0
AC Thomas,2012.0,2,19,15,1,1,0,0,12,2,0,9.5,126.67
AC Voges,2010.0,7,181,143,15,3,0,0,45,4,3,45.25,126.57
AD Hales,2018.0,6,148,118,13,6,0,0,45,6,0,24.67,125.42
AD Mascarenhas,2008.0,1,9,8,0,1,0,0,9,1,0,9.0,112.5
AD Mascarenhas,2009.0,4,39,39,4,0,0,0,27,4,0,9.75,100.0
AD Mascarenhas,2010.0,2,12,10,0,0,0,0,9,1,1,12.0,120.0
AD Mascarenhas,2012.0,3,14,16,1,0,0,0,9,3,0,4.67,87.5
AD Mascarenhas,2013.0,1,5,5,0,0,0,0,5,0,1,5.0,100.0
AD Mathews,2009.0,1,16,13,2,0,0,0,16,1,0,16.0,123.08
AD Mathews,2010.0,10,233,184,18,8,1,0,65,6,4,38.83,126.63
AD Mathews,2012.0,8,127,108,5,4,0,0,35,6,2,21.17,117.59
AD Mathews,2013.0,10,172,139,5,10,0,0,40,7,3,24.57,123.74
AD Mathews,2015.0,10,144,104,12,6,0,0,28,6,4,24.0,138.46
AD Mathews,2017.0,2,32,27,2,1,0,0,31,2,0,16.0,118.52
AD Nath,2016.0,3,20,27,1,0,0,0,12,3,0,6.67,74.07
AD Nath,2017.0,1,0,1,0,0,0,0,0,1,0,0.0,0.0
AD Nath,2018.0,1,9,13,1,0,0,0,9,1,0,9.0,69.23
AD Nath,2019.0,5,61,57,5,2,0,0,24,5,0,12.2,107.02
AD Russell,2012.0,2,47,26,3,3,0,0,31,2,0,23.5,180.77
AD Russell,2013.0,2,11,14,0,0,0,0,7,2,0,5.5,78.57
AD Russell,2014.0,2,2,8,0,0,0,0,1,2,0,1.0,25.0
AD Russell,2015.0,11,326,169,35,19,3,0,66,7,4,46.57,192.9
AD Russell,2016.0,8,188,114,10,15,0,0,39,7,1,26.86,164.91
AD Russell,2018.0,14,316,171,17,31,1,0,88,11,3,28.73,184.8
AD Russell,2019.0,13,514,252,32,52,4,0,80,9,4,57.11,203.97
AD Russell,2020.0,9,117,81,9,9,0,0,25,9,0,13.0,144.44
AD Russell,2021.0,8,183,120,14,14,1,0,54,6,2,30.5,152.5
AD Russell,2022.0,12,335,192,18,32,1,0,70,9,3,37.22,174.48
AD Russell,2023.0,14,227,156,13,18,0,0,42,11,3,20.64,145.51
AD Russell,2024.0,9,222,120,20,16,1,0,64,6,3,37.0,185.0
AD Russell,2025.0,10,167,102,16,14,1,0,57,8,2,20.88,163.73
AF Milne,2017.0,3,7,12,0,0,0,0,5,2,1,3.5,58.33
AF Milne,2021.0,3,16,17,0,1,0,0,15,2,1,8.0,94.12
AF Milne,2026.0,1,2,2,0,0,0,0,2,0,1,2.0,100.0
AG Murtaza,2011.0,1,2,5,0,0,0,0,2,0,1,2.0,40.0
AG Murtaza,2012.0,1,3,5,0,0,0,0,3,0,1,3.0,60.0
AG Murtaza,2013.0,1,5,4,1,0,0,0,5,1,0,5.0,125.0
AG Paunikar,2010.0,1,0,1,0,0,0,0,0,1,0,0.0,0.0
AG Paunikar,2011.0,4,49,57,9,0,0,0,20,4,0,12.25,85.96
AJ Finch,2010.0,1,21,21,0,1,0,0,21,1,0,21.0,100.0
AJ Finch,2011.0,6,47,46,3,3,0,0,25,6,0,7.83,102.17
AJ Finch,2012.0,2,55,51,8,0,0,0,30,2,0,27.5,107.84
AJ Finch,2013.0,14,456,336,54,16,4,0,67,14,0,32.57,135.71
AJ Finch,2014.0,13,309,263,31,9,2,0,88,11,2,28.09,117.49
AJ Finch,2015.0,3,23,33,4,0,0,0,10,3,0,7.67,69.7
AJ Finch,2016.0,12,393,299,45,11,5,0,74,8,4,49.12,131.44
AJ Finch,2017.0,13,300,184,25,19,2,0,72,12,1,25.0,163.04
AJ Finch,2018.0,9,134,100,6,8,0,0,46,8,1,16.75,134.0
AJ Finch,2020.0,12,268,241,28,8,1,0,52,12,0,22.33,111.2
AJ Finch,2022.0,5,86,61,10,3,1,0,58,5,0,17.2,140.98
AJ Hosein,2023.0,1,16,10,1,1,0,0,16,0,1,16.0,160.0
AJ Hosein,2026.0,2,5,3,0,0,0,0,3,0,2,5.0,166.67
AJ Turner,2019.0,4,3,10,0,0,0,0,3,3,1,1.0,30.0
AJ Turner,2024.0,2,21,18,0,2,0,0,16,2,0,10.5,116.67
AJ Tye,2017.0,3,53,30,4,3,0,0,25,1,2,53.0,176.67
AJ Tye,2018.0,8,32,38,2,1,0,0,14,6,2,5.33,84.21
AJ Tye,2019.0,1,0,2,0,0,0,0,0,0,1,0.0,0.0
AJ Tye,2020.0,1,6,6,0,1,0,0,6,1,0,6.0,100.0
AK Markram,2021.0,6,146,119,12,4,0,0,42,5,1,29.2,122.69
AK Markram,2022.0,12,381,274,25,19,3,0,68,8,4,47.62,139.05
AK Markram,2023.0,13,248,197,18,8,1,0,50,11,2,22.55,125.89
AK Markram,2024.0,11,220,177,18,4,1,0,50,9,2,24.44,124.29
AK Markram,2025.0,13,445,299,38,22,5,0,66,13,0,34.23,148.83
AK Markram,2026.0,11,231,168,20,11,0,0,45,8,3,28.88,137.5
AL Menaria,2011.0,10,180,152,10,10,0,0,34,9,1,20.0,118.42
AL Menaria,2012.0,12,220,202,14,8,0,0,40,11,1,20.0,108.91
AL Menaria,2013.0,1,1,2,0,0,0,0,1,1,0,1.0,50.0
AM Ghazanfar,2026.0,1,2,3,0,0,0,0,2,0,1,2.0,66.67
AM Nayar,2008.0,10,206,138,16,9,0,0,45,8,2,25.75,149.28
AM Nayar,2009.0,11,193,152,14,7,0,0,35,9,2,21.44,126.97
AM Nayar,2010.0,3,58,51,4,2,0,0,27,2,1,29.0,113.73
AM Nayar,2011.0,9,61,67,9,0,0,0,17,6,3,10.17,91.04
AM Nayar,2012.0,4,45,49,2,1,0,0,24,2,2,22.5,91.84
AM Nayar,2013.0,9,66,73,5,0,0,0,25,6,3,11.0,90.41
AM Nayar,2014.0,4,43,47,5,1,0,0,23,3,1,14.33,91.49
AM Rahane,2008.0,2,4,17,1,0,0,0,4,2,0,2.0,23.53
AM Rahane,2009.0,7,144,123,12,3,2,0,62,6,1,24.0,117.07
AM Rahane,2011.0,7,120,98,12,2,1,0,52,5,2,24.0,122.45
AM Rahane,2012.0,16,560,433,73,10,3,1,103,13,3,43.08,129.33
AM Rahane,2013.0,18,488,458,42,11,4,0,68,14,4,34.86,106.55
AM Rahane,2014.0,12,339,291,38,3,3,0,72,10,2,33.9,116.49
AM Rahane,2015.0,13,540,413,53,13,4,0,91,11,2,49.09,130.75
AM Rahane,2016.0,14,480,379,54,9,6,0,74,10,4,48.0,126.65
AM Rahane,2017.0,16,382,323,35,9,2,0,60,15,1,25.47,118.27
AM Rahane,2018.0,14,370,313,39,5,1,0,65,13,1,28.46,118.21
AM Rahane,2019.0,13,393,285,45,9,1,1,105,12,1,32.75,137.89
AM Rahane,2020.0,8,113,107,12,2,1,0,60,8,0,14.12,105.61
AM Rahane,2021.0,1,8,8,1,0,0,0,8,1,0,8.0,100.0
AM Rahane,2022.0,7,133,128,14,4,0,0,44,7,0,19.0,103.91
AM Rahane,2023.0,11,326,189,24,16,2,0,71,10,1,32.6,172.49
AM Rahane,2024.0,12,242,196,24,7,0,0,45,12,0,20.17,123.47
AM Rahane,2025.0,12,390,264,36,20,3,0,61,11,1,35.45,147.73
AM Rahane,2026.0,14,335,248,25,18,2,0,67,12,2,27.92,135.08
AN Ahmed,2010.0,1,4,7,0,0,0,0,4,0,1,4.0,57.14
AN Ahmed,2011.0,1,18,13,1,1,0,0,18,0,1,18.0,138.46
AN Ahmed,2014.0,1,4,1,1,0,0,0,4,0,1,4.0,400.0
AN Ahmed,2015.0,3,10,5,2,0,0,0,5,1,2,10.0,200.0
AN Ghosh,2009.0,2,7,8,1,0,0,0,7,2,0,3.5,87.5
AP Dole,2010.0,2,34,22,3,1,0,0,30,2,0,17.0,154.55
AP Majumdar,2012.0,4,87,76,7,2,0,0,31,4,0,21.75,114.47
AP Tare,2010.0,4,50,36,5,3,0,0,23,4,0,12.5,138.89
AP Tare,2013.0,5,123,84,14,5,1,0,59,5,0,24.6,146.43
AP Tare,2014.0,11,126,98,16,3,0,0,24,8,3,15.75,128.57
AP Tare,2015.0,2,14,17,1,0,0,0,7,2,0,7.0,82.35
AP Tare,2016.0,2,8,15,1,0,0,0,8,2,0,4.0,53.33
AP Tare,2017.0,3,18,23,3,0,0,0,18,3,0,6.0,78.26
AR Bawne,2017.0,1,12,12,1,0,0,0,12,0,1,12.0,100.0
AR Patel,2014.0,7,62,60,6,1,0,0,42,5,2,12.4,103.33
AR Patel,2015.0,12,206,174,13,8,0,0,40,9,3,22.89,118.39
AR Patel,2016.0,10,111,77,4,8,0,0,36,6,4,18.5,144.16
AR Patel,2017.0,13,227,162,11,11,0,0,44,8,5,28.38,140.12
AR Patel,2018.0,8,80,69,3,4,0,0,19,6,2,13.33,115.94
AR Patel,2019.0,12,110,88,10,3,0,0,26,6,6,18.33,125.0
AR Patel,2020.0,9,117,85,6,8,0,0,42,8,1,14.62,137.65
AR Patel,2021.0,6,40,46,2,1,0,0,12,5,1,8.0,86.96
AR Patel,2022.0,10,182,120,12,10,0,0,42,3,7,60.67,151.67
AR Patel,2023.0,13,283,203,21,15,1,0,54,10,3,28.3,139.41
AR Patel,2024.0,12,235,179,19,10,2,0,66,8,4,29.38,131.28
AR Patel,2025.0,11,263,167,23,15,0,0,43,10,1,26.3,157.49
AR Patel,2026.0,11,173,132,16,6,1,0,56,10,1,17.3,131.06
AS Joseph,2019.0,1,15,13,2,0,0,0,15,0,1,15.0,115.38
AS Joseph,2022.0,3,5,7,0,0,0,0,4,1,2,5.0,71.43
AS Joseph,2023.0,1,7,12,1,0,0,0,7,0,1,7.0,58.33
AS Rajpoot,2013.0,1,2,6,0,0,0,0,2,0,1,2.0,33.33
AS Rajpoot,2017.0,1,4,7,1,0,0,0,4,1,0,4.0,57.14
AS Rajpoot,2018.0,3,11,18,1,0,0,0,8,2,1,5.5,61.11
AS Rajpoot,2020.0,2,9,10,0,1,0,0,7,1,1,9.0,90.0
AS Raut,2009.0,7,78,61,5,3,0,0,36,4,3,19.5,127.87
AS Raut,2010.0,5,56,48,3,3,0,0,32,2,3,28.0,116.67
AS Raut,2011.0,4,60,58,5,1,0,0,25,3,1,20.0,103.45
AS Roy,2022.0,1,0,2,0,0,0,0,0,1,0,0.0,0.0
AS Roy,2023.0,4,23,19,3,0,0,0,13,2,2,11.5,121.05
AS Roy,2024.0,1,3,3,0,0,0,0,3,0,1,3.0,100.0
AS Roy,2025.0,1,0,1,0,0,0,0,0,1,0,0.0,0.0
AS Roy,2026.0,7,52,39,3,2,0,0,29,4,3,13.0,133.33
AS Yadav,2008.0,6,49,39,5,2,0,0,16,5,1,9.8,125.64
AT Carey,2020.0,3,32,29,0,1,0,0,14,2,1,16.0,110.34
AT Rayudu,2010.0,14,356,246,34,13,2,0,55,12,2,29.67,144.72
AT Rayudu,2011.0,16,395,350,44,9,4,0,63,13,3,30.38,112.86
AT Rayudu,2012.0,15,333,252,21,14,2,0,81,9,6,37.0,132.14
AT Rayudu,2013.0,15,265,231,22,4,0,0,37,12,3,22.08,114.72
AT Rayudu,2014.0,14,361,287,31,8,2,0,68,14,0,25.79,125.78
AT Rayudu,2015.0,14,281,193,18,16,1,0,53,9,5,31.22,145.6
AT Rayudu,2016.0,12,334,278,28,12,2,0,65,11,1,30.36,120.14
AT Rayudu,2017.0,5,91,78,7,3,1,0,63,5,0,18.2,116.67
AT Rayudu,2018.0,16,602,402,53,34,3,1,100,13,3,46.31,149.75
AT Rayudu,2019.0,17,282,303,20,7,1,0,57,12,5,23.5,93.07
AT Rayudu,2020.0,11,359,282,30,12,1,0,71,9,2,39.89,127.3
AT Rayudu,2021.0,13,257,170,16,17,2,0,72,9,4,28.56,151.18
AT Rayudu,2022.0,11,274,224,25,15,1,0,78,10,1,27.4,122.32
AT Rayudu,2023.0,12,158,113,10,9,0,0,27,10,2,15.8,139.82
AU Rashid,2023.0,2,22,16,2,1,0,0,18,2,0,11.0,137.5
AUK Pathan,2011.0,5,33,16,5,2,0,0,14,4,1,8.25,206.25
AUK Pathan,2012.0,2,6,7,0,0,0,0,4,1,1,6.0,85.71
Abdul Basith,2023.0,1,1,1,0,0,0,0,1,0,1,1.0,100.0
Abdul Samad,2020.0,7,113,67,8,6,0,0,33,5,2,22.6,168.66
Abdul Samad,2021.0,10,111,87,4,8,0,0,28,9,1,12.33,127.59
Abdul Samad,2022.0,2,4,7,0,0,0,0,4,2,0,2.0,57.14
Abdul Samad,2023.0,8,169,128,10,11,0,0,37,4,4,42.25,132.03
Abdul Samad,2024.0,12,182,108,15,11,0,0,37,9,3,20.22,168.52
Abdul Samad,2025.0,12,164,93,8,14,0,0,45,8,4,20.5,176.34
Abdul Samad,2026.0,7,116,88,10,5,0,0,37,6,1,19.33,131.82
Abdur Razzak,2008.0,1,0,2,0,0,0,0,0,0,1,0.0,0.0
Abhishek Sharma,2018.0,3,63,33,3,5,0,0,46,1,2,63.0,190.91
Abhishek Sharma,2019.0,3,9,9,1,0,0,0,5,2,1,4.5,100.0
Abhishek Sharma,2020.0,7,71,56,6,3,0,0,31,5,2,14.2,126.79
Abhishek Sharma,2021.0,7,98,75,7,4,0,0,33,6,1,16.33,130.67
Abhishek Sharma,2022.0,14,426,320,47,13,2,0,75,14,0,30.43,133.12
Abhishek Sharma,2023.0,11,226,157,28,6,2,0,67,11,0,20.55,143.95
Abhishek Sharma,2024.0,16,484,237,36,42,3,0,75,15,1,32.27,204.22
Abhishek Sharma,2025.0,13,439,227,46,28,2,1,141,12,1,36.58,193.39
Abhishek Sharma,2026.0,15,563,275,50,43,4,1,135,14,1,40.21,204.73
Abishek Porel,2023.0,4,33,31,1,2,0,0,20,4,0,8.25,106.45
Abishek Porel,2024.0,12,327,205,36,13,2,0,65,10,2,32.7,159.51
Abishek Porel,2025.0,13,301,205,28,12,1,0,51,12,1,25.08,146.83
Abishek Porel,2026.0,4,108,88,15,1,1,0,51,4,0,27.0,122.73
Akash Deep,2022.0,1,0,2,0,0,0,0,0,1,0,0.0,0.0
Akash Deep,2023.0,1,17,8,2,1,0,0,17,1,0,17.0,212.5
Akash Deep,2024.0,1,2,2,0,0,0,0,2,0,1,2.0,100.0
Akash Deep,2025.0,2,6,2,0,1,0,0,6,1,1,6.0,300.0
Akash Madhwal,2024.0,1,4,5,0,0,0,0,4,0,1,4.0,80.0
Akash Madhwal,2025.0,1,4,9,0,0,0,0,4,0,1,4.0,44.44
Akshat Raghuwanshi,2026.0,2,29,25,1,1,0,0,18,2,0,14.5,116.0
Aman Hakim Khan,2022.0,1,5,3,1,0,0,0,5,1,0,5.0,166.67
Aman Hakim Khan,2023.0,9,110,101,7,6,1,0,51,8,1,13.75,108.91
Aniket Verma,2025.0,12,236,142,12,20,1,0,74,9,3,26.22,166.2
Aniket Verma,2026.0,8,79,54,6,5,0,0,43,5,3,15.8,146.3
Anirudh Singh,2010.0,4,63,66,6,1,0,0,40,4,0,15.75,95.45
Ankit Sharma,2012.0,4,18,13,0,2,0,0,15,3,1,6.0,138.46
Ankit Sharma,2014.0,2,34,30,4,1,0,0,30,2,0,17.0,113.33
Ankit Sharma,2015.0,2,7,6,1,0,0,0,7,1,1,7.0,116.67
Ankit Sharma,2016.0,1,3,3,0,0,0,0,3,0,1,3.0,100.0
Ankit Sharma,2017.0,1,25,15,2,1,0,0,25,1,0,25.0,166.67
Ankit Soni,2017.0,3,7,9,0,1,0,0,7,2,1,3.5,77.78
Anmolpreet Singh,2021.0,1,16,14,2,1,0,0,16,1,0,16.0,114.29
Anmolpreet Singh,2022.0,2,13,13,1,0,0,0,8,2,0,6.5,100.0
Anmolpreet Singh,2023.0,4,105,82,15,2,0,0,36,4,0,26.25,128.05
Anmolpreet Singh,2024.0,2,5,6,1,0,0,0,5,2,0,2.5,83.33
Anuj Rawat,2021.0,1,0,1,0,0,0,0,0,1,0,0.0,0.0
Anuj Rawat,2022.0,8,129,118,10,7,1,0,66,7,1,18.43,109.32
Anuj Rawat,2023.0,7,91,71,6,4,0,0,29,3,4,30.33,128.17
Anuj Rawat,2024.0,5,98,77,10,3,0,0,48,3,2,32.67,127.27
Anureet Singh,2015.0,6,18,31,0,1,0,0,10,3,3,6.0,58.06
Anureet Singh,2017.0,1,15,12,2,0,0,0,15,1,0,15.0,125.0
Anureet Singh,2018.0,1,3,4,0,0,0,0,3,0,1,3.0,75.0
Arjun Tendulkar,2023.0,1,13,9,0,1,0,0,13,1,0,13.0,144.44
Arjun Tendulkar,2026.0,1,5,5,0,0,0,0,5,0,1,5.0,100.0
Arshad Khan,2023.0,3,18,15,0,1,0,0,15,2,1,9.0,120.0
Arshad Khan,2024.0,3,78,50,5,5,1,0,58,1,2,78.0,156.0
Arshad Khan,2025.0,4,23,19,0,3,0,0,20,2,2,11.5,121.05
Arshad Khan,2026.0,2,23,11,1,2,0,0,15,1,1,23.0,209.09
Arshad Khan (2),2024.0,1,5,4,1,0,0,0,5,1,0,5.0,125.0
Arshdeep Singh,2020.0,1,0,3,0,0,0,0,0,1,0,0.0,0.0
Arshdeep Singh,2021.0,2,2,3,0,0,0,0,1,0,2,2.0,66.67
Arshdeep Singh,2022.0,6,21,29,3,0,0,0,10,3,3,7.0,72.41
Arshdeep Singh,2023.0,1,2,2,0,0,0,0,2,0,1,2.0,100.0
Arshdeep Singh,2024.0,1,4,3,1,0,0,0,4,1,0,4.0,133.33
Arshdeep Singh,2025.0,2,2,6,0,0,0,0,1,1,1,2.0,33.33
Arshdeep Singh,2026.0,1,1,1,0,0,0,0,1,0,1,1.0,100.0
Ashok Sharma,2026.0,2,1,4,0,0,0,0,1,0,2,1.0,25.0
Ashutosh Sharma,2024.0,9,189,113,10,15,1,0,61,7,2,27.0,167.26
Ashutosh Sharma,2025.0,9,204,127,14,13,1,0,66,7,2,29.14,160.63
Ashutosh Sharma,2026.0,8,171,94,15,12,0,0,39,5,3,34.2,181.91
Ashwani Kumar,2026.0,1,1,6,0,0,0,0,1,0,1,1.0,16.67
Atharva Taide,2023.0,7,186,129,20,6,2,0,66,6,1,31.0,144.19
Atharva Taide,2024.0,2,61,39,7,2,0,0,46,2,0,30.5,156.41
Atharva Taide,2025.0,1,13,9,3,0,0,0,13,1,0,13.0,144.44
Auqib Nabi,2026.0,2,14,4,2,1,0,0,10,1,1,14.0,350.0
Avesh Khan,2019.0,1,4,3,1,0,0,0,4,0,1,4.0,133.33
Avesh Khan,2021.0,1,5,3,1,0,0,0,5,0,1,5.0,166.67
Avesh Khan,2022.0,4,22,13,0,3,0,0,12,1,3,22.0,169.23
Avesh Khan,2023.0,1,0,1,0,0,0,0,0,0,1,0.0,0.0
Avesh Khan,2024.0,2,10,5,1,0,0,0,7,0,2,10.0,200.0
Avesh Khan,2025.0,4,21,12,3,1,0,0,19,1,3,21.0,175.0
Avesh Khan,2026.0,3,6,6,1,0,0,0,4,1,2,6.0,100.0
Azhar Mahmood,2012.0,10,186,142,16,8,0,0,36,8,2,23.25,130.99
Azhar Mahmood,2013.0,10,196,154,22,5,2,0,80,10,0,19.6,127.27
Azhar Mahmood,2015.0,1,6,7,1,0,0,0,6,1,0,6.0,85.71
Azmatullah Omarzai,2024.0,4,42,33,2,2,0,0,17,4,0,10.5,127.27
Azmatullah Omarzai,2025.0,5,57,41,6,3,0,0,21,4,1,14.25,139.02
Azmatullah Omarzai,2026.0,2,52,27,3,5,0,0,38,2,0,26.0,192.59
B Akhil,2008.0,7,46,31,4,3,0,0,27,2,5,23.0,148.39
B Akhil,2009.0,3,17,15,1,1,0,0,9,2,1,8.5,113.33
B Akhil,2011.0,1,13,9,0,1,0,0,13,1,0,13.0,144.44
B Chipli,2008.0,3,20,28,3,0,0,0,10,3,0,6.67,71.43
B Chipli,2011.0,13,207,170,21,4,1,0,61,8,5,25.88,121.76
B Chipli,2012.0,4,37,35,3,2,0,0,25,3,1,12.33,105.71
B Chipli,2013.0,1,16,18,1,1,0,0,16,1,0,16.0,88.89
B Indrajith,2022.0,3,21,30,2,0,0,0,15,3,0,7.0,70.0
B Kumar,2011.0,1,1,1,0,0,0,0,1,0,1,1.0,100.0
B Kumar,2012.0,8,40,40,4,0,0,0,11,3,5,13.33,100.0
B Kumar,2013.0,9,52,71,3,1,0,0,24,7,2,7.43,73.24
B Kumar,2014.0,2,1,4,0,0,0,0,1,1,1,1.0,25.0
B Kumar,2015.0,3,17,10,2,1,0,0,11,1,2,17.0,170.0
B Kumar,2016.0,8,43,27,6,1,0,0,21,5,3,8.6,159.26
B Kumar,2017.0,2,4,4,0,0,0,0,4,1,1,4.0,100.0
B Kumar,2018.0,4,13,16,1,0,0,0,7,1,3,13.0,81.25
B Kumar,2019.0,4,12,19,1,0,0,0,7,3,1,4.0,63.16
B Kumar,2020.0,1,0,2,0,0,0,0,0,1,0,0.0,0.0
B Kumar,2021.0,7,34,30,3,0,0,0,14,1,6,34.0,113.33
B Kumar,2022.0,6,24,26,3,0,0,0,8,2,4,12.0,92.31
B Kumar,2023.0,5,42,47,4,0,0,0,27,3,2,14.0,89.36
B Kumar,2024.0,5,23,29,3,0,0,0,13,3,2,7.67,79.31
B Kumar,2025.0,6,14,25,1,0,0,0,8,3,3,4.67,56.0
B Kumar,2026.0,4,34,26,3,1,0,0,15,0,4,34.0,130.77
B Laughlin,2013.0,2,4,9,0,0,0,0,4,1,1,4.0,44.44
B Laughlin,2018.0,2,1,4,0,0,0,0,1,1,1,1.0,25.0
B Lee,2008.0,3,17,13,2,1,0,0,16,1,2,17.0,130.77
B Lee,2009.0,4,28,34,2,1,0,0,14,2,2,14.0,82.35
B Lee,2010.0,3,11,9,1,0,0,0,7,1,2,11.0,122.22
B Lee,2011.0,4,5,9,0,0,0,0,2,2,2,2.5,55.56
B Lee,2012.0,3,42,20,2,4,0,0,25,2,1,21.0,210.0
B Lee,2013.0,2,21,12,1,2,0,0,16,1,1,21.0,175.0
B Sai Sudharsan,2022.0,5,145,114,14,3,1,0,65,4,1,36.25,127.19
B Sai Sudharsan,2023.0,8,362,256,33,12,3,0,96,6,2,60.33,141.41
B Sai Sudharsan,2024.0,12,527,373,48,17,2,1,103,11,1,47.91,141.29
B Sai Sudharsan,2025.0,15,759,486,88,21,6,1,108,14,1,54.21,156.17
B Sai Sudharsan,2026.0,17,722,457,75,30,8,1,100,16,1,45.12,157.99
B Stanlake,2018.0,1,5,2,1,0,0,0,5,0,1,5.0,250.0
B Sumanth,2010.0,4,35,37,3,0,0,0,16,1,3,35.0,94.59
BA Bhatt,2011.0,1,0,5,0,0,0,0,0,0,1,0.0,0.0
BA Bhatt,2012.0,1,6,2,0,1,0,0,6,0,1,6.0,300.0
BA Stokes,2017.0,11,316,221,22,15,1,1,103,10,1,31.6,142.99
BA Stokes,2018.0,12,196,161,13,6,0,0,45,12,0,16.33,121.74
BA Stokes,2019.0,9,123,99,8,4,0,0,46,6,3,20.5,124.24
BA Stokes,2020.0,8,285,200,36,7,1,1,107,7,1,40.71,142.5
BA Stokes,2021.0,1,0,3,0,0,0,0,0,1,0,0.0,0.0
BA Stokes,2023.0,2,15,14,2,0,0,0,8,2,0,7.5,107.14
BAW Mendis,2009.0,1,0,1,0,0,0,0,0,1,0,0.0,0.0
BAW Mendis,2010.0,1,1,1,0,0,0,0,1,0,1,1.0,100.0
BAW Mendis,2013.0,1,2,4,0,0,0,0,2,1,0,2.0,50.0
BB McCullum,2008.0,4,188,92,13,15,0,1,158,3,1,62.67,204.35
BB McCullum,2009.0,13,286,240,27,12,2,0,84,12,1,23.83,119.17
BB McCullum,2010.0,5,114,110,14,2,1,0,57,3,2,38.0,103.64
BB McCullum,2011.0,13,357,275,35,16,1,0,81,13,0,27.46,129.82
BB McCullum,2012.0,12,289,283,37,3,1,0,56,12,0,24.08,102.12
BB McCullum,2013.0,1,6,7,1,0,0,0,6,1,0,6.0,85.71
BB McCullum,2014.0,14,405,333,32,19,3,0,71,12,2,33.75,121.62
BB McCullum,2015.0,14,436,280,51,23,2,1,100,13,1,33.54,155.71
BB McCullum,2016.0,16,354,262,38,16,1,0,60,16,0,22.12,135.11
BB McCullum,2017.0,11,320,220,29,18,2,0,72,11,0,29.09,145.45
BB McCullum,2018.0,6,127,88,16,6,0,0,43,6,0,21.17,144.32
BB Samantray,2012.0,1,2,2,0,0,0,0,2,0,1,2.0,100.0
BB Samantray,2013.0,7,123,111,13,2,1,0,55,5,2,24.6,110.81
BB Sran,2016.0,3,4,4,0,0,0,0,2,0,3,4.0,100.0
BB Sran,2018.0,3,3,7,0,0,0,0,2,1,2,3.0,42.86
BB Sran,2019.0,1,3,3,0,0,0,0,3,0,1,3.0,100.0
BCJ Cutting,2014.0,1,8,6,0,1,0,0,8,0,1,8.0,133.33
BCJ Cutting,2016.0,4,65,34,4,6,0,0,39,2,2,32.5,191.18
BCJ Cutting,2017.0,3,51,26,5,3,0,0,20,2,1,25.5,196.15
BCJ Cutting,2018.0,6,96,58,5,8,0,0,37,4,2,24.0,165.52
BCJ Cutting,2019.0,3,18,17,1,1,0,0,13,2,1,9.0,105.88
BE Hendricks,2014.0,1,0,1,0,0,0,0,0,1,0,0.0,0.0
BE Hendricks,2015.0,1,1,2,0,0,0,0,1,0,1,1.0,50.0
BJ Haddin,2011.0,1,18,11,2,1,0,0,18,1,0,18.0,163.64
BJ Hodge,2008.0,3,12,17,2,0,0,0,10,2,1,6.0,70.59
BJ Hodge,2009.0,12,365,310,34,9,3,0,73,9,3,40.56,117.74
BJ Hodge,2010.0,4,99,90,11,1,1,0,50,4,0,24.75,110.0
BJ Hodge,2011.0,14,285,236,26,9,1,0,51,8,6,35.62,120.76
BJ Hodge,2012.0,12,245,175,18,9,0,0,48,8,4,30.62,140.0
BJ Hodge,2013.0,14,293,218,27,9,1,0,54,7,7,41.86,134.4
BJ Hodge,2014.0,4,101,72,4,6,0,0,40,3,1,33.67,140.28
BJ Rohrer,2013.0,8,193,141,21,5,1,0,64,6,2,32.17,136.88
BKG Mendis,2025.0,1,20,10,1,2,0,0,20,1,0,20.0,200.0
BMAJ Mendis,2013.0,3,23,27,0,0,0,0,12,3,0,7.67,85.19
BR Dunk,2014.0,3,40,35,7,0,0,0,20,3,0,13.33,114.29
BR Sharath,2024.0,1,2,5,0,0,0,0,2,1,0,2.0,40.0
Basil Thampi,2017.0,5,28,28,1,1,0,0,13,0,5,28.0,100.0
Basil Thampi,2018.0,1,3,6,0,0,0,0,3,1,0,3.0,50.0
Basil Thampi,2019.0,1,1,1,0,0,0,0,1,0,1,1.0,100.0
Bipul Sharma,2010.0,2,9,7,1,0,0,0,8,0,2,9.0,128.57
Bipul Sharma,2011.0,3,23,18,1,0,0,0,16,1,2,23.0,127.78
Bipul Sharma,2012.0,4,72,47,6,3,0,0,35,2,2,36.0,153.19
Bipul Sharma,2015.0,1,1,2,0,0,0,0,1,1,0,1.0,50.0
Bipul Sharma,2016.0,4,51,25,1,5,0,0,27,1,3,51.0,204.0
Bipul Sharma,2017.0,3,31,24,2,1,0,0,21,1,2,31.0,129.17
Brijesh Sharma,2026.0,2,2,4,0,0,0,0,1,0,2,2.0,50.0
C Bosch,2025.0,2,47,32,3,3,0,0,27,2,0,23.5,146.88
C Bosch,2026.0,4,50,31,5,2,0,0,32,1,3,50.0,161.29
C Connolly,2026.0,13,491,301,43,32,2,1,107,11,2,44.64,163.12
C Green,2023.0,16,452,282,40,22,2,1,100,9,7,50.22,160.28
C Green,2024.0,12,255,178,22,10,0,0,46,8,4,31.88,143.26
C Green,2026.0,14,322,221,22,17,2,0,79,9,5,35.78,145.7
C Madan,2010.0,1,15,19,3,0,0,0,15,1,0,15.0,78.95
C Munro,2016.0,3,30,30,3,0,0,0,16,1,2,30.0,100.0
C Munro,2018.0,4,63,41,7,4,0,0,33,4,0,15.75,153.66
C Munro,2019.0,4,84,70,9,4,0,0,40,4,0,21.0,120.0
C Nanda,2009.0,1,0,1,0,0,0,0,0,1,0,0.0,0.0
C Sakariya,2021.0,5,16,25,2,0,0,0,7,4,1,4.0,64.0
C Sakariya,2023.0,2,4,6,1,0,0,0,4,1,1,4.0,66.67
C de Grandhomme,2017.0,9,126,92,10,6,0,0,36,8,1,15.75,136.96
C de Grandhomme,2018.0,8,131,84,4,10,0,0,40,4,4,32.75,155.95
C de Grandhomme,2019.0,4,46,49,4,2,0,0,37,2,2,23.0,93.88
CA Ingram,2011.0,3,21,26,2,0,0,0,13,2,1,10.5,80.77
CA Ingram,2019.0,12,184,154,20,5,0,0,47,10,2,18.4,119.48
CA Lynn,2012.0,1,6,9,1,0,0,0,6,1,0,6.0,66.67
CA Lynn,2014.0,2,58,49,5,3,0,0,45,2,0,29.0,118.37
CA Lynn,2016.0,2,25,22,0,1,0,0,15,1,1,25.0,113.64
CA Lynn,2017.0,7,295,163,25,19,3,0,93,6,1,49.17,180.98
CA Lynn,2018.0,16,491,377,56,18,3,0,74,14,2,35.07,130.24
CA Lynn,2019.0,13,405,290,41,22,4,0,82,13,0,31.15,139.66
CA Lynn,2021.0,1,49,35,4,3,0,0,49,1,0,49.0,140.0
CA Pujara,2010.0,6,122,115,14,3,0,0,45,4,2,30.5,106.09
CA Pujara,2011.0,3,34,31,4,0,0,0,25,3,0,11.33,109.68
CA Pujara,2012.0,3,17,22,1,1,0,0,11,3,0,5.67,77.27
CA Pujara,2013.0,4,92,99,14,0,1,0,51,4,0,23.0,92.93
CA Pujara,2014.0,6,125,124,17,0,0,0,40,4,2,31.25,100.81
CH Gayle,2009.0,7,184,148,18,10,1,0,54,6,1,30.67,124.32
CH Gayle,2010.0,9,292,184,30,16,2,0,88,9,0,32.44,158.7
CH Gayle,2011.0,12,608,332,57,44,3,2,107,9,3,67.56,183.13
CH Gayle,2012.0,14,733,456,46,59,7,1,128,12,2,61.08,160.75
CH Gayle,2013.0,16,720,459,57,52,4,1,175,12,4,60.0,156.86
CH Gayle,2014.0,9,196,184,18,12,0,0,46,9,0,21.78,106.52
CH Gayle,2015.0,14,491,333,39,38,2,1,117,12,2,40.92,147.45
CH Gayle,2016.0,10,227,150,17,21,2,0,76,10,0,22.7,151.33
CH Gayle,2017.0,9,200,163,15,14,1,0,77,9,0,22.22,122.7
CH Gayle,2018.0,11,368,252,30,27,3,1,104,9,2,40.89,146.03
CH Gayle,2019.0,13,490,319,45,34,4,0,99,12,1,40.83,153.61
CH Gayle,2020.0,7,295,212,15,24,3,0,99,6,1,49.17,139.15
CH Gayle,2021.0,10,193,154,21,8,0,0,46,9,1,21.44,125.32
CH Morris,2013.0,6,14,16,0,0,0,0,7,2,4,7.0,87.5
CH Morris,2015.0,7,76,46,3,5,0,0,34,2,5,38.0,165.22
CH Morris,2016.0,7,195,109,15,12,1,0,82,3,4,65.0,178.9
CH Morris,2017.0,8,154,94,15,6,1,0,52,5,3,30.8,163.83
CH Morris,2018.0,3,46,26,3,2,0,0,27,1,2,46.0,176.92
CH Morris,2019.0,6,32,37,1,2,0,0,17,6,0,5.33,86.49
CH Morris,2020.0,5,34,21,2,3,0,0,25,4,1,8.5,161.9
CH Morris,2021.0,7,67,49,2,5,0,0,36,5,2,13.4,136.73
CJ Anderson,2014.0,11,265,181,21,15,1,0,95,9,2,29.44,146.41
CJ Anderson,2015.0,4,114,97,11,6,2,0,55,3,1,38.0,117.53
CJ Anderson,2017.0,11,142,123,8,9,0,0,41,7,4,20.29,115.45
CJ Anderson,2018.0,3,17,22,0,1,0,0,15,3,0,5.67,77.27
CJ Ferguson,2011.0,4,48,54,6,0,0,0,16,2,2,24.0,88.89
CJ Ferguson,2012.0,4,50,63,3,0,0,0,23,4,0,12.5,79.37
CJ Jordan,2016.0,1,3,4,0,0,0,0,3,0,1,3.0,75.0
CJ Jordan,2017.0,1,0,1,0,0,0,0,0,1,0,0.0,0.0
CJ Jordan,2020.0,4,29,31,2,0,0,0,13,3,1,9.67,93.55
CJ Jordan,2021.0,2,32,21,1,3,0,0,30,2,0,16.0,152.38
CJ Jordan,2022.0,2,11,8,0,0,0,0,6,1,1,11.0,137.5
CJ Jordan,2023.0,2,6,12,0,0,0,0,4,2,0,3.0,50.0
CJ McKay,2012.0,1,8,15,0,0,0,0,8,1,0,8.0,53.33
CK Kapugedera,2008.0,3,16,23,0,0,0,0,8,3,0,5.33,69.57
CK Langeveldt,2010.0,1,0,1,0,0,0,0,0,1,0,0.0,0.0
CK Langeveldt,2011.0,1,8,8,0,1,0,0,8,1,0,8.0,100.0
CL White,2008.0,8,114,102,8,4,0,0,31,5,3,22.8,111.76
CL White,2010.0,5,48,33,3,3,0,0,21,2,3,24.0,145.45
CL White,2011.0,6,104,109,6,2,0,0,31,4,2,26.0,95.41
CL White,2012.0,13,479,320,41,20,5,0,78,11,2,43.55,149.69
CL White,2013.0,13,226,196,18,9,1,0,52,12,1,18.83,115.31
CM Gautam,2013.0,3,44,34,4,1,0,0,30,2,1,22.0,129.41
CM Gautam,2014.0,9,121,111,13,5,0,0,33,6,3,20.17,109.01
CM Gautam,2015.0,1,4,5,0,0,0,0,4,1,0,4.0,80.0
CR Brathwaite,2016.0,6,83,38,6,8,0,0,34,6,0,13.83,218.42
CR Brathwaite,2017.0,2,12,15,2,0,0,0,11,2,0,6.0,80.0
CR Brathwaite,2018.0,4,75,48,1,8,0,0,43,3,1,25.0,156.25
CR Brathwaite,2019.0,2,11,10,1,0,0,0,6,2,0,5.5,110.0
CR Woakes,2017.0,7,46,47,4,1,0,0,18,3,4,15.33,97.87
CR Woakes,2018.0,4,17,19,1,1,0,0,11,2,2,8.5,89.47
CR Woakes,2021.0,1,15,11,2,0,0,0,15,0,1,15.0,136.36
CRD Fernando,2008.0,1,2,1,0,0,0,0,2,0,1,2.0,200.0
CRD Fernando,2010.0,1,2,2,0,0,0,0,2,0,1,2.0,100.0
CV Varun,2020.0,3,10,15,0,0,0,0,7,2,1,5.0,66.67
CV Varun,2021.0,2,2,4,0,0,0,0,2,0,2,2.0,50.0
CV Varun,2022.0,3,12,18,2,0,0,0,10,0,3,12.0,66.67
CV Varun,2023.0,2,1,9,0,0,0,0,1,0,2,1.0,11.11
CV Varun,2025.0,1,1,1,0,0,0,0,1,0,1,1.0,100.0
CV Varun,2026.0,2,5,6,1,0,0,0,5,2,0,2.5,83.33
D Brevis,2022.0,7,161,113,14,11,0,0,49,7,0,23.0,142.48
D Brevis,2024.0,3,69,59,3,5,0,0,46,3,0,23.0,116.95
D Brevis,2025.0,6,225,125,13,17,2,0,57,6,0,37.5,180.0
D Brevis,2026.0,8,151,118,8,10,0,0,44,8,0,18.88,127.97
D Ferreira,2024.0,2,8,11,0,0,0,0,7,2,0,4.0,72.73
D Ferreira,2025.0,1,1,3,0,0,0,0,1,1,0,1.0,33.33
D Ferreira,2026.0,13,317,177,26,23,2,0,69,9,4,35.22,179.1
D Kalyankrishna,2008.0,1,3,8,0,0,0,0,3,1,0,3.0,37.5
D Padikkal,2020.0,15,473,379,51,8,5,0,74,14,1,33.79,124.8
D Padikkal,2021.0,14,411,328,44,14,1,1,101,13,1,31.62,125.3
D Padikkal,2022.0,17,376,306,41,14,1,0,54,17,0,22.12,122.88
D Padikkal,2023.0,11,261,200,31,6,2,0,52,10,1,26.1,130.5
D Padikkal,2024.0,7,38,53,3,0,0,0,13,7,0,5.43,71.7
D Padikkal,2025.0,10,247,164,22,14,2,0,61,9,1,27.44,150.61
D Padikkal,2026.0,15,464,275,49,24,3,0,61,14,1,33.14,168.73
D Pretorius,2022.0,5,44,28,3,3,0,0,22,4,1,11.0,157.14
D Salunkhe,2008.0,3,33,24,5,0,0,0,26,1,2,33.0,137.5
D Wiese,2015.0,7,122,86,12,4,0,0,47,4,3,30.5,141.86
D Wiese,2016.0,1,5,4,0,0,0,0,5,0,1,5.0,125.0
D Wiese,2023.0,3,21,11,0,3,0,0,12,1,2,21.0,190.91
D du Preez,2009.0,1,10,13,0,0,0,0,10,1,0,10.0,76.92
DA Miller,2012.0,6,98,75,6,4,0,0,34,2,4,49.0,130.67
DA Miller,2013.0,12,418,254,28,24,3,1,101,7,5,59.71,164.57
DA Miller,2014.0,16,446,299,34,21,3,0,66,9,7,49.56,149.16
DA Miller,2015.0,13,357,267,21,21,2,0,89,11,2,32.45,133.71
DA Miller,2016.0,13,161,131,11,4,0,0,31,10,3,16.1,122.9
DA Miller,2017.0,4,83,80,4,4,0,0,30,3,1,27.67,103.75
DA Miller,2018.0,3,74,64,3,2,0,0,26,2,1,37.0,115.62
DA Miller,2019.0,10,213,164,19,7,1,0,59,8,2,26.62,129.88
DA Miller,2021.0,8,124,113,11,3,1,0,62,5,3,24.8,109.73
DA Miller,2022.0,16,481,337,32,23,2,0,94,7,9,68.71,142.73
DA Miller,2023.0,13,259,178,18,13,0,0,46,8,5,32.38,145.51
DA Miller,2024.0,9,210,139,20,8,1,0,55,6,3,35.0,151.08
DA Miller,2025.0,10,153,120,13,4,0,0,27,5,5,30.6,127.5
DA Miller,2026.0,10,211,137,15,14,1,0,51,6,4,35.17,154.01
DA Payne,2026.0,1,6,5,0,0,0,0,6,0,1,6.0,120.0
DA Warner,2009.0,7,163,132,16,5,1,0,51,7,0,23.29,123.48
DA Warner,2010.0,11,282,191,27,14,1,1,107,9,2,31.33,147.64
DA Warner,2011.0,13,324,276,34,11,3,0,77,13,0,24.92,117.39
DA Warner,2012.0,8,256,156,28,14,1,1,109,7,1,36.57,164.1
DA Warner,2013.0,16,410,324,41,14,4,0,77,13,3,31.54,126.54
DA Warner,2014.0,14,528,375,39,24,6,0,90,11,3,48.0,140.8
DA Warner,2015.0,14,562,359,65,21,7,0,91,12,2,46.83,156.55
DA Warner,2016.0,17,848,560,88,31,9,0,93,14,3,60.57,151.43
DA Warner,2017.0,14,641,452,63,26,4,1,126,11,3,58.27,141.81
DA Warner,2019.0,12,692,481,57,21,8,1,100,10,2,69.2,143.87
DA Warner,2020.0,16,548,408,52,14,4,0,85,14,2,39.14,134.31
DA Warner,2021.0,8,197,184,15,6,2,0,57,6,2,32.83,107.07
DA Warner,2022.0,12,432,287,52,15,5,0,92,9,3,48.0,150.52
DA Warner,2023.0,14,516,392,69,10,6,0,86,13,1,39.69,131.63
DA Warner,2024.0,8,168,125,17,10,1,0,52,8,0,21.0,134.4
DAJ Bracewell,2012.0,1,12,9,1,0,0,0,12,0,1,12.0,133.33
DB Das,2008.0,6,103,94,9,5,0,0,31,6,0,17.17,109.57
DB Das,2012.0,10,126,93,9,6,0,0,35,1,9,126.0,135.48
DB Das,2013.0,6,75,74,5,5,0,0,23,5,1,15.0,101.35
DB Ravi Teja,2008.0,6,109,82,10,5,0,0,40,6,0,18.17,132.93
DB Ravi Teja,2009.0,6,65,70,7,0,0,0,27,3,3,21.67,92.86
DB Ravi Teja,2011.0,9,183,144,17,4,1,0,60,7,2,26.14,127.08
DB Ravi Teja,2012.0,2,4,4,1,0,0,0,4,2,0,2.0,100.0
DB Ravi Teja,2013.0,2,14,17,0,0,0,0,10,1,1,14.0,82.35
DE Bollinger,2010.0,2,18,17,1,1,0,0,16,0,2,18.0,105.88
DE Bollinger,2011.0,1,0,1,0,0,0,0,0,0,1,0.0,0.0
DE Bollinger,2012.0,1,3,5,0,0,0,0,3,1,0,3.0,60.0
DG Nalkande,2023.0,1,0,1,0,0,0,0,0,1,0,0.0,0.0
DG Nalkande,2024.0,1,12,11,0,1,0,0,12,1,0,12.0,109.09
DH Yagnik,2011.0,4,16,22,1,0,0,0,10,1,3,16.0,72.73
DH Yagnik,2012.0,3,25,13,5,0,0,0,10,1,2,25.0,192.31
DH Yagnik,2013.0,9,125,96,17,2,0,0,34,7,2,17.86,130.21
DH Yagnik,2014.0,1,4,6,0,0,0,0,4,0,1,4.0,66.67
DJ Bravo,2008.0,7,178,134,19,5,1,0,64,6,1,29.67,132.84
DJ Bravo,2009.0,10,218,203,15,8,2,0,70,8,2,27.25,107.39
DJ Bravo,2010.0,8,61,53,3,4,0,0,23,7,1,8.71,115.09
DJ Bravo,2011.0,2,11,6,1,1,0,0,6,1,1,11.0,183.33
DJ Bravo,2012.0,16,371,264,20,20,0,0,48,8,8,46.38,140.53
DJ Bravo,2013.0,12,121,106,11,3,0,0,23,8,4,15.12,114.15
DJ Bravo,2014.0,1,8,3,0,1,0,0,8,0,1,8.0,266.67
DJ Bravo,2015.0,13,195,148,22,5,1,0,62,8,5,24.38,131.76
DJ Bravo,2016.0,12,99,82,11,1,0,0,22,8,4,12.38,120.73
DJ Bravo,2018.0,10,141,91,8,10,1,0,68,4,6,35.25,154.95
DJ Bravo,2019.0,8,80,66,6,3,0,0,27,5,3,16.0,121.21
DJ Bravo,2020.0,2,7,6,0,0,0,0,7,2,0,3.5,116.67
DJ Bravo,2021.0,3,47,18,3,4,0,0,23,1,2,47.0,261.11
DJ Bravo,2022.0,6,23,24,1,1,0,0,12,2,4,11.5,95.83
DJ Harris,2012.0,4,111,101,11,5,0,0,47,3,1,37.0,109.9
DJ Hooda,2015.0,9,151,95,6,11,1,0,54,9,0,16.78,158.95
DJ Hooda,2016.0,15,144,121,9,5,0,0,34,11,4,13.09,119.01
DJ Hooda,2017.0,6,78,52,5,4,0,0,19,3,3,26.0,150.0
DJ Hooda,2018.0,8,87,81,2,3,0,0,32,4,4,21.75,107.41
DJ Hooda,2019.0,7,64,63,5,1,0,0,20,6,1,10.67,101.59
DJ Hooda,2020.0,5,102,72,5,5,1,0,62,1,4,102.0,141.67
DJ Hooda,2021.0,11,160,123,9,9,1,0,64,9,2,17.78,130.08
DJ Hooda,2022.0,14,451,330,36,18,4,0,59,13,1,34.69,136.67
DJ Hooda,2023.0,12,84,90,3,2,0,0,17,10,2,8.4,93.33
DJ Hooda,2024.0,9,145,105,16,3,1,0,50,8,1,18.12,138.1
DJ Hooda,2025.0,5,31,41,2,1,0,0,22,5,0,6.2,75.61
DJ Hussey,2008.0,13,319,259,19,17,2,0,71,11,2,29.0,123.17
DJ Hussey,2009.0,4,98,59,7,6,0,0,43,3,1,32.67,166.1
DJ Hussey,2010.0,6,94,86,5,5,0,0,31,4,2,23.5,109.3
DJ Hussey,2011.0,8,64,63,3,3,0,0,21,6,2,10.67,101.59
DJ Hussey,2012.0,15,396,305,28,17,2,0,68,10,5,39.6,129.84
DJ Hussey,2013.0,11,235,209,20,6,0,0,41,10,1,23.5,112.44
DJ Hussey,2014.0,4,116,94,8,6,1,0,50,2,2,58.0,123.4
DJ Jacobs,2011.0,6,92,88,10,4,0,0,32,6,0,15.33,104.55
DJ Jacobs,2012.0,1,0,10,0,0,0,0,0,1,0,0.0,0.0
DJ Malan,2021.0,1,26,26,1,1,0,0,26,1,0,26.0,100.0
DJ Mitchell,2022.0,2,33,44,1,0,0,0,17,2,0,16.5,75.0
DJ Mitchell,2024.0,13,318,223,27,10,2,0,63,11,2,28.91,142.6
DJ Muthuswami,2015.0,1,1,3,0,0,0,0,1,1,0,1.0,33.33
DJ Thornely,2008.0,4,39,53,2,2,0,0,30,3,1,13.0,73.58
DJ Willey,2022.0,2,18,30,3,0,0,0,18,2,0,9.0,60.0
DJ Willey,2023.0,3,35,32,4,0,0,0,20,0,3,35.0,109.38
DJG Sammy,2013.0,9,174,132,11,10,1,0,60,6,3,29.0,131.82
DJG Sammy,2014.0,9,108,91,4,8,0,0,29,7,2,15.43,118.68
DJG Sammy,2015.0,2,13,18,0,0,0,0,7,2,0,6.5,72.22
DJM Short,2018.0,7,115,99,11,5,0,0,44,7,0,16.43,116.16
DL Chahar,2017.0,1,14,6,0,2,0,0,14,1,0,14.0,233.33
DL Chahar,2018.0,4,50,29,1,4,0,0,39,3,1,16.67,172.41
DL Chahar,2019.0,2,7,9,1,0,0,0,7,2,0,3.5,77.78
DL Chahar,2020.0,3,7,12,0,0,0,0,5,1,2,7.0,58.33
DL Chahar,2021.0,1,1,1,0,0,0,0,1,0,1,1.0,100.0
DL Chahar,2023.0,1,1,2,0,0,0,0,1,0,1,1.0,50.0
DL Chahar,2025.0,4,37,25,3,2,0,0,28,1,3,37.0,148.0
DL Chahar,2026.0,4,25,19,3,1,0,0,10,2,2,12.5,131.58
DL Vettori,2009.0,3,34,32,3,0,0,0,29,2,1,17.0,106.25
DL Vettori,2010.0,3,33,27,4,0,0,0,19,1,2,33.0,122.22
DL Vettori,2011.0,4,23,28,1,1,0,0,18,1,3,23.0,82.14
DL Vettori,2012.0,6,31,26,3,1,0,0,20,3,3,10.33,119.23
DM Bravo,2017.0,1,6,5,1,0,0,0,6,0,1,6.0,120.0
DNT Zoysa,2008.0,2,11,9,1,0,0,0,10,1,1,11.0,122.22
DP Conway,2022.0,7,252,173,23,12,3,0,87,6,1,42.0,145.66
DP Conway,2023.0,15,672,481,77,18,6,0,92,13,2,51.69,139.71
DP Conway,2025.0,6,156,119,17,4,2,0,69,5,1,31.2,131.09
DP Nannes,2010.0,2,4,13,0,0,0,0,3,1,1,4.0,30.77
DP Vijaykumar,2008.0,1,1,1,0,0,0,0,1,0,1,1.0,100.0
DPMD Jayawardene,2008.0,12,179,131,15,7,0,0,45,7,5,25.57,136.64
DPMD Jayawardene,2009.0,10,219,165,17,7,1,0,52,6,4,36.5,132.73
DPMD Jayawardene,2010.0,13,445,300,55,12,1,1,110,10,3,44.5,148.33
DPMD Jayawardene,2011.0,13,299,257,35,5,3,0,76,11,2,27.18,116.34
DPMD Jayawardene,2012.0,15,335,298,39,3,3,0,56,10,5,33.5,112.42
DPMD Jayawardene,2013.0,15,331,313,39,6,2,0,66,14,1,23.64,105.75
DR Martyn,2010.0,1,19,24,1,0,0,0,19,1,0,19.0,79.17
DR Sams,2020.0,1,0,2,0,0,0,0,0,1,0,0.0,0.0
DR Sams,2021.0,2,6,6,0,0,0,0,3,1,1,6.0,100.0
DR Sams,2022.0,10,38,36,1,3,0,0,15,7,3,5.43,105.56
DR Shorey,2018.0,1,8,9,0,1,0,0,8,1,0,8.0,88.89
DR Shorey,2019.0,1,5,8,0,0,0,0,5,1,0,5.0,62.5
DR Smith,2008.0,3,45,40,5,1,0,0,20,2,1,22.5,112.5
DR Smith,2009.0,8,215,132,12,15,0,0,49,8,0,26.88,162.88
DR Smith,2010.0,3,22,25,1,1,0,0,13,2,1,11.0,88.0
DR Smith,2012.0,6,157,98,18,7,1,0,87,4,2,39.25,160.2
DR Smith,2013.0,13,418,341,40,19,4,0,68,13,0,32.15,122.58
DR Smith,2014.0,16,566,416,50,34,5,0,79,16,0,35.38,136.06
DR Smith,2015.0,16,399,335,52,16,2,0,62,14,2,28.5,119.1
DR Smith,2016.0,12,324,221,35,16,3,0,73,11,1,29.45,146.61
DR Smith,2017.0,11,239,156,32,8,2,0,74,10,1,23.9,153.21
DS Kulkarni,2008.0,1,2,16,0,0,0,0,2,0,1,2.0,12.5
DS Kulkarni,2009.0,3,9,17,0,0,0,0,7,2,1,4.5,52.94
DS Kulkarni,2011.0,1,2,4,0,0,0,0,2,1,0,2.0,50.0
DS Kulkarni,2012.0,1,10,5,2,0,0,0,10,0,1,10.0,200.0
DS Kulkarni,2014.0,2,35,25,1,2,0,0,28,0,2,35.0,140.0
DS Kulkarni,2015.0,2,4,11,0,0,0,0,3,2,0,2.0,36.36
DS Kulkarni,2016.0,5,27,16,3,0,0,0,10,2,3,13.5,168.75
DS Kulkarni,2017.0,1,1,2,0,0,0,0,1,1,0,1.0,50.0
DS Kulkarni,2018.0,2,6,7,0,0,0,0,3,0,2,6.0,85.71
DS Kulkarni,2019.0,1,5,3,1,0,0,0,5,0,1,5.0,166.67
DS Kulkarni,2020.0,1,3,2,0,0,0,0,3,0,1,3.0,150.0
DS Lehmann,2008.0,2,18,18,3,0,0,0,17,2,0,9.0,100.0
DS Rathi,2025.0,1,1,3,0,0,0,0,1,1,0,1.0,33.33
DS Rathi,2026.0,2,2,5,0,0,0,0,2,0,2,2.0,40.0
DT Christian,2011.0,13,190,159,9,7,0,0,30,10,3,19.0,119.5
DT Christian,2012.0,7,145,118,8,6,0,0,39,5,2,29.0,122.88
DT Christian,2013.0,2,6,15,0,0,0,0,4,2,0,3.0,40.0
DT Christian,2017.0,9,79,49,5,5,0,0,17,5,4,15.8,161.22
DT Christian,2018.0,3,26,33,0,1,0,0,13,1,2,26.0,78.79
DT Christian,2021.0,7,14,24,1,0,0,0,9,4,3,3.5,58.33
DT Patil,2008.0,2,13,13,1,0,0,0,9,1,1,13.0,100.0
DV Malewar,2026.0,2,2,5,0,0,0,0,2,2,0,1.0,40.0
DW Steyn,2008.0,2,2,5,0,0,0,0,1,1,1,2.0,40.0
DW Steyn,2009.0,1,0,3,0,0,0,0,0,1,0,0.0,0.0
DW Steyn,2010.0,4,13,17,2,0,0,0,8,4,0,3.25,76.47
DW Steyn,2011.0,5,36,35,3,0,0,0,13,3,2,12.0,102.86
DW Steyn,2012.0,5,19,21,0,1,0,0,7,5,0,3.8,90.48
DW Steyn,2013.0,8,53,36,5,2,0,0,18,2,6,26.5,147.22
DW Steyn,2014.0,3,22,26,1,0,0,0,12,2,1,11.0,84.62
DW Steyn,2015.0,3,20,13,3,0,0,0,19,1,2,20.0,153.85
DW Steyn,2016.0,1,1,2,0,0,0,0,1,1,0,1.0,50.0
DW Steyn,2020.0,1,1,2,0,0,0,0,1,0,1,1.0,50.0
Dhruv Jurel,2023.0,11,152,88,11,9,0,0,34,6,5,25.33,172.73
Dhruv Jurel,2024.0,11,195,141,18,7,2,0,56,7,4,27.86,138.3
Dhruv Jurel,2025.0,13,333,213,22,22,2,0,70,9,4,37.0,156.34
Dhruv Jurel,2026.0,16,515,333,47,24,6,0,81,14,2,36.79,154.65
E Lewis,2018.0,13,382,276,32,24,2,0,65,13,0,29.38,138.41
E Lewis,2019.0,3,48,52,4,2,0,0,32,3,0,16.0,92.31
E Lewis,2021.0,5,151,93,18,7,1,0,58,5,0,30.2,162.37
E Lewis,2022.0,5,73,56,8,3,1,0,55,3,2,24.33,130.36
E Malinga,2026.0,3,7,17,0,0,0,0,5,1,2,7.0,41.18
EJG Morgan,2010.0,4,35,30,2,1,0,0,17,3,1,11.67,116.67
EJG Morgan,2011.0,9,137,117,17,3,1,0,66,8,1,17.12,117.09
EJG Morgan,2013.0,13,307,240,28,13,1,0,51,10,3,30.7,127.92
EJG Morgan,2015.0,9,187,151,11,11,1,0,63,8,1,23.38,123.84
EJG Morgan,2016.0,6,123,105,8,4,1,0,51,5,1,24.6,117.14
EJG Morgan,2017.0,4,65,62,6,2,0,0,26,4,0,16.25,104.84
EJG Morgan,2020.0,14,419,304,32,24,1,0,68,10,4,41.9,137.83
EJG Morgan,2021.0,15,133,139,8,6,0,0,47,11,4,12.09,95.68
ER Dwivedi,2016.0,2,24,14,2,2,0,0,19,2,0,12.0,171.43
F Behardien,2016.0,3,14,13,2,0,0,0,9,2,1,7.0,107.69
F du Plessis,2012.0,12,398,304,29,17,3,0,73,10,2,39.8,130.92
F du Plessis,2014.0,12,303,235,26,7,2,0,54,9,3,33.67,128.94
F du Plessis,2015.0,15,380,304,37,5,1,0,55,11,4,34.55,125.0
F du Plessis,2016.0,6,206,162,17,9,2,0,69,6,0,34.33,127.16
F du Plessis,2017.0,1,8,7,1,0,0,0,8,1,0,8.0,114.29
F du Plessis,2018.0,6,162,129,17,6,1,0,67,5,1,32.4,125.58
F du Plessis,2019.0,12,396,321,36,15,3,0,96,11,1,36.0,123.36
F du Plessis,2020.0,13,449,319,42,14,4,0,87,10,3,44.9,140.75
F du Plessis,2021.0,16,633,458,61,23,6,0,95,14,2,45.21,138.21
F du Plessis,2022.0,16,468,367,49,13,3,0,96,15,1,31.2,127.52
F du Plessis,2023.0,14,730,475,60,36,8,0,84,13,1,56.15,153.68
F du Plessis,2024.0,15,438,271,47,21,4,0,64,14,1,31.29,161.62
F du Plessis,2025.0,9,202,163,18,8,2,0,62,9,0,22.44,123.93
FA Allen,2021.0,2,6,12,0,0,0,0,6,1,1,6.0,50.0
FA Allen,2022.0,1,8,7,1,0,0,0,8,1,0,8.0,114.29
FH Allen,2026.0,11,349,163,33,28,1,1,100,10,1,34.9,214.11
FH Edwards,2009.0,2,4,5,0,0,0,0,3,1,1,4.0,80.0
FY Fazal,2010.0,9,164,154,19,1,0,0,45,8,1,20.5,106.49
FY Fazal,2011.0,2,19,19,3,0,0,0,16,1,1,19.0,100.0
Fazalhaq Farooqi,2022.0,1,2,8,0,0,0,0,2,0,1,2.0,25.0
Fazalhaq Farooqi,2023.0,1,1,5,0,0,0,0,1,0,1,1.0,20.0
Fazalhaq Farooqi,2025.0,1,2,2,0,0,0,0,2,0,1,2.0,100.0
G Coetzee,2024.0,5,14,22,0,1,0,0,8,4,1,3.5,63.64
G Coetzee,2025.0,2,17,11,2,1,0,0,12,2,0,8.5,154.55
G Gambhir,2008.0,14,534,379,68,8,5,0,86,13,1,41.08,140.9
G Gambhir,2009.0,15,286,278,32,2,1,0,71,13,2,22.0,102.88
G Gambhir,2010.0,10,277,217,32,2,2,0,72,8,2,34.62,127.65
G Gambhir,2011.0,15,378,317,44,3,2,0,75,11,4,34.36,119.24
G Gambhir,2012.0,17,590,411,64,17,6,0,93,14,3,42.14,143.55
G Gambhir,2013.0,15,406,343,51,5,4,0,60,15,0,27.07,118.37
G Gambhir,2014.0,16,335,293,36,4,3,0,69,14,2,23.93,114.33
G Gambhir,2015.0,13,327,278,41,4,3,0,60,13,0,25.15,117.63
G Gambhir,2016.0,15,501,411,54,6,5,0,90,11,4,45.55,121.9
G Gambhir,2017.0,16,498,389,62,7,4,0,76,12,4,41.5,128.02
G Gambhir,2018.0,5,85,88,8,1,1,0,55,4,1,21.25,96.59
GB Hogg,2012.0,2,15,16,1,0,0,0,13,2,0,7.5,93.75
GB Hogg,2015.0,2,7,6,0,0,0,0,5,0,2,7.0,116.67
GC Smith,2008.0,11,441,362,54,8,3,0,91,9,2,49.0,121.82
GC Smith,2009.0,12,212,216,27,1,1,0,77,11,1,19.27,98.15
GC Smith,2010.0,2,44,39,7,0,0,0,26,2,0,22.0,112.82
GC Smith,2011.0,4,42,51,6,0,0,0,24,4,0,10.5,82.35
GC Viljoen,2019.0,3,3,7,0,0,0,0,2,2,1,1.5,42.86
GD McGrath,2008.0,2,4,5,1,0,0,0,4,1,1,4.0,80.0
GD Phillips,2021.0,3,26,33,1,2,0,0,14,2,1,13.0,78.79
GD Phillips,2023.0,5,39,22,2,4,0,0,25,5,0,7.8,177.27
GD Phillips,2026.0,5,67,54,4,2,0,0,25,4,1,16.75,124.07
GF Linde,2026.0,3,31,21,6,0,0,0,16,3,0,10.33,147.62
GH Vihari,2013.0,17,241,278,17,1,0,0,46,13,4,18.54,86.69
GH Vihari,2015.0,4,39,35,6,0,0,0,16,4,0,9.75,111.43
GH Vihari,2019.0,2,4,8,0,0,0,0,2,2,0,2.0,50.0
GHS Garton,2021.0,2,2,4,0,0,0,0,2,1,1,2.0,50.0
GJ Bailey,2009.0,2,45,39,7,0,0,0,30,2,0,22.5,115.38
GJ Bailey,2010.0,1,18,27,2,0,0,0,18,1,0,18.0,66.67
GJ Bailey,2014.0,16,257,190,19,10,0,0,40,9,7,28.56,135.26
GJ Bailey,2015.0,12,259,190,22,7,2,0,61,10,2,25.9,136.32
GJ Bailey,2016.0,5,84,98,9,2,0,0,34,4,1,21.0,85.71
GJ Maxwell,2012.0,2,6,11,0,0,0,0,3,1,1,6.0,54.55
GJ Maxwell,2013.0,3,36,27,1,4,0,0,23,2,1,18.0,133.33
GJ Maxwell,2014.0,16,552,294,48,36,4,0,95,16,0,34.5,187.76
GJ Maxwell,2015.0,11,146,113,13,8,0,0,43,11,0,13.27,129.2
GJ Maxwell,2016.0,10,179,124,14,8,2,0,68,9,1,19.89,144.35
GJ Maxwell,2017.0,13,310,179,20,26,0,0,47,10,3,31.0,173.18
GJ Maxwell,2018.0,12,169,120,14,9,0,0,47,10,2,16.9,140.83
GJ Maxwell,2020.0,11,108,106,9,0,0,0,32,7,4,15.43,101.89
GJ Maxwell,2021.0,14,513,356,48,21,6,0,78,11,3,46.64,144.1
GJ Maxwell,2022.0,13,301,178,31,15,1,0,55,10,3,30.1,169.1
GJ Maxwell,2023.0,14,400,218,29,31,5,0,77,12,2,33.33,183.49
GJ Maxwell,2024.0,9,52,43,6,2,0,0,28,9,0,5.78,120.93
GJ Maxwell,2025.0,6,48,49,5,1,0,0,30,6,0,8.0,97.96
GR Napier,2009.0,1,15,16,1,0,0,0,15,1,0,15.0,93.75
Gulbadin Naib,2024.0,1,19,15,1,1,0,0,19,1,0,19.0,126.67
Gurkeerat Singh,2012.0,4,86,52,12,2,0,0,29,3,1,28.67,165.38
Gurkeerat Singh,2013.0,9,108,95,10,3,0,0,31,8,1,13.5,113.68
Gurkeerat Singh,2015.0,5,35,39,3,1,0,0,15,5,0,7.0,89.74
Gurkeerat Singh,2016.0,6,113,86,11,3,1,0,51,5,1,22.6,131.4
Gurkeerat Singh,2019.0,3,98,70,11,2,1,0,65,3,0,32.67,140.0
Gurkeerat Singh,2020.0,5,71,80,8,0,0,0,21,0,5,71.0,88.75
H Das,2008.0,1,2,5,0,0,0,0,2,1,0,2.0,40.0
H Klaasen,2018.0,4,57,47,5,1,0,0,32,3,1,19.0,121.28
H Klaasen,2019.0,2,9,10,0,0,0,0,6,2,0,4.5,90.0
H Klaasen,2023.0,11,448,253,32,25,2,1,104,9,2,49.78,177.08
H Klaasen,2024.0,15,479,280,19,38,4,0,80,12,3,39.92,171.07
H Klaasen,2025.0,13,487,282,42,25,1,1,105,10,3,48.7,172.7
H Klaasen,2026.0,15,624,390,48,31,6,0,69,13,2,48.0,160.0
HC Brook,2023.0,11,190,154,23,4,0,1,100,9,2,21.11,123.38
HE van der Dussen,2022.0,3,22,24,2,0,0,0,12,2,1,11.0,91.67
HF Gurney,2019.0,1,1,5,0,0,0,0,1,0,1,1.0,20.0
HH Gibbs,2008.0,9,167,153,17,8,0,0,47,9,0,18.56,109.15
HH Gibbs,2009.0,14,371,331,32,12,4,0,69,11,3,33.73,112.08
HH Gibbs,2010.0,10,267,235,26,9,1,0,50,9,1,29.67,113.62
HH Gibbs,2012.0,3,81,88,8,2,1,0,66,2,1,40.5,92.05
HH Pandya,2015.0,8,112,62,9,8,1,0,61,5,3,22.4,180.65
HH Pandya,2016.0,9,44,63,4,0,0,0,9,7,2,6.29,69.84
HH Pandya,2017.0,16,250,160,11,20,0,0,35,7,9,35.71,156.25
HH Pandya,2018.0,13,260,195,20,11,1,0,50,9,4,28.89,133.33
HH Pandya,2019.0,15,409,212,28,30,1,0,91,9,6,45.44,192.92
HH Pandya,2020.0,13,283,160,14,25,1,0,60,8,5,35.38,176.88
HH Pandya,2021.0,11,127,112,11,5,0,0,40,9,2,14.11,113.39
HH Pandya,2022.0,15,487,371,49,12,4,0,87,9,6,54.11,131.27
HH Pandya,2023.0,15,346,253,26,15,2,0,66,11,4,31.45,136.76
HH Pandya,2024.0,13,216,151,17,11,0,0,46,12,1,18.0,143.05
HH Pandya,2025.0,12,224,137,18,13,0,0,48,9,3,24.89,163.5
HH Pandya,2026.0,10,206,149,21,7,0,0,40,9,1,22.89,138.26
HM Amla,2016.0,6,157,119,20,4,1,0,96,6,0,26.17,131.93
HM Amla,2017.0,10,420,288,40,17,2,2,104,7,3,60.0,145.83
HR Shokeen,2022.0,2,43,48,5,0,0,0,25,2,0,21.5,89.58
HR Shokeen,2023.0,3,23,17,4,0,0,0,18,1,2,23.0,135.29
HV Patel,2012.0,3,15,15,1,0,0,0,10,2,1,7.5,100.0
HV Patel,2014.0,3,13,7,1,1,0,0,6,2,1,6.5,185.71
HV Patel,2015.0,6,19,12,0,2,0,0,9,4,2,4.75,158.33
HV Patel,2018.0,2,60,33,1,6,0,0,36,0,2,60.0,181.82
HV Patel,2019.0,1,0,2,0,0,0,0,0,1,0,0.0,0.0
HV Patel,2020.0,2,21,24,2,0,0,0,16,2,0,10.5,87.5
HV Patel,2021.0,7,59,46,6,2,0,0,31,4,3,14.75,128.26
HV Patel,2022.0,7,43,39,4,2,0,0,11,4,3,10.75,110.26
HV Patel,2023.0,2,6,6,0,1,0,0,6,2,0,3.0,100.0
HV Patel,2024.0,4,13,19,1,1,0,0,12,3,1,4.33,68.42
HV Patel,2025.0,4,21,26,0,0,0,0,12,2,2,10.5,80.77
HV Patel,2026.0,3,10,9,2,0,0,0,6,2,1,5.0,111.11
Harbhajan Singh,2008.0,3,30,17,1,3,0,0,28,2,1,15.0,176.47
Harbhajan Singh,2009.0,10,84,53,6,5,0,0,20,8,2,10.5,158.49
Harbhajan Singh,2010.0,7,105,63,12,5,0,0,49,5,2,21.0,166.67
Harbhajan Singh,2011.0,8,103,71,9,6,0,0,30,3,5,34.33,145.07
Harbhajan Singh,2012.0,11,108,80,14,3,0,0,33,9,2,12.0,135.0
Harbhajan Singh,2013.0,13,116,79,12,5,0,0,25,4,9,29.0,146.84
Harbhajan Singh,2014.0,7,28,25,2,2,0,0,10,6,1,4.67,112.0
Harbhajan Singh,2015.0,9,117,73,9,9,1,0,64,7,2,16.71,160.27
Harbhajan Singh,2016.0,7,92,84,11,2,0,0,45,3,4,30.67,109.52
Harbhajan Singh,2017.0,7,16,16,0,1,0,0,7,1,6,16.0,100.0
Harbhajan Singh,2018.0,3,29,36,3,1,0,0,19,2,1,14.5,80.56
Harbhajan Singh,2019.0,1,1,3,0,0,0,0,1,1,0,1.0,33.33
Harbhajan Singh,2021.0,2,4,4,0,0,0,0,2,0,2,4.0,100.0
Harmeet Singh,2010.0,1,0,1,0,0,0,0,0,1,0,0.0,0.0
Harmeet Singh,2012.0,2,15,7,3,0,0,0,14,1,1,15.0,214.29
Harmeet Singh,2013.0,1,3,4,0,0,0,0,3,0,1,3.0,75.0
Harpreet Brar,2019.0,1,20,12,2,1,0,0,20,0,1,20.0,166.67
Harpreet Brar,2021.0,5,64,58,3,2,0,0,25,0,5,64.0,110.34
Harpreet Brar,2022.0,3,22,25,1,2,0,0,14,3,0,7.33,88.0
Harpreet Brar,2023.0,8,52,41,5,2,0,0,17,6,2,8.67,126.83
Harpreet Brar,2024.0,7,75,54,8,2,0,0,29,2,5,37.5,138.89
Harpreet Brar,2025.0,2,11,13,0,1,0,0,7,1,1,11.0,84.62
Harpreet Brar,2026.0,1,5,3,1,0,0,0,5,0,1,5.0,166.67
Harpreet Singh,2011.0,2,14,20,0,0,0,0,13,1,1,14.0,70.0
Harpreet Singh,2012.0,1,6,6,0,0,0,0,6,1,0,6.0,100.0
Harpreet Singh,2023.0,3,76,59,8,3,0,0,41,2,1,38.0,128.81
Harpreet Singh,2024.0,2,27,34,2,0,0,0,14,2,0,13.5,79.41
Harsh Dubey,2026.0,4,13,9,2,0,0,0,9,2,2,6.5,144.44
Harshit Rana,2022.0,2,2,2,0,0,0,0,2,1,1,2.0,100.0
Harshit Rana,2023.0,1,0,1,0,0,0,0,0,1,0,0.0,0.0
Harshit Rana,2025.0,7,57,53,5,3,0,0,34,4,3,14.25,107.55
Himmat Singh,2026.0,5,92,69,5,5,0,0,40,3,2,30.67,133.33
I Malhotra,2011.0,1,7,4,1,0,0,0,7,0,1,7.0,175.0
I Sharma,2008.0,5,11,11,1,0,0,0,4,1,4,11.0,100.0
I Sharma,2009.0,3,16,13,1,1,0,0,9,2,1,8.0,123.08
I Sharma,2010.0,2,6,17,0,0,0,0,6,1,1,6.0,35.29
I Sharma,2011.0,4,4,5,0,0,0,0,1,0,4,4.0,80.0
I Sharma,2017.0,3,8,12,1,0,0,0,5,2,1,4.0,66.67
I Sharma,2019.0,1,10,3,1,1,0,0,10,0,1,10.0,333.33
I Sharma,2023.0,1,1,1,0,0,0,0,1,0,1,1.0,100.0
I Sharma,2024.0,2,1,7,0,0,0,0,1,0,2,1.0,14.29
I Udana,2020.0,4,15,11,1,1,0,0,10,3,1,5.0,136.36
IC Pandey,2013.0,1,0,2,0,0,0,0,0,1,0,0.0,0.0
IK Pathan,2008.0,10,131,116,9,6,0,0,40,5,5,26.2,112.93
IK Pathan,2009.0,12,196,158,17,6,0,0,39,10,2,19.6,124.05
IK Pathan,2010.0,13,276,186,21,10,1,0,60,7,6,39.43,148.39
IK Pathan,2011.0,12,150,138,12,6,0,0,44,7,5,21.43,108.7
IK Pathan,2012.0,12,176,126,14,6,0,0,42,7,5,25.14,139.68
IK Pathan,2013.0,13,153,156,10,4,0,0,30,8,5,19.12,98.08
IK Pathan,2014.0,6,55,54,5,0,0,0,23,2,4,27.5,101.85
IK Pathan,2016.0,3,11,13,0,0,0,0,7,2,1,5.5,84.62
IK Pathan,2017.0,1,2,3,0,0,0,0,2,1,0,2.0,66.67
IR Jaggi,2011.0,2,28,37,3,0,0,0,25,2,0,14.0,75.68
IR Jaggi,2012.0,3,15,21,0,0,0,0,10,2,1,7.5,71.43
IR Jaggi,2017.0,2,33,39,3,0,0,0,28,1,1,33.0,84.62
IS Sodhi,2018.0,1,1,6,0,0,0,0,1,1,0,1.0,16.67
IS Sodhi,2019.0,1,6,11,0,0,0,0,6,1,0,6.0,54.55
Imran Tahir,2014.0,2,8,10,2,0,0,0,4,2,0,4.0,80.0
Imran Tahir,2015.0,2,5,6,0,0,0,0,3,1,1,5.0,83.33
Imran Tahir,2016.0,1,5,7,1,0,0,0,5,1,0,5.0,71.43
Imran Tahir,2017.0,1,0,2,0,0,0,0,0,0,1,0.0,0.0
Imran Tahir,2018.0,1,2,2,0,0,0,0,2,0,1,2.0,100.0
Imran Tahir,2020.0,1,13,10,2,0,0,0,13,0,1,13.0,130.0
Iqbal Abdulla,2008.0,1,1,2,0,0,0,0,1,0,1,1.0,50.0
Iqbal Abdulla,2010.0,1,0,1,0,0,0,0,0,0,1,0.0,0.0
Iqbal Abdulla,2011.0,2,15,12,1,0,0,0,12,0,2,15.0,125.0
Iqbal Abdulla,2012.0,2,2,3,0,0,0,0,1,0,2,2.0,66.67
Iqbal Abdulla,2013.0,2,8,14,0,0,0,0,6,0,2,8.0,57.14
Iqbal Abdulla,2015.0,2,20,18,4,0,0,0,20,1,1,20.0,111.11
Iqbal Abdulla,2016.0,2,37,27,4,1,0,0,33,0,2,37.0,137.04
Iqbal Abdulla,2017.0,1,5,7,0,0,0,0,5,0,1,5.0,71.43
Ishan Kishan,2016.0,5,42,41,5,0,0,0,27,4,1,10.5,102.44
Ishan Kishan,2017.0,10,277,206,29,13,1,0,61,10,0,27.7,134.47
Ishan Kishan,2018.0,12,275,184,22,17,2,0,62,12,0,22.92,149.46
Ishan Kishan,2019.0,6,101,100,8,4,0,0,28,5,1,20.2,101.0
Ishan Kishan,2020.0,13,516,354,36,30,4,0,99,9,4,57.33,145.76
Ishan Kishan,2021.0,10,241,180,21,10,2,0,84,9,1,26.78,133.89
Ishan Kishan,2022.0,14,418,348,45,11,3,0,81,13,1,32.15,120.11
Ishan Kishan,2023.0,15,454,318,54,18,3,0,75,15,0,30.27,142.77
Ishan Kishan,2024.0,14,320,215,35,16,1,0,69,14,0,22.86,148.84
Ishan Kishan,2025.0,13,354,232,33,15,1,1,106,10,3,35.4,152.59
Ishan Kishan,2026.0,15,602,330,60,32,6,0,91,14,1,43.0,182.42
J Arunkumar,2008.0,3,23,23,5,0,0,0,22,3,0,7.67,100.0
J Botha,2009.0,3,47,40,5,0,0,0,37,2,1,23.5,117.5
J Botha,2011.0,9,230,198,20,2,1,0,67,5,4,46.0,116.16
J Botha,2012.0,7,58,54,4,1,0,0,14,4,3,14.5,107.41
J Botha,2013.0,6,43,52,5,1,0,0,23,6,0,7.17,82.69
J Botha,2015.0,3,31,15,5,1,0,0,17,3,0,10.33,206.67
J Fraser-McGurk,2024.0,9,330,141,32,28,4,0,84,8,1,41.25,234.04
J Fraser-McGurk,2025.0,6,55,52,7,2,0,0,38,6,0,9.17,105.77
J Overton,2025.0,2,15,7,1,1,0,0,11,0,2,15.0,214.29
J Overton,2026.0,6,136,86,13,6,0,0,43,5,1,27.2,158.14
J Suchith,2015.0,5,48,32,4,2,0,0,34,1,4,48.0,150.0
J Suchith,2019.0,1,6,15,0,0,0,0,6,1,0,6.0,40.0
J Suchith,2021.0,1,14,6,2,1,0,0,14,0,1,14.0,233.33
J Suchith,2022.0,2,2,8,0,0,0,0,2,2,0,1.0,25.0
J Syed Mohammad,2011.0,2,15,12,2,0,0,0,13,0,2,15.0,125.0
J Syed Mohammad,2012.0,1,4,1,1,0,0,0,4,0,1,4.0,400.0
J Syed Mohammad,2013.0,2,10,13,1,0,0,0,9,2,0,5.0,76.92
J Theron,2010.0,2,2,5,0,0,0,0,2,2,0,1.0,40.0
J Theron,2012.0,1,7,6,1,0,0,0,7,0,1,7.0,116.67
J Theron,2015.0,1,1,1,0,0,0,0,1,0,1,1.0,100.0
J Yadav,2016.0,2,6,10,0,0,0,0,5,0,2,6.0,60.0
J Yadav,2021.0,2,34,26,2,1,0,0,23,2,0,17.0,130.77
JA Morkel,2008.0,10,241,163,18,14,1,0,71,7,3,34.43,147.85
JA Morkel,2009.0,10,97,70,8,4,0,0,21,4,6,24.25,138.57
JA Morkel,2010.0,11,199,132,10,13,1,0,62,7,4,28.43,150.76
JA Morkel,2011.0,12,138,102,8,8,0,0,30,5,7,27.6,135.29
JA Morkel,2012.0,12,107,68,5,6,0,0,28,7,5,15.29,157.35
JA Morkel,2013.0,3,46,37,2,3,0,0,23,3,0,15.33,124.32
JA Morkel,2014.0,5,45,41,1,3,0,0,16,3,2,15.0,109.76
JA Morkel,2015.0,3,86,65,9,2,1,0,73,1,2,86.0,132.31
JA Morkel,2016.0,1,16,9,0,2,0,0,16,1,0,16.0,177.78
JA Richardson,2021.0,2,15,24,2,0,0,0,15,2,0,7.5,62.5
JA Richardson,2024.0,1,2,2,0,0,0,0,2,1,0,2.0,100.0
JC Archer,2018.0,6,15,21,2,0,0,0,8,5,1,3.0,71.43
JC Archer,2019.0,5,67,40,4,4,0,0,27,2,3,33.5,167.5
JC Archer,2020.0,10,113,63,5,10,0,0,27,6,4,18.83,179.37
JC Archer,2023.0,2,4,4,0,0,0,0,3,0,2,4.0,100.0
JC Archer,2025.0,7,63,50,3,4,0,0,30,5,2,12.6,126.0
JC Archer,2026.0,10,64,47,4,4,0,0,32,6,4,10.67,136.17
JC Buttler,2016.0,14,255,184,23,11,0,0,41,11,3,23.18,138.59
JC Buttler,2017.0,10,273,179,27,15,1,0,77,9,1,30.33,152.51
JC Buttler,2018.0,13,548,353,52,21,5,0,95,10,3,54.8,155.24
JC Buttler,2019.0,8,311,205,38,14,3,0,89,7,1,44.43,151.71
JC Buttler,2020.0,12,328,227,27,16,2,0,70,10,2,32.8,144.49
JC Buttler,2021.0,7,254,166,27,13,0,1,124,7,0,36.29,153.01
JC Buttler,2022.0,17,863,579,84,45,4,4,116,15,2,57.53,149.05
JC Buttler,2023.0,14,392,282,42,14,4,0,95,14,0,28.0,139.01
JC Buttler,2024.0,11,359,255,36,12,0,2,107,9,2,39.89,140.78
JC Buttler,2025.0,13,538,330,52,24,5,0,97,9,4,59.78,163.03
JC Buttler,2026.0,17,526,345,51,26,4,0,60,14,3,37.57,152.46
JD Ryder,2009.0,5,56,49,9,0,0,0,32,5,0,11.2,114.29
JD Ryder,2011.0,13,292,197,37,11,2,0,60,13,0,22.46,148.22
JD Ryder,2012.0,11,256,212,23,8,2,0,86,9,2,28.44,120.75
JD Unadkat,2013.0,2,2,2,0,0,0,0,1,0,2,2.0,100.0
JD Unadkat,2014.0,2,1,6,0,0,0,0,1,1,1,1.0,16.67
JD Unadkat,2017.0,1,2,5,0,0,0,0,2,0,1,2.0,40.0
JD Unadkat,2018.0,5,49,38,6,1,0,0,26,4,1,12.25,128.95
JD Unadkat,2019.0,2,1,3,0,0,0,0,1,1,1,1.0,33.33
JD Unadkat,2020.0,1,9,13,0,0,0,0,9,1,0,9.0,69.23
JD Unadkat,2021.0,3,41,29,3,2,0,0,24,2,1,20.5,141.38
JD Unadkat,2022.0,5,59,37,4,3,0,0,19,1,4,59.0,159.46
JD Unadkat,2023.0,1,9,7,1,0,0,0,9,1,0,9.0,128.57
JD Unadkat,2024.0,5,24,26,2,1,0,0,8,2,3,12.0,92.31
JD Unadkat,2026.0,1,4,3,0,0,0,0,4,0,1,4.0,133.33
JDP Oram,2008.0,2,18,12,1,1,0,0,13,1,1,18.0,150.0
JDP Oram,2009.0,8,88,93,5,4,0,0,41,6,2,14.67,94.62
JDP Oram,2011.0,1,0,3,0,0,0,0,0,1,0,0.0,0.0
JDS Neesham,2014.0,3,42,46,3,1,0,0,22,3,0,14.0,91.3
JDS Neesham,2020.0,3,19,18,0,1,0,0,10,2,1,9.5,105.56
JDS Neesham,2021.0,2,0,2,0,0,0,0,0,2,0,0.0,0.0
JDS Neesham,2022.0,2,31,27,3,0,0,0,17,1,1,31.0,114.81
JE Root,2023.0,1,10,15,1,0,0,0,10,1,0,10.0,66.67
JE Taylor,2011.0,2,3,3,0,0,0,0,2,0,2,3.0,100.0
JEC Franklin,2011.0,5,107,78,10,2,0,0,45,2,3,53.5,137.18
JEC Franklin,2012.0,11,220,223,15,7,1,0,79,9,2,24.44,98.65
JG Bethell,2025.0,2,67,39,9,3,1,0,55,2,0,33.5,171.79
JG Bethell,2026.0,7,96,77,12,3,0,0,27,7,0,13.71,124.68
JH Kallis,2008.0,11,199,183,23,4,1,0,54,10,1,19.9,108.74
JH Kallis,2009.0,15,361,332,37,8,3,0,69,13,2,27.77,108.73
JH Kallis,2010.0,16,572,494,67,9,6,0,89,12,4,47.67,115.79
JH Kallis,2011.0,14,424,378,46,6,4,0,80,12,2,35.33,112.17
JH Kallis,2012.0,17,409,384,34,10,2,0,79,16,1,25.56,106.51
JH Kallis,2013.0,15,311,322,35,3,0,0,41,14,1,22.21,96.58
JH Kallis,2014.0,7,151,129,13,4,1,0,72,6,1,25.17,117.05
JJ Bumrah,2014.0,2,1,3,0,0,0,0,1,0,2,1.0,33.33
JJ Bumrah,2016.0,2,8,11,1,0,0,0,6,1,1,8.0,72.73
JJ Bumrah,2017.0,2,16,12,0,1,0,0,16,1,1,16.0,133.33
JJ Bumrah,2018.0,3,10,11,1,0,0,0,6,1,2,10.0,90.91
JJ Bumrah,2019.0,1,0,1,0,0,0,0,0,0,1,0.0,0.0
JJ Bumrah,2020.0,1,5,3,0,0,0,0,5,0,1,5.0,166.67
JJ Bumrah,2021.0,7,16,17,2,0,0,0,5,2,5,8.0,94.12
JJ Bumrah,2022.0,4,0,8,0,0,0,0,0,1,3,0.0,0.0
JJ Bumrah,2024.0,4,12,12,1,0,0,0,8,0,4,12.0,100.0
JJ Bumrah,2025.0,1,0,1,0,0,0,0,0,0,1,0.0,0.0
JJ Bumrah,2026.0,2,7,7,1,0,0,0,5,1,1,7.0,100.0
JJ Roy,2017.0,3,59,40,9,1,0,0,31,2,1,29.5,147.5
JJ Roy,2018.0,5,120,94,9,7,1,0,91,4,1,30.0,127.66
JJ Roy,2021.0,5,150,121,21,1,1,0,60,5,0,30.0,123.97
JJ Roy,2023.0,8,285,188,36,12,2,0,61,8,0,35.62,151.6
JJ van der Wath,2011.0,3,18,16,1,1,0,0,14,2,1,9.0,112.5
JL Denly,2019.0,1,0,1,0,0,0,0,0,1,0,0.0,0.0
JL Pattinson,2020.0,2,15,13,2,0,0,0,11,1,1,15.0,115.38
JM Bairstow,2019.0,10,445,283,48,18,2,1,114,8,2,55.62,157.24
JM Bairstow,2020.0,11,345,272,31,13,3,0,97,11,0,31.36,126.84
JM Bairstow,2021.0,7,248,175,20,15,2,0,63,6,1,41.33,141.71
JM Bairstow,2022.0,11,253,175,34,9,2,0,66,11,0,23.0,144.57
JM Bairstow,2024.0,11,298,195,33,14,0,1,108,9,2,33.11,152.82
JM Bairstow,2025.0,2,85,46,7,5,0,0,47,2,0,42.5,184.78
JM Kemp,2010.0,2,26,24,1,1,0,0,22,2,0,13.0,108.33
JM Sharma,2022.0,10,234,143,22,12,0,0,44,8,2,29.25,163.64
JM Sharma,2023.0,14,309,198,22,21,0,0,49,13,1,23.77,156.06
JM Sharma,2024.0,12,187,142,9,12,0,0,32,11,1,17.0,131.69
JM Sharma,2025.0,11,261,148,24,17,1,0,85,7,4,37.29,176.35
JM Sharma,2026.0,12,116,95,9,6,0,0,23,9,3,12.89,122.11
JO Holder,2014.0,1,16,12,2,1,0,0,16,1,0,16.0,133.33
JO Holder,2016.0,4,22,19,2,1,0,0,13,4,0,5.5,115.79
JO Holder,2020.0,4,66,53,5,3,0,0,26,2,2,33.0,124.53
JO Holder,2021.0,7,85,72,2,6,0,0,47,6,1,14.17,118.06
JO Holder,2022.0,8,58,44,2,6,0,0,16,6,2,9.67,131.82
JO Holder,2023.0,3,12,11,0,1,0,0,11,2,1,6.0,109.09
JO Holder,2026.0,7,65,52,3,3,0,0,23,5,2,13.0,125.0
JP Behrendorff,2023.0,2,6,9,0,0,0,0,3,0,2,6.0,66.67
JP Duminy,2009.0,12,372,325,26,11,5,0,62,8,4,46.5,114.46
JP Duminy,2010.0,7,157,131,13,5,0,0,42,4,3,39.25,119.85
JP Duminy,2011.0,10,205,174,9,8,1,0,55,10,0,20.5,117.82
JP Duminy,2012.0,9,244,190,13,11,2,0,74,3,6,81.33,128.42
JP Duminy,2014.0,14,410,305,22,20,2,0,67,8,6,51.25,134.43
JP Duminy,2015.0,13,414,315,27,20,4,0,78,9,4,46.0,131.43
JP Duminy,2016.0,8,191,156,13,3,0,0,49,5,3,38.2,122.44
JP Duminy,2018.0,2,36,40,3,1,0,0,23,1,1,36.0,90.0
JP Faulkner,2012.0,2,14,13,0,0,0,0,11,1,1,14.0,107.69
JP Faulkner,2013.0,9,57,57,5,2,0,0,19,5,4,11.4,100.0
JP Faulkner,2014.0,12,181,94,8,16,0,0,41,4,8,45.25,192.55
JP Faulkner,2015.0,11,144,110,12,5,0,0,46,8,3,18.0,130.91
JP Faulkner,2016.0,5,77,59,7,0,0,0,32,3,2,25.67,130.51
JP Faulkner,2017.0,6,54,57,4,0,0,0,21,4,2,13.5,94.74
JP Inglis,2025.0,11,278,171,26,16,1,0,73,9,2,30.89,162.57
JP Inglis,2026.0,5,266,143,32,12,3,0,85,5,0,53.2,186.01
JPR Scantlebury-Searles,2018.0,2,8,6,0,1,0,0,6,1,1,8.0,133.33
JR Hazlewood,2022.0,5,18,26,1,0,0,0,7,0,5,18.0,69.23
JR Hazlewood,2023.0,1,1,2,0,0,0,0,1,0,1,1.0,50.0
JR Hazlewood,2025.0,1,0,1,0,0,0,0,0,0,1,0.0,0.0
JR Hazlewood,2026.0,1,0,1,0,0,0,0,0,1,0,0.0,0.0
JR Hopes,2008.0,11,221,148,27,8,2,0,71,11,0,20.09,149.32
JR Hopes,2011.0,8,196,158,22,3,2,0,55,5,3,39.2,124.05
JR Philippe,2020.0,5,78,77,9,1,0,0,33,4,1,19.5,101.3
Jaskaran Singh,2010.0,4,8,11,0,0,0,0,4,1,3,8.0,72.73
Joginder Sharma,2008.0,2,16,11,1,1,0,0,16,2,0,8.0,145.45
Joginder Sharma,2009.0,2,20,18,0,1,0,0,16,1,1,20.0,111.11
Joginder Sharma,2011.0,1,0,1,0,0,0,0,0,1,0,0.0,0.0
K Goel,2008.0,6,76,78,7,4,0,0,26,5,1,15.2,97.44
K Goel,2009.0,8,124,133,9,4,0,0,38,7,1,17.71,93.23
K Goel,2010.0,2,18,20,1,1,0,0,17,1,1,18.0,90.0
K Gowtham,2018.0,13,126,64,9,9,0,0,33,9,4,14.0,196.88
K Gowtham,2019.0,4,18,19,1,1,0,0,9,3,1,6.0,94.74
K Gowtham,2020.0,2,42,27,3,2,0,0,22,1,1,42.0,155.56
K Gowtham,2022.0,1,0,1,0,0,0,0,0,1,0,0.0,0.0
K Gowtham,2023.0,7,61,37,2,5,0,0,23,4,3,15.25,164.86
K Kartikeya,2022.0,1,3,5,0,0,0,0,3,1,0,3.0,60.0
K Kartikeya,2023.0,1,6,7,1,0,0,0,6,1,0,6.0,85.71
K Kartikeya,2025.0,2,3,5,0,0,0,0,2,1,1,3.0,60.0
K Rabada,2017.0,3,55,64,5,1,0,0,44,3,0,18.33,85.94
K Rabada,2019.0,4,14,15,0,1,0,0,9,3,1,4.67,93.33
K Rabada,2020.0,6,56,49,4,2,0,0,15,3,3,18.67,114.29
K Rabada,2021.0,3,13,6,2,0,0,0,9,0,3,13.0,216.67
K Rabada,2022.0,7,48,43,5,2,0,0,25,4,3,12.0,111.63
K Rabada,2023.0,2,0,2,0,0,0,0,0,1,1,0.0,0.0
K Rabada,2024.0,3,20,14,0,2,0,0,11,1,2,20.0,142.86
K Rabada,2025.0,2,9,8,0,1,0,0,7,1,1,9.0,112.5
K Rabada,2026.0,4,47,38,5,2,0,0,23,2,2,23.5,123.68
K Upadhyay,2012.0,1,11,8,0,1,0,0,11,0,1,11.0,137.5
K Upadhyay,2013.0,1,1,1,0,0,0,0,1,0,1,1.0,100.0
K Yadav,2021.0,1,0,4,0,0,0,0,0,0,1,0.0,0.0
KA Jamieson,2021.0,7,65,55,5,3,0,0,16,3,4,21.67,118.18
KA Jamieson,2025.0,2,0,5,0,0,0,0,0,0,2,0.0,0.0
KA Jamieson,2026.0,1,12,13,1,1,0,0,12,1,0,12.0,92.31
KA Maharaj,2024.0,1,1,2,0,0,0,0,1,1,0,1.0,50.0
KA Pollard,2010.0,14,273,147,23,17,0,0,45,12,2,22.75,185.71
KA Pollard,2011.0,12,146,133,12,6,0,0,28,10,2,14.6,109.77
KA Pollard,2012.0,11,220,159,15,14,2,0,64,9,2,24.44,138.36
KA Pollard,2013.0,18,420,281,27,29,3,0,66,10,8,42.0,149.47
KA Pollard,2014.0,15,273,203,15,15,1,0,78,8,7,34.12,134.48
KA Pollard,2015.0,14,419,256,28,28,2,0,70,10,4,41.9,163.67
KA Pollard,2016.0,12,207,144,11,16,1,0,51,8,4,25.88,143.75
KA Pollard,2017.0,16,395,279,27,23,3,0,70,13,3,30.38,141.58
KA Pollard,2018.0,8,133,100,10,7,1,0,50,7,1,19.0,133.0
KA Pollard,2019.0,12,281,179,14,22,1,0,83,8,4,35.12,156.98
KA Pollard,2020.0,12,281,149,17,22,1,0,65,6,6,46.83,188.59
KA Pollard,2021.0,13,245,165,16,16,1,0,87,8,5,30.62,148.48
KA Pollard,2022.0,11,144,134,6,9,0,0,25,10,1,14.4,107.46
KAJ Roach,2010.0,1,10,9,1,0,0,0,10,1,0,10.0,111.11
KB Arun Karthik,2010.0,1,3,5,0,0,0,0,3,0,1,3.0,60.0
KB Arun Karthik,2011.0,2,7,8,1,0,0,0,6,2,0,3.5,87.5
KB Arun Karthik,2013.0,5,41,38,3,1,0,0,19,3,2,13.67,107.89
KC Cariappa,2016.0,2,13,11,0,1,0,0,12,1,1,13.0,118.18
KC Cariappa,2017.0,2,2,7,0,0,0,0,1,2,0,1.0,28.57
KC Cariappa,2019.0,1,9,3,0,1,0,0,9,0,1,9.0,300.0
KC Sangakkara,2008.0,9,320,198,41,8,4,0,94,9,0,35.56,161.62
KC Sangakkara,2009.0,13,332,324,29,5,2,0,60,11,2,30.18,102.47
KC Sangakkara,2010.0,12,357,257,47,5,2,0,56,12,0,29.75,138.91
KC Sangakkara,2011.0,13,358,293,44,5,1,0,65,13,0,27.54,122.18
KC Sangakkara,2012.0,12,200,184,21,4,1,0,82,11,1,18.18,108.7
KC Sangakkara,2013.0,9,120,136,13,0,0,0,28,9,0,13.33,88.24
KD Karthik,2008.0,8,145,107,13,4,1,0,56,6,2,24.17,135.51
KD Karthik,2009.0,13,288,217,20,9,1,0,52,8,5,36.0,132.72
KD Karthik,2010.0,14,278,237,26,6,1,0,69,12,2,23.17,117.3
KD Karthik,2011.0,13,282,220,32,7,1,0,69,11,2,25.64,128.18
KD Karthik,2012.0,14,238,213,30,2,0,0,44,13,1,18.31,111.74
KD Karthik,2013.0,19,510,411,54,14,2,0,86,17,2,30.0,124.09
KD Karthik,2014.0,14,325,258,28,11,3,0,69,14,0,23.21,125.97
KD Karthik,2015.0,11,141,117,15,4,0,0,28,9,2,15.67,120.51
KD Karthik,2016.0,15,335,266,38,3,3,0,53,13,2,25.77,125.94
KD Karthik,2017.0,13,361,259,30,11,2,0,65,9,4,40.11,139.38
KD Karthik,2018.0,16,498,337,49,16,2,0,52,9,7,55.33,147.77
KD Karthik,2019.0,12,254,174,22,14,2,0,97,8,4,31.75,145.98
KD Karthik,2020.0,14,169,136,20,4,1,0,58,12,2,14.08,124.26
KD Karthik,2021.0,15,223,170,22,7,0,0,40,10,5,22.3,131.18
KD Karthik,2022.0,16,330,180,27,22,1,0,66,5,11,66.0,183.33
KD Karthik,2023.0,13,140,104,13,5,0,0,30,11,2,12.73,134.62
KD Karthik,2024.0,13,326,174,27,22,2,0,83,8,5,40.75,187.36
KH Pandya,2016.0,8,237,124,22,13,1,0,86,5,3,47.4,191.13
KH Pandya,2017.0,11,243,179,24,7,0,0,47,7,4,34.71,135.75
KH Pandya,2018.0,13,228,157,22,10,0,0,41,9,4,25.33,145.22
KH Pandya,2019.0,14,183,150,18,5,0,0,42,11,3,16.64,122.0
KH Pandya,2020.0,11,109,92,9,5,0,0,34,6,5,18.17,118.48
KH Pandya,2021.0,12,143,123,10,6,0,0,39,10,2,14.3,116.26
KH Pandya,2022.0,13,183,145,16,4,0,0,42,9,4,20.33,126.21
KH Pandya,2023.0,14,188,165,15,6,0,0,49,10,4,18.8,113.94
KH Pandya,2024.0,11,133,105,8,5,0,0,43,4,7,33.25,126.67
KH Pandya,2025.0,7,109,86,9,4,1,0,73,6,1,18.17,126.74
KH Pandya,2026.0,9,226,155,20,11,1,0,73,6,3,37.67,145.81
KJ Abbott,2016.0,3,13,8,0,1,0,0,12,1,2,13.0,162.5
KK Ahmed,2019.0,1,0,1,0,0,0,0,0,1,0,0.0,0.0
KK Ahmed,2020.0,1,0,2,0,0,0,0,0,1,0,0.0,0.0
KK Ahmed,2021.0,1,1,2,0,0,0,0,1,1,0,1.0,50.0
KK Ahmed,2022.0,2,0,2,0,0,0,0,0,2,0,0.0,0.0
KK Ahmed,2025.0,1,1,2,0,0,0,0,1,0,1,1.0,50.0
KK Cooper,2012.0,4,38,20,3,3,0,0,14,2,2,19.0,190.0
KK Cooper,2013.0,5,39,22,4,2,0,0,26,4,1,9.75,177.27
KK Cooper,2014.0,3,39,26,2,3,0,0,32,3,0,13.0,150.0
KK Nair,2013.0,2,9,12,0,0,0,0,9,2,0,4.5,75.0
KK Nair,2014.0,11,330,232,38,9,3,0,73,10,1,33.0,142.24
KK Nair,2015.0,12,181,145,18,5,1,0,61,10,2,18.1,124.83
KK Nair,2016.0,12,357,297,40,6,3,0,83,10,2,35.7,120.2
KK Nair,2017.0,13,281,226,39,6,1,0,64,12,1,23.42,124.34
KK Nair,2018.0,12,301,221,23,13,2,0,54,12,0,25.08,136.2
KK Nair,2019.0,1,5,6,0,0,0,0,5,1,0,5.0,83.33
KK Nair,2020.0,3,16,14,2,0,0,0,15,2,1,8.0,114.29
KK Nair,2022.0,2,16,18,1,0,0,0,13,2,0,8.0,88.89
KK Nair,2025.0,8,198,115,24,10,1,0,89,7,1,28.29,172.17
KK Nair,2026.0,2,18,18,3,0,0,0,13,2,0,9.0,100.0
KL Nagarkoti,2020.0,6,22,31,1,0,0,0,8,3,3,7.33,70.97
KL Nagarkoti,2021.0,1,0,2,0,0,0,0,0,1,0,0.0,0.0
KL Rahul,2013.0,2,20,16,4,0,0,0,12,2,0,10.0,125.0
KL Rahul,2014.0,8,166,164,12,3,0,0,46,8,0,20.75,101.22
KL Rahul,2015.0,8,142,126,8,5,0,0,44,5,3,28.4,112.7
KL Rahul,2016.0,12,397,271,37,16,4,0,68,9,3,44.11,146.49
KL Rahul,2018.0,14,659,416,66,32,6,0,95,12,2,54.92,158.41
KL Rahul,2019.0,14,593,438,49,25,6,1,100,11,3,53.91,135.39
KL Rahul,2020.0,14,676,524,58,23,5,1,132,12,2,56.33,129.01
KL Rahul,2021.0,13,626,451,48,30,6,0,98,9,4,69.56,138.8
KL Rahul,2022.0,14,616,455,45,30,4,2,103,11,3,56.0,135.38
KL Rahul,2023.0,9,274,242,28,4,2,0,74,8,1,34.25,113.22
KL Rahul,2024.0,14,520,382,45,19,4,0,82,14,0,37.14,136.13
KL Rahul,2025.0,13,546,363,53,21,3,1,112,9,4,60.67,150.41
KL Rahul,2026.0,14,593,340,56,31,5,1,152,13,1,45.62,174.41
KM Asif,2023.0,1,0,2,0,0,0,0,0,1,0,0.0,0.0
KM Jadhav,2010.0,5,76,56,7,2,1,0,50,3,2,25.33,135.71
KM Jadhav,2011.0,4,18,23,1,0,0,0,12,3,1,6.0,78.26
KM Jadhav,2013.0,10,152,124,8,5,0,0,31,7,3,21.71,122.58
KM Jadhav,2014.0,10,149,101,13,7,0,0,37,3,7,49.67,147.52
KM Jadhav,2015.0,12,189,140,16,7,1,0,63,8,4,23.62,135.0
KM Jadhav,2016.0,3,42,32,2,2,0,0,25,0,3,42.0,131.25
KM Jadhav,2017.0,13,267,186,25,10,1,0,69,11,2,24.27,143.55
KM Jadhav,2018.0,1,24,22,1,2,0,0,24,0,1,24.0,109.09
KM Jadhav,2019.0,12,162,169,19,3,1,0,58,9,3,18.0,95.86
KM Jadhav,2020.0,5,62,66,7,0,0,0,26,3,2,20.67,93.94
KM Jadhav,2021.0,5,55,52,2,2,0,0,19,4,1,13.75,105.77
KM Jadhav,2023.0,1,12,10,1,0,0,0,12,0,1,12.0,120.0
KMA Paul,2019.0,5,18,24,1,1,0,0,7,4,1,4.5,75.0
KMDN Kulasekara,2012.0,1,5,3,1,0,0,0,5,0,1,5.0,166.67
KP Appanna,2009.0,1,0,1,0,0,0,0,0,0,1,0.0,0.0
KP Appanna,2010.0,2,2,3,0,0,0,0,1,1,1,2.0,66.67
KP Pietersen,2009.0,6,93,85,8,2,0,0,37,6,0,15.5,109.41
KP Pietersen,2010.0,7,236,157,23,8,2,0,66,3,4,78.67,150.32
KP Pietersen,2012.0,8,305,207,22,20,1,1,103,5,3,61.0,147.34
KP Pietersen,2014.0,11,294,233,34,7,1,0,58,10,1,29.4,126.18
KP Pietersen,2016.0,4,73,61,4,3,0,0,37,3,1,24.33,119.67
KR Mayers,2023.0,13,379,263,38,22,4,0,73,13,0,29.15,144.11
KR Sen,2022.0,1,0,3,0,0,0,0,0,0,1,0.0,0.0
KS Bharat,2021.0,6,191,156,10,8,1,0,78,5,1,38.2,122.44
KS Bharat,2022.0,2,8,7,2,0,0,0,8,2,0,4.0,114.29
KS Rathore,2025.0,1,0,5,0,0,0,0,0,1,0,0.0,0.0
KS Sharma,2022.0,1,4,4,1,0,0,0,4,1,0,4.0,100.0
KS Sharma,2023.0,2,12,21,0,0,0,0,9,2,0,6.0,57.14
KS Williamson,2015.0,2,31,27,1,1,0,0,26,1,1,31.0,114.81
KS Williamson,2016.0,6,124,122,14,0,1,0,50,6,0,20.67,101.64
KS Williamson,2017.0,7,256,169,20,10,2,0,89,5,2,51.2,151.48
KS Williamson,2018.0,17,735,516,64,28,8,0,84,14,3,52.5,142.44
KS Williamson,2019.0,9,156,130,12,5,1,0,70,7,2,22.29,120.0
KS Williamson,2020.0,11,317,237,26,10,3,0,67,7,4,45.29,133.76
KS Williamson,2021.0,10,270,238,30,2,2,0,70,6,4,45.0,113.45
KS Williamson,2022.0,12,216,231,16,8,1,0,57,10,2,21.6,93.51
KS Williamson,2024.0,2,27,27,4,0,0,0,26,2,0,13.5,100.0
KT Maphaka,2025.0,1,8,2,2,0,0,0,8,0,1,8.0,400.0
KV Sharma,2009.0,1,1,3,0,0,0,0,1,1,0,1.0,33.33
KV Sharma,2013.0,7,85,86,6,2,0,0,39,4,3,21.25,98.84
KV Sharma,2014.0,8,42,29,1,3,0,0,17,3,5,14.0,144.83
KV Sharma,2015.0,9,104,85,3,6,0,0,32,6,3,17.33,122.35
KV Sharma,2016.0,3,36,30,3,1,0,0,26,0,3,36.0,120.0
KV Sharma,2017.0,6,49,41,5,2,0,0,19,6,0,8.17,119.51
KV Sharma,2023.0,2,3,5,0,0,0,0,2,2,0,1.5,60.0
KV Sharma,2024.0,3,31,15,2,3,0,0,20,2,1,15.5,206.67
KV Sharma,2025.0,1,1,1,0,0,0,0,1,0,1,1.0,100.0
KW Richardson,2013.0,2,34,36,2,1,0,0,26,2,0,17.0,94.44
KW Richardson,2014.0,1,1,2,0,0,0,0,1,1,0,1.0,50.0
KW Richardson,2016.0,1,1,1,0,0,0,0,1,0,1,1.0,100.0
Kamran Akmal,2008.0,6,128,78,13,8,1,0,53,4,2,32.0,164.1
Kamran Khan,2009.0,1,3,5,0,0,0,0,3,1,0,3.0,60.0
Karanveer Singh,2014.0,1,1,1,0,0,0,0,1,0,1,1.0,100.0
Karanveer Singh,2015.0,3,11,16,1,0,0,0,5,1,2,11.0,68.75
Kartik Sharma,2026.0,11,295,216,24,16,2,0,71,9,2,32.78,136.57
Kartik Tyagi,2020.0,2,4,6,0,0,0,0,2,1,1,4.0,66.67
Kartik Tyagi,2021.0,2,2,4,0,0,0,0,1,1,1,2.0,50.0
Kartik Tyagi,2022.0,2,7,6,1,0,0,0,7,2,0,3.5,116.67
Kartik Tyagi,2026.0,3,11,10,1,1,0,0,6,3,0,3.67,110.0
Krish Bhagat,2026.0,2,10,21,0,0,0,0,7,1,1,10.0,47.62
Kuldeep Yadav,2017.0,2,20,22,2,0,0,0,16,2,0,10.0,90.91
Kuldeep Yadav,2018.0,3,12,24,1,0,0,0,7,1,2,12.0,50.0
Kuldeep Yadav,2019.0,3,12,8,1,0,0,0,10,1,2,12.0,150.0
Kuldeep Yadav,2020.0,2,13,21,1,0,0,0,12,0,2,13.0,61.9
Kuldeep Yadav,2022.0,7,48,52,3,2,0,0,16,1,6,48.0,92.31
Kuldeep Yadav,2023.0,10,31,48,2,0,0,0,10,2,8,15.5,64.58
Kuldeep Yadav,2024.0,5,47,41,6,1,0,0,35,2,3,23.5,114.63
Kuldeep Yadav,2025.0,5,18,16,2,0,0,0,7,3,2,6.0,112.5
Kuldeep Yadav,2026.0,4,9,21,0,0,0,0,4,2,2,4.5,42.86
Kumar Kushagra,2024.0,3,3,7,0,0,0,0,2,3,0,1.0,42.86
Kumar Kushagra,2026.0,1,18,14,3,0,0,0,18,1,0,18.0,128.57
L Ablish,2011.0,1,0,2,0,0,0,0,0,0,1,0.0,0.0
L Balaji,2008.0,1,0,4,0,0,0,0,0,1,0,0.0,0.0
L Balaji,2009.0,3,4,10,0,0,0,0,2,2,1,2.0,40.0
L Balaji,2010.0,3,18,20,1,1,0,0,15,2,1,9.0,90.0
L Balaji,2011.0,2,4,2,0,0,0,0,3,0,2,4.0,200.0
L Balaji,2013.0,2,9,10,1,0,0,0,9,1,1,9.0,90.0
L Balaji,2014.0,2,1,3,0,0,0,0,1,1,1,1.0,33.33
L Ngidi,2025.0,1,0,2,0,0,0,0,0,0,1,0.0,0.0
L Ngidi,2026.0,3,4,7,0,0,0,0,3,2,1,2.0,57.14
L Ronchi,2008.0,4,34,32,6,1,0,0,13,2,2,17.0,106.25
L Ronchi,2009.0,1,0,2,0,0,0,0,0,1,0,0.0,0.0
L Wood,2024.0,1,9,3,0,1,0,0,9,0,1,9.0,300.0
LA Carseldine,2009.0,5,81,68,11,0,0,0,39,3,2,27.0,119.12
LA Pomersbach,2008.0,5,152,99,13,9,1,0,79,1,4,152.0,153.54
LA Pomersbach,2009.0,4,41,49,3,1,0,0,26,3,1,13.67,83.67
LA Pomersbach,2011.0,4,51,39,4,2,0,0,29,4,0,12.75,130.77
LA Pomersbach,2013.0,3,58,59,5,1,0,0,33,2,1,29.0,98.31
LB Williams,2024.0,1,1,2,0,0,0,0,1,0,1,1.0,50.0
LE Plunkett,2018.0,2,1,3,0,0,0,0,1,1,1,1.0,33.33
LG Pretorius,2026.0,2,7,8,0,0,0,0,7,1,1,7.0,87.5
LH Ferguson,2017.0,1,1,1,0,0,0,0,1,0,1,1.0,100.0
LH Ferguson,2020.0,2,43,29,4,1,0,0,24,0,2,43.0,148.28
LH Ferguson,2021.0,1,18,11,1,1,0,0,18,0,1,18.0,163.64
LH Ferguson,2022.0,2,5,4,1,0,0,0,5,2,0,2.5,125.0
LH Ferguson,2024.0,1,1,1,0,0,0,0,1,1,0,1.0,100.0
LH Ferguson,2025.0,1,4,1,1,0,0,0,4,0,1,4.0,400.0
LJ Wright,2013.0,5,106,60,16,3,0,0,44,4,1,26.5,176.67
LMP Simmons,2014.0,8,394,291,43,14,3,1,100,7,1,56.29,135.4
LMP Simmons,2015.0,13,540,441,56,21,6,0,71,12,1,45.0,122.45
LMP Simmons,2016.0,1,8,8,0,1,0,0,8,1,0,8.0,100.0
LMP Simmons,2017.0,7,137,112,10,8,2,0,66,6,1,22.83,122.32
LPC Silva,2008.0,3,40,26,5,1,0,0,23,2,1,20.0,153.85
LR Shukla,2008.0,12,163,122,17,5,0,0,42,8,4,20.38,133.61
LR Shukla,2009.0,6,83,85,5,3,0,0,48,5,1,16.6,97.65
LR Shukla,2010.0,2,36,26,3,2,0,0,19,2,0,18.0,138.46
LR Shukla,2011.0,1,14,10,2,0,0,0,14,1,0,14.0,140.0
LR Shukla,2012.0,7,75,57,4,5,0,0,26,6,1,12.5,131.58
LR Shukla,2013.0,2,3,12,0,0,0,0,2,2,0,1.5,25.0
LR Shukla,2014.0,3,31,38,2,1,0,0,21,3,0,10.33,81.58
LRPL Taylor,2008.0,4,149,81,13,10,1,0,53,4,0,37.25,183.95
LRPL Taylor,2009.0,11,280,208,20,15,1,0,81,9,2,31.11,134.62
LRPL Taylor,2010.0,7,88,75,2,6,0,0,31,4,3,22.0,117.33
LRPL Taylor,2011.0,11,181,152,11,7,0,0,47,5,6,36.2,119.08
LRPL Taylor,2012.0,12,197,171,12,7,1,0,55,9,3,21.89,115.2
LRPL Taylor,2013.0,5,63,76,2,1,0,0,19,4,1,15.75,82.89
LRPL Taylor,2014.0,4,59,59,6,0,0,0,43,3,1,19.67,100.0
LS Livingstone,2019.0,4,70,48,6,5,0,0,44,3,1,23.33,145.83
LS Livingstone,2021.0,5,42,41,3,1,0,0,25,5,0,8.4,102.44
LS Livingstone,2022.0,14,437,240,29,34,4,0,70,12,2,36.42,182.08
LS Livingstone,2023.0,9,279,171,20,19,2,0,94,8,1,34.88,163.16
LS Livingstone,2024.0,7,111,78,8,7,0,0,38,4,3,27.75,142.31
LS Livingstone,2025.0,8,112,84,4,9,1,0,54,7,1,16.0,133.33
LS Livingstone,2026.0,2,15,25,0,1,0,0,14,2,0,7.5,60.0
Lalit Yadav,2021.0,5,68,73,7,0,0,0,22,2,3,34.0,93.15
Lalit Yadav,2022.0,8,161,146,11,7,0,0,48,6,2,26.83,110.27
Lalit Yadav,2023.0,6,66,59,8,0,0,0,38,5,1,13.2,111.86
Lalit Yadav,2024.0,2,10,12,1,0,0,0,7,2,0,5.0,83.33
Liton Das,2023.0,1,4,4,1,0,0,0,4,1,0,4.0,100.0
M Ashwin,2016.0,1,0,1,0,0,0,0,0,1,0,0.0,0.0
M Ashwin,2018.0,1,1,2,0,0,0,0,1,1,0,1.0,50.0
M Ashwin,2019.0,3,3,5,0,0,0,0,1,1,2,3.0,60.0
M Ashwin,2020.0,1,4,4,0,0,0,0,4,1,0,4.0,100.0
M Ashwin,2021.0,2,15,24,1,0,0,0,9,2,0,7.5,62.5
M Ashwin,2022.0,4,12,14,1,1,0,0,6,2,2,6.0,85.71
M Jansen,2021.0,2,0,3,0,0,0,0,0,2,0,0.0,0.0
M Jansen,2022.0,2,9,7,0,1,0,0,8,1,1,9.0,128.57
M Jansen,2023.0,6,39,43,4,0,0,0,17,3,3,13.0,90.7
M Jansen,2024.0,2,18,13,1,1,0,0,17,1,1,18.0,138.46
M Jansen,2025.0,8,75,63,3,4,0,0,34,4,4,18.75,119.05
M Jansen,2026.0,5,51,45,1,3,0,0,20,4,1,12.75,113.33
M Kaif,2008.0,14,176,171,14,6,0,0,34,9,5,19.56,102.92
M Kaif,2010.0,3,28,30,2,0,0,0,14,3,0,9.33,93.33
M Kaif,2011.0,4,41,33,5,0,0,0,15,3,1,13.67,124.24
M Kaif,2012.0,1,14,16,1,0,0,0,14,1,0,14.0,87.5
M Kartik,2008.0,3,30,27,3,0,0,0,17,3,0,10.0,111.11
M Kartik,2009.0,2,21,20,0,0,0,0,11,0,2,21.0,105.0
M Kartik,2010.0,2,22,22,2,0,0,0,21,1,1,22.0,100.0
M Kartik,2011.0,2,12,15,1,0,0,0,11,1,1,12.0,80.0
M Kartik,2012.0,3,26,21,1,1,0,0,14,0,3,26.0,123.81
M Kartik,2013.0,2,2,3,0,0,0,0,2,1,1,2.0,66.67
M Klinger,2011.0,4,73,77,9,0,0,0,29,4,0,18.25,94.81
M Manhas,2009.0,6,75,62,7,1,0,0,26,3,3,25.0,120.97
M Manhas,2010.0,8,157,149,14,0,0,0,32,4,4,39.25,105.37
M Manhas,2011.0,10,114,123,8,4,0,0,35,10,0,11.4,92.68
M Manhas,2012.0,7,120,96,10,4,0,0,42,4,3,30.0,125.0
M Manhas,2013.0,2,13,17,1,0,0,0,11,0,2,13.0,76.47
M Manhas,2014.0,5,35,23,3,1,0,0,13,2,3,17.5,152.17
M Markande,2018.0,6,21,24,2,0,0,0,7,2,4,10.5,87.5
M Markande,2019.0,1,6,5,1,0,0,0,6,1,0,6.0,120.0
M Markande,2023.0,3,21,13,2,1,0,0,18,0,3,21.0,161.54
M Morkel,2009.0,1,8,8,1,0,0,0,8,1,0,8.0,100.0
M Morkel,2010.0,2,9,16,1,0,0,0,7,1,1,9.0,56.25
M Morkel,2011.0,5,40,25,3,2,0,0,16,2,3,20.0,160.0
M Morkel,2012.0,3,3,5,0,0,0,0,2,1,2,3.0,60.0
M Morkel,2013.0,6,57,29,6,3,0,0,23,5,1,11.4,196.55
M Morkel,2014.0,1,4,3,0,0,0,0,4,0,1,4.0,133.33
M Morkel,2015.0,1,4,3,0,0,0,0,4,0,1,4.0,133.33
M Morkel,2016.0,1,1,1,0,0,0,0,1,0,1,1.0,100.0
M Muralitharan,2008.0,1,0,3,0,0,0,0,0,1,0,0.0,0.0
M Muralitharan,2009.0,4,8,8,1,0,0,0,4,2,2,4.0,100.0
M Muralitharan,2010.0,1,1,2,0,0,0,0,1,1,0,1.0,50.0
M Muralitharan,2011.0,1,5,8,0,0,0,0,5,0,1,5.0,62.5
M Muralitharan,2012.0,2,6,9,0,0,0,0,6,2,0,3.0,66.67
M Ntini,2008.0,2,11,18,2,0,0,0,11,1,1,11.0,61.11
M Prasidh Krishna,2018.0,1,1,5,0,0,0,0,1,0,1,1.0,20.0
M Prasidh Krishna,2019.0,1,0,2,0,0,0,0,0,1,0,0.0,0.0
M Prasidh Krishna,2020.0,2,2,4,0,0,0,0,2,0,2,2.0,50.0
M Prasidh Krishna,2021.0,1,0,1,0,0,0,0,0,0,1,0.0,0.0
M Prasidh Krishna,2022.0,2,6,12,0,0,0,0,4,1,1,6.0,50.0
M Prasidh Krishna,2026.0,1,6,7,1,0,0,0,6,0,1,6.0,85.71
M Rawat,2008.0,7,34,39,3,1,0,0,23,4,3,8.5,87.18
M Rawat,2009.0,3,16,19,1,0,0,0,8,0,3,16.0,84.21
M Rawat,2013.0,1,5,11,0,0,0,0,5,1,0,5.0,45.45
M Shahrukh Khan,2021.0,10,153,114,9,10,0,0,47,6,4,25.5,134.21
M Shahrukh Khan,2022.0,8,117,108,4,9,0,0,26,7,1,16.71,108.33
M Shahrukh Khan,2023.0,12,156,94,13,9,0,0,41,7,5,22.29,165.96
M Shahrukh Khan,2024.0,7,127,75,9,9,1,0,58,5,2,25.4,169.33
M Shahrukh Khan,2025.0,11,179,100,11,13,1,0,57,6,5,29.83,179.0
M Shahrukh Khan,2026.0,5,43,33,3,2,0,0,17,3,2,14.33,130.3
M Theekshana,2022.0,2,7,7,0,1,0,0,7,1,1,7.0,100.0
M Theekshana,2025.0,4,10,27,0,0,0,0,5,2,2,5.0,37.04
M Tiwari,2025.0,1,3,4,0,0,0,0,3,1,0,3.0,75.0
M Tiwari,2026.0,1,18,8,2,1,0,0,18,0,1,18.0,225.0
M Vijay,2009.0,4,60,67,4,2,0,0,31,4,0,15.0,89.55
M Vijay,2010.0,15,458,292,36,26,2,1,127,12,3,38.17,156.85
M Vijay,2011.0,16,434,339,34,20,3,0,95,16,0,27.12,128.02
M Vijay,2012.0,13,336,267,39,10,0,1,113,12,1,28.0,125.84
M Vijay,2013.0,15,312,286,27,8,2,0,55,12,3,26.0,109.09
M Vijay,2014.0,11,207,192,20,5,1,0,52,11,0,18.82,107.81
M Vijay,2015.0,11,251,228,27,8,0,0,39,8,3,31.38,110.09
M Vijay,2016.0,14,453,364,50,10,5,0,89,12,2,37.75,124.45
M Vijay,2018.0,1,12,10,0,1,0,0,12,1,0,12.0,120.0
M Vijay,2019.0,2,64,61,6,1,0,0,38,2,0,32.0,104.92
M Vijay,2020.0,3,32,43,4,0,0,0,21,3,0,10.67,74.42
M Vohra,2013.0,10,161,117,22,2,0,0,43,7,3,23.0,137.61
M Vohra,2014.0,8,324,233,27,16,1,0,67,7,1,46.29,139.06
M Vohra,2015.0,7,82,81,4,5,0,0,39,7,0,11.71,101.23
M Vohra,2016.0,7,161,131,19,3,1,0,51,7,0,23.0,122.9
M Vohra,2017.0,9,229,159,23,9,1,0,95,9,0,25.44,144.03
M Vohra,2018.0,4,55,47,2,4,0,0,45,4,0,13.75,117.02
M Vohra,2021.0,4,42,39,5,2,0,0,14,4,0,10.5,107.69
M Vohra,2022.0,1,19,11,1,2,0,0,19,1,0,19.0,172.73
M Vohra,2023.0,1,10,11,1,0,0,0,10,1,0,10.0,90.91
M de Lange,2014.0,1,1,2,0,0,0,0,1,1,0,1.0,50.0
MA Agarwal,2011.0,7,141,120,16,4,0,0,41,7,0,20.14,117.5
MA Agarwal,2012.0,12,225,158,19,15,1,0,64,11,1,20.45,142.41
MA Agarwal,2013.0,5,67,62,6,3,0,0,29,5,0,13.4,108.06
MA Agarwal,2014.0,8,115,91,12,3,0,0,31,8,0,14.38,126.37
MA Agarwal,2015.0,10,213,177,23,7,2,0,68,9,1,23.67,120.34
MA Agarwal,2016.0,3,27,25,3,1,0,0,10,3,0,9.0,108.0
MA Agarwal,2017.0,3,26,27,3,0,0,0,20,3,0,8.67,96.3
MA Agarwal,2018.0,11,120,94,9,5,0,0,30,10,1,12.0,127.66
MA Agarwal,2019.0,13,332,234,26,14,2,0,58,11,2,30.18,141.88
MA Agarwal,2020.0,11,432,273,46,15,2,1,106,10,1,43.2,158.24
MA Agarwal,2021.0,12,441,314,42,18,4,0,99,11,1,40.09,140.45
MA Agarwal,2022.0,12,196,160,23,6,1,0,52,12,0,16.33,122.5
MA Agarwal,2023.0,10,270,210,29,6,1,0,83,10,0,27.0,128.57
MA Agarwal,2024.0,4,64,57,8,1,0,0,32,4,0,16.0,112.28
MA Agarwal,2025.0,4,95,64,10,2,0,0,41,3,1,31.67,148.44
MA Khote,2008.0,3,24,22,2,1,0,0,9,2,1,12.0,109.09
MA Starc,2014.0,8,85,84,9,0,0,0,29,5,3,17.0,101.19
MA Starc,2015.0,3,11,14,1,0,0,0,9,1,2,11.0,78.57
MA Starc,2024.0,5,9,11,1,0,0,0,6,2,3,4.5,81.82
MA Starc,2025.0,5,6,10,0,0,0,0,2,2,3,3.0,60.0
MA Starc,2026.0,1,0,2,0,0,0,0,0,1,0,0.0,0.0
MA Wood,2018.0,1,1,3,0,0,0,0,1,1,0,1.0,33.33
MA Wood,2023.0,2,11,5,1,1,0,0,10,1,1,11.0,220.0
MC Henriques,2009.0,3,38,40,2,1,0,0,30,2,1,19.0,95.0
MC Henriques,2010.0,1,11,5,2,0,0,0,11,1,0,11.0,220.0
MC Henriques,2013.0,9,165,125,20,3,0,0,44,4,5,41.25,132.0
MC Henriques,2014.0,2,9,14,1,0,0,0,9,2,0,4.5,64.29
MC Henriques,2015.0,9,287,211,19,13,2,0,74,7,2,41.0,136.02
MC Henriques,2016.0,15,182,158,15,6,0,0,31,12,3,15.17,115.19
MC Henriques,2017.0,11,277,203,28,4,3,0,55,6,5,46.17,136.45
MC Henriques,2021.0,4,31,32,0,1,0,0,14,2,2,15.5,96.88
MC Juneja,2013.0,7,125,128,11,1,0,0,49,7,0,17.86,97.66
MD Choudhary,2026.0,10,170,120,11,12,1,0,54,6,4,28.33,141.67
MD Mishra,2010.0,11,166,144,18,6,0,0,41,10,1,16.6,115.28
MD Mishra,2011.0,5,67,60,5,2,0,0,37,4,1,16.75,111.67
MD Mishra,2012.0,1,4,4,1,0,0,0,4,1,0,4.0,100.0
MD Shanaka,2023.0,3,26,26,2,1,0,0,17,2,1,13.0,100.0
MD Shanaka,2026.0,5,63,46,3,4,0,0,29,4,1,15.75,136.96
MDKJ Perera,2013.0,2,14,13,3,0,0,0,14,2,0,7.0,107.69
MEK Hussey,2008.0,3,168,100,12,11,0,1,116,2,1,84.0,168.0
MEK Hussey,2010.0,3,37,44,2,0,0,0,15,2,1,18.5,84.09
MEK Hussey,2011.0,14,492,414,53,6,4,0,83,12,2,41.0,118.84
MEK Hussey,2012.0,8,261,236,28,8,2,0,56,8,0,32.62,110.59
MEK Hussey,2013.0,17,733,566,81,17,6,0,95,13,4,56.38,129.51
MEK Hussey,2014.0,9,209,182,17,7,2,0,56,8,1,26.12,114.84
MEK Hussey,2015.0,4,77,70,5,3,1,0,56,4,0,19.25,110.0
MF Maharoof,2008.0,8,125,79,10,7,0,0,39,6,2,20.83,158.23
MF Maharoof,2009.0,2,21,21,0,0,0,0,18,1,1,21.0,100.0
MF Maharoof,2010.0,4,31,23,2,2,0,0,28,3,1,10.33,134.78
MG Bracewell,2023.0,4,58,47,6,1,0,0,26,2,2,29.0,123.4
MG Johnson,2013.0,6,39,36,2,2,0,0,11,4,2,9.75,108.33
MG Johnson,2014.0,8,56,50,4,3,0,0,16,3,5,18.67,112.0
MG Johnson,2015.0,8,31,36,1,1,0,0,13,4,4,7.75,86.11
MG Johnson,2016.0,2,5,14,0,0,0,0,4,2,0,2.5,35.71
MG Johnson,2017.0,2,20,17,1,1,0,0,13,0,2,20.0,117.65
MG Johnson,2018.0,2,16,11,2,0,0,0,12,0,2,16.0,145.45
MJ Clarke,2012.0,6,98,94,12,0,0,0,41,6,0,16.33,104.26
MJ Guptill,2016.0,3,57,55,3,3,0,0,48,3,0,19.0,103.64
MJ Guptill,2017.0,7,132,88,17,5,1,0,50,6,1,22.0,150.0
MJ Guptill,2019.0,3,82,54,4,7,0,0,36,3,0,27.33,151.85
MJ Henry,2026.0,2,7,10,1,0,0,0,5,2,0,3.5,70.0
MJ Lumb,2010.0,11,278,192,45,6,1,0,83,9,2,30.89,144.79
MJ Lumb,2011.0,1,0,2,0,0,0,0,0,1,0,0.0,0.0
MJ McClenaghan,2015.0,3,13,6,0,2,0,0,12,1,2,13.0,216.67
MJ McClenaghan,2016.0,4,34,23,2,3,0,0,20,3,1,11.33,147.83
MJ McClenaghan,2017.0,5,16,15,0,1,0,0,12,3,2,5.33,106.67
MJ McClenaghan,2018.0,4,11,10,1,1,0,0,11,2,2,5.5,110.0
MJ McClenaghan,2019.0,4,11,16,2,0,0,0,10,2,2,5.5,68.75
MJ Owen,2025.0,1,0,2,0,0,0,0,0,1,0,0.0,0.0
MJ Santner,2019.0,2,32,23,0,3,0,0,22,1,1,32.0,139.13
MJ Santner,2022.0,4,22,27,3,0,0,0,11,2,2,11.0,81.48
MJ Santner,2023.0,2,2,4,0,0,0,0,1,0,2,2.0,50.0
MJ Santner,2024.0,3,14,17,1,0,0,0,11,3,0,4.67,82.35
MJ Santner,2025.0,8,40,33,2,3,0,0,18,2,6,20.0,121.21
MJ Santner,2026.0,2,26,19,3,0,0,0,18,0,2,26.0,136.84
MJ Suthar,2024.0,1,1,2,0,0,0,0,1,1,0,1.0,50.0
MK Lomror,2018.0,2,20,21,1,0,0,0,11,1,1,20.0,95.24
MK Lomror,2019.0,1,8,3,2,0,0,0,8,1,0,8.0,266.67
MK Lomror,2020.0,3,59,54,2,3,0,0,47,3,0,19.67,109.26
MK Lomror,2021.0,4,94,73,3,6,0,0,43,3,1,31.33,128.77
MK Lomror,2022.0,5,86,57,7,4,0,0,42,5,0,17.2,150.88
MK Lomror,2023.0,10,135,97,9,8,1,0,54,8,2,16.88,139.18
MK Lomror,2024.0,10,125,68,9,9,0,0,33,8,2,15.62,183.82
MK Pandey,2008.0,2,3,9,0,0,0,0,3,2,0,1.5,33.33
MK Pandey,2009.0,4,168,118,17,4,0,1,114,2,2,84.0,142.37
MK Pandey,2010.0,13,249,226,27,7,0,0,42,11,2,22.64,110.18
MK Pandey,2011.0,9,246,227,28,6,1,0,59,9,0,27.33,108.37
MK Pandey,2012.0,9,143,112,12,6,1,0,80,7,2,20.43,127.68
MK Pandey,2013.0,7,136,137,11,3,1,0,66,6,1,22.67,99.27
MK Pandey,2014.0,16,409,343,35,11,2,0,94,13,3,31.46,119.24
MK Pandey,2015.0,12,225,184,22,7,0,0,40,10,2,22.5,122.28
MK Pandey,2016.0,11,248,183,17,9,2,0,52,8,3,31.0,135.52
MK Pandey,2017.0,12,396,308,28,12,2,0,81,8,4,49.5,128.57
MK Pandey,2018.0,13,284,246,22,5,3,0,62,11,2,25.82,115.45
MK Pandey,2019.0,11,345,264,34,6,3,0,83,9,2,38.33,130.68
MK Pandey,2020.0,15,425,333,35,18,3,0,83,13,2,32.69,127.63
MK Pandey,2021.0,8,292,236,21,10,3,0,69,6,2,48.67,123.73
MK Pandey,2022.0,6,88,80,9,2,0,0,38,6,0,14.67,110.0
MK Pandey,2023.0,9,160,146,15,3,1,0,50,9,0,17.78,109.59
MK Pandey,2024.0,1,42,31,2,2,0,0,42,1,0,42.0,135.48
MK Pandey,2025.0,3,92,65,5,5,0,0,37,2,1,46.0,141.54
MK Pandey,2026.0,2,70,49,8,2,0,0,45,2,0,35.0,142.86
MK Tiwary,2008.0,7,104,85,16,0,0,0,39,3,4,34.67,122.35
MK Tiwary,2009.0,1,9,13,1,0,0,0,9,1,0,9.0,69.23
MK Tiwary,2010.0,11,237,186,23,5,2,0,75,9,2,26.33,127.42
MK Tiwary,2011.0,13,359,325,26,14,1,0,61,7,6,51.29,110.46
MK Tiwary,2012.0,15,260,246,21,3,1,0,59,10,5,26.0,105.69
MK Tiwary,2013.0,9,146,140,12,1,0,0,33,8,1,18.25,104.29
MK Tiwary,2014.0,8,152,118,14,4,1,0,61,5,3,30.4,128.81
MK Tiwary,2015.0,2,57,56,8,1,0,0,32,2,0,28.5,101.79
MK Tiwary,2017.0,13,324,236,31,11,2,0,60,9,4,36.0,137.29
MK Tiwary,2018.0,4,47,44,4,1,0,0,35,3,1,15.67,106.82
ML Hayden,2008.0,4,189,131,24,6,2,0,81,2,2,94.5,144.27
ML Hayden,2009.0,12,572,395,60,22,5,0,89,10,2,57.2,144.81
ML Hayden,2010.0,16,346,280,37,16,1,0,93,15,1,23.07,123.57
MM Ali,2018.0,4,77,46,4,6,1,0,65,4,0,19.25,167.39
MM Ali,2019.0,10,220,133,16,17,2,0,66,6,4,36.67,165.41
MM Ali,2020.0,3,12,16,1,0,0,0,11,3,0,4.0,75.0
MM Ali,2021.0,15,357,260,31,19,1,0,58,14,1,25.5,137.31
MM Ali,2022.0,10,244,177,24,11,1,0,93,10,0,24.4,137.85
MM Ali,2023.0,10,124,91,12,6,0,0,23,7,3,17.71,136.26
MM Ali,2024.0,5,128,98,7,8,1,0,56,5,0,25.6,130.61
MM Ali,2025.0,2,5,14,0,0,0,0,5,2,0,2.5,35.71
MM Patel,2008.0,1,0,1,0,0,0,0,0,0,1,0.0,0.0
MM Patel,2009.0,5,33,26,5,0,0,0,23,3,2,11.0,126.92
MM Patel,2010.0,2,4,5,0,0,0,0,4,0,2,4.0,80.0
MM Patel,2011.0,1,0,1,0,0,0,0,0,1,0,0.0,0.0
MM Patel,2012.0,2,2,7,0,0,0,0,1,0,2,2.0,28.57
MM Patel,2017.0,1,0,1,0,0,0,0,0,1,0,0.0,0.0
MM Sharma,2013.0,2,0,5,0,0,0,0,0,1,1,0.0,0.0
MM Sharma,2014.0,1,1,3,0,0,0,0,1,0,1,1.0,33.33
MM Sharma,2015.0,5,28,18,1,2,0,0,21,2,3,14.0,155.56
MM Sharma,2016.0,5,32,26,3,1,0,0,15,4,1,8.0,123.08
MM Sharma,2017.0,7,51,50,4,1,0,0,13,6,1,8.5,102.0
MM Sharma,2018.0,4,10,13,1,0,0,0,4,1,3,10.0,76.92
MM Sharma,2019.0,1,0,2,0,0,0,0,0,0,1,0.0,0.0
MM Sharma,2023.0,1,0,1,0,0,0,0,0,0,1,0.0,0.0
MM Sharma,2024.0,2,2,15,0,0,0,0,2,2,0,1.0,13.33
MM Sharma,2025.0,2,1,3,0,0,0,0,1,1,1,1.0,33.33
MN Samuels,2012.0,8,124,123,7,5,0,0,46,6,2,20.67,100.81
MN Samuels,2013.0,2,8,18,1,0,0,0,5,2,0,4.0,44.44
MN Samuels,2017.0,4,29,31,1,2,0,0,27,3,1,9.67,93.55
MN van Wyk,2009.0,5,167,132,19,1,1,0,74,3,2,55.67,126.52
MP Breetzke,2025.0,1,14,12,1,1,0,0,14,1,0,14.0,116.67
MP Stoinis,2016.0,5,146,108,13,4,1,0,52,4,1,36.5,135.19
MP Stoinis,2017.0,3,17,24,1,0,0,0,9,3,0,5.67,70.83
MP Stoinis,2018.0,7,99,76,6,4,0,0,29,4,3,24.75,130.26
MP Stoinis,2019.0,10,211,156,14,10,0,0,46,4,6,52.75,135.26
MP Stoinis,2020.0,17,352,237,31,16,3,0,65,14,3,25.14,148.52
MP Stoinis,2021.0,7,89,72,11,1,0,0,27,4,3,22.25,123.61
MP Stoinis,2022.0,10,156,106,7,13,0,0,38,7,3,22.29,147.17
MP Stoinis,2023.0,15,408,272,28,27,3,0,89,13,2,31.38,150.0
MP Stoinis,2024.0,14,388,263,39,16,2,1,124,12,2,32.33,147.53
MP Stoinis,2025.0,11,160,86,8,15,0,0,44,6,5,26.67,186.05
MP Stoinis,2026.0,9,216,120,23,11,1,0,62,6,3,36.0,180.0
MP Yadav,2026.0,1,5,5,1,0,0,0,5,1,0,5.0,100.0
MR Marsh,2010.0,2,28,30,1,1,0,0,15,2,0,14.0,93.33
MR Marsh,2011.0,3,50,49,2,3,0,0,37,2,1,25.0,102.04
MR Marsh,2013.0,8,140,106,6,10,0,0,38,6,2,23.33,132.08
MR Marsh,2016.0,1,7,11,0,0,0,0,7,1,0,7.0,63.64
MR Marsh,2020.0,1,0,1,0,0,0,0,0,1,0,0.0,0.0
MR Marsh,2022.0,8,251,189,19,14,2,0,89,7,1,35.86,132.8
MR Marsh,2023.0,9,128,97,11,7,1,0,63,8,1,16.0,131.96
MR Marsh,2024.0,4,61,38,9,3,0,0,23,4,0,15.25,160.53
MR Marsh,2025.0,13,627,383,56,37,6,1,117,13,0,48.23,163.71
MR Marsh,2026.0,13,563,345,51,36,3,1,111,12,1,46.92,163.19
MS Bhandage,2025.0,1,1,4,0,0,0,0,1,1,0,1.0,25.0
MS Bisla,2010.0,10,218,178,27,6,1,0,75,9,1,24.22,122.47
MS Bisla,2011.0,5,72,89,8,0,0,0,27,4,1,18.0,80.9
MS Bisla,2012.0,7,213,160,16,10,1,0,89,7,0,30.43,133.12
MS Bisla,2013.0,14,255,236,36,6,2,0,92,13,1,19.62,108.05
MS Bisla,2014.0,1,3,9,0,0,0,0,3,1,0,3.0,33.33
MS Bisla,2015.0,2,37,30,6,1,0,0,20,2,0,18.5,123.33
MS Dhoni,2008.0,14,414,310,38,15,2,0,65,10,4,41.4,133.55
MS Dhoni,2009.0,13,332,261,22,9,2,0,58,8,5,41.5,127.2
MS Dhoni,2010.0,11,287,210,26,8,2,0,66,9,2,31.89,136.67
MS Dhoni,2011.0,13,392,247,25,23,2,0,70,9,4,43.56,158.7
MS Dhoni,2012.0,17,358,278,26,9,1,0,51,11,6,32.55,128.78
MS Dhoni,2013.0,16,461,283,32,25,4,0,67,10,6,46.1,162.9
MS Dhoni,2014.0,15,371,250,22,20,1,0,57,5,10,74.2,148.4
MS Dhoni,2015.0,17,372,305,27,17,1,0,53,12,5,31.0,121.97
MS Dhoni,2016.0,12,284,210,18,14,1,0,64,7,5,40.57,135.24
MS Dhoni,2017.0,15,290,250,15,16,1,0,61,11,4,26.36,116.0
MS Dhoni,2018.0,15,455,302,24,30,3,0,79,6,9,75.83,150.66
MS Dhoni,2019.0,12,416,309,22,23,3,0,84,4,8,104.0,134.63
MS Dhoni,2020.0,12,200,172,16,7,0,0,47,8,4,25.0,116.28
MS Dhoni,2021.0,11,114,107,12,3,0,0,18,7,4,16.29,106.54
MS Dhoni,2022.0,12,232,188,21,10,1,0,50,7,5,33.14,123.4
MS Dhoni,2023.0,12,104,57,3,10,0,0,32,4,8,26.0,182.46
MS Dhoni,2024.0,11,161,73,14,13,0,0,37,3,8,53.67,220.55
MS Dhoni,2025.0,13,196,145,12,12,0,0,30,8,5,24.5,135.17
MS Gony,2008.0,5,35,23,2,3,0,0,15,1,4,35.0,152.17
MS Gony,2009.0,2,13,7,0,2,0,0,7,2,0,6.5,185.71
MS Gony,2010.0,1,2,6,0,0,0,0,2,1,0,2.0,33.33
MS Gony,2011.0,2,0,2,0,0,0,0,0,1,1,0.0,0.0
MS Gony,2012.0,1,4,8,0,0,0,0,4,1,0,4.0,50.0
MS Gony,2013.0,4,45,25,4,3,0,0,42,3,1,15.0,180.0
MS Wade,2011.0,3,22,33,0,0,0,0,11,3,0,7.33,66.67
MS Wade,2022.0,10,157,138,23,2,0,0,35,9,1,17.44,113.77
MS Wade,2024.0,1,4,6,0,0,0,0,4,1,0,4.0,66.67
MV Boucher,2008.0,10,225,177,24,6,1,0,50,7,3,32.14,127.12
MV Boucher,2009.0,9,150,116,8,6,0,0,48,5,4,30.0,129.31
MV Boucher,2010.0,2,13,10,0,1,0,0,11,1,1,13.0,130.0
MV Boucher,2011.0,2,6,6,0,0,0,0,5,1,1,6.0,100.0
MW Short,2023.0,6,117,92,15,4,0,0,36,6,0,19.5,127.17
MW Short,2026.0,3,60,51,6,1,0,0,34,3,0,20.0,117.65
Mandeep Singh,2010.0,2,4,11,1,0,0,0,4,2,0,2.0,36.36
Mandeep Singh,2011.0,5,47,41,4,1,0,0,15,4,1,11.75,114.63
Mandeep Singh,2012.0,16,432,342,53,7,2,0,75,16,0,27.0,126.32
Mandeep Singh,2013.0,14,260,223,36,0,1,0,77,12,2,21.67,116.59
Mandeep Singh,2014.0,3,24,26,2,0,0,0,21,3,0,8.0,92.31
Mandeep Singh,2015.0,8,157,100,17,6,1,0,54,6,2,26.17,157.0
Mandeep Singh,2017.0,10,188,177,21,4,1,0,52,10,0,18.8,106.21
Mandeep Singh,2018.0,13,252,186,16,11,0,0,47,10,3,25.2,135.48
Mandeep Singh,2019.0,12,165,120,10,4,0,0,33,4,8,41.25,137.5
Mandeep Singh,2020.0,7,130,109,10,4,1,0,66,6,1,21.67,119.27
Mandeep Singh,2021.0,1,15,14,2,0,0,0,15,1,0,15.0,107.14
Mandeep Singh,2022.0,3,18,23,4,0,0,0,18,3,0,6.0,78.26
Mandeep Singh,2023.0,3,14,16,0,1,0,0,12,3,0,4.67,87.5
Mashrafe Mortaza,2009.0,1,2,2,0,0,0,0,2,0,1,2.0,100.0
Mayank Dagar,2024.0,1,0,1,0,0,0,0,0,0,1,0.0,0.0
Misbah-ul-Haq,2008.0,8,117,81,10,6,0,0,47,7,1,16.71,144.44
Mohammad Ashraful,2009.0,1,2,10,0,0,0,0,2,1,0,2.0,20.0
Mohammad Asif,2008.0,2,3,6,0,0,0,0,3,2,0,1.5,50.0
Mohammad Hafeez,2008.0,8,64,83,7,2,0,0,16,7,1,9.14,77.11
Mohammad Nabi,2017.0,1,2,3,0,0,0,0,2,1,0,2.0,66.67
Mohammad Nabi,2018.0,2,18,12,3,0,0,0,14,2,0,9.0,150.0
Mohammad Nabi,2019.0,7,121,78,8,8,0,0,37,5,2,24.2,155.13
Mohammad Nabi,2020.0,1,11,8,2,0,0,0,11,0,1,11.0,137.5
Mohammad Nabi,2021.0,3,34,20,3,2,0,0,17,3,0,11.33,170.0
Mohammad Nabi,2024.0,5,35,31,2,2,0,0,23,4,1,8.75,112.9
Mohammed Shami,2013.0,1,5,10,0,0,0,0,5,1,0,5.0,50.0
Mohammed Shami,2014.0,4,3,7,0,0,0,0,1,2,2,1.5,42.86
Mohammed Shami,2016.0,2,2,4,0,0,0,0,2,0,2,2.0,50.0
Mohammed Shami,2017.0,6,36,24,4,2,0,0,21,4,2,9.0,150.0
Mohammed Shami,2018.0,1,7,6,1,0,0,0,7,1,0,7.0,116.67
Mohammed Shami,2019.0,2,1,2,0,0,0,0,1,1,1,1.0,50.0
Mohammed Shami,2020.0,2,2,3,0,0,0,0,2,1,1,2.0,66.67
Mohammed Shami,2021.0,3,13,17,0,0,0,0,9,1,2,13.0,76.47
Mohammed Shami,2023.0,2,5,6,1,0,0,0,5,2,0,2.5,83.33
Mohammed Shami,2025.0,4,10,10,1,0,0,0,6,1,3,10.0,100.0
Mohammed Shami,2026.0,7,31,22,2,3,0,0,12,5,2,6.2,140.91
Mohammed Siraj,2018.0,3,25,22,2,1,0,0,14,2,1,12.5,113.64
Mohammed Siraj,2019.0,3,4,14,0,0,0,0,3,1,2,4.0,28.57
Mohammed Siraj,2020.0,3,17,14,2,0,0,0,10,1,2,17.0,121.43
Mohammed Siraj,2021.0,4,20,26,1,1,0,0,12,1,3,20.0,76.92
Mohammed Siraj,2022.0,4,30,33,5,0,0,0,14,2,2,15.0,90.91
Mohammed Siraj,2023.0,2,1,2,0,0,0,0,1,1,1,1.0,50.0
Mohammed Siraj,2024.0,1,12,8,0,2,0,0,12,1,0,12.0,150.0
Mohammed Siraj,2025.0,1,3,4,0,0,0,0,3,0,1,3.0,75.0
Mohammed Siraj,2026.0,2,5,16,1,0,0,0,5,2,0,2.5,31.25
Mohit Rathee,2023.0,1,1,2,0,0,0,0,1,0,1,1.0,50.0
Mohsin Khan,2022.0,3,23,16,2,1,0,0,13,1,2,23.0,143.75
Mohsin Khan,2023.0,1,0,7,0,0,0,0,0,1,0,0.0,0.0
Mohsin Khan,2024.0,1,2,1,0,0,0,0,2,0,1,2.0,200.0
Mohsin Khan,2026.0,2,0,4,0,0,0,0,0,2,0,0.0,0.0
Mujeeb Ur Rahman,2018.0,2,10,7,2,0,0,0,10,1,1,10.0,142.86
Mujeeb Ur Rahman,2019.0,2,0,4,0,0,0,0,0,1,1,0.0,0.0
Mujeeb Ur Rahman,2020.0,1,1,3,0,0,0,0,1,1,0,1.0,33.33
Mujeeb Ur Rahman,2021.0,1,1,1,0,0,0,0,1,0,1,1.0,100.0
Mukesh Choudhary,2022.0,2,6,6,1,0,0,0,4,0,2,6.0,100.0
Mukesh Choudhary,2026.0,1,2,2,0,0,0,0,2,0,1,2.0,100.0
Mukesh Kumar,2023.0,3,7,9,0,0,0,0,6,0,3,7.0,77.78
Mukesh Kumar,2024.0,2,3,9,0,0,0,0,3,1,1,3.0,33.33
Musheer Khan,2025.0,1,0,3,0,0,0,0,0,1,0,0.0,0.0
Mustafizur Rahman,2018.0,1,1,3,0,0,0,0,1,1,0,1.0,33.33
Mustafizur Rahman,2021.0,3,8,14,0,1,0,0,8,0,3,8.0,57.14
Mustafizur Rahman,2022.0,1,3,5,0,0,0,0,3,0,1,3.0,60.0
Mustafizur Rahman,2023.0,1,1,1,0,0,0,0,1,0,1,1.0,100.0
Mustafizur Rahman,2025.0,1,0,1,0,0,0,0,0,1,0,0.0,0.0
N Burger,2026.0,3,14,9,0,1,0,0,10,1,2,14.0,155.56
N Jagadeesan,2020.0,2,33,29,4,0,0,0,33,2,0,16.5,113.79
N Jagadeesan,2022.0,2,40,37,3,1,0,0,39,1,1,40.0,108.11
N Jagadeesan,2023.0,6,89,81,14,1,0,0,36,6,0,14.83,109.88
N Pooran,2019.0,6,168,107,10,14,0,0,48,6,0,28.0,157.01
N Pooran,2020.0,14,353,210,23,25,2,0,77,10,4,35.3,168.1
N Pooran,2021.0,10,85,76,3,5,0,0,32,10,0,8.5,111.84
N Pooran,2022.0,13,306,212,16,21,2,0,64,8,5,38.25,144.34
N Pooran,2023.0,15,358,207,26,26,2,0,62,11,4,32.55,172.95
N Pooran,2024.0,14,499,280,35,36,3,0,75,8,6,62.38,178.21
N Pooran,2025.0,14,524,267,45,40,5,0,87,11,3,47.64,196.25
N Pooran,2026.0,14,234,184,11,19,1,0,63,13,1,18.0,127.17
N Rana,2016.0,3,104,75,7,8,1,0,70,3,0,34.67,138.67
N Rana,2017.0,12,333,264,24,17,3,0,62,11,1,30.27,126.14
N Rana,2018.0,15,304,232,26,14,1,0,59,14,1,21.71,131.03
N Rana,2019.0,11,344,235,27,21,3,0,85,10,1,34.4,146.38
N Rana,2020.0,14,352,254,43,12,3,0,87,13,1,27.08,138.58
N Rana,2021.0,16,383,314,34,17,2,0,80,13,3,29.46,121.97
N Rana,2022.0,14,361,251,29,22,2,0,57,13,1,27.77,143.82
N Rana,2023.0,14,413,293,39,20,3,0,75,13,1,31.77,140.96
N Rana,2024.0,2,42,34,5,1,0,0,33,2,0,21.0,123.53
N Rana,2025.0,11,217,134,27,9,2,0,81,10,1,21.7,161.94
N Rana,2026.0,9,225,149,27,10,2,0,91,9,0,25.0,151.01
N Saini,2012.0,10,140,141,16,0,1,0,50,10,0,14.0,99.29
N Sindhu,2026.0,5,63,50,7,2,0,0,22,5,0,12.6,126.0
N Wadhera,2023.0,10,241,166,23,12,2,0,64,9,1,26.78,145.18
N Wadhera,2024.0,6,109,84,9,6,0,0,49,6,0,18.17,129.76
N Wadhera,2025.0,15,369,253,28,21,2,0,70,11,4,33.55,145.85
N Wadhera,2026.0,6,65,57,4,4,0,0,25,6,0,10.83,114.04
NA Saini,2019.0,2,2,4,0,0,0,0,2,1,1,2.0,50.0
NA Saini,2020.0,3,27,27,3,0,0,0,12,1,2,27.0,100.0
NA Saini,2021.0,1,2,4,0,0,0,0,2,1,0,2.0,50.0
ND Doshi,2011.0,1,0,13,0,0,0,0,0,1,0,0.0,0.0
NJ Maddinson,2014.0,2,16,14,3,0,0,0,12,2,0,8.0,114.29
NJ Maddinson,2015.0,1,4,7,1,0,0,0,4,1,0,4.0,57.14
NJ Rimmington,2011.0,1,1,1,0,0,0,0,1,0,1,1.0,100.0
NL McCullum,2011.0,2,26,22,0,1,0,0,15,1,1,26.0,118.18
NLTC Perera,2011.0,2,23,27,4,0,0,0,22,2,0,11.5,85.19
NLTC Perera,2012.0,2,4,9,0,0,0,0,4,1,1,4.0,44.44
NLTC Perera,2013.0,14,235,165,12,14,0,0,40,10,4,23.5,142.42
NLTC Perera,2015.0,2,12,15,0,1,0,0,9,2,0,6.0,80.0
NLTC Perera,2016.0,10,150,93,7,11,0,0,34,7,3,21.43,161.29
NM Coulter-Nile,2013.0,1,9,6,0,1,0,0,9,1,0,9.0,150.0
NM Coulter-Nile,2015.0,5,20,18,2,1,0,0,6,3,2,6.67,111.11
NM Coulter-Nile,2016.0,2,9,14,1,0,0,0,7,0,2,9.0,64.29
NM Coulter-Nile,2017.0,3,14,12,0,2,0,0,6,3,0,4.67,116.67
NM Coulter-Nile,2020.0,2,25,15,4,0,0,0,24,1,1,25.0,166.67
NM Coulter-Nile,2021.0,2,4,5,0,0,0,0,3,2,0,2.0,80.0
NM Coulter-Nile,2022.0,1,1,2,0,0,0,0,1,0,1,1.0,50.0
NS Naik,2016.0,2,23,31,1,0,0,0,22,2,0,11.5,74.19
NS Naik,2019.0,1,7,16,1,0,0,0,7,1,0,7.0,43.75
NS Naik,2020.0,1,1,3,0,0,0,0,1,1,0,1.0,33.33
NT Ellis,2021.0,2,18,16,0,1,0,0,12,1,1,18.0,112.5
NT Ellis,2022.0,1,0,2,0,0,0,0,0,1,0,0.0,0.0
NT Ellis,2023.0,2,1,7,0,0,0,0,1,2,0,0.5,14.29
NV Ojha,2009.0,8,168,144,11,11,2,0,68,7,1,24.0,116.67
NV Ojha,2010.0,14,377,285,42,15,2,0,94,11,3,34.27,132.28
NV Ojha,2011.0,14,160,161,11,11,0,0,29,13,1,12.31,99.38
NV Ojha,2012.0,16,255,224,21,13,1,0,64,11,5,23.18,113.84
NV Ojha,2013.0,2,9,10,1,0,0,0,9,1,1,9.0,90.0
NV Ojha,2014.0,10,232,161,14,17,1,0,79,6,4,38.67,144.1
NV Ojha,2015.0,11,137,121,12,4,0,0,28,9,2,15.22,113.22
NV Ojha,2016.0,13,136,138,7,5,0,0,37,9,4,15.11,98.55
NV Ojha,2017.0,5,79,65,2,3,0,0,34,4,1,19.75,121.54
NV Ojha,2018.0,1,1,4,0,0,0,0,1,1,0,1.0,25.0
Naman Dhir,2024.0,7,140,79,12,10,1,0,62,6,1,23.33,177.22
Naman Dhir,2025.0,12,252,138,25,13,0,0,46,8,4,31.5,182.61
Naman Dhir,2026.0,14,318,216,31,13,2,0,57,12,2,26.5,147.22
Navdeep Saini,2022.0,1,2,2,0,0,0,0,2,1,0,2.0,100.0
Naveen-ul-Haq,2023.0,3,16,21,2,0,0,0,13,1,2,16.0,76.19
Naveen-ul-Haq,2024.0,1,2,4,0,0,0,0,2,0,1,2.0,50.0
Niraj Patel,2008.0,4,103,81,13,1,1,0,57,2,2,51.5,127.16
Niraj Patel,2009.0,2,18,38,1,0,0,0,14,2,0,9.0,47.37
Nithish Kumar Reddy,2024.0,11,303,212,15,21,2,0,76,9,2,33.67,142.92
Nithish Kumar Reddy,2025.0,11,182,153,16,4,0,0,32,8,3,22.75,118.95
Nithish Kumar Reddy,2026.0,13,302,176,19,21,1,0,56,10,3,30.2,171.59
Noor Ahmad,2023.0,3,8,9,1,0,0,0,7,2,1,4.0,88.89
Noor Ahmad,2024.0,2,5,9,1,0,0,0,4,2,0,2.5,55.56
Noor Ahmad,2025.0,6,7,17,0,0,0,0,2,4,2,1.75,41.18
Noor Ahmad,2026.0,4,11,23,0,1,0,0,8,3,1,3.67,47.83
OA Shah,2010.0,5,115,95,7,5,1,0,58,2,3,57.5,121.05
OA Shah,2011.0,2,26,15,1,2,0,0,23,1,1,26.0,173.33
OA Shah,2012.0,13,340,256,24,16,3,0,76,7,6,48.57,132.81
OA Shah,2013.0,2,25,23,2,0,0,0,24,2,0,12.5,108.7
OC McCoy,2022.0,1,8,5,0,1,0,0,8,0,1,8.0,160.0
OF Smith,2022.0,6,51,44,1,5,0,0,25,3,3,17.0,115.91
P Awana,2012.0,1,4,5,0,0,0,0,4,0,1,4.0,80.0
P Awana,2013.0,4,1,9,0,0,0,0,1,2,2,0.5,11.11
P Chopra,2018.0,1,8,6,2,0,0,0,8,1,0,8.0,133.33
P Dogra,2010.0,8,107,106,4,5,0,0,41,5,3,21.4,100.94
P Dogra,2012.0,3,15,24,0,0,0,0,6,2,1,7.5,62.5
P Dogra,2013.0,1,5,8,0,0,0,0,5,1,0,5.0,62.5
P Dubey,2020.0,1,7,13,0,0,0,0,7,0,1,7.0,53.85
P Dubey,2023.0,1,16,20,2,0,0,0,16,1,0,16.0,80.0
P Kumar,2008.0,12,112,98,10,6,0,0,34,9,3,12.44,114.29
P Kumar,2009.0,8,65,46,1,6,0,0,14,5,3,13.0,141.3
P Kumar,2010.0,3,4,8,0,0,0,0,3,2,1,2.0,50.0
P Kumar,2011.0,7,27,31,2,1,0,0,15,3,4,9.0,87.1
P Kumar,2012.0,7,35,30,2,1,0,0,10,2,5,17.5,116.67
P Kumar,2013.0,7,47,39,3,3,0,0,24,5,2,9.4,120.51
P Kumar,2014.0,1,1,2,0,0,0,0,1,1,0,1.0,50.0
P Kumar,2015.0,4,17,25,1,0,0,0,12,2,2,8.5,68.0
P Kumar,2016.0,6,24,26,3,0,0,0,15,4,2,6.0,92.31
P Kumar,2017.0,2,8,9,0,0,0,0,7,1,1,8.0,88.89
P Negi,2012.0,4,36,29,4,1,0,0,14,1,3,36.0,124.14
P Negi,2015.0,9,116,73,10,5,0,0,36,6,3,19.33,158.9
P Negi,2016.0,6,57,59,2,3,0,0,19,2,4,28.5,96.61
P Negi,2017.0,10,144,111,10,7,0,0,35,8,2,18.0,129.73
P Negi,2018.0,2,3,5,0,0,0,0,3,1,1,3.0,60.0
P Negi,2019.0,4,9,12,1,0,0,0,5,4,0,2.25,75.0
P Nissanka,2026.0,10,278,175,33,12,2,0,62,10,0,27.8,158.86
P Parameswaran,2011.0,1,1,1,0,0,0,0,1,0,1,1.0,100.0
P Parameswaran,2012.0,1,0,1,0,0,0,0,0,0,1,0.0,0.0
P Ray Barman,2019.0,1,19,24,2,0,0,0,19,1,0,19.0,79.17
P Sahu,2016.0,2,19,13,1,1,0,0,18,0,2,19.0,146.15
P Simran Singh,2019.0,1,16,17,1,1,0,0,16,1,0,16.0,94.12
P Simran Singh,2020.0,2,15,15,2,0,0,0,11,2,0,7.5,100.0
P Simran Singh,2021.0,2,19,23,1,1,0,0,12,2,0,9.5,82.61
P Simran Singh,2022.0,1,14,11,2,0,0,0,14,1,0,14.0,127.27
P Simran Singh,2023.0,14,358,238,38,19,1,1,103,14,0,25.57,150.42
P Simran Singh,2024.0,14,334,213,34,20,2,0,71,13,1,25.69,156.81
P Simran Singh,2025.0,18,599,370,63,30,5,0,91,17,1,35.24,161.89
P Simran Singh,2026.0,13,510,302,55,23,6,0,80,12,1,42.5,168.87
PA Patel,2008.0,13,302,297,42,3,2,0,54,11,2,27.45,101.68
PA Patel,2009.0,9,142,126,19,2,0,0,36,8,1,17.75,112.7
PA Patel,2010.0,4,72,79,6,2,1,0,57,4,0,18.0,91.14
PA Patel,2011.0,13,202,183,25,2,0,0,37,9,4,22.44,110.38
PA Patel,2012.0,12,194,165,19,4,0,0,45,11,1,17.64,117.58
PA Patel,2013.0,13,294,255,37,4,1,0,61,12,1,24.5,115.29
PA Patel,2014.0,12,205,185,30,1,1,0,57,9,3,22.78,110.81
PA Patel,2015.0,14,339,246,47,5,2,0,59,12,2,28.25,137.8
PA Patel,2016.0,10,177,152,23,4,1,0,81,10,0,17.7,116.45
PA Patel,2017.0,16,395,293,49,8,2,0,70,16,0,24.69,134.81
PA Patel,2018.0,6,153,109,20,4,1,0,53,5,1,30.6,140.37
PA Patel,2019.0,14,373,268,48,10,2,0,67,14,0,26.64,139.18
PA Reddy,2012.0,3,73,59,6,2,0,0,42,3,0,24.33,123.73
PA Reddy,2013.0,7,91,101,9,0,0,0,27,7,0,13.0,90.1
PBB Rajapaksa,2022.0,9,206,129,16,13,0,0,43,9,0,22.89,159.69
PBB Rajapaksa,2023.0,4,71,62,6,2,1,0,50,3,1,23.67,114.52
PC Valthaty,2009.0,2,6,12,1,0,0,0,5,2,0,3.0,50.0
PC Valthaty,2011.0,14,463,338,56,20,2,1,120,13,1,35.62,136.98
PC Valthaty,2012.0,6,30,51,4,0,0,0,13,6,0,5.0,58.82
PC Valthaty,2013.0,1,6,17,0,0,0,0,6,1,0,6.0,35.29
PD Collingwood,2010.0,7,203,156,9,13,3,0,75,4,3,50.75,130.13
PD Salt,2023.0,9,218,133,24,10,2,0,87,8,1,27.25,163.91
PD Salt,2024.0,12,435,239,50,24,4,0,89,11,1,39.55,182.01
PD Salt,2025.0,13,403,229,48,22,4,0,65,12,1,33.58,175.98
PD Salt,2026.0,6,202,120,16,11,2,0,78,6,0,33.67,168.33
PHKD Mendis,2025.0,5,92,69,7,2,0,0,32,4,1,23.0,133.33
PJ Cummins,2015.0,1,0,2,0,0,0,0,0,1,0,0.0,0.0
PJ Cummins,2017.0,8,77,53,5,4,0,0,24,5,3,15.4,145.28
PJ Cummins,2020.0,10,146,114,9,8,1,0,53,7,3,20.86,128.07
PJ Cummins,2021.0,5,93,56,5,8,1,0,66,3,2,31.0,166.07
PJ Cummins,2022.0,5,63,24,5,6,1,0,56,4,1,15.75,262.5
PJ Cummins,2024.0,10,136,95,9,8,0,0,35,5,5,27.2,143.16
PJ Cummins,2025.0,9,97,58,6,7,0,0,22,4,5,24.25,167.24
PJ Cummins,2026.0,3,30,19,1,3,0,0,19,3,0,10.0,157.89
PJ Sangwan,2008.0,2,2,5,0,0,0,0,2,2,0,1.0,40.0
PJ Sangwan,2009.0,4,6,10,0,0,0,0,5,1,3,6.0,60.0
PJ Sangwan,2010.0,2,10,14,0,0,0,0,6,0,2,10.0,71.43
PJ Sangwan,2013.0,1,4,2,1,0,0,0,4,0,1,4.0,200.0
PJ Sangwan,2017.0,3,2,4,0,0,0,0,1,2,1,1.0,50.0
PJ Sangwan,2018.0,1,0,4,0,0,0,0,0,1,0,0.0,0.0
PJ Sangwan,2022.0,1,2,5,0,0,0,0,2,1,0,2.0,40.0
PK Garg,2020.0,10,133,111,9,4,1,0,51,9,1,14.78,119.82
PK Garg,2021.0,5,72,74,2,3,0,0,29,5,0,14.4,97.3
PK Garg,2022.0,2,46,33,4,2,0,0,42,2,0,23.0,139.39
PK Garg,2023.0,2,22,23,1,0,0,0,12,2,0,11.0,95.65
PM Sarvesh Kumar,2008.0,1,1,2,0,0,0,0,1,0,1,1.0,50.0
PN Mankad,2022.0,1,4,1,1,0,0,0,4,0,1,4.0,400.0
PN Mankad,2023.0,4,93,72,12,2,1,0,64,3,1,31.0,129.17
PP Chawla,2008.0,7,90,59,10,3,0,0,24,4,3,22.5,152.54
PP Chawla,2009.0,8,31,36,3,0,0,0,8,3,5,10.33,86.11
PP Chawla,2010.0,6,62,60,7,0,0,0,22,5,1,12.4,103.33
PP Chawla,2011.0,6,48,55,2,2,0,0,15,3,3,16.0,87.27
PP Chawla,2012.0,12,106,88,9,4,0,0,21,8,4,13.25,120.45
PP Chawla,2013.0,10,64,57,5,3,0,0,23,6,4,10.67,112.28
PP Chawla,2014.0,5,31,19,4,1,0,0,17,2,3,15.5,163.16
PP Chawla,2015.0,7,54,47,5,2,0,0,22,4,3,13.5,114.89
PP Chawla,2016.0,3,27,26,4,0,0,0,11,3,0,9.0,103.85
PP Chawla,2017.0,1,2,6,0,0,0,0,2,1,0,2.0,33.33
PP Chawla,2018.0,5,27,34,1,1,0,0,12,4,1,6.75,79.41
PP Chawla,2019.0,5,42,37,4,2,0,0,14,3,2,14.0,113.51
PP Chawla,2021.0,1,0,2,0,0,0,0,0,1,0,0.0,0.0
PP Chawla,2023.0,4,25,22,1,1,0,0,18,2,2,12.5,113.64
PP Chawla,2024.0,6,15,15,1,1,0,0,10,4,2,3.75,100.0
PP Hinge,2026.0,2,3,9,0,0,0,0,3,1,1,3.0,33.33
PP Ojha,2008.0,3,2,4,0,0,0,0,1,1,2,2.0,50.0
PP Ojha,2009.0,4,1,7,0,0,0,0,1,3,1,0.33,14.29
PP Ojha,2010.0,3,3,8,0,0,0,0,2,3,0,1.0,37.5
PP Ojha,2012.0,3,4,14,0,0,0,0,3,1,2,4.0,28.57
PP Ojha,2013.0,3,2,4,0,0,0,0,1,1,2,2.0,50.0
PP Ojha,2014.0,3,4,8,0,0,0,0,2,0,3,4.0,50.0
PP Shaw,2018.0,9,245,160,27,10,2,0,65,8,1,30.62,153.12
PP Shaw,2019.0,16,353,264,45,9,2,0,99,15,1,23.53,133.71
PP Shaw,2020.0,13,228,167,27,8,2,0,66,13,0,17.54,136.53
PP Shaw,2021.0,15,479,301,56,18,4,0,82,14,1,34.21,159.14
PP Shaw,2022.0,10,283,185,37,10,2,0,61,10,0,28.3,152.97
PP Shaw,2023.0,8,106,85,16,1,1,0,54,8,0,13.25,124.71
PP Shaw,2024.0,8,198,121,30,5,1,0,66,8,0,24.75,163.64
PR Shah,2008.0,4,34,35,4,0,0,0,19,4,0,8.5,97.14
PR Shah,2009.0,4,53,51,4,2,0,0,29,3,1,17.67,103.92
PR Shah,2011.0,1,5,5,1,0,0,0,5,1,0,5.0,100.0
PR Veer,2026.0,5,90,67,10,3,0,0,43,2,3,45.0,134.33
PSP Handscomb,2016.0,1,6,12,0,0,0,0,6,1,0,6.0,50.0
PV Tambe,2013.0,1,3,6,0,0,0,0,3,0,1,3.0,50.0
PV Tambe,2014.0,2,5,9,0,0,0,0,3,1,1,5.0,55.56
PV Tambe,2015.0,2,3,5,0,0,0,0,2,0,2,3.0,60.0
PV Tambe,2016.0,1,7,19,1,0,0,0,7,0,1,7.0,36.84
PVD Chameera,2022.0,7,43,28,3,3,0,0,17,3,4,14.33,153.57
PVD Chameera,2025.0,3,10,14,0,0,0,0,8,0,3,10.0,71.43
PVD Chameera,2026.0,1,0,3,0,0,0,0,0,0,1,0.0,0.0
PVSN Raju,2025.0,1,1,1,0,0,0,0,1,0,1,1.0,100.0
PWA Mulder,2025.0,1,9,11,1,0,0,0,9,1,0,9.0,81.82
PWH de Silva,2021.0,2,1,2,0,0,0,0,1,1,1,1.0,50.0
PWH de Silva,2022.0,7,38,43,4,1,0,0,18,7,0,5.43,88.37
PWH de Silva,2023.0,5,33,28,3,0,0,0,12,2,3,16.5,117.86
PWH de Silva,2025.0,5,9,15,0,0,0,0,4,5,0,1.8,60.0
Pankaj Singh,2008.0,2,5,8,0,0,0,0,4,0,2,5.0,62.5
Pankaj Singh,2009.0,2,1,2,0,0,0,0,1,1,1,1.0,50.0
Pankaj Singh,2010.0,1,1,2,0,0,0,0,1,1,0,1.0,50.0
Parvez Rasool,2013.0,2,5,9,0,0,0,0,4,1,1,5.0,55.56
Parvez Rasool,2015.0,1,2,2,0,0,0,0,2,0,1,2.0,100.0
Parvez Rasool,2016.0,1,10,9,1,0,0,0,10,1,0,10.0,111.11
Prince Yadav,2025.0,2,5,10,0,0,0,0,4,0,2,5.0,50.0
Prince Yadav,2026.0,1,0,1,0,0,0,0,0,0,1,0.0,0.0
Priyansh Arya,2025.0,18,545,299,60,31,3,1,103,18,0,30.28,182.27
Priyansh Arya,2026.0,13,364,172,27,32,3,0,93,13,0,28.0,211.63
Q de Kock,2013.0,3,6,15,1,0,0,0,4,3,0,2.0,40.0
Q de Kock,2014.0,7,153,130,19,4,0,0,48,6,1,25.5,117.69
Q de Kock,2015.0,3,122,77,18,4,2,0,69,3,0,40.67,158.44
Q de Kock,2016.0,13,445,327,52,13,3,1,108,12,1,37.08,136.09
Q de Kock,2018.0,8,201,162,20,8,1,0,53,7,1,28.71,124.07
Q de Kock,2019.0,16,529,398,45,25,4,0,81,14,2,37.79,132.91
Q de Kock,2020.0,16,506,361,46,22,4,0,78,14,2,36.14,140.17
Q de Kock,2021.0,11,297,256,29,7,2,0,70,10,1,29.7,116.02
Q de Kock,2022.0,15,508,341,47,23,3,1,140,14,1,36.29,148.97
Q de Kock,2023.0,4,143,102,10,8,1,0,70,4,0,35.75,140.2
Q de Kock,2024.0,11,250,186,29,9,3,0,81,11,0,22.73,134.41
Q de Kock,2025.0,8,152,117,9,11,1,0,97,7,1,21.71,129.91
Q de Kock,2026.0,3,132,81,9,9,0,1,112,2,1,66.0,162.96
R Ashwin,2009.0,1,8,15,1,0,0,0,8,1,0,8.0,53.33
R Ashwin,2010.0,6,30,40,2,0,0,0,11,3,3,10.0,75.0
R Ashwin,2011.0,2,2,6,0,0,0,0,2,2,0,1.0,33.33
R Ashwin,2012.0,5,18,15,2,0,0,0,8,3,2,6.0,120.0
R Ashwin,2013.0,5,35,49,4,0,0,0,11,4,1,8.75,71.43
R Ashwin,2014.0,5,45,45,4,0,0,0,14,2,3,22.5,100.0
R Ashwin,2015.0,6,52,32,6,1,0,0,23,3,3,17.33,162.5
R Ashwin,2016.0,6,41,38,3,1,0,0,29,2,4,20.5,107.89
R Ashwin,2018.0,8,102,71,7,5,0,0,45,8,0,12.75,143.66
R Ashwin,2019.0,6,42,28,3,3,0,0,17,5,1,8.4,150.0
R Ashwin,2020.0,5,37,34,3,1,0,0,14,3,2,12.33,108.82
R Ashwin,2021.0,5,44,42,2,1,0,0,20,3,2,14.67,104.76
R Ashwin,2022.0,12,191,135,14,9,1,0,50,7,5,27.29,141.48
R Ashwin,2023.0,9,67,51,5,3,0,0,30,5,4,13.4,131.37
R Ashwin,2024.0,8,86,74,5,4,0,0,29,6,2,14.33,116.22
R Ashwin,2025.0,4,33,30,3,1,0,0,13,4,0,8.25,110.0
R Bhatia,2008.0,3,34,28,2,2,0,0,17,2,1,17.0,121.43
R Bhatia,2009.0,5,8,18,1,0,0,0,4,5,0,1.6,44.44
R Bhatia,2010.0,3,24,17,1,2,0,0,21,3,0,8.0,141.18
R Bhatia,2011.0,6,25,22,3,0,0,0,11,2,4,12.5,113.64
R Bhatia,2012.0,6,35,28,4,0,0,0,12,3,3,11.67,125.0
R Bhatia,2013.0,10,99,80,8,3,0,0,26,6,4,16.5,123.75
R Bhatia,2014.0,7,67,53,4,3,0,0,23,5,2,13.4,126.42
R Bhatia,2015.0,1,0,1,0,0,0,0,0,1,0,0.0,0.0
R Bhatia,2016.0,5,34,20,1,2,0,0,21,1,4,34.0,170.0
R Bhatia,2017.0,1,16,17,0,1,0,0,16,1,0,16.0,94.12
R Bishnoi,2009.0,3,19,17,1,2,0,0,18,3,0,6.33,111.76
R Dhawan,2013.0,4,21,21,3,0,0,0,14,3,1,7.0,100.0
R Dhawan,2014.0,6,82,75,8,1,0,0,23,2,4,41.0,109.33
R Dhawan,2015.0,4,36,33,2,2,0,0,25,2,2,18.0,109.09
R Dhawan,2016.0,2,14,6,0,1,0,0,11,0,2,14.0,233.33
R Dhawan,2022.0,4,37,40,4,2,0,0,21,2,2,18.5,92.5
R Dhawan,2023.0,2,20,12,1,1,0,0,19,1,1,20.0,166.67
R Dravid,2008.0,14,371,298,35,11,2,0,75,13,1,28.54,124.5
R Dravid,2009.0,12,271,234,28,3,1,0,66,11,1,24.64,115.81
R Dravid,2010.0,11,256,199,34,3,1,0,52,9,2,28.44,128.64
R Dravid,2011.0,12,343,314,45,2,1,0,66,11,1,31.18,109.24
R Dravid,2012.0,16,462,412,63,4,2,0,58,15,1,30.8,112.14
R Dravid,2013.0,17,471,425,64,5,4,0,65,16,1,29.44,110.82
R McLaren,2010.0,7,66,69,7,0,0,0,40,3,4,22.0,95.65
R McLaren,2011.0,4,90,96,7,1,1,0,51,3,1,30.0,93.75
R McLaren,2013.0,2,3,6,0,0,0,0,2,2,0,1.5,50.0
R Minz,2025.0,2,6,15,0,0,0,0,3,2,0,3.0,40.0
R Minz,2026.0,2,6,4,1,0,0,0,5,1,1,6.0,150.0
R Ninan,2011.0,1,3,6,0,0,0,0,3,1,0,3.0,50.0
R Parag,2019.0,5,160,126,17,5,1,0,50,4,1,40.0,126.98
R Parag,2020.0,8,86,77,6,3,0,0,42,6,2,14.33,111.69
R Parag,2021.0,10,93,83,6,4,0,0,25,8,2,11.62,112.05
R Parag,2022.0,14,183,132,11,10,1,0,56,10,4,18.3,138.64
R Parag,2023.0,7,78,66,4,5,0,0,20,6,1,13.0,118.18
R Parag,2024.0,14,573,384,40,33,4,0,84,11,3,52.09,149.22
R Parag,2025.0,14,397,238,28,27,1,0,95,12,2,33.08,166.81
R Parag,2026.0,14,309,196,24,21,2,0,90,13,1,23.77,157.65
R Powell,2022.0,12,250,167,10,22,1,0,67,10,2,25.0,149.7
R Powell,2023.0,3,7,9,1,0,0,0,4,3,0,2.33,77.78
R Powell,2024.0,7,103,68,10,6,0,0,27,6,1,17.17,151.47
R Powell,2025.0,1,5,5,1,0,0,0,5,1,0,5.0,100.0
R Powell,2026.0,7,190,141,16,10,0,0,40,4,3,47.5,134.75
R Rampaul,2013.0,6,38,37,3,1,0,0,23,4,2,9.5,102.7
R Rampaul,2014.0,1,13,13,0,1,0,0,13,1,0,13.0,100.0
R Ravindra,2024.0,10,222,138,22,12,1,0,61,9,1,24.67,160.87
R Ravindra,2025.0,8,191,149,18,4,1,0,65,7,1,27.29,128.19
R Sai Kishore,2024.0,1,13,6,0,2,0,0,13,1,0,13.0,216.67
R Sai Kishore,2025.0,3,5,10,0,0,0,0,3,2,1,2.5,50.0
R Sanjay Yadav,2022.0,1,0,2,0,0,0,0,0,1,0,0.0,0.0
R Sathish,2010.0,10,112,96,11,0,0,0,24,6,4,18.67,116.67
R Sathish,2011.0,3,25,34,1,0,0,0,18,2,1,12.5,73.53
R Sathish,2013.0,8,109,77,9,5,0,0,27,5,3,21.8,141.56
R Sathish,2016.0,3,24,24,1,1,0,0,10,3,0,8.0,100.0
R Sharma,2010.0,4,29,26,3,1,0,0,14,3,1,9.67,111.54
R Sharma,2011.0,5,24,21,1,2,0,0,13,2,3,12.0,114.29
R Sharma,2012.0,4,2,11,0,0,0,0,2,3,1,0.67,18.18
R Sharma,2013.0,6,11,17,1,0,0,0,10,3,3,3.67,64.71
R Shepherd,2022.0,3,58,41,2,5,0,0,26,2,1,29.0,141.46
R Shepherd,2023.0,1,0,1,0,0,0,0,0,1,0,0.0,0.0
R Shepherd,2024.0,5,57,21,5,5,0,0,39,2,3,28.5,271.43
R Shepherd,2025.0,3,70,24,5,7,1,0,53,2,1,35.0,291.67
R Shepherd,2026.0,7,83,66,6,5,0,0,23,4,3,20.75,125.76
R Shukla,2013.0,1,1,2,0,0,0,0,1,0,1,1.0,50.0
R Shukla,2014.0,3,18,21,2,0,0,0,14,1,2,18.0,85.71
R Smaran,2026.0,4,19,25,3,0,0,0,9,3,1,6.33,76.0
R Tewatia,2014.0,1,16,13,0,1,0,0,16,1,0,16.0,123.08
R Tewatia,2017.0,2,19,11,4,0,0,0,15,1,1,19.0,172.73
R Tewatia,2018.0,5,50,43,5,1,0,0,24,3,2,16.67,116.28
R Tewatia,2019.0,4,26,22,2,1,0,0,11,1,3,26.0,118.18
R Tewatia,2020.0,11,255,183,13,17,1,0,53,6,5,42.5,139.34
R Tewatia,2021.0,11,155,147,11,6,0,0,44,10,1,15.5,105.44
R Tewatia,2022.0,12,217,147,22,9,0,0,43,7,5,31.0,147.62
R Tewatia,2023.0,10,87,57,3,7,0,0,20,4,6,21.75,152.63
R Tewatia,2024.0,9,188,129,24,5,0,0,36,7,2,26.86,145.74
R Tewatia,2025.0,11,99,59,6,7,0,0,24,6,5,16.5,167.8
R Tewatia,2026.0,15,190,132,20,8,1,0,68,7,8,27.14,143.94
R Vinay Kumar,2008.0,4,25,22,2,1,0,0,23,3,1,8.33,113.64
R Vinay Kumar,2009.0,7,47,44,4,1,0,0,12,4,3,11.75,106.82
R Vinay Kumar,2010.0,5,27,32,1,0,0,0,10,3,2,9.0,84.38
R Vinay Kumar,2011.0,7,50,47,4,1,0,0,18,5,2,10.0,106.38
R Vinay Kumar,2012.0,7,68,62,3,2,0,0,25,5,2,13.6,109.68
R Vinay Kumar,2013.0,5,70,44,6,3,0,0,26,1,4,70.0,159.09
R Vinay Kumar,2014.0,2,4,6,0,0,0,0,4,2,0,2.0,66.67
R Vinay Kumar,2015.0,2,0,2,0,0,0,0,0,1,1,0.0,0.0
R Vinay Kumar,2016.0,2,13,12,0,1,0,0,12,1,1,13.0,108.33
R Vinay Kumar,2018.0,1,6,3,1,0,0,0,6,0,1,6.0,200.0
RA Bawa,2022.0,2,11,14,1,0,0,0,11,2,0,5.5,78.57
RA Bawa,2025.0,1,8,4,0,0,0,0,8,0,1,8.0,200.0
RA Bawa,2026.0,1,16,14,1,0,0,0,16,1,0,16.0,114.29
RA Jadeja,2008.0,9,135,103,11,6,0,0,36,7,2,19.29,131.07
RA Jadeja,2009.0,13,295,266,21,6,0,0,42,11,2,26.82,110.9
RA Jadeja,2011.0,12,283,228,20,14,0,0,47,9,3,31.44,124.12
RA Jadeja,2012.0,14,191,151,13,9,0,0,48,12,2,15.92,126.49
RA Jadeja,2013.0,14,201,135,17,6,0,0,38,8,6,25.12,148.89
RA Jadeja,2014.0,10,146,110,9,5,0,0,36,5,5,29.2,132.73
RA Jadeja,2015.0,11,132,126,7,3,0,0,24,7,4,18.86,104.76
RA Jadeja,2016.0,15,191,177,14,4,0,0,36,8,7,23.88,107.91
RA Jadeja,2017.0,10,158,113,13,4,0,0,28,4,6,39.5,139.82
RA Jadeja,2018.0,8,89,74,3,4,0,0,27,5,3,17.8,120.27
RA Jadeja,2019.0,9,106,88,7,4,0,0,31,2,7,53.0,120.45
RA Jadeja,2020.0,11,232,135,22,11,1,0,50,5,6,46.4,171.85
RA Jadeja,2021.0,11,227,156,19,9,1,0,62,3,8,75.67,145.51
RA Jadeja,2022.0,10,116,98,6,5,0,0,26,6,4,19.33,118.37
RA Jadeja,2023.0,12,190,133,11,9,0,0,25,8,4,23.75,142.86
RA Jadeja,2024.0,11,267,187,22,8,1,0,57,6,5,44.5,142.78
RA Jadeja,2025.0,14,301,222,25,10,2,0,77,9,5,33.44,135.59
RA Jadeja,2026.0,11,266,197,24,5,0,0,45,4,7,66.5,135.03
RA Tripathi,2017.0,14,391,267,43,17,2,0,93,12,2,32.58,146.44
RA Tripathi,2018.0,12,226,167,18,8,1,0,80,9,3,25.11,135.33
RA Tripathi,2019.0,7,141,118,13,2,1,0,50,6,1,23.5,119.49
RA Tripathi,2020.0,11,230,181,21,10,1,0,81,10,1,23.0,127.07
RA Tripathi,2021.0,16,397,283,41,11,2,0,74,14,2,28.36,140.28
RA Tripathi,2022.0,14,413,261,40,20,3,0,76,12,2,34.42,158.24
RA Tripathi,2023.0,13,273,213,29,10,1,0,74,12,1,22.75,128.17
RA Tripathi,2024.0,6,165,115,18,6,1,0,55,5,1,33.0,143.48
RA Tripathi,2025.0,5,55,57,6,1,0,0,23,5,0,11.0,96.49
RD Chahar,2017.0,1,3,2,0,0,0,0,3,0,1,3.0,150.0
RD Chahar,2019.0,4,12,11,2,0,0,0,10,2,2,6.0,109.09
RD Chahar,2020.0,1,2,4,0,0,0,0,2,0,1,2.0,50.0
RD Chahar,2021.0,4,14,15,1,0,0,0,8,4,0,3.5,93.33
RD Chahar,2022.0,8,77,68,7,4,0,0,25,6,2,12.83,113.24
RD Chahar,2023.0,2,0,9,0,0,0,0,0,2,0,0.0,0.0
RD Chahar,2024.0,2,21,15,3,1,0,0,16,1,1,21.0,140.0
RD Gaikwad,2020.0,6,204,169,16,6,3,0,72,3,3,68.0,120.71
RD Gaikwad,2021.0,16,635,466,64,23,4,1,101,14,2,45.36,136.27
RD Gaikwad,2022.0,14,368,291,33,14,3,0,99,14,0,26.29,126.46
RD Gaikwad,2023.0,15,590,400,46,30,4,0,92,13,2,45.38,147.5
RD Gaikwad,2024.0,14,583,413,58,18,4,1,108,11,3,53.0,141.16
RD Gaikwad,2025.0,5,122,81,14,4,2,0,63,5,0,24.4,150.62
RD Gaikwad,2026.0,14,337,273,29,12,2,0,74,12,2,28.08,123.44
RD Rickelton,2025.0,14,388,257,47,17,3,0,62,13,1,29.85,150.97
RD Rickelton,2026.0,12,448,240,31,38,2,1,123,11,1,40.73,186.67
RE Levi,2012.0,6,83,73,10,4,1,0,50,6,0,13.83,113.7
RE van der Merwe,2009.0,8,122,98,8,8,0,0,35,8,0,15.25,124.49
RE van der Merwe,2010.0,1,1,2,0,0,0,0,1,1,0,1.0,50.0
RE van der Merwe,2011.0,4,14,16,1,0,0,0,8,0,4,14.0,87.5
RE van der Merwe,2013.0,2,22,25,2,0,0,0,14,2,0,11.0,88.0
RG More,2015.0,1,2,2,0,0,0,0,2,0,1,2.0,100.0
RG Sharma,2008.0,12,404,273,38,19,4,0,76,11,1,36.73,147.99
RG Sharma,2009.0,16,362,315,22,18,1,0,52,13,3,27.85,114.92
RG Sharma,2010.0,16,404,302,36,14,3,0,73,14,2,28.86,133.77
RG Sharma,2011.0,13,372,297,32,13,3,0,87,10,3,37.2,125.25
RG Sharma,2012.0,16,433,342,39,18,3,1,109,14,2,30.93,126.61
RG Sharma,2013.0,19,538,409,35,28,4,0,79,14,5,38.43,131.54
RG Sharma,2014.0,15,390,302,31,16,3,0,59,13,2,30.0,129.14
RG Sharma,2015.0,16,482,333,41,21,3,0,98,14,2,34.43,144.74
RG Sharma,2016.0,14,489,368,49,17,5,0,85,11,3,44.45,132.88
RG Sharma,2017.0,16,333,273,31,9,3,0,67,14,2,23.79,121.98
RG Sharma,2018.0,14,286,215,25,12,2,0,94,12,2,23.83,133.02
RG Sharma,2019.0,15,405,315,52,10,2,0,67,14,1,28.93,128.57
RG Sharma,2020.0,12,334,263,27,19,3,0,80,12,0,27.83,127.0
RG Sharma,2021.0,13,381,299,33,14,1,0,63,12,1,31.75,127.42
RG Sharma,2022.0,14,268,223,28,13,0,0,48,14,0,19.14,120.18
RG Sharma,2023.0,16,332,250,35,17,2,0,65,16,0,20.75,132.8
RG Sharma,2024.0,14,417,278,45,23,1,1,105,13,1,32.08,150.0
RG Sharma,2025.0,15,418,280,41,22,4,0,81,14,1,29.86,149.29
RG Sharma,2026.0,9,283,180,21,21,2,0,84,9,0,31.44,157.22
RJ Gleeson,2024.0,1,2,2,0,0,0,0,2,0,1,2.0,100.0
RJ Harris,2009.0,5,21,18,0,0,0,0,9,1,4,21.0,116.67
RJ Harris,2010.0,5,45,39,2,2,0,0,15,4,1,11.25,115.38
RJ Harris,2011.0,7,31,39,3,0,0,0,17,5,2,6.2,79.49
RJ Harris,2012.0,2,18,11,1,1,0,0,15,1,1,18.0,163.64
RJ Harris,2013.0,2,2,5,0,0,0,0,2,1,1,2.0,40.0
RJ Peterson,2012.0,5,32,30,3,1,0,0,16,3,2,10.67,106.67
RJ Quiney,2009.0,7,103,102,12,3,1,0,51,7,0,14.71,100.98
RJW Topley,2024.0,1,3,6,0,0,0,0,3,0,1,3.0,50.0
RK Bhui,2018.0,1,0,5,0,0,0,0,0,1,0,0.0,0.0
RK Bhui,2019.0,1,7,12,0,0,0,0,7,1,0,7.0,58.33
RK Bhui,2024.0,2,3,9,0,0,0,0,3,2,0,1.5,33.33
RK Singh,2018.0,4,29,31,4,0,0,0,16,4,0,7.25,93.55
RK Singh,2019.0,3,37,34,1,2,0,0,30,2,1,18.5,108.82
RK Singh,2020.0,1,11,11,1,0,0,0,11,1,0,11.0,100.0
RK Singh,2022.0,7,174,117,17,7,0,0,42,5,2,34.8,148.72
RK Singh,2023.0,14,474,317,31,29,4,0,67,8,6,59.25,149.53
RK Singh,2024.0,11,168,113,13,8,0,0,26,9,2,18.67,148.67
RK Singh,2025.0,11,206,134,20,10,0,0,38,7,4,29.43,153.73
RK Singh,2026.0,11,299,199,28,11,2,0,87,5,6,59.8,150.25
RM Patidar,2021.0,4,71,62,3,3,0,0,31,4,0,17.75,114.52
RM Patidar,2022.0,7,333,218,27,18,2,1,112,6,1,55.5,152.75
RM Patidar,2024.0,13,395,223,21,33,5,0,55,13,0,30.38,177.13
RM Patidar,2025.0,14,312,217,25,14,2,0,64,12,2,26.0,143.78
RM Patidar,2026.0,14,501,260,30,42,5,0,93,12,2,41.75,192.69
RN ten Doeschate,2011.0,3,107,73,9,5,1,0,70,2,1,53.5,146.58
RN ten Doeschate,2012.0,3,21,21,1,1,0,0,11,2,1,10.5,100.0
RN ten Doeschate,2013.0,4,85,63,9,2,0,0,42,3,1,28.33,134.92
RN ten Doeschate,2014.0,6,52,33,3,4,0,0,25,4,2,13.0,157.58
RN ten Doeschate,2015.0,5,61,45,4,3,0,0,38,3,2,20.33,135.56
RP Meredith,2022.0,1,0,1,0,0,0,0,0,0,1,0.0,0.0
RP Meredith,2023.0,1,0,2,0,0,0,0,0,0,1,0.0,0.0
RP Singh,2008.0,9,27,24,2,1,0,0,10,4,5,6.75,112.5
RP Singh,2009.0,5,8,17,0,0,0,0,4,4,1,2.0,47.06
RP Singh,2010.0,5,9,19,0,0,0,0,4,2,3,4.5,47.37
RP Singh,2011.0,4,2,4,0,0,0,0,1,2,2,1.0,50.0
RP Singh,2012.0,5,6,12,0,0,0,0,3,2,3,3.0,50.0
RR Bhatkal,2012.0,1,0,2,0,0,0,0,0,1,0,0.0,0.0
RR Pant,2016.0,10,198,152,19,6,1,0,69,7,3,28.29,130.26
RR Pant,2017.0,14,366,221,28,24,2,0,97,14,0,26.14,165.61
RR Pant,2018.0,14,684,394,68,37,5,1,128,13,1,52.62,173.6
RR Pant,2019.0,16,494,304,37,27,3,0,78,13,3,38.0,162.5
RR Pant,2020.0,14,345,303,32,9,1,0,56,10,4,34.5,113.86
RR Pant,2021.0,16,424,330,43,10,3,0,58,12,4,35.33,128.48
RR Pant,2022.0,13,340,224,35,16,0,0,44,11,2,30.91,151.79
RR Pant,2024.0,13,446,287,36,25,3,0,88,11,2,40.55,155.4
RR Pant,2025.0,13,269,202,23,16,1,1,118,11,2,24.45,133.17
RR Pant,2026.0,13,313,227,30,11,1,0,68,9,4,34.78,137.89
RR Powar,2008.0,1,28,21,4,1,0,0,28,0,1,28.0,133.33
RR Powar,2009.0,3,23,22,2,0,0,0,10,0,3,23.0,104.55
RR Powar,2010.0,2,5,8,0,0,0,0,3,1,1,5.0,62.5
RR Powar,2011.0,3,11,13,0,0,0,0,8,1,2,11.0,84.62
RR Raje,2008.0,3,8,9,1,0,0,0,6,0,3,8.0,88.89
RR Raje,2009.0,2,12,9,0,1,0,0,11,1,1,12.0,133.33
RR Rossouw,2014.0,3,39,41,2,2,0,0,24,3,0,13.0,95.12
RR Rossouw,2015.0,2,14,10,1,1,0,0,14,2,0,7.0,140.0
RR Rossouw,2023.0,9,209,141,17,11,1,0,82,7,2,29.86,148.23
RR Rossouw,2024.0,8,211,116,25,11,1,0,61,8,0,26.38,181.9
RR Sarwan,2008.0,4,73,75,6,1,0,0,31,3,1,24.33,97.33
RS Bopara,2009.0,5,138,119,8,7,1,0,84,5,0,27.6,115.97
RS Bopara,2010.0,9,248,214,25,3,2,0,77,7,2,35.43,115.89
RS Bopara,2015.0,8,145,120,6,6,0,0,41,5,3,29.0,120.83
RS Gavaskar,2010.0,1,2,8,0,0,0,0,2,1,0,2.0,25.0
RS Sodhi,2010.0,1,4,2,1,0,0,0,4,0,1,4.0,200.0
RT Ponting,2008.0,4,39,53,2,1,0,0,20,3,1,13.0,73.58
RT Ponting,2013.0,5,52,75,3,1,0,0,28,5,0,10.4,69.33
RV Gomez,2011.0,8,46,50,4,1,0,0,26,5,3,9.2,92.0
RV Gomez,2013.0,1,4,1,1,0,0,0,4,0,1,4.0,400.0
RV Patel,2021.0,2,25,27,3,0,0,0,18,1,1,25.0,92.59
RV Patel,2022.0,1,6,3,0,1,0,0,6,1,0,6.0,200.0
RV Patel,2023.0,4,49,43,3,1,0,0,23,2,2,24.5,113.95
RV Uthappa,2008.0,14,320,279,34,9,0,0,48,9,5,35.56,114.7
RV Uthappa,2009.0,13,175,170,18,3,1,0,66,11,2,15.91,102.94
RV Uthappa,2010.0,14,374,218,21,27,3,0,68,12,2,31.17,171.56
RV Uthappa,2011.0,13,264,209,27,10,0,0,45,10,3,26.4,126.32
RV Uthappa,2012.0,16,405,343,38,10,2,0,69,14,2,28.93,118.08
RV Uthappa,2013.0,16,434,371,42,12,2,0,75,15,1,28.93,116.98
RV Uthappa,2014.0,16,660,479,74,18,5,0,83,15,1,44.0,137.79
RV Uthappa,2015.0,13,364,277,42,7,1,0,80,12,1,30.33,131.41
RV Uthappa,2016.0,15,394,289,45,8,3,0,72,14,1,28.14,136.33
RV Uthappa,2017.0,13,388,235,36,21,5,0,87,12,1,32.33,165.11
RV Uthappa,2018.0,16,351,265,30,21,1,0,54,16,0,21.94,132.45
RV Uthappa,2019.0,11,284,247,28,10,1,0,67,9,2,31.56,114.98
RV Uthappa,2020.0,12,196,164,19,7,0,0,41,11,1,17.82,119.51
RV Uthappa,2021.0,4,115,84,8,5,1,0,63,4,0,28.75,136.9
RV Uthappa,2022.0,11,230,171,19,14,2,0,88,11,0,20.91,134.5
Rahmanullah Gurbaz,2023.0,11,227,170,17,15,2,0,81,11,0,20.64,133.53
Rahmanullah Gurbaz,2024.0,2,62,46,7,4,0,0,39,2,0,31.0,134.78
Rahmanullah Gurbaz,2025.0,5,74,53,10,3,0,0,35,4,1,18.5,139.62
Ramandeep Singh,2022.0,4,45,40,3,1,0,0,14,2,2,22.5,112.5
Ramandeep Singh,2024.0,9,125,62,5,12,0,0,35,4,5,31.25,201.61
Ramandeep Singh,2025.0,7,47,35,1,4,0,0,22,5,2,9.4,134.29
Ramandeep Singh,2026.0,6,82,68,8,2,0,0,35,5,1,16.4,120.59
Rashid Khan,2017.0,3,11,9,0,1,0,0,6,2,1,5.5,122.22
Rashid Khan,2018.0,7,59,31,3,6,0,0,34,5,2,11.8,190.32
Rashid Khan,2019.0,7,34,23,2,2,0,0,17,5,2,6.8,147.83
Rashid Khan,2020.0,6,35,30,3,2,0,0,14,4,2,8.75,116.67
Rashid Khan,2021.0,10,83,69,9,2,0,0,22,8,2,10.38,120.29
Rashid Khan,2022.0,8,91,44,3,9,0,0,40,4,4,22.75,206.82
Rashid Khan,2023.0,9,130,60,8,13,1,0,79,4,5,32.5,216.67
Rashid Khan,2024.0,8,102,71,11,3,0,0,31,5,3,20.4,143.66
Rashid Khan,2025.0,8,40,28,2,3,0,0,12,5,3,8.0,142.86
Rashid Khan,2026.0,6,50,41,4,2,0,0,24,4,2,12.5,121.95
Rasikh Salam,2019.0,1,5,4,0,0,0,0,5,0,1,5.0,125.0
Rasikh Salam,2022.0,1,7,6,1,0,0,0,7,1,0,7.0,116.67
Rasikh Salam,2024.0,4,28,30,4,0,0,0,10,4,0,7.0,93.33
Rasikh Salam,2026.0,1,3,2,0,0,0,0,3,0,1,3.0,150.0
Ravi Bishnoi,2020.0,2,7,12,1,0,0,0,6,1,1,7.0,58.33
Ravi Bishnoi,2021.0,1,1,4,0,0,0,0,1,1,0,1.0,25.0
Ravi Bishnoi,2022.0,1,0,1,0,0,0,0,0,0,1,0.0,0.0
Ravi Bishnoi,2023.0,7,20,27,1,0,0,0,5,3,4,6.67,74.07
Ravi Bishnoi,2024.0,3,4,6,0,0,0,0,2,2,1,2.0,66.67
Ravi Bishnoi,2025.0,2,13,16,0,2,0,0,13,2,0,6.5,81.25
Ravi Bishnoi,2026.0,2,0,3,0,0,0,0,0,2,0,0.0,0.0
Ravi Singh,2026.0,1,4,2,1,0,0,0,4,1,0,4.0,200.0
S Anirudha,2008.0,1,1,7,0,0,0,0,1,1,0,1.0,14.29
S Anirudha,2010.0,2,30,18,2,2,0,0,24,1,1,30.0,166.67
S Anirudha,2011.0,5,83,74,6,3,1,0,64,4,1,20.75,112.16
S Anirudha,2012.0,2,19,7,1,2,0,0,18,0,2,19.0,271.43
S Anirudha,2013.0,1,0,2,0,0,0,0,0,1,0,0.0,0.0
S Anirudha,2014.0,1,3,5,0,0,0,0,3,1,0,3.0,60.0
S Aravind,2011.0,2,13,8,2,0,0,0,11,0,2,13.0,162.5
S Aravind,2012.0,1,14,8,3,0,0,0,14,0,1,14.0,175.0
S Aravind,2015.0,1,0,1,0,0,0,0,0,0,1,0.0,0.0
S Aravind,2017.0,6,32,40,2,0,0,0,9,3,3,10.67,80.0
S Arora,2026.0,10,121,77,9,9,0,0,30,6,4,20.17,157.14
S Badree,2017.0,5,13,23,0,0,0,0,8,5,0,2.6,56.52
S Badrinath,2008.0,11,192,130,21,8,2,0,64,6,5,32.0,147.69
S Badrinath,2009.0,11,177,164,20,4,1,0,59,9,2,19.67,107.93
S Badrinath,2010.0,15,356,303,41,5,2,0,55,11,4,32.36,117.49
S Badrinath,2011.0,12,396,313,38,9,5,0,71,6,6,66.0,126.52
S Badrinath,2012.0,9,196,181,23,2,1,0,57,7,2,28.0,108.29
S Badrinath,2013.0,7,124,121,11,0,0,0,34,7,0,17.71,102.48
S Chanderpaul,2008.0,3,25,31,4,0,0,0,16,3,0,8.33,80.65
S Dhawan,2008.0,14,340,295,35,8,4,0,68,9,5,37.78,115.25
S Dhawan,2009.0,4,40,45,3,0,0,0,22,4,0,10.0,88.89
S Dhawan,2010.0,10,191,170,23,3,2,0,56,10,0,19.1,112.35
S Dhawan,2011.0,14,400,310,47,7,2,0,95,11,3,36.36,129.03
S Dhawan,2012.0,15,569,439,58,18,5,0,84,12,3,47.42,129.61
S Dhawan,2013.0,10,311,253,37,5,3,0,73,7,3,44.43,122.92
S Dhawan,2014.0,14,377,319,49,7,2,0,64,12,2,31.42,118.18
S Dhawan,2015.0,14,353,286,45,6,3,0,54,13,1,27.15,123.43
S Dhawan,2016.0,17,501,429,51,8,4,0,82,12,5,41.75,116.78
S Dhawan,2017.0,14,479,376,53,9,3,0,77,13,1,36.85,127.39
S Dhawan,2018.0,16,497,363,59,14,4,0,92,14,2,35.5,136.91
S Dhawan,2019.0,16,521,384,64,11,5,0,97,15,1,34.73,135.68
S Dhawan,2020.0,17,618,427,67,13,4,2,106,14,3,44.14,144.73
S Dhawan,2021.0,16,587,473,63,16,3,0,92,15,1,39.13,124.1
S Dhawan,2022.0,14,460,375,47,12,3,0,88,12,2,38.33,122.67
S Dhawan,2023.0,11,373,261,49,12,3,0,99,9,2,41.44,142.91
S Dhawan,2024.0,5,152,121,18,4,1,0,70,5,0,30.4,125.62
S Dube,2019.0,4,40,33,1,3,0,0,24,3,1,13.33,121.21
S Dube,2020.0,9,129,105,5,9,0,0,27,7,2,18.43,122.86
S Dube,2021.0,9,230,193,18,10,1,0,64,8,1,28.75,119.17
S Dube,2022.0,11,289,185,22,16,2,0,95,9,2,32.11,156.22
S Dube,2023.0,14,418,264,12,35,3,0,52,11,3,38.0,158.33
S Dube,2024.0,14,396,244,28,28,3,0,66,11,3,36.0,162.3
S Dube,2025.0,14,357,270,22,21,1,0,50,11,3,32.45,132.22
S Dube,2026.0,12,270,170,24,15,0,0,47,7,5,38.57,158.82
S Gopal,2014.0,1,11,10,1,0,0,0,11,0,1,11.0,110.0
S Gopal,2015.0,1,1,1,0,0,0,0,1,0,1,1.0,100.0
S Gopal,2016.0,1,2,16,0,0,0,0,2,1,0,2.0,12.5
S Gopal,2018.0,4,50,45,5,0,0,0,24,2,2,25.0,111.11
S Gopal,2019.0,7,63,46,8,1,0,0,19,4,3,15.75,136.96
S Gopal,2020.0,5,37,39,3,0,0,0,23,4,1,9.25,94.87
S Gopal,2021.0,2,7,5,0,1,0,0,7,1,1,7.0,140.0
S Gopal,2022.0,1,9,7,2,0,0,0,9,0,1,9.0,128.57
S Kaul,2013.0,1,7,9,0,0,0,0,7,0,1,7.0,77.78
S Kaul,2014.0,1,2,2,0,0,0,0,2,0,1,2.0,100.0
S Kaul,2017.0,1,0,2,0,0,0,0,0,0,1,0.0,0.0
S Kaul,2018.0,3,3,14,0,0,0,0,2,2,1,1.5,21.43
S Kaul,2019.0,1,0,1,0,0,0,0,0,1,0,0.0,0.0
S Kaul,2021.0,2,8,8,1,0,0,0,7,0,2,8.0,100.0
S Kaushik,2016.0,1,0,1,0,0,0,0,0,1,0,0.0,0.0
S Ladda,2010.0,2,0,9,0,0,0,0,0,1,1,0.0,0.0
S Lamichhane,2019.0,1,0,1,0,0,0,0,0,1,0,0.0,0.0
S Nadeem,2011.0,1,0,1,0,0,0,0,0,1,0,0.0,0.0
S Nadeem,2012.0,1,0,2,0,0,0,0,0,0,1,0.0,0.0
S Nadeem,2013.0,6,14,27,1,0,0,0,6,5,1,2.8,51.85
S Nadeem,2014.0,3,7,19,0,0,0,0,3,2,1,3.5,36.84
S Nadeem,2015.0,1,2,7,0,0,0,0,2,1,0,2.0,28.57
S Nadeem,2016.0,1,1,5,0,0,0,0,1,0,1,1.0,20.0
S Nadeem,2017.0,3,2,9,0,0,0,0,2,3,0,0.67,22.22
S Nadeem,2018.0,1,6,8,0,0,0,0,6,0,1,6.0,75.0
S Nadeem,2020.0,2,7,8,1,0,0,0,5,1,1,7.0,87.5
S Nadeem,2021.0,1,0,1,0,0,0,0,0,1,0,0.0,0.0
S Narwal,2010.0,3,14,12,2,0,0,0,12,2,1,7.0,116.67
S Narwal,2013.0,1,23,15,4,0,0,0,23,1,0,23.0,153.33
S Rana,2011.0,1,18,16,2,0,0,0,18,1,0,18.0,112.5
S Rana,2014.0,7,73,65,7,1,0,0,19,3,4,24.33,112.31
S Randiv,2011.0,1,2,4,0,0,0,0,2,1,0,2.0,50.0
S Sohal,2008.0,2,4,8,0,0,0,0,4,2,0,2.0,50.0
S Sohal,2009.0,8,115,93,9,8,0,0,43,7,1,16.43,123.66
S Sohal,2011.0,10,249,191,25,10,2,0,62,9,1,27.67,130.37
S Sreesanth,2008.0,2,0,3,0,0,0,0,0,1,1,0.0,0.0
S Sreesanth,2009.0,2,5,18,1,0,0,0,4,0,2,5.0,27.78
S Sreesanth,2010.0,3,27,21,5,0,0,0,15,0,3,27.0,128.57
S Sreesanth,2011.0,3,1,9,0,0,0,0,1,1,2,1.0,11.11
S Sreesanth,2013.0,2,1,4,0,0,0,0,1,1,1,1.0,25.0
S Sriram,2010.0,1,27,29,3,0,0,0,27,1,0,27.0,93.1
S Sriram,2011.0,1,4,7,0,0,0,0,4,1,0,4.0,57.14
S Tyagi,2010.0,1,3,4,0,0,0,0,3,0,1,3.0,75.0
S Vidyut,2008.0,8,145,109,21,3,1,0,54,8,0,18.12,133.03
SA Abbott,2015.0,2,15,13,1,1,0,0,14,1,1,15.0,115.38
SA Abbott,2022.0,1,7,5,0,1,0,0,7,1,0,7.0,140.0
SA Asnodkar,2008.0,9,311,233,43,6,2,0,60,8,1,38.88,133.48
SA Asnodkar,2009.0,8,98,93,11,4,0,0,44,8,0,12.25,105.38
SA Asnodkar,2010.0,1,5,4,1,0,0,0,5,1,0,5.0,125.0
SA Asnodkar,2011.0,1,9,9,1,0,0,0,9,1,0,9.0,100.0
SA Yadav,2012.0,1,0,4,0,0,0,0,0,1,0,0.0,0.0
SA Yadav,2014.0,10,164,118,16,5,0,0,34,5,5,32.8,138.98
SA Yadav,2015.0,13,157,113,12,8,0,0,46,9,4,17.44,138.94
SA Yadav,2016.0,11,182,143,18,5,1,0,60,7,4,26.0,127.27
SA Yadav,2017.0,7,105,88,8,3,0,0,31,5,2,21.0,119.32
SA Yadav,2018.0,14,512,384,61,16,4,0,72,14,0,36.57,133.33
SA Yadav,2019.0,15,424,324,45,10,2,0,71,13,2,32.62,130.86
SA Yadav,2020.0,15,480,331,61,11,4,0,79,9,6,53.33,145.02
SA Yadav,2021.0,14,317,221,40,10,2,0,82,14,0,22.64,143.44
SA Yadav,2022.0,8,303,208,23,16,3,0,68,7,1,43.29,145.67
SA Yadav,2023.0,16,605,334,65,28,5,1,103,14,2,43.21,181.14
SA Yadav,2024.0,11,345,206,36,18,3,1,102,10,1,34.5,167.48
SA Yadav,2025.0,16,717,427,69,38,5,0,73,11,5,65.18,167.92
SA Yadav,2026.0,13,270,183,28,10,2,0,60,13,0,20.77,147.54
SB Bangar,2008.0,6,47,49,1,3,0,0,17,5,1,9.4,95.92
SB Bangar,2009.0,1,2,9,0,0,0,0,2,1,0,2.0,22.22
SB Dubey,2024.0,3,33,19,3,2,0,0,25,2,1,16.5,173.68
SB Dubey,2025.0,8,106,66,6,8,0,0,34,4,4,26.5,160.61
SB Dubey,2026.0,6,81,58,8,3,0,0,31,4,2,20.25,139.66
SB Jakati,2009.0,2,20,15,3,0,0,0,13,1,1,20.0,133.33
SB Jakati,2012.0,2,7,12,0,0,0,0,6,0,2,7.0,58.33
SB Jakati,2016.0,1,1,2,0,0,0,0,1,0,1,1.0,50.0
SB Joshi,2008.0,2,6,14,0,0,0,0,3,2,0,3.0,42.86
SB Styris,2008.0,8,112,123,9,2,0,0,36,6,2,18.67,91.06
SB Styris,2009.0,1,14,8,0,1,0,0,14,1,0,14.0,175.0
SB Styris,2011.0,1,5,2,1,0,0,0,5,0,1,5.0,250.0
SB Wagh,2011.0,2,2,3,0,0,0,0,2,2,0,1.0,66.67
SC Ganguly,2008.0,13,349,307,33,15,3,0,91,12,1,29.08,113.68
SC Ganguly,2009.0,11,189,207,13,6,0,0,46,11,0,17.18,91.3
SC Ganguly,2010.0,14,493,419,58,15,4,0,88,13,1,37.92,117.66
SC Ganguly,2011.0,3,50,59,3,2,0,0,32,2,1,25.0,84.75
SC Ganguly,2012.0,15,268,271,30,4,0,0,45,14,1,19.14,98.89
SD Chitnis,2008.0,2,18,10,1,1,0,0,15,2,0,9.0,180.0
SD Chitnis,2009.0,1,6,8,1,0,0,0,6,1,0,6.0,75.0
SD Chitnis,2011.0,1,9,9,1,0,0,0,9,1,0,9.0,100.0
SD Chitnis,2012.0,4,66,62,7,1,0,0,38,3,1,22.0,106.45
SD Hope,2024.0,9,183,122,12,12,0,0,41,7,2,26.14,150.0
SD Lad,2019.0,1,15,13,1,1,0,0,15,1,0,15.0,115.38
SE Bond,2010.0,1,1,2,0,0,0,0,1,1,0,1.0,50.0
SE Marsh,2008.0,11,616,441,59,26,5,1,115,9,2,68.44,139.68
SE Marsh,2010.0,4,147,114,14,6,2,0,88,3,1,49.0,128.95
SE Marsh,2011.0,13,504,344,52,20,4,0,95,12,1,42.0,146.51
SE Marsh,2012.0,13,336,280,39,7,2,0,68,10,3,33.6,120.0
SE Marsh,2013.0,8,300,249,39,4,3,0,77,8,0,37.5,120.48
SE Marsh,2014.0,2,70,52,7,3,0,0,40,2,0,35.0,134.62
SE Marsh,2015.0,4,93,63,10,3,1,0,77,4,0,23.25,147.62
SE Marsh,2016.0,6,159,134,13,4,1,0,56,5,1,31.8,118.66
SE Marsh,2017.0,8,264,194,36,5,2,0,84,8,0,33.0,136.08
SE Rutherford,2019.0,7,73,54,2,7,0,0,28,5,2,14.6,135.19
SE Rutherford,2022.0,2,33,50,1,1,0,0,28,2,0,16.5,66.0
SE Rutherford,2025.0,11,291,185,22,18,0,0,46,9,2,32.33,157.3
SE Rutherford,2026.0,7,123,75,5,12,1,0,71,5,2,24.6,164.0
SH Johnson,2024.0,3,6,7,1,0,0,0,5,0,3,6.0,85.71
SH Johnson,2025.0,2,2,4,0,0,0,0,1,0,2,2.0,50.0
SH Johnson,2026.0,1,0,1,0,0,0,0,0,1,0,0.0,0.0
SJ Srivastava,2010.0,2,1,2,0,0,0,0,1,1,1,1.0,50.0
SJ Srivastava,2011.0,2,4,3,0,0,0,0,3,0,2,4.0,133.33
SK Raina,2008.0,14,421,295,35,18,3,0,55,9,5,46.78,142.71
SK Raina,2009.0,14,434,308,37,21,2,0,98,14,0,31.0,140.91
SK Raina,2010.0,16,528,367,45,23,4,0,83,11,5,48.0,143.87
SK Raina,2011.0,16,438,325,36,17,4,0,73,14,2,31.29,134.77
SK Raina,2012.0,18,441,325,36,19,1,0,73,17,1,25.94,135.69
SK Raina,2013.0,17,548,365,50,18,4,1,100,12,5,45.67,150.14
SK Raina,2014.0,16,523,359,51,19,5,0,87,12,4,43.58,145.68
SK Raina,2015.0,17,374,305,31,16,2,0,62,14,3,26.71,122.62
SK Raina,2016.0,15,399,312,39,10,3,0,75,14,1,28.5,127.88
SK Raina,2017.0,14,442,307,42,13,3,0,84,10,4,44.2,143.97
SK Raina,2018.0,15,445,336,46,12,4,0,75,12,3,37.08,132.44
SK Raina,2019.0,17,383,314,45,9,3,0,59,16,1,23.94,121.97
SK Raina,2021.0,11,160,128,13,9,1,0,54,7,4,22.86,125.0
SK Rasheed,2025.0,5,71,63,9,2,0,0,27,5,0,14.2,112.7
SK Trivedi,2008.0,3,5,12,0,0,0,0,3,1,2,5.0,41.67
SK Trivedi,2009.0,3,9,18,0,0,0,0,6,2,1,4.5,50.0
SK Trivedi,2010.0,4,20,14,3,1,0,0,9,2,2,10.0,142.86
SK Trivedi,2011.0,1,0,2,0,0,0,0,0,1,0,0.0,0.0
SK Trivedi,2012.0,1,5,6,0,0,0,0,5,0,1,5.0,83.33
SK Trivedi,2013.0,2,3,7,0,0,0,0,3,1,1,3.0,42.86
SK Warne,2008.0,7,70,59,7,2,0,0,22,5,2,14.0,118.64
SK Warne,2009.0,10,108,116,6,4,0,0,34,7,3,15.43,93.1
SK Warne,2010.0,6,10,19,0,0,0,0,4,3,3,3.33,52.63
SK Warne,2011.0,4,10,20,1,0,0,0,5,2,2,5.0,50.0
SL Malinga,2009.0,1,0,1,0,0,0,0,0,1,0,0.0,0.0
SL Malinga,2010.0,1,1,1,0,0,0,0,1,0,1,1.0,100.0
SL Malinga,2011.0,2,8,9,0,1,0,0,7,2,0,4.0,88.89
SL Malinga,2012.0,6,55,53,4,3,0,0,17,5,1,11.0,103.77
SL Malinga,2013.0,6,9,18,1,0,0,0,7,3,3,3.0,50.0
SL Malinga,2014.0,1,2,4,0,0,0,0,2,0,1,2.0,50.0
SL Malinga,2015.0,1,6,10,1,0,0,0,6,0,1,6.0,60.0
SL Malinga,2017.0,2,7,3,0,1,0,0,7,0,2,7.0,233.33
SM Curran,2019.0,8,95,55,13,3,1,0,55,4,4,23.75,172.73
SM Curran,2020.0,11,186,141,12,12,1,0,52,8,3,23.25,131.91
SM Curran,2021.0,4,56,29,5,3,0,0,34,3,1,18.67,193.1
SM Curran,2023.0,13,276,203,20,13,1,0,55,10,3,27.6,135.96
SM Curran,2024.0,12,270,219,24,6,2,0,63,10,2,27.0,123.29
SM Curran,2025.0,5,114,84,11,4,1,0,88,5,0,22.8,135.71
SM Harwood,2009.0,2,9,14,0,0,0,0,6,0,2,9.0,64.29
SM Katich,2008.0,2,96,69,11,2,1,0,75,1,1,96.0,139.13
SM Katich,2009.0,9,145,117,15,6,1,0,50,8,1,18.12,123.93
SM Pollock,2008.0,8,147,111,12,8,0,0,33,8,0,18.38,132.43
SMSM Senanayake,2013.0,4,10,17,0,0,0,0,7,1,3,10.0,58.82
SN Khan,2015.0,7,111,71,12,2,0,0,45,4,3,27.75,156.34
SN Khan,2016.0,4,66,31,7,4,0,0,35,2,2,33.0,212.9
SN Khan,2018.0,6,51,41,7,1,0,0,22,5,1,10.2,124.39
SN Khan,2019.0,5,180,143,19,4,1,0,67,4,1,45.0,125.87
SN Khan,2020.0,3,33,29,5,0,0,0,14,2,1,16.5,113.79
SN Khan,2021.0,2,0,4,0,0,0,0,0,2,0,0.0,0.0
SN Khan,2022.0,5,91,67,9,2,0,0,36,3,2,30.33,135.82
SN Khan,2023.0,4,53,62,4,1,0,0,30,4,0,13.25,85.48
SN Khan,2026.0,7,161,95,23,6,1,0,50,7,0,23.0,169.47
SN Thakur,2015.0,1,7,6,1,0,0,0,7,0,1,7.0,116.67
SN Thakur,2017.0,3,0,3,0,0,0,0,0,3,0,0.0,0.0
SN Thakur,2018.0,1,15,5,3,0,0,0,15,0,1,15.0,300.0
SN Thakur,2019.0,2,14,7,1,1,0,0,12,1,1,14.0,200.0
SN Thakur,2020.0,2,12,21,0,0,0,0,11,1,1,12.0,57.14
SN Thakur,2021.0,4,5,5,0,0,0,0,3,1,3,5.0,100.0
SN Thakur,2022.0,10,120,87,7,7,0,0,29,8,2,15.0,137.93
SN Thakur,2023.0,9,113,70,13,4,1,0,68,8,1,14.12,161.43
SN Thakur,2024.0,3,21,17,2,1,0,0,17,1,2,21.0,123.53
SN Thakur,2025.0,5,18,12,3,0,0,0,6,3,2,6.0,150.0
SN Thakur,2026.0,3,24,30,2,0,0,0,10,2,1,12.0,80.0
SO Hetmyer,2019.0,5,90,73,4,7,1,0,75,5,0,18.0,123.29
SO Hetmyer,2020.0,11,185,125,11,12,0,0,45,8,3,23.12,148.0
SO Hetmyer,2021.0,12,242,144,19,12,1,0,53,6,6,40.33,168.06
SO Hetmyer,2022.0,15,314,204,21,21,1,0,59,7,8,44.86,153.92
SO Hetmyer,2023.0,13,299,197,12,23,1,0,56,8,5,37.38,151.78
SO Hetmyer,2024.0,9,113,69,9,7,0,0,27,5,4,22.6,163.77
SO Hetmyer,2025.0,13,245,168,18,11,1,0,52,11,2,22.27,145.83
SO Hetmyer,2026.0,7,78,69,5,3,0,0,22,6,1,13.0,113.04
SP Fleming,2008.0,10,196,165,27,3,0,0,45,9,1,21.78,118.79
SP Goswami,2008.0,3,82,85,9,1,1,0,52,3,0,27.33,96.47
SP Goswami,2009.0,2,53,60,6,0,0,0,43,2,0,26.5,88.33
SP Goswami,2010.0,1,8,10,2,0,0,0,8,1,0,8.0,80.0
SP Goswami,2011.0,4,29,29,5,0,0,0,22,3,1,9.67,100.0
SP Goswami,2012.0,6,69,67,4,1,0,0,24,5,1,13.8,102.99
SP Goswami,2018.0,3,52,40,6,1,0,0,35,3,0,17.33,130.0
SP Goswami,2020.0,2,0,4,0,0,0,0,0,2,0,0.0,0.0
SP Jackson,2017.0,3,38,31,5,0,0,0,16,2,1,19.0,122.58
SP Jackson,2022.0,5,23,26,0,1,0,0,8,4,1,5.75,88.46
SP Narine,2012.0,2,9,7,2,0,0,0,9,1,1,9.0,128.57
SP Narine,2013.0,6,21,19,0,2,0,0,13,3,3,7.0,110.53
SP Narine,2014.0,4,10,14,0,0,0,0,6,1,3,10.0,71.43
SP Narine,2015.0,1,0,1,0,0,0,0,0,0,1,0.0,0.0
SP Narine,2016.0,3,7,13,0,0,0,0,4,0,3,7.0,53.85
SP Narine,2017.0,14,224,130,34,10,1,0,54,12,2,18.67,172.31
SP Narine,2018.0,16,357,188,40,23,2,0,75,16,0,22.31,189.89
SP Narine,2019.0,8,143,86,17,9,0,0,47,7,1,20.43,166.28
SP Narine,2020.0,9,121,85,10,8,1,0,64,9,0,13.44,142.35
SP Narine,2021.0,10,62,47,3,5,0,0,26,8,2,7.75,131.91
SP Narine,2022.0,9,71,40,6,6,0,0,22,7,2,10.14,177.5
SP Narine,2023.0,10,21,25,2,1,0,0,7,7,3,3.0,84.0
SP Narine,2024.0,14,488,270,50,33,3,1,109,13,1,37.54,180.74
SP Narine,2025.0,12,246,144,25,19,0,0,44,11,1,22.36,170.83
SP Narine,2026.0,4,40,32,2,4,0,0,24,3,1,13.33,125.0
SPD Smith,2012.0,14,362,267,24,14,0,0,47,9,5,40.22,135.58
SPD Smith,2013.0,7,159,132,15,4,0,0,41,4,3,39.75,120.45
SPD Smith,2014.0,7,152,113,13,4,0,0,48,4,3,38.0,134.51
SPD Smith,2015.0,12,298,223,34,3,2,0,79,11,1,27.09,133.63
SPD Smith,2016.0,7,270,176,27,8,0,1,101,5,2,54.0,153.41
SPD Smith,2017.0,15,472,387,38,12,3,0,84,12,3,39.33,121.96
SPD Smith,2019.0,10,319,275,30,4,3,0,73,8,2,39.88,116.0
SPD Smith,2020.0,14,311,237,32,9,3,0,69,11,3,28.27,131.22
SPD Smith,2021.0,7,152,135,13,2,0,0,39,6,1,25.33,112.59
SR Dubey,2026.0,1,4,2,1,0,0,0,4,0,1,4.0,200.0
SR Tendulkar,2008.0,7,188,177,26,2,1,0,65,5,2,37.6,106.21
SR Tendulkar,2009.0,13,364,303,39,10,2,0,68,11,2,33.09,120.13
SR Tendulkar,2010.0,15,618,466,86,3,5,0,89,13,2,47.54,132.62
SR Tendulkar,2011.0,16,553,488,67,5,2,1,100,13,3,42.54,113.32
SR Tendulkar,2012.0,13,324,283,39,4,2,0,74,12,1,27.0,114.49
SR Tendulkar,2013.0,14,287,231,39,5,1,0,54,13,1,22.08,124.24
SR Watson,2008.0,15,472,311,47,19,4,0,76,9,6,52.44,151.77
SR Watson,2010.0,5,185,114,18,9,2,0,60,5,0,37.0,162.28
SR Watson,2011.0,11,330,253,31,17,1,0,89,10,1,33.0,130.43
SR Watson,2012.0,7,255,168,26,14,2,0,90,6,1,42.5,151.79
SR Watson,2013.0,16,543,380,59,22,2,1,101,14,2,38.79,142.89
SR Watson,2014.0,13,246,199,20,14,2,0,51,12,1,20.5,123.62
SR Watson,2015.0,9,347,258,37,14,1,1,104,8,1,43.38,134.5
SR Watson,2016.0,15,179,134,14,12,0,0,36,13,2,13.77,133.58
SR Watson,2017.0,7,71,78,6,1,0,0,24,6,1,11.83,91.03
SR Watson,2018.0,15,555,359,44,35,2,2,117,13,2,42.69,154.6
SR Watson,2019.0,17,398,312,42,20,3,0,96,17,0,23.41,127.56
SR Watson,2020.0,11,299,247,33,13,2,0,83,10,1,29.9,121.05
SS Cottrell,2020.0,1,0,2,0,0,0,0,0,1,0,0.0,0.0
SS Iyer,2015.0,14,439,342,41,21,4,0,83,13,1,33.77,128.36
SS Iyer,2016.0,6,30,43,2,1,0,0,19,6,0,5.0,69.77
SS Iyer,2017.0,12,338,243,36,10,2,0,96,10,2,33.8,139.09
SS Iyer,2018.0,13,411,310,29,21,4,0,93,10,3,41.1,132.58
SS Iyer,2019.0,16,467,388,42,14,3,0,67,15,1,31.13,120.36
SS Iyer,2020.0,17,519,421,40,16,3,0,88,15,2,34.6,123.28
SS Iyer,2021.0,8,175,171,7,5,0,0,47,5,3,35.0,102.34
SS Iyer,2022.0,14,401,298,41,11,3,0,85,13,1,30.85,134.56
SS Iyer,2024.0,14,351,239,34,14,2,0,58,9,5,39.0,146.86
SS Iyer,2025.0,17,604,345,43,39,6,0,97,12,5,50.33,175.07
SS Iyer,2026.0,13,498,295,39,30,5,1,101,9,4,55.33,168.81
SS Mishra,2026.0,1,1,3,0,0,0,0,1,0,1,1.0,33.33
SS Prabhudessai,2022.0,5,67,59,7,2,0,0,34,5,0,13.4,113.56
SS Prabhudessai,2023.0,4,35,29,1,2,0,0,19,3,1,11.67,120.69
SS Prabhudessai,2024.0,1,24,18,3,0,0,0,24,1,0,24.0,133.33
SS Shaikh,2009.0,1,6,7,1,0,0,0,6,0,1,6.0,85.71
SS Tiwary,2008.0,2,26,20,3,1,0,0,17,2,0,13.0,130.0
SS Tiwary,2009.0,3,13,12,0,0,0,0,6,1,2,13.0,108.33
SS Tiwary,2010.0,15,419,309,29,18,3,0,61,13,2,32.23,135.6
SS Tiwary,2011.0,13,187,188,13,5,0,0,42,8,5,23.38,99.47
SS Tiwary,2012.0,11,191,170,9,8,0,0,36,8,3,23.88,112.35
SS Tiwary,2013.0,6,109,106,4,4,1,0,52,4,2,27.25,102.83
SS Tiwary,2015.0,6,109,78,9,5,0,0,28,0,6,109.0,139.74
SS Tiwary,2016.0,7,170,141,17,4,2,0,57,6,1,28.33,120.57
SS Tiwary,2017.0,1,52,43,9,0,1,0,52,0,1,52.0,120.93
SS Tiwary,2020.0,5,103,80,8,3,0,0,42,5,0,20.6,128.75
SS Tiwary,2021.0,4,115,97,10,2,1,0,50,2,2,57.5,118.56
ST Jayasuriya,2008.0,14,514,309,57,31,2,1,114,12,2,42.83,166.34
ST Jayasuriya,2009.0,12,221,192,23,7,2,0,52,12,0,18.42,115.1
ST Jayasuriya,2010.0,4,33,31,4,1,0,0,23,4,0,8.25,106.45
STR Binny,2010.0,1,8,5,1,0,0,0,8,1,0,8.0,160.0
STR Binny,2011.0,2,37,31,2,1,0,0,30,1,1,37.0,119.35
STR Binny,2012.0,6,90,67,9,3,0,0,30,4,2,22.5,134.33
STR Binny,2013.0,16,293,199,25,12,0,0,41,8,8,36.62,147.24
STR Binny,2014.0,11,123,121,4,5,0,0,48,9,2,13.67,101.65
STR Binny,2015.0,8,74,66,7,1,0,0,20,4,4,18.5,112.12
STR Binny,2016.0,5,63,39,5,4,0,0,21,4,1,15.75,161.54
STR Binny,2017.0,7,78,76,6,3,0,0,18,5,2,15.6,102.63
STR Binny,2018.0,5,44,39,2,2,0,0,22,4,1,11.0,112.82
STR Binny,2019.0,5,70,40,5,4,0,0,33,3,2,23.33,175.0
SU Parakh,2026.0,4,46,33,5,2,0,0,24,4,0,11.5,139.39
SV Samson,2013.0,10,206,178,19,5,1,0,63,8,2,25.75,115.73
SV Samson,2014.0,13,339,273,25,17,2,0,74,13,0,26.08,124.18
SV Samson,2015.0,11,204,163,16,8,1,0,76,10,1,20.4,125.15
SV Samson,2016.0,14,291,259,20,8,1,0,60,10,4,29.1,112.36
SV Samson,2017.0,14,386,273,32,19,2,1,102,13,1,29.69,141.39
SV Samson,2018.0,15,441,320,30,19,3,0,92,14,1,31.5,137.81
SV Samson,2019.0,11,342,230,28,13,0,1,102,9,2,38.0,148.7
SV Samson,2020.0,14,375,236,21,26,3,0,85,12,2,31.25,158.9
SV Samson,2021.0,14,484,354,45,17,2,1,119,12,2,40.33,136.72
SV Samson,2022.0,17,458,312,43,26,2,0,55,16,1,28.62,146.79
SV Samson,2023.0,14,362,236,25,24,3,0,66,11,3,32.91,153.39
SV Samson,2024.0,15,531,346,48,24,5,0,86,11,4,48.27,153.47
SV Samson,2025.0,9,285,203,27,13,1,0,66,9,0,31.67,140.39
SV Samson,2026.0,14,477,288,53,24,1,2,115,11,3,43.36,165.62
SW Billings,2016.0,4,88,64,4,4,1,0,54,4,0,22.0,137.5
SW Billings,2017.0,6,138,104,19,1,1,0,55,6,0,23.0,132.69
SW Billings,2018.0,8,108,78,8,5,1,0,56,8,0,13.5,138.46
SW Billings,2019.0,1,0,4,0,0,0,0,0,1,0,0.0,0.0
SW Billings,2022.0,8,169,138,9,10,0,0,36,7,1,24.14,122.46
SW Tait,2010.0,2,12,13,0,1,0,0,11,1,1,12.0,92.31
SW Tait,2011.0,2,10,10,1,0,0,0,10,1,1,10.0,100.0
SW Tait,2013.0,1,1,3,0,0,0,0,1,1,0,1.0,33.33
SZ Mulani,2024.0,1,1,1,0,0,0,0,1,0,1,1.0,100.0
Sachin Baby,2013.0,1,3,7,0,0,0,0,3,1,0,3.0,42.86
Sachin Baby,2016.0,6,119,79,9,5,0,0,33,4,2,29.75,150.63
Sachin Baby,2017.0,3,15,15,2,0,0,0,12,3,0,5.0,100.0
Sachin Baby,2021.0,1,7,17,0,0,0,0,7,1,0,7.0,41.18
Sakib Hussain,2026.0,1,5,7,1,0,0,0,5,0,1,5.0,71.43
Salil Arora,2026.0,1,35,21,2,2,0,0,35,1,0,35.0,166.67
Salman Butt,2008.0,7,193,161,30,2,1,0,73,7,0,27.57,119.88
Sameer Rizvi,2024.0,5,51,43,4,2,0,0,21,4,1,12.75,118.6
Sameer Rizvi,2025.0,4,121,79,11,7,1,0,58,3,1,40.33,153.16
Sameer Rizvi,2026.0,9,252,171,15,17,2,0,90,7,2,36.0,147.37
Sandeep Sharma,2013.0,1,0,1,0,0,0,0,0,0,1,0.0,0.0
Sandeep Sharma,2014.0,1,2,5,0,0,0,0,2,0,1,2.0,40.0
Sandeep Sharma,2015.0,3,9,14,1,0,0,0,7,1,2,9.0,64.29
Sandeep Sharma,2016.0,4,8,9,0,0,0,0,5,0,4,8.0,88.89
Sandeep Sharma,2017.0,2,7,6,0,0,0,0,5,0,2,7.0,116.67
Sandeep Sharma,2018.0,3,0,4,0,0,0,0,0,2,1,0.0,0.0
Sandeep Sharma,2019.0,2,6,3,1,0,0,0,5,0,2,6.0,200.0
Sandeep Sharma,2020.0,5,12,15,1,0,0,0,9,2,3,6.0,80.0
Sandeep Sharma,2021.0,2,8,7,1,0,0,0,8,0,2,8.0,114.29
Sandeep Sharma,2023.0,2,2,6,0,0,0,0,2,0,2,2.0,33.33
Sandeep Sharma,2025.0,1,6,5,0,0,0,0,6,0,1,6.0,120.0
Sanvir Singh,2023.0,2,11,9,1,1,0,0,7,1,1,11.0,122.22
Sanvir Singh,2024.0,3,14,12,1,0,0,0,8,1,2,14.0,116.67
Saurav Chauhan,2024.0,3,18,15,1,1,0,0,9,3,0,6.0,120.0
Sediqullah Atal,2025.0,1,22,16,0,2,0,0,22,1,0,22.0,137.5
Shahbaz Ahmed,2020.0,1,1,1,0,0,0,0,1,0,1,1.0,100.0
Shahbaz Ahmed,2021.0,7,59,53,4,2,0,0,14,7,0,8.43,111.32
Shahbaz Ahmed,2022.0,11,219,181,14,9,0,0,45,7,4,31.29,120.99
Shahbaz Ahmed,2023.0,6,42,39,3,1,0,0,20,4,2,10.5,107.69
Shahbaz Ahmed,2024.0,12,215,166,7,13,1,0,59,9,3,23.89,129.52
Shahbaz Ahmed,2025.0,1,9,8,1,0,0,0,9,1,0,9.0,112.5
Shahbaz Ahmed,2026.0,2,58,41,4,3,0,0,43,0,2,58.0,141.46
Shahid Afridi,2008.0,9,81,46,7,6,0,0,33,8,1,10.12,176.09
Shakib Al Hasan,2011.0,3,29,22,4,0,0,0,26,2,1,14.5,131.82
Shakib Al Hasan,2012.0,7,91,74,6,3,0,0,42,6,1,15.17,122.97
Shakib Al Hasan,2014.0,11,229,154,22,7,1,0,60,8,3,28.62,148.7
Shakib Al Hasan,2015.0,3,36,27,5,0,0,0,23,3,0,12.0,133.33
Shakib Al Hasan,2016.0,7,114,106,7,5,1,0,66,5,2,22.8,107.55
Shakib Al Hasan,2017.0,1,1,1,0,0,0,0,1,0,1,1.0,100.0
Shakib Al Hasan,2018.0,13,239,197,26,5,0,0,35,9,4,26.56,121.32
Shakib Al Hasan,2019.0,1,9,10,0,0,0,0,9,1,0,9.0,90.0
Shakib Al Hasan,2021.0,6,47,48,3,1,0,0,26,5,1,9.4,97.92
Shashank Singh,2022.0,5,69,47,5,4,0,0,25,4,1,17.25,146.81
Shashank Singh,2024.0,14,354,215,28,21,2,0,68,7,7,50.57,164.65
Shashank Singh,2025.0,14,350,228,23,18,3,0,61,7,7,50.0,153.51
Shashank Singh,2026.0,9,132,70,11,8,1,0,56,6,3,22.0,188.57
Shivam Mavi,2018.0,3,13,15,1,0,0,0,7,3,0,4.33,86.67
Shivam Mavi,2020.0,3,10,14,1,0,0,0,9,2,1,5.0,71.43
Shivam Mavi,2021.0,2,25,20,2,2,0,0,20,2,0,12.5,125.0
Shivam Mavi,2022.0,3,3,7,0,0,0,0,2,2,1,1.5,42.86
Shivam Sharma,2014.0,2,5,3,1,0,0,0,4,1,1,5.0,166.67
Shivam Singh,2024.0,1,2,3,0,0,0,0,2,0,1,2.0,66.67
Shivang Kumar,2026.0,6,53,46,6,1,0,0,27,6,0,8.83,115.22
Shoaib Ahmed,2009.0,3,1,6,0,0,0,0,1,2,1,0.5,16.67
Shoaib Akhtar,2008.0,1,2,7,0,0,0,0,2,1,0,2.0,28.57
Shoaib Malik,2008.0,5,52,47,5,0,0,0,24,4,1,13.0,110.64
Shubman Gill,2018.0,10,203,139,22,5,1,0,57,5,5,40.6,146.04
Shubman Gill,2019.0,13,296,238,21,10,3,0,76,9,4,32.89,124.37
Shubman Gill,2020.0,14,440,373,44,9,3,0,70,12,2,36.67,117.96
Shubman Gill,2021.0,17,478,402,50,12,3,0,57,17,0,28.12,118.91
Shubman Gill,2022.0,16,483,365,51,11,4,0,96,14,2,34.5,132.33
Shubman Gill,2023.0,17,890,564,85,33,4,3,129,15,2,59.33,157.8
Shubman Gill,2024.0,12,426,289,37,15,2,1,104,11,1,38.73,147.4
Shubman Gill,2025.0,15,650,417,62,24,6,0,93,12,3,54.17,155.88
Shubman Gill,2026.0,16,732,449,74,33,6,1,104,16,0,45.75,163.03
Sikandar Raza,2023.0,7,139,98,10,6,1,0,57,5,2,27.8,141.84
Sikandar Raza,2024.0,2,43,38,2,2,0,0,28,2,0,21.5,113.16
Simarjeet Singh,2022.0,3,7,8,0,0,0,0,3,1,2,7.0,87.5
Simarjeet Singh,2025.0,3,3,7,0,0,0,0,3,2,1,1.5,42.86
Sohail Tanvir,2008.0,5,36,29,3,1,0,0,13,3,2,12.0,124.14
Sumit Kumar,2024.0,3,18,24,2,1,0,0,9,2,1,9.0,75.0
Sunny Gupta,2012.0,1,0,1,0,0,0,0,0,1,0,0.0,0.0
Sunny Singh,2011.0,5,43,31,6,1,0,0,20,4,1,10.75,138.71
Suryansh Shedge,2025.0,3,7,11,0,0,0,0,4,3,0,2.33,63.64
Suryansh Shedge,2026.0,7,158,90,9,12,1,0,57,4,3,39.5,175.56
Swapnil Singh,2016.0,1,0,1,0,0,0,0,0,1,0,0.0,0.0
Swapnil Singh,2017.0,2,12,19,0,0,0,0,10,2,0,6.0,63.16
Swapnil Singh,2023.0,1,2,4,0,0,0,0,2,0,1,2.0,50.0
Swapnil Singh,2024.0,5,37,21,3,3,0,0,15,2,3,18.5,176.19
T Banton,2020.0,2,18,20,1,1,0,0,10,2,0,9.0,90.0
T Dahiya,2026.0,2,12,15,2,0,0,0,11,2,0,6.0,80.0
T Henderson,2009.0,2,11,16,0,1,0,0,11,1,1,11.0,68.75
T Kohler-Cadmore,2024.0,3,48,54,7,1,0,0,20,3,0,16.0,88.89
T Kohli,2008.0,2,10,15,0,1,0,0,7,2,0,5.0,66.67
T Kohli,2009.0,1,1,4,0,0,0,0,1,1,0,1.0,25.0
T Natarajan,2020.0,2,3,5,0,0,0,0,3,0,2,3.0,60.0
T Natarajan,2026.0,1,1,2,0,0,0,0,1,0,1,1.0,50.0
T Shamsi,2021.0,1,2,4,0,0,0,0,2,0,1,2.0,50.0
T Stubbs,2022.0,2,2,4,0,0,0,0,2,1,1,2.0,50.0
T Stubbs,2023.0,2,25,31,2,0,0,0,20,2,0,12.5,80.65
T Stubbs,2024.0,13,378,198,24,26,3,0,71,6,7,63.0,190.91
T Stubbs,2025.0,13,306,200,25,12,0,0,41,6,7,51.0,153.0
T Stubbs,2026.0,13,275,216,18,9,2,0,60,6,7,45.83,127.31
T Taibu,2008.0,3,31,26,3,0,0,0,15,3,0,10.33,119.23
T Thushara,2009.0,2,2,7,0,0,0,0,1,1,1,2.0,28.57
T Thushara,2010.0,2,10,11,0,0,0,0,8,1,1,10.0,90.91
TA Boult,2017.0,1,5,8,0,0,0,0,5,0,1,5.0,62.5
TA Boult,2018.0,1,0,2,0,0,0,0,0,1,0,0.0,0.0
TA Boult,2019.0,2,7,4,0,1,0,0,6,1,1,7.0,175.0
TA Boult,2020.0,1,0,1,0,0,0,0,0,1,0,0.0,0.0
TA Boult,2021.0,2,1,4,0,0,0,0,1,0,2,1.0,25.0
TA Boult,2022.0,7,40,29,2,1,0,0,17,2,5,20.0,137.93
TA Boult,2023.0,4,16,14,1,1,0,0,15,1,3,16.0,114.29
TA Boult,2024.0,4,14,16,2,0,0,0,12,1,3,14.0,87.5
TA Boult,2025.0,2,2,3,0,0,0,0,1,1,1,2.0,66.67
TA Boult,2026.0,2,8,4,0,1,0,0,7,1,1,8.0,200.0
TD Paine,2011.0,2,10,26,0,0,0,0,8,2,0,5.0,38.46
TG Southee,2014.0,1,4,4,1,0,0,0,4,1,0,4.0,100.0
TG Southee,2015.0,2,13,9,1,0,0,0,7,0,2,13.0,144.44
TG Southee,2016.0,4,30,19,1,2,0,0,25,3,1,10.0,157.89
TG Southee,2017.0,1,7,3,0,1,0,0,7,0,1,7.0,233.33
TG Southee,2018.0,4,52,46,5,1,0,0,36,2,2,26.0,113.04
TG Southee,2019.0,1,9,9,0,0,0,0,9,0,1,9.0,100.0
TG Southee,2021.0,1,3,5,0,0,0,0,3,1,0,3.0,60.0
TG Southee,2022.0,5,2,12,0,0,0,0,1,4,1,0.5,16.67
TH David,2021.0,1,1,3,0,0,0,0,1,1,0,1.0,33.33
TH David,2022.0,8,186,86,12,16,0,0,46,5,3,37.2,216.28
TH David,2023.0,15,231,146,12,15,0,0,45,8,7,28.88,158.22
TH David,2024.0,11,241,152,14,15,0,0,45,8,3,30.12,158.55
TH David,2025.0,9,187,101,16,14,1,0,50,3,6,62.33,185.15
TH David,2026.0,15,305,162,22,23,1,0,70,9,6,33.89,188.27
TK Curran,2018.0,4,23,28,3,0,0,0,18,3,1,7.67,82.14
TK Curran,2020.0,4,83,62,5,3,1,0,54,1,3,83.0,133.87
TK Curran,2021.0,2,21,17,2,0,0,0,21,1,1,21.0,123.53
TL Seifert,2021.0,1,2,4,0,0,0,0,2,1,0,2.0,50.0
TL Seifert,2022.0,2,24,19,4,0,0,0,21,2,0,12.0,126.32
TL Seifert,2026.0,3,19,18,2,1,0,0,19,3,0,6.33,105.56
TL Suman,2009.0,12,237,190,18,8,0,0,41,9,3,26.33,124.74
TL Suman,2010.0,14,307,257,23,12,2,0,78,8,6,38.38,119.46
TL Suman,2011.0,6,65,51,5,5,0,0,36,6,0,10.83,127.45
TL Suman,2012.0,2,15,19,1,1,0,0,10,2,0,7.5,78.95
TL Suman,2013.0,5,52,58,8,0,0,0,23,5,0,10.4,89.66
TM Dilshan,2008.0,7,104,79,14,3,0,0,33,4,3,26.0,131.65
TM Dilshan,2009.0,13,418,341,42,13,4,0,67,10,3,41.8,122.58
TM Dilshan,2010.0,6,44,53,6,0,0,0,17,6,0,7.33,83.02
TM Dilshan,2011.0,10,226,180,33,3,2,0,59,8,2,28.25,125.56
TM Dilshan,2012.0,9,285,261,33,5,3,0,76,7,2,40.71,109.2
TM Dilshan,2013.0,5,76,93,12,0,0,0,33,5,0,15.2,81.72
TM Head,2016.0,3,54,40,3,2,0,0,37,2,1,27.0,135.0
TM Head,2017.0,7,151,108,9,6,1,0,75,4,3,37.75,139.81
TM Head,2024.0,15,567,296,64,32,4,1,102,14,1,40.5,191.55
TM Head,2025.0,12,374,230,50,15,3,0,76,12,0,31.17,162.61
TM Head,2026.0,15,410,241,46,23,2,0,76,15,0,27.33,170.12
TM Srivastava,2008.0,2,8,10,0,0,0,0,7,1,1,8.0,80.0
TM Srivastava,2009.0,1,0,1,0,0,0,0,0,0,1,0.0,0.0
TR Birt,2011.0,5,75,58,9,2,0,0,27,5,0,15.0,129.31
TS Mills,2017.0,3,8,11,0,1,0,0,6,3,0,2.67,72.73
TS Mills,2022.0,2,0,3,0,0,0,0,0,1,1,0.0,0.0
TU Deshpande,2020.0,2,21,12,2,1,0,0,20,1,1,21.0,175.0
TU Deshpande,2023.0,1,0,1,0,0,0,0,0,0,1,0.0,0.0
TU Deshpande,2024.0,1,0,1,0,0,0,0,0,0,1,0.0,0.0
TU Deshpande,2025.0,4,7,8,0,0,0,0,3,1,3,7.0,87.5
TU Deshpande,2026.0,2,26,14,0,3,0,0,25,2,0,13.0,185.71
Tanush Kotian,2024.0,1,24,31,3,0,0,0,24,1,0,24.0,77.42
Tilak Varma,2022.0,14,397,303,29,16,2,0,61,10,4,39.7,131.02
Tilak Varma,2023.0,11,343,209,26,23,1,0,84,8,3,42.88,164.11
Tilak Varma,2024.0,13,416,278,35,19,3,0,65,10,3,41.6,149.64
Tilak Varma,2025.0,13,343,248,23,16,2,0,59,10,3,34.3,138.31
Tilak Varma,2026.0,14,359,246,30,17,2,1,101,12,2,29.92,145.93
U Kaul,2008.0,1,0,1,0,0,0,0,0,0,1,0.0,0.0
UA Birla,2013.0,1,7,14,1,0,0,0,7,1,0,7.0,50.0
UBT Chand,2011.0,2,2,12,0,0,0,0,2,2,0,1.0,16.67
UBT Chand,2012.0,2,36,34,2,3,0,0,18,2,0,18.0,105.88
UBT Chand,2013.0,9,158,158,17,4,0,0,41,9,0,17.56,100.0
UBT Chand,2014.0,1,2,9,0,0,0,0,2,1,0,2.0,22.22
UBT Chand,2015.0,5,102,83,13,2,1,0,58,5,0,20.4,122.89
UBT Chand,2016.0,1,0,4,0,0,0,0,0,1,0,0.0,0.0
UT Khawaja,2016.0,6,127,100,14,3,0,0,30,5,1,25.4,127.0
UT Yadav,2010.0,1,3,4,0,0,0,0,3,0,1,3.0,75.0
UT Yadav,2011.0,2,1,5,0,0,0,0,1,1,1,1.0,20.0
UT Yadav,2012.0,3,2,7,0,0,0,0,1,2,1,1.0,28.57
UT Yadav,2013.0,7,38,38,3,1,0,0,12,1,6,38.0,100.0
UT Yadav,2014.0,1,2,4,0,0,0,0,2,1,0,2.0,50.0
UT Yadav,2015.0,3,29,14,5,1,0,0,24,1,2,29.0,207.14
UT Yadav,2016.0,2,9,5,0,1,0,0,7,1,1,9.0,180.0
UT Yadav,2017.0,4,10,13,0,0,0,0,4,0,4,10.0,76.92
UT Yadav,2018.0,5,3,11,0,0,0,0,1,4,1,0.75,27.27
UT Yadav,2019.0,5,25,25,3,1,0,0,14,1,4,25.0,100.0
UT Yadav,2020.0,1,0,2,0,0,0,0,0,1,0,0.0,0.0
UT Yadav,2022.0,7,55,40,4,4,0,0,21,4,3,13.75,137.5
UT Yadav,2023.0,5,19,18,1,0,0,0,6,2,3,9.5,105.56
UT Yadav,2024.0,2,12,15,0,1,0,0,10,1,1,12.0,80.0
Umar Gul,2008.0,4,39,19,1,5,0,0,24,3,1,13.0,205.26
Umran Malik,2022.0,4,4,8,0,0,0,0,3,1,3,4.0,50.0
Umran Malik,2023.0,1,19,8,1,2,0,0,19,0,1,19.0,237.5
Urvil Patel,2025.0,3,68,32,5,6,0,0,37,3,0,22.67,212.5
Urvil Patel,2026.0,7,129,64,6,14,1,0,65,7,0,18.43,201.56
V Kohli,2008.0,12,165,157,18,4,0,0,38,11,1,15.0,105.1
V Kohli,2009.0,13,246,219,22,8,1,0,50,11,2,22.36,112.33
V Kohli,2010.0,13,307,212,26,12,1,0,58,11,2,27.91,144.81
V Kohli,2011.0,16,557,460,55,16,4,0,71,12,4,46.42,121.09
V Kohli,2012.0,15,364,326,33,10,2,0,73,12,3,30.33,111.66
V Kohli,2013.0,16,639,459,65,22,7,0,99,14,2,45.64,139.22
V Kohli,2014.0,14,359,294,23,16,2,0,73,13,1,27.62,122.11
V Kohli,2015.0,16,505,386,35,23,3,0,82,11,5,45.91,130.83
V Kohli,2016.0,16,973,640,84,38,7,4,113,12,4,81.08,152.03
V Kohli,2017.0,10,308,252,23,11,4,0,64,10,0,30.8,122.22
V Kohli,2018.0,14,530,381,52,18,4,0,92,11,3,48.18,139.11
V Kohli,2019.0,14,464,328,46,13,2,1,100,14,0,33.14,141.46
V Kohli,2020.0,15,471,386,24,11,3,0,90,11,4,42.82,122.02
V Kohli,2021.0,15,405,339,43,9,3,0,72,14,1,28.93,119.47
V Kohli,2022.0,16,341,294,32,8,2,0,73,14,2,24.36,115.99
V Kohli,2023.0,14,639,457,65,16,6,2,101,12,2,53.25,139.82
V Kohli,2024.0,15,741,479,62,38,5,1,113,12,3,61.75,154.7
V Kohli,2025.0,15,657,454,66,19,8,0,73,12,3,54.75,144.71
V Kohli,2026.0,16,675,407,73,25,5,1,105,12,4,56.25,165.85
V Nigam,2025.0,8,142,79,16,8,0,0,39,5,3,28.4,179.75
V Nigam,2026.0,2,15,10,2,0,0,0,12,1,1,15.0,150.0
V Pratap Singh,2012.0,1,0,1,0,0,0,0,0,1,0,0.0,0.0
V Sehwag,2008.0,14,406,220,46,21,3,0,94,11,3,36.91,184.55
V Sehwag,2009.0,11,198,138,24,7,1,0,50,10,1,19.8,143.48
V Sehwag,2010.0,14,356,218,47,14,3,0,75,14,0,25.43,163.3
V Sehwag,2011.0,11,424,240,51,18,2,1,119,9,2,47.11,176.67
V Sehwag,2012.0,16,495,307,57,19,5,0,87,15,1,33.0,161.24
V Sehwag,2013.0,13,295,233,41,6,1,0,95,12,1,24.58,126.61
V Sehwag,2014.0,17,455,315,56,18,1,1,122,17,0,26.76,144.44
V Sehwag,2015.0,8,99,84,12,3,0,0,47,7,1,14.14,117.86
V Shankar,2017.0,4,101,75,12,1,1,0,63,2,2,50.5,134.67
V Shankar,2018.0,9,212,148,11,11,1,0,54,4,5,53.0,143.24
V Shankar,2019.0,14,244,193,11,12,0,0,40,11,3,22.18,126.42
V Shankar,2020.0,5,97,96,10,1,1,0,52,4,1,24.25,101.04
V Shankar,2021.0,5,58,52,1,3,0,0,28,5,0,11.6,111.54
V Shankar,2022.0,4,19,35,1,0,0,0,13,4,0,4.75,54.29
V Shankar,2023.0,10,301,188,27,15,3,0,63,8,2,37.62,160.11
V Shankar,2024.0,7,83,72,7,2,0,0,17,5,2,16.6,115.28
V Shankar,2025.0,5,118,91,8,3,1,0,69,3,2,39.33,129.67
V Suryavanshi,2025.0,7,252,122,18,24,1,1,101,7,0,36.0,206.56
V Suryavanshi,2026.0,16,776,327,63,72,5,1,103,16,0,48.5,237.31
V Viyaskanth,2024.0,1,7,5,0,0,0,0,7,0,1,7.0,140.0
VG Arora,2022.0,4,5,13,0,0,0,0,2,2,2,2.5,38.46
VG Arora,2023.0,2,3,2,0,0,0,0,2,0,2,3.0,150.0
VG Arora,2024.0,1,1,1,0,0,0,0,1,0,1,1.0,100.0
VG Arora,2025.0,2,0,8,0,0,0,0,0,2,0,0.0,0.0
VG Arora,2026.0,2,1,3,0,0,0,0,1,0,2,1.0,33.33
VH Zol,2014.0,2,29,26,3,1,0,0,16,2,0,14.5,111.54
VR Aaron,2011.0,1,0,5,0,0,0,0,0,0,1,0.0,0.0
VR Aaron,2012.0,2,1,3,0,0,0,0,1,1,1,1.0,33.33
VR Aaron,2014.0,3,35,34,2,1,0,0,17,0,3,35.0,102.94
VR Aaron,2015.0,1,6,3,0,1,0,0,6,1,0,6.0,200.0
VR Aaron,2017.0,2,4,10,0,0,0,0,4,1,1,4.0,40.0
VR Aaron,2019.0,1,3,7,0,0,0,0,3,0,1,3.0,42.86
VR Aaron,2020.0,2,1,10,0,0,0,0,1,1,1,1.0,10.0
VR Iyer,2021.0,10,370,288,37,14,4,0,67,9,1,41.11,128.47
VR Iyer,2022.0,12,182,169,17,7,1,0,50,11,1,16.55,107.69
VR Iyer,2023.0,14,404,277,32,21,2,1,104,14,0,28.86,145.85
VR Iyer,2024.0,13,370,233,35,19,4,0,70,8,5,46.25,158.8
VR Iyer,2025.0,7,142,102,15,4,1,0,60,7,0,20.29,139.22
VR Iyer,2026.0,6,209,112,21,13,1,0,73,4,2,52.25,186.61
VRV Singh,2008.0,2,4,3,1,0,0,0,4,1,1,4.0,133.33
VS Malik,2010.0,1,6,5,1,0,0,0,6,1,0,6.0,120.0
VS Malik,2014.0,1,1,2,0,0,0,0,1,0,1,1.0,50.0
VS Yeligati,2008.0,1,2,2,0,0,0,0,2,1,0,2.0,100.0
VVS Laxman,2008.0,6,155,132,22,1,1,0,52,5,1,31.0,117.42
VVS Laxman,2009.0,5,19,33,1,1,0,0,10,5,0,3.8,57.58
VVS Laxman,2010.0,6,64,60,7,1,0,0,22,4,2,16.0,106.67
VVS Laxman,2011.0,3,44,42,3,2,0,0,36,2,1,22.0,104.76
VY Mahesh,2008.0,5,15,27,0,0,0,0,6,2,3,7.5,55.56
Vijaykumar Vyshak,2023.0,2,13,9,0,1,0,0,13,1,1,13.0,144.44
Vijaykumar Vyshak,2024.0,2,1,3,0,0,0,0,1,1,1,1.0,33.33
Vijaykumar Vyshak,2026.0,2,2,4,0,0,0,0,1,0,2,2.0,50.0
Virat Singh,2021.0,2,15,26,1,0,0,0,11,2,0,7.5,57.69
Vishnu Vinod,2017.0,3,19,26,1,1,0,0,9,3,0,6.33,73.08
Vishnu Vinod,2023.0,3,37,31,2,2,0,0,30,3,0,12.33,119.35
Vishnu Vinod,2026.0,1,15,8,1,1,0,0,15,0,1,15.0,187.5
Vivrant Sharma,2023.0,1,69,47,9,2,1,0,69,1,0,69.0,146.81
W Jaffer,2008.0,6,115,104,12,3,1,0,50,5,1,23.0,110.58
W Jaffer,2009.0,2,15,17,2,0,0,0,8,2,0,7.5,88.24
WA Mota,2008.0,2,26,27,2,0,0,0,25,1,1,26.0,96.3
WA Mota,2009.0,6,30,48,0,0,0,0,12,4,2,7.5,62.5
WD Parnell,2011.0,5,37,39,2,1,0,0,16,3,2,12.33,94.87
WD Parnell,2012.0,5,19,27,2,0,0,0,11,4,1,4.75,70.37
WD Parnell,2013.0,1,5,7,0,0,0,0,5,1,0,5.0,71.43
WD Parnell,2014.0,1,2,2,0,0,0,0,2,1,0,2.0,100.0
WD Parnell,2023.0,1,2,5,0,0,0,0,2,1,0,2.0,40.0
WG Jacks,2024.0,8,230,131,16,18,1,1,100,6,2,38.33,175.57
WG Jacks,2025.0,11,233,172,22,11,1,0,53,10,1,23.3,135.47
WG Jacks,2026.0,7,139,76,12,9,0,0,46,5,2,27.8,182.89
WP Saha,2008.0,10,159,119,12,7,1,0,59,5,5,31.8,133.61
WP Saha,2009.0,7,72,41,3,4,0,0,25,3,4,24.0,175.61
WP Saha,2010.0,6,67,53,9,1,0,0,22,3,3,22.33,126.42
WP Saha,2011.0,2,68,63,2,4,0,0,46,1,1,68.0,107.94
WP Saha,2012.0,1,6,14,0,0,0,0,6,1,0,6.0,42.86
WP Saha,2013.0,3,70,56,6,4,0,0,39,3,0,23.33,125.0
WP Saha,2014.0,13,362,249,33,18,2,1,115,11,2,32.91,145.38
WP Saha,2015.0,13,249,197,16,10,0,0,42,12,1,20.75,126.4
WP Saha,2016.0,12,270,212,29,1,2,0,56,11,1,24.55,127.36
WP Saha,2017.0,11,234,187,20,8,1,0,93,10,1,23.4,125.13
WP Saha,2018.0,10,122,102,17,1,0,0,35,8,2,15.25,119.61
WP Saha,2019.0,5,86,53,13,1,0,0,28,5,0,17.2,162.26
WP Saha,2020.0,4,214,153,24,5,2,0,87,2,2,107.0,139.87
WP Saha,2021.0,9,131,140,7,5,0,0,44,9,0,14.56,93.57
WP Saha,2022.0,11,317,259,40,7,3,0,68,9,2,35.22,122.39
WP Saha,2023.0,17,371,287,47,8,2,0,81,16,1,23.19,129.27
WP Saha,2024.0,9,136,115,18,3,0,0,39,9,0,15.11,118.26
WPUJC Vaas,2008.0,4,21,18,0,1,0,0,12,2,2,10.5,116.67
WPUJC Vaas,2009.0,2,30,21,1,1,0,0,20,1,1,30.0,142.86
WPUJC Vaas,2010.0,5,30,34,1,1,0,0,16,4,1,7.5,88.24
Washington Sundar,2017.0,5,9,12,0,0,0,0,5,0,5,9.0,75.0
Washington Sundar,2018.0,5,65,38,5,4,0,0,35,3,2,21.67,171.05
Washington Sundar,2019.0,2,1,3,0,0,0,0,1,2,0,0.5,33.33
Washington Sundar,2020.0,9,111,95,10,2,0,0,30,6,3,18.5,116.84
Washington Sundar,2021.0,4,31,47,2,0,0,0,10,4,0,7.75,65.96
Washington Sundar,2022.0,7,101,69,9,3,0,0,40,7,0,14.43,146.38
Washington Sundar,2023.0,5,60,60,6,0,0,0,24,3,2,20.0,100.0
Washington Sundar,2024.0,1,0,1,0,0,0,0,0,1,0,0.0,0.0
Washington Sundar,2025.0,5,133,80,10,7,0,0,49,5,0,26.6,166.25
Washington Sundar,2026.0,16,377,251,40,12,3,0,55,10,6,37.7,150.2
X Thalaivan Sargunam,2013.0,1,10,17,0,0,0,0,10,1,0,10.0,58.82
XC Bartlett,2025.0,1,11,15,1,0,0,0,11,1,0,11.0,73.33
XC Bartlett,2026.0,3,29,13,2,2,0,0,18,1,2,29.0,223.08
Y Gnaneswara Rao,2011.0,1,19,17,3,0,0,0,19,1,0,19.0,111.76
Y Nagar,2009.0,1,20,20,1,0,0,0,20,1,0,20.0,100.0
Y Nagar,2010.0,1,1,6,0,0,0,0,1,1,0,1.0,16.67
Y Nagar,2011.0,10,111,100,6,6,0,0,23,7,3,15.86,111.0
Y Nagar,2012.0,8,153,133,13,3,0,0,44,5,3,30.6,115.04
Y Prithvi Raj,2019.0,1,0,1,0,0,0,0,0,0,1,0.0,0.0
Y Venugopal Rao,2008.0,10,288,210,22,15,2,0,71,8,2,36.0,137.14
Y Venugopal Rao,2009.0,12,124,114,6,3,0,0,32,10,2,12.4,108.77
Y Venugopal Rao,2010.0,4,34,43,3,1,0,0,24,4,0,8.5,79.07
Y Venugopal Rao,2011.0,14,336,280,30,13,1,0,60,12,2,28.0,120.0
Y Venugopal Rao,2012.0,7,132,126,8,5,0,0,36,5,2,26.4,104.76
Y Venugopal Rao,2014.0,5,71,63,8,0,0,0,27,3,2,23.67,112.7
YA Abdulla,2010.0,1,0,1,0,0,0,0,0,0,1,0.0,0.0
YBK Jaiswal,2020.0,3,40,44,2,2,0,0,34,3,0,13.33,90.91
YBK Jaiswal,2021.0,10,249,168,32,10,1,0,50,10,0,24.9,148.21
YBK Jaiswal,2022.0,10,258,194,28,10,2,0,68,10,0,25.8,132.99
YBK Jaiswal,2023.0,14,625,382,83,26,5,1,124,12,2,52.08,163.61
YBK Jaiswal,2024.0,15,435,279,54,16,1,1,104,14,1,31.07,155.91
YBK Jaiswal,2025.0,14,559,350,60,28,6,0,75,13,1,43.0,159.71
YBK Jaiswal,2026.0,16,427,280,52,18,3,0,77,14,2,30.5,152.5
YK Pathan,2008.0,15,435,243,43,25,4,0,68,12,3,36.25,179.01
YK Pathan,2009.0,13,261,187,25,14,2,0,62,12,1,21.75,139.57
YK Pathan,2010.0,14,333,201,22,24,1,1,100,10,4,33.3,165.67
YK Pathan,2011.0,11,283,201,24,13,0,0,47,9,2,31.44,140.8
YK Pathan,2012.0,16,194,169,10,7,0,0,40,10,6,19.4,114.79
YK Pathan,2013.0,16,332,240,30,15,1,0,72,11,5,30.18,138.33
YK Pathan,2014.0,12,268,165,15,20,1,0,72,9,3,29.78,162.42
YK Pathan,2015.0,12,312,231,29,12,1,0,52,7,5,44.57,135.06
YK Pathan,2016.0,13,361,248,33,13,3,0,63,5,8,72.2,145.56
YK Pathan,2017.0,11,143,115,9,6,1,0,59,8,3,17.88,124.35
YK Pathan,2018.0,13,260,200,22,11,0,0,45,9,4,28.89,130.0
YK Pathan,2019.0,7,40,45,1,1,0,0,16,3,4,13.33,88.89
YS Chahal,2014.0,1,1,1,0,0,0,0,1,0,1,1.0,100.0
YS Chahal,2015.0,1,1,1,0,0,0,0,1,0,1,1.0,100.0
YS Chahal,2017.0,6,13,26,0,0,0,0,4,2,4,6.5,50.0
YS Chahal,2018.0,1,0,4,0,0,0,0,0,0,1,0.0,0.0
YS Chahal,2019.0,3,6,16,0,0,0,0,4,2,1,3.0,37.5
YS Chahal,2020.0,2,1,3,0,0,0,0,1,1,1,1.0,33.33
YS Chahal,2021.0,2,10,27,0,0,0,0,8,0,2,10.0,37.04
YS Chahal,2022.0,1,5,8,0,0,0,0,5,1,0,5.0,62.5
YV Dhull,2023.0,3,16,23,1,0,0,0,13,3,0,5.33,69.57
YV Takawale,2008.0,4,70,65,7,2,0,0,27,2,2,35.0,107.69
YV Takawale,2009.0,1,18,22,2,0,0,0,18,1,0,18.0,81.82
YV Takawale,2014.0,5,104,91,17,1,0,0,45,5,0,20.8,114.29
Yash Dayal,2022.0,1,0,1,0,0,0,0,0,1,0,0.0,0.0
Yash Dayal,2025.0,3,4,8,0,0,0,0,3,2,1,2.0,50.0
Yashpal Singh,2009.0,4,47,66,5,0,0,0,20,4,0,11.75,71.21
Younis Khan,2008.0,1,3,7,0,0,0,0,3,1,0,3.0,42.86
Yudhvir Singh,2023.0,2,1,2,0,0,0,0,1,2,0,0.5,50.0
Yudhvir Singh,2024.0,2,21,14,1,2,0,0,14,2,0,10.5,150.0
Yuvraj Singh,2008.0,14,299,184,24,19,1,0,57,12,2,24.92,162.5
Yuvraj Singh,2009.0,14,340,294,25,16,2,0,58,12,2,28.33,115.65
Yuvraj Singh,2010.0,14,259,201,21,14,0,0,47,12,2,21.58,128.86
Yuvraj Singh,2011.0,13,343,261,24,18,2,0,66,9,4,38.11,131.42
Yuvraj Singh,2013.0,13,238,190,14,15,0,0,34,12,1,19.83,125.26
Yuvraj Singh,2014.0,14,376,278,22,28,3,0,83,10,4,37.6,135.25
Yuvraj Singh,2015.0,13,248,210,23,10,2,0,57,13,0,19.08,118.1
Yuvraj Singh,2016.0,10,236,179,22,13,0,0,44,9,1,26.22,131.84
Yuvraj Singh,2017.0,11,252,177,30,8,2,0,70,9,2,28.0,142.37
Yuvraj Singh,2018.0,6,65,73,6,2,0,0,20,5,1,13.0,89.04
Yuvraj Singh,2019.0,4,98,75,7,6,1,0,53,4,0,24.5,130.67
Z Khan,2008.0,7,34,43,4,0,0,0,17,4,3,8.5,79.07
Z Khan,2009.0,3,8,11,0,0,0,0,4,1,2,8.0,72.73
Z Khan,2010.0,3,24,13,3,1,0,0,23,1,2,24.0,184.62
Z Khan,2011.0,2,21,24,2,0,0,0,21,2,0,10.5,87.5
Z Khan,2012.0,4,12,17,1,0,0,0,11,2,2,6.0,70.59
Z Khan,2014.0,3,8,7,0,1,0,0,7,1,2,8.0,114.29
Z Khan,2016.0,2,6,13,1,0,0,0,4,2,0,3.0,46.15
Z Khan,2017.0,3,4,13,0,0,0,0,2,1,2,4.0,30.77
