player,matches_batted,total_runs,total_balls,total_fours,total_sixes,fifties,hundreds,ducks,not_outs,dismissed,highest_score,seasons_active_bat,first_season_bat,last_season_bat,batting_avg,strike_rate,matches_bowled,total_wickets,total_runs_given,total_balls_bowled,best_wickets,seasons_active_bowl,first_season_bowl,last_season_bowl,economy,bowling_avg,total_matches
A Ashish Reddy,23.0,280.0,193.0,16.0,15.0,0.0,0.0,0.0,8.0,15.0,36.0,4.0,2012.0,2016.0,18.67,145.08,20.0,18.0,400.0,262.0,3.0,4.0,2012.0,2016.0,9.16,22.22,23
A Badoni,56.0,1178.0,836.0,96.0,47.0,7.0,0.0,5.0,11.0,45.0,74.0,5.0,2022.0,2026.0,26.18,140.91,8.0,4.0,64.0,41.0,2.0,5.0,2022.0,2026.0,9.37,16.0,56
A Chandila,2.0,4.0,7.0,0.0,0.0,0.0,0.0,0.0,2.0,0.0,4.0,2.0,2012.0,2013.0,4.0,57.14,12.0,11.0,245.0,234.0,4.0,2.0,2012.0,2013.0,6.28,22.27,12
A Chopra,6.0,53.0,71.0,7.0,0.0,0.0,0.0,0.0,1.0,5.0,24.0,2.0,2008.0,2009.0,10.6,74.65,,,,,,,,,,,6
A Choudhary,3.0,25.0,20.0,1.0,1.0,0.0,0.0,0.0,2.0,1.0,15.0,1.0,2017.0,2017.0,25.0,125.0,5.0,5.0,144.0,101.0,2.0,1.0,2017.0,2017.0,8.55,28.8,5
A Dananjaya,1.0,4.0,5.0,0.0,0.0,0.0,0.0,0.0,1.0,0.0,4.0,1.0,2018.0,2018.0,4.0,80.0,1.0,0.0,47.0,24.0,0.0,1.0,2018.0,2018.0,11.75,999.0,1
A Flintoff,3.0,62.0,53.0,5.0,2.0,0.0,0.0,0.0,1.0,2.0,24.0,1.0,2009.0,2009.0,31.0,116.98,3.0,2.0,106.0,66.0,1.0,1.0,2009.0,2009.0,9.64,53.0,3
A Kamboj,10.0,74.0,52.0,5.0,4.0,0.0,0.0,1.0,7.0,3.0,19.0,3.0,2024.0,2026.0,24.67,142.31,25.0,31.0,823.0,491.0,3.0,3.0,2024.0,2026.0,10.06,26.55,25
A Kumble,15.0,35.0,47.0,3.0,0.0,0.0,0.0,0.0,13.0,2.0,8.0,3.0,2008.0,2010.0,17.5,74.47,42.0,45.0,1089.0,965.0,5.0,3.0,2008.0,2010.0,6.77,24.2,42
A Manohar,20.0,292.0,235.0,23.0,14.0,0.0,0.0,2.0,1.0,19.0,43.0,4.0,2022.0,2025.0,15.37,124.26,,,,,,,,,,,20
A Mhatre,13.0,441.0,240.0,51.0,23.0,3.0,0.0,2.0,1.0,12.0,94.0,2.0,2025.0,2026.0,36.75,183.75,,,,,,,,,,,13
A Mishra,55.0,381.0,419.0,31.0,5.0,0.0,0.0,7.0,27.0,28.0,31.0,13.0,2008.0,2023.0,13.61,90.93,162.0,174.0,4193.0,3371.0,5.0,16.0,2008.0,2024.0,7.46,24.1,162
A Mithun,6.0,34.0,26.0,4.0,1.0,0.0,0.0,1.0,1.0,5.0,11.0,3.0,2010.0,2013.0,6.8,130.77,16.0,7.0,477.0,288.0,2.0,5.0,2009.0,2013.0,9.94,68.14,16
A Mukund,2.0,19.0,22.0,1.0,0.0,0.0,0.0,1.0,0.0,2.0,19.0,2.0,2008.0,2013.0,9.5,86.36,,,,,,,,,,,2
A Nehra,17.0,41.0,62.0,3.0,1.0,0.0,0.0,4.0,11.0,6.0,22.0,7.0,2008.0,2016.0,6.83,66.13,88.0,106.0,2537.0,1908.0,4.0,9.0,2008.0,2017.0,7.98,23.93,88
A Nel,,,,,,,,,,,,,,,,,1.0,1.0,31.0,18.0,1.0,1.0,2008.0,2008.0,10.33,31.0,1
A Nortje,14.0,49.0,50.0,6.0,0.0,0.0,0.0,3.0,8.0,6.0,23.0,5.0,2020.0,2026.0,8.17,98.0,49.0,61.0,1740.0,1120.0,3.0,7.0,2020.0,2026.0,9.32,28.52,49
A Raghuvanshi,30.0,885.0,608.0,86.0,35.0,7.0,0.0,0.0,6.0,24.0,82.0,3.0,2024.0,2026.0,36.88,145.56,,,,,,,,,,,30
A Singh,5.0,2.0,10.0,0.0,0.0,0.0,0.0,3.0,1.0,4.0,1.0,3.0,2009.0,2012.0,0.5,20.0,23.0,28.0,639.0,473.0,4.0,3.0,2009.0,2012.0,8.11,22.82,23
A Symonds,36.0,974.0,750.0,74.0,41.0,5.0,1.0,0.0,12.0,24.0,117.0,4.0,2008.0,2011.0,40.58,129.87,30.0,20.0,694.0,527.0,3.0,4.0,2008.0,2011.0,7.9,34.7,36
A Tomar,1.0,4.0,8.0,1.0,0.0,0.0,0.0,0.0,0.0,1.0,4.0,1.0,2022.0,2022.0,4.0,50.0,,,,,,,,,,,1
A Uniyal,2.0,4.0,7.0,0.0,0.0,0.0,0.0,1.0,1.0,1.0,4.0,1.0,2010.0,2010.0,4.0,57.14,2.0,2.0,67.0,36.0,2.0,1.0,2010.0,2010.0,11.17,33.5,2
A Zampa,5.0,15.0,24.0,1.0,0.0,0.0,0.0,1.0,0.0,5.0,7.0,3.0,2016.0,2023.0,3.0,62.5,22.0,31.0,656.0,467.0,6.0,5.0,2016.0,2025.0,8.43,21.16,22
AA Bilakhia,7.0,69.0,85.0,5.0,0.0,0.0,0.0,0.0,2.0,5.0,22.0,2.0,2009.0,2010.0,13.8,81.18,,,,,,,,,,,7
AA Chavan,3.0,12.0,11.0,2.0,0.0,0.0,0.0,0.0,2.0,1.0,7.0,2.0,2011.0,2012.0,12.0,109.09,13.0,8.0,339.0,248.0,2.0,3.0,2011.0,2013.0,8.2,42.38,13
AA Jhunjhunwala,15.0,217.0,210.0,19.0,5.0,1.0,0.0,1.0,3.0,12.0,53.0,3.0,2010.0,2012.0,18.08,103.33,10.0,1.0,130.0,85.0,1.0,3.0,2010.0,2012.0,9.18,130.0,15
AA Kazi,,,,,,,,,,,,,,,,,1.0,0.0,21.0,12.0,0.0,1.0,2011.0,2011.0,10.5,999.0,1
AA Kulkarni,4.0,26.0,33.0,3.0,0.0,0.0,0.0,2.0,0.0,4.0,17.0,2.0,2024.0,2026.0,6.5,78.79,,,,,,,,,,,4
AA Noffke,1.0,9.0,10.0,1.0,0.0,0.0,0.0,0.0,0.0,1.0,9.0,1.0,2008.0,2008.0,9.0,90.0,1.0,1.0,41.0,24.0,1.0,1.0,2008.0,2008.0,10.25,41.0,1
AB Agarkar,18.0,179.0,154.0,13.0,5.0,0.0,0.0,0.0,10.0,8.0,39.0,5.0,2008.0,2013.0,22.38,116.23,42.0,29.0,1174.0,782.0,3.0,6.0,2008.0,2013.0,9.01,40.48,42
AB Barath,3.0,42.0,42.0,5.0,1.0,0.0,0.0,0.0,1.0,2.0,33.0,1.0,2010.0,2010.0,21.0,100.0,,,,,,,,,,,3
AB Dinda,16.0,26.0,48.0,2.0,0.0,0.0,0.0,6.0,7.0,9.0,7.0,8.0,2008.0,2017.0,2.89,54.17,75.0,69.0,2103.0,1516.0,4.0,10.0,2008.0,2017.0,8.32,30.48,75
AB McDonald,9.0,123.0,100.0,9.0,4.0,0.0,0.0,1.0,4.0,5.0,33.0,5.0,2009.0,2013.0,24.6,123.0,10.0,11.0,263.0,186.0,2.0,5.0,2009.0,2013.0,8.48,23.91,10
AB de Villiers,170.0,5181.0,3411.0,414.0,253.0,41.0,3.0,10.0,48.0,122.0,133.0,14.0,2008.0,2021.0,42.47,151.89,,,,,,,,,,,170
AC Blizzard,7.0,120.0,90.0,21.0,2.0,1.0,0.0,1.0,0.0,7.0,51.0,2.0,2011.0,2012.0,17.14,133.33,,,,,,,,,,,7
AC Gilchrist,80.0,2069.0,1495.0,239.0,92.0,11.0,2.0,7.0,5.0,75.0,109.0,6.0,2008.0,2013.0,27.59,138.39,1.0,1.0,0.0,1.0,1.0,1.0,2013.0,2013.0,0.0,0.0,80
AC Thomas,4.0,20.0,19.0,1.0,1.0,0.0,0.0,0.0,2.0,2.0,12.0,2.0,2011.0,2012.0,10.0,105.26,15.0,14.0,416.0,315.0,3.0,2.0,2011.0,2012.0,7.92,29.71,15
AC Voges,7.0,181.0,143.0,15.0,3.0,0.0,0.0,0.0,3.0,4.0,45.0,1.0,2010.0,2010.0,45.25,126.57,7.0,0.0,76.0,54.0,0.0,1.0,2010.0,2010.0,8.44,999.0,7
AD Hales,6.0,148.0,118.0,13.0,6.0,0.0,0.0,0.0,0.0,6.0,45.0,1.0,2018.0,2018.0,24.67,125.42,,,,,,,,,,,6
AD Mascarenhas,11.0,79.0,78.0,5.0,1.0,0.0,0.0,2.0,2.0,9.0,27.0,5.0,2008.0,2013.0,8.78,101.28,13.0,19.0,365.0,308.0,5.0,5.0,2008.0,2013.0,7.11,19.21,13
AD Mathews,41.0,724.0,575.0,44.0,29.0,1.0,0.0,2.0,13.0,28.0,65.0,6.0,2009.0,2017.0,25.86,125.91,44.0,27.0,1095.0,791.0,4.0,6.0,2009.0,2017.0,8.31,40.56,44
AD Nath,10.0,90.0,98.0,7.0,2.0,0.0,0.0,1.0,0.0,10.0,24.0,4.0,2016.0,2019.0,9.0,91.84,,,,,,,,,,,10
AD Russell,114.0,2655.0,1525.0,187.0,223.0,12.0,0.0,6.0,25.0,89.0,88.0,13.0,2012.0,2025.0,29.83,174.1,121.0,123.0,2909.0,1806.0,5.0,13.0,2012.0,2025.0,9.66,23.65,121
AF Milne,7.0,25.0,31.0,0.0,1.0,0.0,0.0,1.0,3.0,4.0,15.0,3.0,2017.0,2026.0,6.25,80.65,11.0,7.0,381.0,227.0,2.0,5.0,2016.0,2026.0,10.07,54.43,11
AG Murtaza,3.0,10.0,14.0,1.0,0.0,0.0,0.0,0.0,2.0,1.0,5.0,3.0,2011.0,2013.0,10.0,71.43,12.0,9.0,322.0,264.0,3.0,4.0,2010.0,2013.0,7.32,35.78,12
AG Paunikar,5.0,49.0,58.0,9.0,0.0,0.0,0.0,1.0,0.0,5.0,20.0,2.0,2010.0,2011.0,9.8,84.48,,,,,,,,,,,5
AJ Finch,90.0,2092.0,1635.0,214.0,78.0,15.0,0.0,7.0,8.0,82.0,88.0,11.0,2010.0,2022.0,25.51,127.95,5.0,1.0,67.0,43.0,1.0,3.0,2010.0,2013.0,9.35,67.0,90
AJ Hosein,3.0,21.0,13.0,1.0,1.0,0.0,0.0,0.0,3.0,0.0,16.0,2.0,2023.0,2026.0,21.0,161.54,8.0,9.0,239.0,172.0,4.0,2.0,2023.0,2026.0,8.34,26.56,8
AJ Turner,6.0,24.0,28.0,0.0,2.0,0.0,0.0,3.0,1.0,5.0,16.0,2.0,2019.0,2024.0,4.8,85.71,,,,,,,,,,,6
AJ Tye,13.0,91.0,76.0,6.0,5.0,0.0,0.0,2.0,5.0,8.0,25.0,4.0,2017.0,2020.0,11.38,119.74,30.0,42.0,1005.0,684.0,5.0,5.0,2017.0,2022.0,8.82,23.93,30
AK Markram,66.0,1671.0,1234.0,131.0,68.0,10.0,0.0,3.0,12.0,54.0,68.0,6.0,2021.0,2026.0,30.94,135.41,24.0,6.0,358.0,223.0,2.0,6.0,2021.0,2026.0,9.63,59.67,66
AL Menaria,23.0,401.0,356.0,24.0,18.0,0.0,0.0,1.0,2.0,21.0,40.0,3.0,2011.0,2013.0,19.1,112.64,12.0,3.0,144.0,110.0,2.0,2.0,2011.0,2012.0,7.85,48.0,23
AM Ghazanfar,1.0,2.0,3.0,0.0,0.0,0.0,0.0,0.0,1.0,0.0,2.0,1.0,2026.0,2026.0,2.0,66.67,11.0,15.0,390.0,233.0,2.0,1.0,2026.0,2026.0,10.04,26.0,11
AM Nayar,50.0,672.0,577.0,55.0,20.0,0.0,0.0,2.0,14.0,36.0,45.0,7.0,2008.0,2014.0,18.67,116.46,19.0,9.0,323.0,229.0,3.0,5.0,2008.0,2013.0,8.46,35.89,50
AM Rahane,197.0,5367.0,4273.0,540.0,141.0,35.0,2.0,14.0,25.0,172.0,105.0,18.0,2008.0,2026.0,31.2,125.6,1.0,1.0,5.0,6.0,1.0,1.0,2009.0,2009.0,5.0,5.0,197
AM Salvi,,,,,,,,,,,,,,,,,7.0,7.0,205.0,150.0,2.0,2.0,2009.0,2011.0,8.2,29.29,7
AN Ahmed,6.0,36.0,26.0,4.0,1.0,0.0,0.0,0.0,5.0,1.0,18.0,4.0,2010.0,2015.0,36.0,138.46,17.0,12.0,515.0,344.0,2.0,6.0,2010.0,2015.0,8.98,42.92,17
AN Ghosh,2.0,7.0,8.0,1.0,0.0,0.0,0.0,1.0,0.0,2.0,7.0,1.0,2009.0,2009.0,3.5,87.5,,,,,,,,,,,2
AP Dole,2.0,34.0,22.0,3.0,1.0,0.0,0.0,0.0,0.0,2.0,30.0,1.0,2010.0,2010.0,17.0,154.55,3.0,5.0,114.0,66.0,2.0,1.0,2010.0,2010.0,10.36,22.8,3
AP Majumdar,4.0,87.0,76.0,7.0,2.0,0.0,0.0,0.0,0.0,4.0,31.0,1.0,2012.0,2012.0,21.75,114.47,,,,,,,,,,,4
AP Tare,27.0,339.0,273.0,40.0,11.0,1.0,0.0,5.0,3.0,24.0,59.0,6.0,2010.0,2017.0,14.12,124.18,,,,,,,,,,,27
AR Bawne,1.0,12.0,12.0,1.0,0.0,0.0,0.0,0.0,1.0,0.0,12.0,1.0,2017.0,2017.0,12.0,100.0,,,,,,,,,,,1
AR Patel,134.0,2089.0,1562.0,146.0,100.0,4.0,0.0,9.0,40.0,94.0,66.0,13.0,2014.0,2026.0,22.22,133.74,173.0,139.0,4503.0,3585.0,4.0,13.0,2014.0,2026.0,7.54,32.4,173
AS Joseph,5.0,27.0,32.0,3.0,0.0,0.0,0.0,1.0,4.0,1.0,15.0,3.0,2019.0,2023.0,27.0,84.38,22.0,21.0,707.0,434.0,6.0,4.0,2019.0,2024.0,9.77,33.67,22
AS Rajpoot,7.0,26.0,41.0,2.0,1.0,0.0,0.0,0.0,3.0,4.0,8.0,4.0,2013.0,2020.0,6.5,63.41,29.0,24.0,844.0,529.0,5.0,6.0,2013.0,2020.0,9.57,35.17,29
AS Raut,16.0,194.0,167.0,13.0,7.0,0.0,0.0,1.0,7.0,9.0,36.0,3.0,2009.0,2011.0,21.56,116.17,5.0,0.0,45.0,30.0,0.0,2.0,2009.0,2011.0,9.0,999.0,16
AS Roy,14.0,78.0,64.0,6.0,2.0,0.0,0.0,5.0,6.0,8.0,29.0,5.0,2022.0,2026.0,9.75,121.88,22.0,15.0,482.0,323.0,2.0,6.0,2019.0,2026.0,8.95,32.13,22
AS Yadav,6.0,49.0,39.0,5.0,2.0,0.0,0.0,1.0,1.0,5.0,16.0,1.0,2008.0,2008.0,9.8,125.64,,,,,,,,,,,6
AT Carey,3.0,32.0,29.0,0.0,1.0,0.0,0.0,0.0,1.0,2.0,14.0,1.0,2020.0,2020.0,16.0,110.34,,,,,,,,,,,3
AT Rayudu,185.0,4348.0,3409.0,359.0,173.0,22.0,1.0,13.0,37.0,148.0,100.0,14.0,2010.0,2023.0,29.38,127.54,,,,,,,,,,,185
AU Rashid,2.0,22.0,16.0,2.0,1.0,0.0,0.0,0.0,0.0,2.0,18.0,1.0,2023.0,2023.0,11.0,137.5,3.0,2.0,91.0,60.0,2.0,2.0,2021.0,2023.0,9.1,45.5,3
AUK Pathan,7.0,39.0,23.0,5.0,2.0,0.0,0.0,2.0,2.0,5.0,14.0,2.0,2011.0,2012.0,7.8,169.57,3.0,0.0,63.0,39.0,0.0,2.0,2011.0,2012.0,9.69,999.0,7
Abdul Basith,1.0,1.0,1.0,0.0,0.0,0.0,0.0,0.0,1.0,0.0,1.0,1.0,2023.0,2023.0,1.0,100.0,,,,,,,,,,,1
Abdul Samad,58.0,859.0,578.0,55.0,55.0,0.0,0.0,4.0,15.0,43.0,45.0,7.0,2020.0,2026.0,19.98,148.62,7.0,2.0,125.0,57.0,1.0,5.0,2020.0,2026.0,13.16,62.5,58
Abdur Razzak,1.0,0.0,2.0,0.0,0.0,0.0,0.0,0.0,1.0,0.0,0.0,1.0,2008.0,2008.0,0.0,0.0,1.0,0.0,29.0,12.0,0.0,1.0,2008.0,2008.0,14.5,999.0,1
Abhinandan Singh,,,,,,,,,,,,,,,,,3.0,3.0,122.0,58.0,2.0,1.0,2026.0,2026.0,12.62,40.67,3
Abhishek Sharma,89.0,2379.0,1389.0,224.0,144.0,13.0,2.0,6.0,9.0,80.0,141.0,9.0,2018.0,2026.0,29.74,171.27,36.0,11.0,558.0,365.0,2.0,8.0,2019.0,2026.0,9.17,50.73,89
Abishek Porel,33.0,769.0,529.0,80.0,28.0,4.0,0.0,2.0,3.0,30.0,65.0,4.0,2023.0,2026.0,25.63,145.37,,,,,,,,,,,33
Akash Deep,5.0,25.0,14.0,2.0,2.0,0.0,0.0,2.0,2.0,3.0,17.0,4.0,2022.0,2025.0,8.33,178.57,14.0,10.0,554.0,278.0,3.0,4.0,2022.0,2025.0,11.96,55.4,14
Akash Madhwal,2.0,8.0,14.0,0.0,0.0,0.0,0.0,0.0,2.0,0.0,4.0,2.0,2024.0,2025.0,8.0,57.14,17.0,23.0,598.0,352.0,5.0,3.0,2023.0,2025.0,10.19,26.0,17
Akash Singh,,,,,,,,,,,,,,,,,12.0,13.0,406.0,247.0,3.0,4.0,2021.0,2026.0,9.86,31.23,12
Akshat Raghuwanshi,2.0,29.0,25.0,1.0,1.0,0.0,0.0,0.0,0.0,2.0,18.0,1.0,2026.0,2026.0,14.5,116.0,,,,,,,,,,,2
Aman Hakim Khan,10.0,115.0,104.0,8.0,6.0,1.0,0.0,1.0,1.0,9.0,51.0,2.0,2022.0,2023.0,12.78,110.58,1.0,0.0,13.0,6.0,0.0,1.0,2022.0,2022.0,13.0,999.0,10
Anand Rajan,,,,,,,,,,,,,,,,,8.0,8.0,206.0,149.0,3.0,3.0,2011.0,2013.0,8.3,25.75,8
Aniket Verma,20.0,315.0,196.0,18.0,25.0,1.0,0.0,0.0,6.0,14.0,74.0,2.0,2025.0,2026.0,22.5,160.71,,,,,,,,,,,20
Anirudh Singh,4.0,63.0,66.0,6.0,1.0,0.0,0.0,1.0,0.0,4.0,40.0,1.0,2010.0,2010.0,15.75,95.45,,,,,,,,,,,4
Ankit Sharma,10.0,87.0,67.0,7.0,4.0,0.0,0.0,1.0,3.0,7.0,30.0,5.0,2012.0,2017.0,12.43,129.85,21.0,12.0,453.0,367.0,2.0,7.0,2012.0,2018.0,7.41,37.75,21
Ankit Soni,3.0,7.0,9.0,0.0,1.0,0.0,0.0,2.0,1.0,2.0,7.0,1.0,2017.0,2017.0,3.5,77.78,6.0,2.0,145.0,109.0,1.0,1.0,2017.0,2017.0,7.98,72.5,6
Anmolpreet Singh,9.0,139.0,115.0,19.0,3.0,0.0,0.0,1.0,0.0,9.0,36.0,4.0,2021.0,2024.0,15.44,120.87,,,,,,,,,,,9
Anuj Rawat,21.0,318.0,267.0,26.0,14.0,1.0,0.0,4.0,7.0,14.0,66.0,4.0,2021.0,2024.0,22.71,119.1,,,,,,,,,,,21
Anureet Singh,8.0,36.0,47.0,2.0,1.0,0.0,0.0,2.0,4.0,4.0,15.0,3.0,2015.0,2018.0,9.0,76.6,22.0,18.0,636.0,412.0,3.0,5.0,2009.0,2018.0,9.26,35.33,22
Arjun Tendulkar,2.0,18.0,14.0,0.0,1.0,0.0,0.0,0.0,1.0,1.0,13.0,2.0,2023.0,2026.0,18.0,128.57,6.0,4.0,153.0,97.0,1.0,3.0,2023.0,2026.0,9.46,38.25,6
Arshad Khan,12.0,142.0,95.0,6.0,11.0,1.0,0.0,1.0,6.0,6.0,58.0,4.0,2023.0,2026.0,23.67,149.47,24.0,18.0,675.0,364.0,3.0,4.0,2023.0,2026.0,11.13,37.5,24
Arshad Khan (2),1.0,5.0,4.0,1.0,0.0,0.0,0.0,0.0,0.0,1.0,5.0,1.0,2024.0,2024.0,5.0,125.0,1.0,0.0,25.0,12.0,0.0,1.0,2024.0,2024.0,12.5,999.0,1
Arshdeep Singh,14.0,32.0,47.0,4.0,0.0,0.0,0.0,3.0,8.0,6.0,10.0,7.0,2020.0,2026.0,5.33,68.09,95.0,111.0,3166.0,2032.0,5.0,8.0,2019.0,2026.0,9.35,28.52,95
Ashok Sharma,2.0,1.0,4.0,0.0,0.0,0.0,0.0,0.0,2.0,0.0,1.0,1.0,2026.0,2026.0,1.0,25.0,6.0,6.0,233.0,126.0,2.0,1.0,2026.0,2026.0,11.1,38.83,6
Ashutosh Sharma,26.0,564.0,334.0,39.0,40.0,2.0,0.0,0.0,7.0,19.0,66.0,3.0,2024.0,2026.0,29.68,168.86,,,,,,,,,,,26
Ashwani Kumar,1.0,1.0,6.0,0.0,0.0,0.0,0.0,0.0,1.0,0.0,1.0,1.0,2026.0,2026.0,1.0,16.67,10.0,17.0,336.0,183.0,4.0,2.0,2025.0,2026.0,11.02,19.76,10
Atharva Taide,10.0,260.0,177.0,30.0,8.0,2.0,0.0,1.0,1.0,9.0,66.0,3.0,2023.0,2025.0,28.89,146.89,1.0,0.0,4.0,1.0,0.0,1.0,2024.0,2024.0,24.0,999.0,10
Auqib Nabi,2.0,14.0,4.0,2.0,1.0,0.0,0.0,0.0,1.0,1.0,10.0,1.0,2026.0,2026.0,14.0,350.0,5.0,0.0,151.0,78.0,0.0,1.0,2026.0,2026.0,11.62,999.0,5
Avesh Khan,16.0,68.0,43.0,7.0,4.0,0.0,0.0,1.0,13.0,3.0,19.0,7.0,2019.0,2026.0,22.67,158.14,82.0,93.0,2775.0,1767.0,4.0,10.0,2017.0,2026.0,9.42,29.84,82
Azhar Mahmood,21.0,388.0,303.0,39.0,13.0,2.0,0.0,2.0,2.0,19.0,80.0,3.0,2012.0,2015.0,20.42,128.05,23.0,29.0,707.0,537.0,3.0,3.0,2012.0,2015.0,7.9,24.38,23
Azmatullah Omarzai,11.0,151.0,101.0,11.0,10.0,0.0,0.0,0.0,1.0,10.0,38.0,3.0,2024.0,2026.0,15.1,149.5,18.0,15.0,579.0,354.0,2.0,3.0,2024.0,2026.0,9.81,38.6,18
B Akhil,11.0,76.0,55.0,5.0,5.0,0.0,0.0,2.0,6.0,5.0,27.0,3.0,2008.0,2011.0,15.2,138.18,13.0,6.0,246.0,188.0,2.0,4.0,2008.0,2011.0,7.85,41.0,13
B Chipli,21.0,280.0,251.0,28.0,7.0,1.0,0.0,0.0,6.0,15.0,61.0,4.0,2008.0,2013.0,18.67,111.55,1.0,0.0,20.0,6.0,0.0,1.0,2011.0,2011.0,20.0,999.0,21
B Geeves,,,,,,,,,,,,,,,,,2.0,1.0,91.0,48.0,1.0,1.0,2008.0,2008.0,11.38,91.0,2
B Indrajith,3.0,21.0,30.0,2.0,0.0,0.0,0.0,1.0,0.0,3.0,15.0,1.0,2022.0,2022.0,7.0,70.0,,,,,,,,,,,3
B Kumar,75.0,354.0,377.0,34.0,4.0,0.0,0.0,6.0,40.0,35.0,27.0,16.0,2011.0,2026.0,10.11,93.9,206.0,226.0,6045.0,4600.0,5.0,16.0,2011.0,2026.0,7.88,26.75,206
B Laughlin,4.0,5.0,13.0,0.0,0.0,0.0,0.0,2.0,2.0,2.0,4.0,2.0,2013.0,2018.0,2.5,38.46,9.0,10.0,284.0,168.0,2.0,2.0,2013.0,2018.0,10.14,28.4,9
B Lee,19.0,124.0,97.0,8.0,8.0,0.0,0.0,1.0,10.0,9.0,25.0,6.0,2008.0,2013.0,13.78,127.84,38.0,25.0,1126.0,875.0,3.0,6.0,2008.0,2013.0,7.72,45.04,38
B Muzarabani,,,,,,,,,,,,,,,,,2.0,4.0,79.0,42.0,4.0,1.0,2026.0,2026.0,11.29,19.75,2
B Sai Sudharsan,57.0,2515.0,1686.0,258.0,83.0,20.0,3.0,1.0,6.0,51.0,108.0,5.0,2022.0,2026.0,49.31,149.17,,,,,,,,,,,57
B Stanlake,1.0,5.0,2.0,1.0,0.0,0.0,0.0,0.0,1.0,0.0,5.0,1.0,2018.0,2018.0,5.0,250.0,6.0,7.0,200.0,144.0,2.0,2.0,2017.0,2018.0,8.33,28.57,6
B Sumanth,4.0,35.0,37.0,3.0,0.0,0.0,0.0,0.0,3.0,1.0,16.0,1.0,2010.0,2010.0,35.0,94.59,,,,,,,,,,,4
BA Bhatt,2.0,6.0,7.0,0.0,1.0,0.0,0.0,0.0,2.0,0.0,6.0,2.0,2011.0,2012.0,6.0,85.71,15.0,12.0,408.0,296.0,4.0,3.0,2011.0,2013.0,8.27,34.0,15
BA Stokes,43.0,935.0,698.0,81.0,32.0,2.0,2.0,3.0,5.0,38.0,107.0,6.0,2017.0,2023.0,24.61,133.95,38.0,28.0,1023.0,689.0,3.0,6.0,2017.0,2023.0,8.91,36.54,43
BAW Mendis,3.0,3.0,6.0,0.0,0.0,0.0,0.0,1.0,1.0,2.0,2.0,3.0,2009.0,2013.0,1.5,50.0,10.0,8.0,306.0,244.0,2.0,4.0,2008.0,2013.0,7.52,38.25,10
BB McCullum,109.0,2882.0,2190.0,293.0,130.0,13.0,2.0,6.0,7.0,102.0,158.0,11.0,2008.0,2018.0,28.25,131.6,,,,,,,,,,,109
BB Samantray,8.0,125.0,113.0,13.0,2.0,1.0,0.0,1.0,3.0,5.0,55.0,2.0,2012.0,2013.0,25.0,110.62,,,,,,,,,,,8
BB Sran,7.0,10.0,14.0,0.0,0.0,0.0,0.0,0.0,6.0,1.0,3.0,3.0,2016.0,2019.0,10.0,71.43,24.0,18.0,767.0,483.0,3.0,5.0,2015.0,2019.0,9.53,42.61,24
BCJ Cutting,17.0,238.0,141.0,15.0,19.0,0.0,0.0,1.0,7.0,10.0,39.0,5.0,2014.0,2019.0,23.8,168.79,17.0,10.0,430.0,281.0,2.0,5.0,2014.0,2019.0,9.18,43.0,17
BE Hendricks,2.0,1.0,3.0,0.0,0.0,0.0,0.0,1.0,1.0,1.0,1.0,2.0,2014.0,2015.0,1.0,33.33,7.0,9.0,239.0,150.0,3.0,2.0,2014.0,2015.0,9.56,26.56,7
BJ Dwarshuis,,,,,,,,,,,,,,,,,1.0,1.0,51.0,24.0,1.0,1.0,2026.0,2026.0,12.75,51.0,1
BJ Haddin,1.0,18.0,11.0,2.0,1.0,0.0,0.0,0.0,0.0,1.0,18.0,1.0,2011.0,2011.0,18.0,163.64,,,,,,,,,,,1
BJ Hodge,63.0,1400.0,1118.0,122.0,43.0,6.0,0.0,3.0,22.0,41.0,73.0,7.0,2008.0,2014.0,34.15,125.22,20.0,17.0,310.0,234.0,4.0,5.0,2009.0,2013.0,7.95,18.24,63
BJ Rohrer,8.0,193.0,141.0,21.0,5.0,1.0,0.0,0.0,2.0,6.0,64.0,1.0,2013.0,2013.0,32.17,136.88,1.0,0.0,12.0,6.0,0.0,1.0,2013.0,2013.0,12.0,999.0,8
BKG Mendis,1.0,20.0,10.0,1.0,2.0,0.0,0.0,0.0,0.0,1.0,20.0,1.0,2025.0,2025.0,20.0,200.0,,,,,,,,,,,1
BMAJ Mendis,3.0,23.0,27.0,0.0,0.0,0.0,0.0,1.0,0.0,3.0,12.0,1.0,2013.0,2013.0,7.67,85.19,2.0,1.0,36.0,30.0,1.0,1.0,2013.0,2013.0,7.2,36.0,3
BR Dunk,3.0,40.0,35.0,7.0,0.0,0.0,0.0,0.0,0.0,3.0,20.0,1.0,2014.0,2014.0,13.33,114.29,,,,,,,,,,,3
BR Sharath,1.0,2.0,5.0,0.0,0.0,0.0,0.0,0.0,0.0,1.0,2.0,1.0,2024.0,2024.0,2.0,40.0,,,,,,,,,,,1
BW Hilfenhaus,,,,,,,,,,,,,,,,,17.0,22.0,497.0,372.0,3.0,2.0,2012.0,2014.0,8.02,22.59,17
Basil Thampi,7.0,32.0,35.0,1.0,1.0,0.0,0.0,0.0,6.0,1.0,13.0,3.0,2017.0,2019.0,32.0,91.43,25.0,22.0,862.0,521.0,3.0,5.0,2017.0,2022.0,9.93,39.18,25
Bipul Sharma,17.0,187.0,123.0,11.0,9.0,0.0,0.0,0.0,11.0,6.0,35.0,6.0,2010.0,2017.0,31.17,152.03,28.0,17.0,581.0,426.0,2.0,7.0,2010.0,2017.0,8.18,34.18,28
Brijesh Sharma,2.0,2.0,4.0,0.0,0.0,0.0,0.0,0.0,2.0,0.0,1.0,1.0,2026.0,2026.0,2.0,50.0,13.0,14.0,452.0,273.0,2.0,1.0,2026.0,2026.0,9.93,32.29,13
C Bosch,6.0,97.0,63.0,8.0,5.0,0.0,0.0,0.0,3.0,3.0,32.0,2.0,2025.0,2026.0,32.33,153.97,8.0,13.0,253.0,163.0,4.0,2.0,2025.0,2026.0,9.31,19.46,8
C Connolly,13.0,491.0,301.0,43.0,32.0,2.0,1.0,1.0,2.0,11.0,107.0,1.0,2026.0,2026.0,44.64,163.12,,,,,,,,,,,13
C Ganapathy,,,,,,,,,,,,,,,,,1.0,0.0,13.0,6.0,0.0,1.0,2010.0,2010.0,13.0,999.0,1
C Green,42.0,1029.0,681.0,84.0,49.0,4.0,1.0,1.0,16.0,26.0,100.0,3.0,2023.0,2026.0,39.58,151.1,39.0,23.0,916.0,571.0,2.0,3.0,2023.0,2026.0,9.63,39.83,42
C Madan,1.0,15.0,19.0,3.0,0.0,0.0,0.0,0.0,0.0,1.0,15.0,1.0,2010.0,2010.0,15.0,78.95,,,,,,,,,,,1
C Munro,11.0,177.0,141.0,19.0,8.0,0.0,0.0,1.0,2.0,9.0,40.0,3.0,2016.0,2019.0,19.67,125.53,2.0,0.0,15.0,12.0,0.0,1.0,2016.0,2016.0,7.5,999.0,11
C Nanda,1.0,0.0,1.0,0.0,0.0,0.0,0.0,1.0,0.0,1.0,0.0,1.0,2009.0,2009.0,0.0,0.0,3.0,2.0,58.0,48.0,1.0,1.0,2009.0,2009.0,7.25,29.0,3
C Sakariya,7.0,20.0,31.0,3.0,0.0,0.0,0.0,1.0,2.0,5.0,7.0,2.0,2021.0,2023.0,4.0,64.52,20.0,20.0,649.0,444.0,3.0,4.0,2021.0,2025.0,8.77,32.45,20
C de Grandhomme,21.0,303.0,225.0,18.0,18.0,0.0,0.0,3.0,7.0,14.0,40.0,3.0,2017.0,2019.0,21.64,134.67,19.0,6.0,323.0,216.0,3.0,3.0,2017.0,2019.0,8.97,53.83,21
CA Ingram,15.0,205.0,180.0,22.0,5.0,0.0,0.0,0.0,3.0,12.0,47.0,2.0,2011.0,2019.0,17.08,113.89,,,,,,,,,,,15
CA Lynn,42.0,1329.0,945.0,132.0,66.0,10.0,0.0,3.0,4.0,38.0,93.0,7.0,2012.0,2021.0,34.97,140.63,,,,,,,,,,,42
CA Pujara,22.0,390.0,391.0,50.0,4.0,1.0,0.0,1.0,4.0,18.0,51.0,5.0,2010.0,2014.0,21.67,99.74,,,,,,,,,,,22
CH Gayle,141.0,4997.0,3346.0,408.0,359.0,32.0,6.0,8.0,17.0,124.0,175.0,13.0,2009.0,2021.0,40.3,149.34,38.0,18.0,755.0,554.0,3.0,8.0,2009.0,2020.0,8.18,41.94,141
CH Morris,49.0,618.0,398.0,41.0,35.0,2.0,0.0,9.0,21.0,28.0,82.0,8.0,2013.0,2021.0,22.07,155.28,81.0,96.0,2377.0,1726.0,4.0,8.0,2013.0,2021.0,8.26,24.76,81
CJ Anderson,29.0,538.0,423.0,40.0,31.0,3.0,0.0,2.0,7.0,22.0,95.0,4.0,2014.0,2018.0,24.45,127.19,22.0,11.0,525.0,297.0,2.0,4.0,2014.0,2018.0,10.61,47.73,29
CJ Dala,,,,,,,,,,,,,,,,,1.0,0.0,34.0,18.0,0.0,1.0,2018.0,2018.0,11.33,999.0,1
CJ Ferguson,8.0,98.0,117.0,9.0,0.0,0.0,0.0,0.0,2.0,6.0,23.0,2.0,2011.0,2012.0,16.33,83.76,,,,,,,,,,,8
CJ Green,,,,,,,,,,,,,,,,,1.0,0.0,24.0,17.0,0.0,1.0,2020.0,2020.0,8.47,999.0,1
CJ Jordan,12.0,81.0,77.0,3.0,3.0,0.0,0.0,1.0,3.0,9.0,30.0,6.0,2016.0,2023.0,9.0,105.19,34.0,30.0,1111.0,674.0,4.0,7.0,2016.0,2023.0,9.89,37.03,34
CJ McKay,1.0,8.0,15.0,0.0,0.0,0.0,0.0,0.0,0.0,1.0,8.0,1.0,2012.0,2012.0,8.0,53.33,2.0,1.0,60.0,42.0,1.0,1.0,2012.0,2012.0,8.57,60.0,2
CK Kapugedera,3.0,16.0,23.0,0.0,0.0,0.0,0.0,1.0,0.0,3.0,8.0,1.0,2008.0,2008.0,5.33,69.57,3.0,0.0,49.0,17.0,0.0,1.0,2008.0,2008.0,17.29,999.0,3
CK Langeveldt,2.0,8.0,9.0,0.0,1.0,0.0,0.0,1.0,0.0,2.0,8.0,2.0,2010.0,2011.0,4.0,88.89,7.0,13.0,199.0,156.0,3.0,3.0,2009.0,2011.0,7.65,15.31,7
CL White,45.0,971.0,760.0,76.0,38.0,6.0,0.0,4.0,11.0,34.0,78.0,5.0,2008.0,2013.0,28.56,127.76,6.0,1.0,86.0,42.0,1.0,4.0,2008.0,2013.0,12.29,86.0,45
CM Gautam,13.0,169.0,150.0,17.0,6.0,0.0,0.0,0.0,4.0,9.0,33.0,3.0,2013.0,2015.0,18.78,112.67,,,,,,,,,,,13
CR Brathwaite,14.0,181.0,111.0,10.0,16.0,0.0,0.0,0.0,1.0,13.0,43.0,4.0,2016.0,2019.0,13.92,163.06,16.0,13.0,384.0,254.0,3.0,4.0,2016.0,2019.0,9.07,29.54,16
CR Woakes,12.0,78.0,77.0,7.0,2.0,0.0,0.0,0.0,7.0,5.0,18.0,3.0,2017.0,2021.0,15.6,101.3,21.0,30.0,674.0,440.0,3.0,3.0,2017.0,2021.0,9.19,22.47,21
CRD Fernando,2.0,4.0,3.0,0.0,0.0,0.0,0.0,0.0,2.0,0.0,2.0,2.0,2008.0,2010.0,4.0,133.33,10.0,17.0,306.0,234.0,4.0,2.0,2008.0,2010.0,7.85,18.0,10
CV Varun,13.0,31.0,53.0,3.0,0.0,0.0,0.0,1.0,9.0,4.0,10.0,6.0,2020.0,2026.0,7.75,58.49,94.0,111.0,2795.0,2134.0,5.0,8.0,2019.0,2026.0,7.86,25.18,94
D Brevis,24.0,606.0,415.0,38.0,43.0,2.0,0.0,3.0,0.0,24.0,57.0,4.0,2022.0,2026.0,25.25,146.02,1.0,1.0,8.0,3.0,1.0,1.0,2022.0,2022.0,16.0,8.0,24
D Ferreira,16.0,326.0,191.0,26.0,23.0,2.0,0.0,1.0,4.0,12.0,69.0,3.0,2024.0,2026.0,27.17,170.68,3.0,1.0,41.0,18.0,1.0,1.0,2026.0,2026.0,13.67,41.0,16
D Jansen,,,,,,,,,,,,,,,,,1.0,1.0,53.0,24.0,1.0,1.0,2023.0,2023.0,13.25,53.0,1
D Kalyankrishna,1.0,3.0,8.0,0.0,0.0,0.0,0.0,0.0,0.0,1.0,3.0,1.0,2008.0,2008.0,3.0,37.5,3.0,2.0,88.0,48.0,1.0,1.0,2008.0,2008.0,11.0,44.0,3
D Madushanka,,,,,,,,,,,,,,,,,1.0,1.0,36.0,24.0,1.0,1.0,2026.0,2026.0,9.0,36.0,1
D Padikkal,89.0,2270.0,1705.0,241.0,80.0,14.0,1.0,6.0,5.0,84.0,101.0,7.0,2020.0,2026.0,27.02,133.14,,,,,,,,,,,89
D Pretorius,5.0,44.0,28.0,3.0,3.0,0.0,0.0,1.0,1.0,4.0,22.0,1.0,2022.0,2022.0,11.0,157.14,7.0,6.0,242.0,150.0,2.0,2.0,2022.0,2023.0,9.68,40.33,7
D Salunkhe,3.0,33.0,24.0,5.0,0.0,0.0,0.0,0.0,2.0,1.0,26.0,1.0,2008.0,2008.0,33.0,137.5,5.0,1.0,80.0,47.0,1.0,1.0,2008.0,2008.0,10.21,80.0,5
D Wiese,11.0,148.0,101.0,12.0,7.0,0.0,0.0,0.0,6.0,5.0,47.0,3.0,2015.0,2023.0,29.6,146.53,15.0,16.0,447.0,296.0,4.0,3.0,2015.0,2023.0,9.06,27.94,15
D du Preez,1.0,10.0,13.0,0.0,0.0,0.0,0.0,0.0,0.0,1.0,10.0,1.0,2009.0,2009.0,10.0,76.92,2.0,4.0,56.0,42.0,3.0,1.0,2009.0,2009.0,8.0,14.0,2
DA Miller,143.0,3288.0,2358.0,235.0,152.0,14.0,1.0,4.0,54.0,89.0,101.0,14.0,2012.0,2026.0,36.94,139.44,,,,,,,,,,,143
DA Payne,1.0,6.0,5.0,0.0,0.0,0.0,0.0,0.0,1.0,0.0,6.0,1.0,2026.0,2026.0,6.0,120.0,2.0,2.0,70.0,30.0,2.0,1.0,2026.0,2026.0,14.0,35.0,2
DA Warner,184.0,6567.0,4702.0,663.0,236.0,62.0,4.0,11.0,27.0,157.0,126.0,15.0,2009.0,2024.0,41.83,139.66,1.0,0.0,2.0,1.0,0.0,1.0,2020.0,2020.0,12.0,999.0,184
DAJ Bracewell,1.0,12.0,9.0,1.0,0.0,0.0,0.0,0.0,1.0,0.0,12.0,1.0,2012.0,2012.0,12.0,133.33,1.0,3.0,32.0,24.0,3.0,1.0,2012.0,2012.0,8.0,10.67,1
DB Das,22.0,304.0,261.0,23.0,16.0,0.0,0.0,1.0,10.0,12.0,35.0,3.0,2008.0,2013.0,25.33,116.48,,,,,,,,,,,22
DB Ravi Teja,25.0,375.0,317.0,35.0,9.0,1.0,0.0,1.0,6.0,19.0,60.0,5.0,2008.0,2013.0,19.74,118.3,2.0,1.0,28.0,18.0,1.0,2.0,2008.0,2011.0,9.33,28.0,25
DE Bollinger,4.0,21.0,23.0,1.0,1.0,0.0,0.0,0.0,3.0,1.0,16.0,3.0,2010.0,2012.0,21.0,91.3,27.0,37.0,716.0,576.0,4.0,3.0,2010.0,2012.0,7.46,19.35,27
DG Nalkande,2.0,12.0,12.0,0.0,1.0,0.0,0.0,1.0,0.0,2.0,12.0,2.0,2023.0,2024.0,6.0,100.0,6.0,6.0,150.0,84.0,2.0,3.0,2022.0,2024.0,10.71,25.0,6
DH Yagnik,17.0,170.0,137.0,23.0,2.0,0.0,0.0,1.0,8.0,9.0,34.0,4.0,2011.0,2014.0,18.89,124.09,,,,,,,,,,,17
DJ Bravo,110.0,1560.0,1204.0,120.0,66.0,5.0,0.0,5.0,42.0,68.0,70.0,14.0,2008.0,2022.0,22.94,129.57,158.0,183.0,4436.0,3120.0,4.0,13.0,2008.0,2022.0,8.53,24.24,158
DJ Harris,4.0,111.0,101.0,11.0,5.0,0.0,0.0,0.0,1.0,3.0,47.0,1.0,2012.0,2012.0,37.0,109.9,2.0,0.0,26.0,18.0,0.0,1.0,2012.0,2012.0,8.67,999.0,4
DJ Hooda,101.0,1497.0,1173.0,98.0,62.0,8.0,0.0,5.0,22.0,79.0,64.0,11.0,2015.0,2025.0,18.95,127.62,34.0,10.0,550.0,379.0,2.0,11.0,2015.0,2025.0,8.71,55.0,101
DJ Hussey,61.0,1322.0,1075.0,90.0,60.0,5.0,0.0,4.0,15.0,46.0,71.0,7.0,2008.0,2014.0,28.74,122.98,26.0,8.0,485.0,317.0,2.0,7.0,2008.0,2014.0,9.18,60.62,61
DJ Jacobs,7.0,92.0,98.0,10.0,4.0,0.0,0.0,1.0,0.0,7.0,32.0,2.0,2011.0,2012.0,13.14,93.88,,,,,,,,,,,7
DJ Malan,1.0,26.0,26.0,1.0,1.0,0.0,0.0,0.0,0.0,1.0,26.0,1.0,2021.0,2021.0,26.0,100.0,,,,,,,,,,,1
DJ Mitchell,15.0,351.0,267.0,28.0,10.0,2.0,0.0,0.0,2.0,13.0,63.0,2.0,2022.0,2024.0,27.0,131.46,4.0,1.0,97.0,48.0,1.0,2.0,2022.0,2024.0,12.12,97.0,15
DJ Muthuswami,1.0,1.0,3.0,0.0,0.0,0.0,0.0,0.0,0.0,1.0,1.0,1.0,2015.0,2015.0,1.0,33.33,6.0,4.0,108.0,84.0,2.0,1.0,2015.0,2015.0,7.71,27.0,6
DJ Thornely,4.0,39.0,53.0,2.0,2.0,0.0,0.0,1.0,1.0,3.0,30.0,1.0,2008.0,2008.0,13.0,73.58,4.0,3.0,40.0,42.0,2.0,1.0,2008.0,2008.0,5.71,13.33,4
DJ Willey,5.0,53.0,62.0,7.0,0.0,0.0,0.0,1.0,3.0,2.0,20.0,2.0,2022.0,2023.0,26.5,85.48,11.0,6.0,277.0,216.0,2.0,3.0,2018.0,2023.0,7.69,46.17,11
DJG Sammy,20.0,295.0,241.0,15.0,18.0,1.0,0.0,2.0,5.0,15.0,60.0,3.0,2013.0,2015.0,19.67,122.41,19.0,11.0,354.0,236.0,4.0,3.0,2013.0,2015.0,9.0,32.18,20
DJM Short,7.0,115.0,99.0,11.0,5.0,0.0,0.0,0.0,0.0,7.0,44.0,1.0,2018.0,2018.0,16.43,116.16,2.0,1.0,23.0,18.0,1.0,1.0,2018.0,2018.0,7.67,23.0,7
DL Chahar,20.0,142.0,103.0,8.0,9.0,0.0,0.0,4.0,10.0,10.0,39.0,8.0,2017.0,2026.0,14.2,137.86,103.0,96.0,2890.0,2068.0,4.0,10.0,2016.0,2026.0,8.38,30.1,103
DL Vettori,16.0,121.0,113.0,11.0,2.0,0.0,0.0,1.0,9.0,7.0,29.0,4.0,2009.0,2012.0,17.29,107.08,34.0,28.0,894.0,777.0,3.0,5.0,2008.0,2012.0,6.9,31.93,34
DM Bravo,1.0,6.0,5.0,1.0,0.0,0.0,0.0,0.0,1.0,0.0,6.0,1.0,2017.0,2017.0,6.0,120.0,,,,,,,,,,,1
DNT Zoysa,2.0,11.0,9.0,1.0,0.0,0.0,0.0,0.0,1.0,1.0,10.0,1.0,2008.0,2008.0,11.0,122.22,3.0,2.0,100.0,66.0,1.0,1.0,2008.0,2008.0,9.09,50.0,3
DP Conway,28.0,1080.0,773.0,117.0,34.0,11.0,0.0,3.0,4.0,24.0,92.0,3.0,2022.0,2025.0,45.0,139.72,,,,,,,,,,,28
DP Nannes,2.0,4.0,13.0,0.0,0.0,0.0,0.0,0.0,1.0,1.0,3.0,1.0,2010.0,2010.0,4.0,30.77,29.0,28.0,815.0,646.0,3.0,4.0,2009.0,2013.0,7.57,29.11,29
DP Vijaykumar,1.0,1.0,1.0,0.0,0.0,0.0,0.0,0.0,1.0,0.0,1.0,1.0,2008.0,2008.0,1.0,100.0,9.0,4.0,205.0,152.0,1.0,1.0,2008.0,2008.0,8.09,51.25,9
DPMD Jayawardene,78.0,1808.0,1464.0,200.0,40.0,10.0,1.0,2.0,20.0,58.0,110.0,6.0,2008.0,2013.0,31.17,123.5,,,,,,,,,,,78
DR Martyn,1.0,19.0,24.0,1.0,0.0,0.0,0.0,0.0,0.0,1.0,19.0,1.0,2010.0,2010.0,19.0,79.17,,,,,,,,,,,1
DR Sams,13.0,44.0,44.0,1.0,3.0,0.0,0.0,3.0,4.0,9.0,15.0,3.0,2020.0,2022.0,4.89,100.0,16.0,14.0,528.0,360.0,4.0,3.0,2020.0,2022.0,8.8,37.71,16
DR Shorey,2.0,13.0,17.0,0.0,1.0,0.0,0.0,0.0,0.0,2.0,8.0,2.0,2018.0,2019.0,6.5,76.47,,,,,,,,,,,2
DR Smith,88.0,2385.0,1764.0,245.0,117.0,17.0,0.0,8.0,8.0,80.0,87.0,9.0,2008.0,2017.0,29.81,135.2,46.0,26.0,825.0,539.0,4.0,9.0,2008.0,2017.0,9.18,31.73,88
DS Kulkarni,20.0,104.0,108.0,7.0,2.0,0.0,0.0,0.0,12.0,8.0,28.0,11.0,2008.0,2020.0,13.0,96.3,92.0,86.0,2513.0,1787.0,4.0,14.0,2008.0,2021.0,8.44,29.22,92
DS Lehmann,2.0,18.0,18.0,3.0,0.0,0.0,0.0,0.0,0.0,2.0,17.0,1.0,2008.0,2008.0,9.0,100.0,,,,,,,,,,,2
DS Rathi,3.0,3.0,8.0,0.0,0.0,0.0,0.0,0.0,2.0,1.0,2.0,2.0,2025.0,2026.0,3.0,37.5,23.0,19.0,834.0,546.0,2.0,2.0,2025.0,2026.0,9.16,43.89,23
DT Christian,41.0,460.0,398.0,23.0,19.0,0.0,0.0,2.0,14.0,27.0,39.0,6.0,2011.0,2021.0,17.04,115.58,49.0,38.0,1218.0,883.0,2.0,6.0,2011.0,2021.0,8.28,32.05,49
DT Patil,2.0,13.0,13.0,1.0,0.0,0.0,0.0,0.0,1.0,1.0,9.0,1.0,2008.0,2008.0,13.0,100.0,,,,,,,,,,,2
DV Malewar,2.0,2.0,5.0,0.0,0.0,0.0,0.0,1.0,0.0,2.0,2.0,1.0,2026.0,2026.0,1.0,40.0,,,,,,,,,,,2
DW Steyn,33.0,167.0,160.0,14.0,3.0,0.0,0.0,5.0,13.0,20.0,19.0,10.0,2008.0,2020.0,8.35,104.38,95.0,97.0,2583.0,2182.0,3.0,11.0,2008.0,2020.0,7.1,26.63,95
Dhruv Jurel,51.0,1195.0,775.0,98.0,62.0,10.0,0.0,5.0,15.0,36.0,81.0,4.0,2023.0,2026.0,33.19,154.19,,,,,,,,,,,51
E Lewis,26.0,654.0,477.0,62.0,36.0,4.0,0.0,2.0,2.0,24.0,65.0,4.0,2018.0,2022.0,27.25,137.11,,,,,,,,,,,26
E Malinga,3.0,7.0,17.0,0.0,0.0,0.0,0.0,0.0,2.0,1.0,5.0,1.0,2026.0,2026.0,7.0,41.18,22.0,33.0,754.0,486.0,4.0,2.0,2025.0,2026.0,9.31,22.85,22
EJG Morgan,74.0,1406.0,1148.0,112.0,64.0,5.0,0.0,5.0,15.0,59.0,68.0,8.0,2010.0,2021.0,23.83,122.47,,,,,,,,,,,74
ER Dwivedi,2.0,24.0,14.0,2.0,2.0,0.0,0.0,0.0,0.0,2.0,19.0,1.0,2016.0,2016.0,12.0,171.43,,,,,,,,,,,2
F Behardien,3.0,14.0,13.0,2.0,0.0,0.0,0.0,1.0,1.0,2.0,9.0,1.0,2016.0,2016.0,7.0,107.69,,,,,,,,,,,3
F du Plessis,147.0,4773.0,3515.0,440.0,174.0,39.0,0.0,7.0,19.0,128.0,96.0,13.0,2012.0,2025.0,37.29,135.79,1.0,0.0,16.0,6.0,0.0,1.0,2012.0,2012.0,16.0,999.0,147
FA Allen,3.0,14.0,19.0,1.0,0.0,0.0,0.0,0.0,1.0,2.0,8.0,2.0,2021.0,2022.0,7.0,73.68,4.0,2.0,136.0,90.0,1.0,2.0,2021.0,2022.0,9.07,68.0,4
FH Allen,11.0,349.0,163.0,33.0,28.0,1.0,1.0,0.0,1.0,10.0,100.0,1.0,2026.0,2026.0,34.9,214.11,,,,,,,,,,,11
FH Edwards,2.0,4.0,5.0,0.0,0.0,0.0,0.0,0.0,1.0,1.0,3.0,1.0,2009.0,2009.0,4.0,80.0,6.0,5.0,160.0,140.0,2.0,1.0,2009.0,2009.0,6.86,32.0,6
FY Fazal,11.0,183.0,173.0,22.0,1.0,0.0,0.0,1.0,2.0,9.0,45.0,2.0,2010.0,2011.0,20.33,105.78,2.0,0.0,20.0,12.0,0.0,1.0,2010.0,2010.0,10.0,999.0,11
Fazalhaq Farooqi,3.0,5.0,15.0,0.0,0.0,0.0,0.0,0.0,3.0,0.0,2.0,3.0,2022.0,2025.0,5.0,33.33,12.0,6.0,440.0,254.0,2.0,3.0,2022.0,2025.0,10.39,73.33,12
G Coetzee,7.0,31.0,33.0,2.0,2.0,0.0,0.0,1.0,1.0,6.0,12.0,2.0,2024.0,2025.0,5.17,93.94,14.0,15.0,490.0,273.0,4.0,2.0,2024.0,2025.0,10.77,32.67,14
G Gambhir,151.0,4217.0,3404.0,492.0,59.0,36.0,0.0,11.0,23.0,128.0,93.0,11.0,2008.0,2018.0,32.95,123.88,,,,,,,,,,,151
GB Hogg,4.0,22.0,22.0,1.0,0.0,0.0,0.0,0.0,2.0,2.0,13.0,2.0,2012.0,2015.0,11.0,100.0,21.0,23.0,585.0,458.0,4.0,4.0,2012.0,2016.0,7.66,25.43,21
GC Smith,29.0,739.0,668.0,94.0,9.0,4.0,0.0,3.0,3.0,26.0,91.0,4.0,2008.0,2011.0,28.42,110.63,,,,,,,,,,,29
GC Viljoen,3.0,3.0,7.0,0.0,0.0,0.0,0.0,1.0,1.0,2.0,2.0,1.0,2019.0,2019.0,1.5,42.86,6.0,7.0,229.0,138.0,2.0,1.0,2019.0,2019.0,9.96,32.71,6
GD McGrath,2.0,4.0,5.0,1.0,0.0,0.0,0.0,1.0,1.0,1.0,4.0,1.0,2008.0,2008.0,4.0,80.0,14.0,12.0,366.0,324.0,4.0,1.0,2008.0,2008.0,6.78,30.5,14
GD Phillips,13.0,132.0,109.0,7.0,8.0,0.0,0.0,1.0,2.0,11.0,25.0,3.0,2021.0,2026.0,12.0,121.1,4.0,2.0,40.0,30.0,1.0,2.0,2021.0,2023.0,8.0,20.0,13
GF Linde,3.0,31.0,21.0,6.0,0.0,0.0,0.0,0.0,0.0,3.0,16.0,1.0,2026.0,2026.0,10.33,147.62,3.0,1.0,55.0,37.0,1.0,1.0,2026.0,2026.0,8.92,55.0,3
GH Vihari,23.0,284.0,321.0,23.0,1.0,0.0,0.0,0.0,4.0,19.0,46.0,3.0,2013.0,2019.0,14.95,88.47,6.0,1.0,48.0,42.0,1.0,2.0,2013.0,2019.0,6.86,48.0,23
GHS Garton,2.0,2.0,4.0,0.0,0.0,0.0,0.0,1.0,1.0,1.0,2.0,1.0,2021.0,2021.0,2.0,50.0,5.0,3.0,136.0,90.0,1.0,1.0,2021.0,2021.0,9.07,45.33,5
GJ Bailey,36.0,663.0,544.0,59.0,19.0,2.0,0.0,1.0,10.0,26.0,61.0,5.0,2009.0,2016.0,25.5,121.88,,,,,,,,,,,36
GJ Maxwell,134.0,2820.0,1818.0,238.0,161.0,18.0,0.0,19.0,20.0,114.0,95.0,13.0,2012.0,2025.0,24.74,155.12,85.0,41.0,1422.0,1022.0,2.0,13.0,2012.0,2025.0,8.35,34.68,134
GR Napier,1.0,15.0,16.0,1.0,0.0,0.0,0.0,0.0,0.0,1.0,15.0,1.0,2009.0,2009.0,15.0,93.75,1.0,1.0,28.0,24.0,1.0,1.0,2009.0,2009.0,7.0,28.0,1
GS Sandhu,,,,,,,,,,,,,,,,,2.0,1.0,86.0,48.0,1.0,1.0,2015.0,2015.0,10.75,86.0,2
Gagandeep Singh,,,,,,,,,,,,,,,,,4.0,3.0,142.0,84.0,1.0,1.0,2008.0,2008.0,10.14,47.33,4
Gulbadin Naib,1.0,19.0,15.0,1.0,1.0,0.0,0.0,0.0,0.0,1.0,19.0,1.0,2024.0,2024.0,19.0,126.67,1.0,0.0,12.0,6.0,0.0,1.0,2024.0,2024.0,12.0,999.0,1
Gurjapneet Singh,,,,,,,,,,,,,,,,,8.0,4.0,233.0,151.0,1.0,1.0,2026.0,2026.0,9.26,58.25,8
Gurkeerat Singh,32.0,511.0,422.0,55.0,11.0,2.0,0.0,4.0,8.0,24.0,65.0,6.0,2012.0,2020.0,21.29,121.09,6.0,5.0,97.0,78.0,2.0,2.0,2015.0,2016.0,7.46,19.4,32
Gurnoor Brar,,,,,,,,,,,,,,,,,1.0,0.0,42.0,18.0,0.0,1.0,2023.0,2023.0,14.0,999.0,1
H Das,1.0,2.0,5.0,0.0,0.0,0.0,0.0,0.0,0.0,1.0,2.0,1.0,2008.0,2008.0,2.0,40.0,,,,,,,,,,,1
H Klaasen,60.0,2104.0,1262.0,146.0,120.0,13.0,2.0,1.0,11.0,49.0,105.0,6.0,2018.0,2026.0,42.94,166.72,,,,,,,,,,,60
H Sharma,,,,,,,,,,,,,,,,,2.0,0.0,62.0,30.0,0.0,2.0,2023.0,2024.0,12.4,999.0,2
HC Brook,11.0,190.0,154.0,23.0,4.0,0.0,1.0,3.0,2.0,9.0,100.0,1.0,2023.0,2023.0,21.11,123.38,,,,,,,,,,,11
HE van der Dussen,3.0,22.0,24.0,2.0,0.0,0.0,0.0,0.0,1.0,2.0,12.0,1.0,2022.0,2022.0,11.0,91.67,,,,,,,,,,,3
HF Gurney,1.0,1.0,5.0,0.0,0.0,0.0,0.0,0.0,1.0,0.0,1.0,1.0,2019.0,2019.0,1.0,20.0,8.0,7.0,239.0,162.0,2.0,1.0,2019.0,2019.0,8.85,34.14,8
HH Gibbs,36.0,886.0,807.0,83.0,31.0,6.0,0.0,4.0,5.0,31.0,69.0,4.0,2008.0,2012.0,28.58,109.79,,,,,,,,,,,36
HH Pandya,150.0,2964.0,2025.0,228.0,157.0,10.0,0.0,6.0,46.0,104.0,91.0,12.0,2015.0,2026.0,28.5,146.37,116.0,82.0,2802.0,1764.0,5.0,10.0,2015.0,2026.0,9.53,34.17,150
HM Amla,16.0,577.0,407.0,60.0,21.0,3.0,2.0,2.0,3.0,13.0,104.0,2.0,2016.0,2017.0,44.38,141.77,,,,,,,,,,,16
HR Shokeen,5.0,66.0,65.0,9.0,0.0,0.0,0.0,0.0,2.0,3.0,25.0,2.0,2022.0,2023.0,22.0,101.54,13.0,5.0,320.0,204.0,2.0,2.0,2022.0,2023.0,9.41,64.0,13
HV Patel,44.0,280.0,238.0,18.0,15.0,0.0,0.0,9.0,16.0,28.0,36.0,12.0,2012.0,2026.0,10.0,117.65,121.0,151.0,3801.0,2506.0,5.0,14.0,2012.0,2026.0,9.1,25.17,121
Harbhajan Singh,88.0,833.0,604.0,79.0,42.0,1.0,0.0,12.0,37.0,51.0,64.0,13.0,2008.0,2021.0,16.33,137.91,160.0,150.0,4101.0,3416.0,5.0,13.0,2008.0,2021.0,7.2,27.34,160
Harmeet Singh,4.0,18.0,12.0,3.0,0.0,0.0,0.0,1.0,2.0,2.0,14.0,3.0,2010.0,2013.0,9.0,150.0,27.0,26.0,713.0,525.0,3.0,5.0,2009.0,2013.0,8.15,27.42,27
Harmeet Singh (2),,,,,,,,,,,,,,,,,1.0,1.0,34.0,24.0,1.0,1.0,2013.0,2013.0,8.5,34.0,1
Harpreet Brar,27.0,249.0,206.0,20.0,10.0,0.0,0.0,1.0,15.0,12.0,29.0,7.0,2019.0,2026.0,20.75,120.87,48.0,37.0,1157.0,859.0,4.0,8.0,2019.0,2026.0,8.08,31.27,48
Harpreet Singh,8.0,123.0,119.0,10.0,3.0,0.0,0.0,0.0,2.0,6.0,41.0,4.0,2011.0,2024.0,20.5,103.36,,,,,,,,,,,8
Harsh Dubey,4.0,13.0,9.0,2.0,0.0,0.0,0.0,1.0,2.0,2.0,9.0,1.0,2026.0,2026.0,6.5,144.44,11.0,13.0,328.0,192.0,3.0,2.0,2025.0,2026.0,10.25,25.23,11
Harshit Rana,10.0,59.0,56.0,5.0,3.0,0.0,0.0,1.0,4.0,6.0,34.0,3.0,2022.0,2025.0,9.83,105.36,32.0,40.0,1047.0,649.0,3.0,4.0,2022.0,2025.0,9.68,26.18,32
Himmat Singh,5.0,92.0,69.0,5.0,5.0,0.0,0.0,0.0,2.0,3.0,40.0,1.0,2026.0,2026.0,30.67,133.33,,,,,,,,,,,5
I Malhotra,1.0,7.0,4.0,1.0,0.0,0.0,0.0,0.0,1.0,0.0,7.0,1.0,2011.0,2011.0,7.0,175.0,1.0,0.0,23.0,6.0,0.0,1.0,2011.0,2011.0,23.0,999.0,1
I Sharma,21.0,57.0,69.0,4.0,2.0,0.0,0.0,1.0,15.0,6.0,10.0,8.0,2008.0,2024.0,9.5,82.61,117.0,96.0,3465.0,2419.0,5.0,15.0,2008.0,2025.0,8.59,36.09,117
I Udana,4.0,15.0,11.0,1.0,1.0,0.0,0.0,1.0,1.0,3.0,10.0,1.0,2020.0,2020.0,5.0,136.36,10.0,8.0,286.0,174.0,2.0,1.0,2020.0,2020.0,9.86,35.75,10
IC Pandey,1.0,0.0,2.0,0.0,0.0,0.0,0.0,1.0,0.0,1.0,0.0,1.0,2013.0,2013.0,0.0,0.0,24.0,18.0,609.0,462.0,2.0,3.0,2013.0,2015.0,7.91,33.83,24
IC Porel,,,,,,,,,,,,,,,,,1.0,1.0,42.0,24.0,1.0,1.0,2021.0,2021.0,10.5,42.0,1
IK Pathan,82.0,1150.0,950.0,88.0,38.0,1.0,0.0,3.0,33.0,49.0,60.0,9.0,2008.0,2017.0,23.47,121.05,101.0,80.0,2711.0,2043.0,3.0,9.0,2008.0,2017.0,7.96,33.89,101
IR Jaggi,7.0,76.0,97.0,6.0,0.0,0.0,0.0,0.0,2.0,5.0,28.0,3.0,2011.0,2017.0,15.2,78.35,,,,,,,,,,,7
IS Sodhi,2.0,7.0,17.0,0.0,0.0,0.0,0.0,0.0,0.0,2.0,6.0,2.0,2018.0,2019.0,3.5,41.18,8.0,9.0,204.0,181.0,3.0,2.0,2018.0,2019.0,6.76,22.67,8
Imran Tahir,8.0,33.0,37.0,5.0,0.0,0.0,0.0,0.0,4.0,4.0,13.0,6.0,2014.0,2020.0,8.25,89.19,59.0,82.0,1729.0,1316.0,4.0,8.0,2014.0,2021.0,7.88,21.09,59
Iqbal Abdulla,13.0,88.0,84.0,9.0,1.0,0.0,0.0,1.0,12.0,1.0,33.0,8.0,2008.0,2017.0,88.0,104.76,48.0,40.0,1125.0,920.0,3.0,9.0,2008.0,2017.0,7.34,28.12,48
Ishan Kishan,127.0,3600.0,2508.0,348.0,166.0,23.0,1.0,11.0,12.0,115.0,106.0,11.0,2016.0,2026.0,31.3,143.54,1.0,0.0,4.0,1.0,0.0,1.0,2025.0,2025.0,24.0,999.0,127
J Arunkumar,3.0,23.0,23.0,5.0,0.0,0.0,0.0,1.0,0.0,3.0,22.0,1.0,2008.0,2008.0,7.67,100.0,,,,,,,,,,,3
J Botha,28.0,409.0,359.0,39.0,5.0,1.0,0.0,0.0,8.0,20.0,67.0,5.0,2009.0,2015.0,20.45,113.93,34.0,25.0,818.0,694.0,3.0,5.0,2009.0,2015.0,7.07,32.72,34
J Fraser-McGurk,15.0,385.0,193.0,39.0,30.0,4.0,0.0,3.0,1.0,14.0,84.0,2.0,2024.0,2025.0,27.5,199.48,,,,,,,,,,,15
J Little,,,,,,,,,,,,,,,,,11.0,11.0,341.0,228.0,4.0,2.0,2023.0,2024.0,8.97,31.0,11
J Overton,8.0,151.0,93.0,14.0,7.0,0.0,0.0,0.0,3.0,5.0,43.0,2.0,2025.0,2026.0,30.2,162.37,13.0,14.0,338.0,204.0,4.0,2.0,2025.0,2026.0,9.94,24.14,13
J Suchith,9.0,70.0,61.0,6.0,3.0,0.0,0.0,1.0,5.0,4.0,34.0,4.0,2015.0,2022.0,17.5,114.75,21.0,19.0,604.0,420.0,2.0,5.0,2015.0,2022.0,8.63,31.79,21
J Syed Mohammad,5.0,29.0,26.0,4.0,0.0,0.0,0.0,0.0,3.0,2.0,13.0,3.0,2011.0,2013.0,14.5,111.54,11.0,8.0,286.0,192.0,2.0,3.0,2011.0,2013.0,8.94,35.75,11
J Theron,4.0,10.0,12.0,1.0,0.0,0.0,0.0,1.0,2.0,2.0,7.0,3.0,2010.0,2015.0,5.0,83.33,10.0,11.0,311.0,221.0,4.0,3.0,2010.0,2015.0,8.44,28.27,10
J Yadav,4.0,40.0,36.0,2.0,1.0,0.0,0.0,0.0,2.0,2.0,23.0,2.0,2016.0,2021.0,20.0,111.11,20.0,8.0,447.0,390.0,1.0,7.0,2015.0,2023.0,6.88,55.88,20
JA Duffy,,,,,,,,,,,,,,,,,6.0,9.0,266.0,144.0,3.0,1.0,2026.0,2026.0,11.08,29.56,6
JA Morkel,67.0,975.0,687.0,61.0,55.0,3.0,0.0,3.0,29.0,38.0,73.0,9.0,2008.0,2016.0,25.66,141.92,87.0,85.0,2409.0,1723.0,4.0,9.0,2008.0,2016.0,8.39,28.34,87
JA Richardson,3.0,17.0,26.0,2.0,0.0,0.0,0.0,1.0,0.0,3.0,15.0,2.0,2021.0,2024.0,5.67,65.38,4.0,3.0,162.0,90.0,2.0,2.0,2021.0,2024.0,10.8,54.0,4
JC Archer,40.0,326.0,225.0,18.0,22.0,0.0,0.0,5.0,16.0,24.0,32.0,6.0,2018.0,2026.0,13.58,144.89,68.0,84.0,2221.0,1578.0,3.0,6.0,2018.0,2026.0,8.44,26.44,68
JC Buttler,136.0,4647.0,3105.0,459.0,211.0,28.0,7.0,8.0,21.0,115.0,124.0,11.0,2016.0,2026.0,40.41,149.66,,,,,,,,,,,136
JD Ryder,29.0,604.0,458.0,69.0,19.0,4.0,0.0,4.0,2.0,27.0,86.0,3.0,2009.0,2012.0,22.37,131.88,16.0,8.0,314.0,236.0,2.0,3.0,2009.0,2012.0,7.98,39.25,29
JD Unadkat,28.0,201.0,169.0,16.0,7.0,0.0,0.0,2.0,15.0,13.0,26.0,11.0,2013.0,2026.0,15.46,118.93,115.0,114.0,3541.0,2351.0,5.0,17.0,2010.0,2026.0,9.04,31.06,115
JDP Oram,11.0,106.0,108.0,6.0,5.0,0.0,0.0,1.0,3.0,8.0,41.0,3.0,2008.0,2011.0,13.25,98.15,14.0,9.0,362.0,237.0,3.0,4.0,2008.0,2013.0,9.16,40.22,14
JDS Neesham,10.0,92.0,93.0,6.0,2.0,0.0,0.0,2.0,2.0,8.0,22.0,4.0,2014.0,2022.0,11.5,98.92,13.0,8.0,342.0,216.0,3.0,4.0,2014.0,2022.0,9.5,42.75,13
JE Root,1.0,10.0,15.0,1.0,0.0,0.0,0.0,0.0,0.0,1.0,10.0,1.0,2023.0,2023.0,10.0,66.67,1.0,0.0,15.0,12.0,0.0,1.0,2023.0,2023.0,7.5,999.0,1
JE Taylor,2.0,3.0,3.0,0.0,0.0,0.0,0.0,0.0,2.0,0.0,2.0,1.0,2011.0,2011.0,3.0,100.0,5.0,6.0,167.0,117.0,3.0,1.0,2011.0,2011.0,8.56,27.83,5
JEC Franklin,16.0,327.0,301.0,25.0,9.0,1.0,0.0,0.0,5.0,11.0,79.0,2.0,2011.0,2012.0,29.73,108.64,15.0,9.0,225.0,151.0,2.0,2.0,2011.0,2012.0,8.94,25.0,16
JG Bethell,9.0,163.0,116.0,21.0,6.0,1.0,0.0,0.0,0.0,9.0,55.0,2.0,2025.0,2026.0,18.11,140.52,,,,,,,,,,,9
JH Kallis,95.0,2427.0,2222.0,255.0,44.0,17.0,0.0,7.0,12.0,83.0,89.0,7.0,2008.0,2014.0,29.24,109.23,89.0,65.0,2348.0,1742.0,3.0,7.0,2008.0,2014.0,8.09,36.12,95
JJ Bumrah,29.0,75.0,86.0,6.0,1.0,0.0,0.0,4.0,22.0,7.0,16.0,11.0,2014.0,2026.0,10.71,87.21,158.0,190.0,4582.0,3653.0,5.0,13.0,2013.0,2026.0,7.53,24.12,158
JJ Roy,21.0,614.0,443.0,75.0,21.0,4.0,0.0,0.0,2.0,19.0,91.0,4.0,2017.0,2023.0,32.32,138.6,,,,,,,,,,,21
JJ van der Wath,3.0,18.0,16.0,1.0,1.0,0.0,0.0,1.0,1.0,2.0,14.0,1.0,2011.0,2011.0,9.0,112.5,3.0,3.0,134.0,72.0,2.0,1.0,2011.0,2011.0,11.17,44.67,3
JL Denly,1.0,0.0,1.0,0.0,0.0,0.0,0.0,1.0,0.0,1.0,0.0,1.0,2019.0,2019.0,0.0,0.0,,,,,,,,,,,1
JL Pattinson,2.0,15.0,13.0,2.0,0.0,0.0,0.0,0.0,1.0,1.0,11.0,1.0,2020.0,2020.0,15.0,115.38,10.0,11.0,321.0,213.0,2.0,1.0,2020.0,2020.0,9.04,29.18,10
JM Bairstow,52.0,1674.0,1146.0,173.0,74.0,9.0,2.0,3.0,5.0,47.0,114.0,6.0,2019.0,2025.0,35.62,146.07,,,,,,,,,,,52
JM Kemp,2.0,26.0,24.0,1.0,1.0,0.0,0.0,0.0,0.0,2.0,22.0,1.0,2010.0,2010.0,13.0,108.33,5.0,3.0,58.0,44.0,3.0,1.0,2010.0,2010.0,7.91,19.33,5
JM Sharma,59.0,1107.0,726.0,86.0,68.0,1.0,0.0,3.0,11.0,48.0,85.0,5.0,2022.0,2026.0,23.06,152.48,,,,,,,,,,,59
JO Holder,34.0,324.0,263.0,16.0,21.0,0.0,0.0,3.0,8.0,26.0,47.0,7.0,2014.0,2026.0,12.46,123.19,57.0,70.0,1781.0,1225.0,4.0,8.0,2013.0,2026.0,8.72,25.44,57
JP Behrendorff,2.0,6.0,9.0,0.0,0.0,0.0,0.0,0.0,2.0,0.0,3.0,1.0,2023.0,2023.0,6.0,66.67,17.0,19.0,563.0,366.0,3.0,2.0,2019.0,2023.0,9.23,29.63,17
JP Duminy,75.0,2029.0,1636.0,126.0,79.0,14.0,0.0,1.0,27.0,48.0,78.0,8.0,2009.0,2018.0,42.27,124.02,49.0,23.0,847.0,678.0,4.0,8.0,2009.0,2018.0,7.5,36.83,75
JP Faulkner,45.0,527.0,390.0,36.0,23.0,0.0,0.0,0.0,20.0,25.0,46.0,6.0,2012.0,2017.0,21.08,135.13,60.0,61.0,1849.0,1238.0,5.0,7.0,2011.0,2017.0,8.96,30.31,60
JP Inglis,16.0,544.0,314.0,58.0,28.0,4.0,0.0,0.0,2.0,14.0,85.0,2.0,2025.0,2026.0,38.86,173.25,,,,,,,,,,,16
JPR Scantlebury-Searles,2.0,8.0,6.0,0.0,1.0,0.0,0.0,0.0,1.0,1.0,6.0,1.0,2018.0,2018.0,8.0,133.33,3.0,2.0,89.0,42.0,1.0,1.0,2018.0,2018.0,12.71,44.5,3
JR Hazlewood,8.0,19.0,30.0,1.0,0.0,0.0,0.0,1.0,7.0,1.0,7.0,4.0,2022.0,2026.0,19.0,63.33,52.0,72.0,1725.0,1176.0,4.0,6.0,2020.0,2026.0,8.8,23.96,52
JR Hopes,19.0,417.0,306.0,49.0,11.0,4.0,0.0,1.0,3.0,16.0,71.0,2.0,2008.0,2011.0,26.06,136.27,20.0,14.0,562.0,360.0,2.0,2.0,2008.0,2011.0,9.37,40.14,20
JR Philippe,5.0,78.0,77.0,9.0,1.0,0.0,0.0,1.0,1.0,4.0,33.0,1.0,2020.0,2020.0,19.5,101.3,,,,,,,,,,,5
JW Hastings,,,,,,,,,,,,,,,,,3.0,3.0,66.0,58.0,2.0,2.0,2014.0,2016.0,6.83,22.0,3
Jalaj S Saxena,,,,,,,,,,,,,,,,,1.0,0.0,27.0,18.0,0.0,1.0,2021.0,2021.0,9.0,999.0,1
Jaskaran Singh,4.0,8.0,11.0,0.0,0.0,0.0,0.0,0.0,3.0,1.0,4.0,1.0,2010.0,2010.0,8.0,72.73,7.0,6.0,174.0,102.0,2.0,2.0,2009.0,2010.0,10.24,29.0,7
Joginder Sharma,5.0,36.0,30.0,1.0,2.0,0.0,0.0,2.0,1.0,4.0,16.0,3.0,2008.0,2011.0,9.0,120.0,15.0,12.0,421.0,256.0,2.0,4.0,2008.0,2011.0,9.87,35.08,15
K Goel,16.0,218.0,231.0,17.0,9.0,0.0,0.0,1.0,3.0,13.0,38.0,3.0,2008.0,2010.0,16.77,94.37,6.0,0.0,94.0,66.0,0.0,3.0,2008.0,2010.0,8.55,999.0,16
K Gowtham,27.0,247.0,148.0,15.0,17.0,0.0,0.0,2.0,9.0,18.0,33.0,5.0,2018.0,2023.0,13.72,166.89,35.0,21.0,825.0,588.0,2.0,6.0,2018.0,2024.0,8.42,39.29,35
K Kartikeya,4.0,12.0,17.0,1.0,0.0,0.0,0.0,0.0,1.0,3.0,6.0,3.0,2022.0,2025.0,4.0,70.59,16.0,12.0,412.0,282.0,2.0,3.0,2022.0,2025.0,8.77,34.33,16
K Khejroliya,,,,,,,,,,,,,,,,,9.0,6.0,281.0,151.0,2.0,5.0,2018.0,2026.0,11.17,46.83,9
K Rabada,34.0,262.0,239.0,21.0,11.0,0.0,0.0,3.0,16.0,18.0,44.0,9.0,2017.0,2026.0,14.56,109.62,101.0,151.0,3447.0,2299.0,4.0,9.0,2017.0,2026.0,9.0,22.83,101
K Santokie,,,,,,,,,,,,,,,,,2.0,3.0,91.0,48.0,2.0,1.0,2014.0,2014.0,11.38,30.33,2
K Upadhyay,2.0,12.0,9.0,0.0,1.0,0.0,0.0,0.0,2.0,0.0,11.0,2.0,2012.0,2013.0,12.0,133.33,3.0,0.0,81.0,54.0,0.0,2.0,2012.0,2013.0,9.0,999.0,3
K Yadav,1.0,0.0,4.0,0.0,0.0,0.0,0.0,0.0,1.0,0.0,0.0,1.0,2021.0,2021.0,0.0,0.0,3.0,2.0,85.0,54.0,1.0,2.0,2021.0,2023.0,9.44,42.5,3
KA Jamieson,10.0,77.0,73.0,6.0,4.0,0.0,0.0,0.0,6.0,4.0,16.0,3.0,2021.0,2026.0,19.25,105.48,15.0,16.0,508.0,300.0,3.0,3.0,2021.0,2026.0,10.16,31.75,15
KA Maharaj,1.0,1.0,2.0,0.0,0.0,0.0,0.0,0.0,0.0,1.0,1.0,1.0,2024.0,2024.0,1.0,50.0,2.0,2.0,39.0,36.0,2.0,1.0,2024.0,2024.0,6.5,19.5,2
KA Pollard,168.0,3437.0,2329.0,221.0,224.0,16.0,0.0,5.0,49.0,119.0,87.0,13.0,2010.0,2022.0,28.88,147.57,107.0,69.0,2200.0,1488.0,4.0,11.0,2010.0,2022.0,8.87,31.88,168
KAJ Roach,1.0,10.0,9.0,1.0,0.0,0.0,0.0,0.0,0.0,1.0,10.0,1.0,2010.0,2010.0,10.0,111.11,2.0,0.0,80.0,48.0,0.0,1.0,2010.0,2010.0,10.0,999.0,2
KB Arun Karthik,8.0,51.0,51.0,4.0,1.0,0.0,0.0,1.0,3.0,5.0,19.0,3.0,2010.0,2013.0,10.2,100.0,,,,,,,,,,,8
KC Cariappa,5.0,24.0,21.0,0.0,2.0,0.0,0.0,0.0,2.0,3.0,12.0,3.0,2016.0,2019.0,8.0,114.29,11.0,8.0,349.0,216.0,2.0,4.0,2015.0,2019.0,9.69,43.62,11
KC Sangakkara,68.0,1687.0,1392.0,195.0,27.0,10.0,0.0,4.0,3.0,65.0,94.0,6.0,2008.0,2013.0,25.95,121.19,,,,,,,,,,,68
KD Karthik,233.0,4843.0,3580.0,466.0,161.0,22.0,0.0,18.0,58.0,175.0,97.0,17.0,2008.0,2024.0,27.67,135.28,,,,,,,,,,,233
KH Pandya,123.0,1982.0,1481.0,173.0,76.0,3.0,0.0,7.0,40.0,83.0,86.0,11.0,2016.0,2026.0,23.88,133.83,147.0,107.0,3451.0,2701.0,4.0,11.0,2016.0,2026.0,7.67,32.25,147
KJ Abbott,3.0,13.0,8.0,0.0,1.0,0.0,0.0,1.0,2.0,1.0,12.0,1.0,2016.0,2016.0,13.0,162.5,5.0,2.0,182.0,96.0,1.0,1.0,2016.0,2016.0,11.38,91.0,5
KK Ahmed,6.0,2.0,9.0,0.0,0.0,0.0,0.0,4.0,1.0,5.0,1.0,5.0,2019.0,2025.0,0.4,22.22,76.0,91.0,2521.0,1657.0,3.0,9.0,2018.0,2026.0,9.13,27.7,76
KK Cooper,12.0,116.0,68.0,9.0,8.0,0.0,0.0,1.0,3.0,9.0,32.0,3.0,2012.0,2014.0,12.89,170.59,25.0,33.0,789.0,576.0,4.0,3.0,2012.0,2014.0,8.22,23.91,25
KK Nair,78.0,1712.0,1304.0,188.0,49.0,11.0,0.0,4.0,8.0,70.0,89.0,11.0,2013.0,2026.0,24.46,131.29,,,,,,,,,,,78
KL Nagarkoti,7.0,22.0,33.0,1.0,0.0,0.0,0.0,2.0,3.0,4.0,8.0,2.0,2020.0,2021.0,5.5,66.67,11.0,5.0,287.0,180.0,2.0,3.0,2020.0,2022.0,9.57,57.4,11
KL Rahul,149.0,5828.0,4188.0,509.0,239.0,45.0,6.0,4.0,26.0,123.0,152.0,13.0,2013.0,2026.0,47.38,139.16,,,,,,,,,,,149
KM Asif,1.0,0.0,2.0,0.0,0.0,0.0,0.0,1.0,0.0,1.0,0.0,1.0,2023.0,2023.0,0.0,0.0,7.0,7.0,232.0,133.0,2.0,3.0,2018.0,2023.0,10.47,33.14,7
KM Jadhav,81.0,1208.0,981.0,102.0,40.0,4.0,0.0,6.0,30.0,51.0,69.0,12.0,2010.0,2023.0,23.69,123.14,,,,,,,,,,,81
KMA Paul,5.0,18.0,24.0,1.0,1.0,0.0,0.0,1.0,1.0,4.0,7.0,1.0,2019.0,2019.0,4.5,75.0,8.0,9.0,239.0,163.0,3.0,1.0,2019.0,2019.0,8.8,26.56,8
KMDN Kulasekara,1.0,5.0,3.0,1.0,0.0,0.0,0.0,0.0,1.0,0.0,5.0,1.0,2012.0,2012.0,5.0,166.67,5.0,5.0,122.0,102.0,2.0,2.0,2011.0,2012.0,7.18,24.4,5
KP Appanna,3.0,2.0,4.0,0.0,0.0,0.0,0.0,0.0,2.0,1.0,1.0,2.0,2009.0,2010.0,2.0,50.0,13.0,9.0,291.0,216.0,4.0,3.0,2009.0,2012.0,8.08,32.33,13
KP Pietersen,36.0,1001.0,743.0,91.0,40.0,4.0,1.0,4.0,9.0,27.0,103.0,5.0,2009.0,2016.0,37.07,134.72,13.0,7.0,218.0,174.0,2.0,3.0,2009.0,2012.0,7.52,31.14,36
KR Mayers,13.0,379.0,263.0,38.0,22.0,4.0,0.0,2.0,0.0,13.0,73.0,1.0,2023.0,2023.0,29.15,144.11,6.0,0.0,59.0,42.0,0.0,1.0,2023.0,2023.0,8.43,999.0,13
KR Sen,1.0,0.0,3.0,0.0,0.0,0.0,0.0,0.0,1.0,0.0,0.0,1.0,2022.0,2022.0,0.0,0.0,12.0,14.0,396.0,241.0,4.0,3.0,2022.0,2024.0,9.86,28.29,12
KS Bharat,8.0,199.0,163.0,12.0,8.0,1.0,0.0,1.0,1.0,7.0,78.0,2.0,2021.0,2022.0,28.43,122.09,,,,,,,,,,,8
KS Rathore,1.0,0.0,5.0,0.0,0.0,0.0,0.0,1.0,0.0,1.0,0.0,1.0,2025.0,2025.0,0.0,0.0,,,,,,,,,,,1
KS Sharma,3.0,16.0,25.0,1.0,0.0,0.0,0.0,0.0,0.0,3.0,9.0,2.0,2022.0,2023.0,5.33,64.0,,,,,,,,,,,3
KS Williamson,76.0,2132.0,1697.0,187.0,64.0,18.0,0.0,1.0,18.0,58.0,89.0,9.0,2015.0,2024.0,36.76,125.63,2.0,0.0,31.0,18.0,0.0,2.0,2016.0,2020.0,10.33,999.0,76
KT Maphaka,1.0,8.0,2.0,2.0,0.0,0.0,0.0,0.0,1.0,0.0,8.0,1.0,2025.0,2025.0,8.0,400.0,4.0,2.0,148.0,66.0,1.0,2.0,2024.0,2025.0,13.45,74.0,4
KV Sharma,40.0,352.0,295.0,20.0,17.0,0.0,0.0,1.0,16.0,24.0,39.0,9.0,2009.0,2025.0,14.67,119.32,87.0,83.0,2263.0,1585.0,4.0,11.0,2013.0,2025.0,8.57,27.27,87
KW Richardson,4.0,36.0,39.0,2.0,1.0,0.0,0.0,0.0,1.0,3.0,26.0,3.0,2013.0,2016.0,12.0,92.31,15.0,19.0,479.0,335.0,3.0,4.0,2013.0,2021.0,8.58,25.21,15
Kamran Akmal,6.0,128.0,78.0,13.0,8.0,1.0,0.0,0.0,2.0,4.0,53.0,1.0,2008.0,2008.0,32.0,164.1,,,,,,,,,,,6
Kamran Khan,1.0,3.0,5.0,0.0,0.0,0.0,0.0,0.0,0.0,1.0,3.0,1.0,2009.0,2009.0,3.0,60.0,9.0,10.0,248.0,166.0,4.0,3.0,2009.0,2011.0,8.96,24.8,9
Karanveer Singh,4.0,12.0,17.0,1.0,0.0,0.0,0.0,0.0,3.0,1.0,5.0,2.0,2014.0,2015.0,12.0,70.59,9.0,12.0,323.0,204.0,4.0,2.0,2014.0,2015.0,9.5,26.92,9
Karim Janat,,,,,,,,,,,,,,,,,1.0,0.0,30.0,6.0,0.0,1.0,2025.0,2025.0,30.0,999.0,1
Kartik Sharma,11.0,295.0,216.0,24.0,16.0,2.0,0.0,0.0,2.0,9.0,71.0,1.0,2026.0,2026.0,32.78,136.57,,,,,,,,,,,11
Kartik Tyagi,9.0,24.0,26.0,2.0,1.0,0.0,0.0,2.0,2.0,7.0,7.0,4.0,2020.0,2026.0,3.43,92.31,33.0,33.0,1224.0,728.0,3.0,6.0,2020.0,2026.0,10.09,37.09,33
Krish Bhagat,2.0,10.0,21.0,0.0,0.0,0.0,0.0,0.0,1.0,1.0,7.0,1.0,2026.0,2026.0,10.0,47.62,3.0,0.0,63.0,36.0,0.0,1.0,2026.0,2026.0,10.5,999.0,3
Kuldeep Yadav,41.0,210.0,253.0,18.0,3.0,0.0,0.0,4.0,27.0,14.0,35.0,9.0,2017.0,2026.0,15.0,83.0,107.0,112.0,3189.0,2286.0,4.0,10.0,2016.0,2026.0,8.37,28.47,107
Kumar Kushagra,4.0,21.0,21.0,3.0,0.0,0.0,0.0,1.0,0.0,4.0,18.0,2.0,2024.0,2026.0,5.25,100.0,,,,,,,,,,,4
L Ablish,1.0,0.0,2.0,0.0,0.0,0.0,0.0,0.0,1.0,0.0,0.0,1.0,2011.0,2011.0,0.0,0.0,3.0,3.0,76.0,42.0,2.0,2.0,2010.0,2011.0,10.86,25.33,3
L Balaji,13.0,36.0,49.0,2.0,1.0,0.0,0.0,4.0,6.0,7.0,15.0,6.0,2008.0,2014.0,5.14,73.47,73.0,76.0,2083.0,1512.0,5.0,7.0,2008.0,2014.0,8.27,27.41,73
L Ngidi,4.0,4.0,9.0,0.0,0.0,0.0,0.0,1.0,2.0,2.0,3.0,2.0,2025.0,2026.0,2.0,44.44,27.0,42.0,883.0,620.0,4.0,5.0,2018.0,2026.0,8.55,21.02,27
L Ronchi,5.0,34.0,34.0,6.0,1.0,0.0,0.0,1.0,2.0,3.0,13.0,2.0,2008.0,2009.0,11.33,100.0,,,,,,,,,,,5
L Wood,1.0,9.0,3.0,0.0,1.0,0.0,0.0,0.0,1.0,0.0,9.0,1.0,2024.0,2024.0,9.0,300.0,2.0,1.0,94.0,36.0,1.0,1.0,2024.0,2024.0,15.67,94.0,2
LA Carseldine,5.0,81.0,68.0,11.0,0.0,0.0,0.0,0.0,2.0,3.0,39.0,1.0,2009.0,2009.0,27.0,119.12,1.0,1.0,6.0,6.0,1.0,1.0,2009.0,2009.0,6.0,6.0,5
LA Pomersbach,16.0,302.0,246.0,25.0,13.0,1.0,0.0,0.0,6.0,10.0,79.0,4.0,2008.0,2013.0,30.2,122.76,,,,,,,,,,,16
LB Williams,1.0,1.0,2.0,0.0,0.0,0.0,0.0,0.0,1.0,0.0,1.0,1.0,2024.0,2024.0,1.0,50.0,2.0,1.0,74.0,36.0,1.0,1.0,2024.0,2024.0,12.33,74.0,2
LE Plunkett,2.0,1.0,3.0,0.0,0.0,0.0,0.0,1.0,1.0,1.0,1.0,1.0,2018.0,2018.0,1.0,33.33,7.0,4.0,228.0,150.0,3.0,1.0,2018.0,2018.0,9.12,57.0,7
LG Pretorius,2.0,7.0,8.0,0.0,0.0,0.0,0.0,1.0,1.0,1.0,7.0,1.0,2026.0,2026.0,7.0,87.5,,,,,,,,,,,2
LH Ferguson,8.0,72.0,47.0,7.0,2.0,0.0,0.0,1.0,5.0,3.0,24.0,6.0,2017.0,2025.0,24.0,153.19,52.0,54.0,1699.0,1092.0,5.0,9.0,2017.0,2026.0,9.34,31.46,52
LI Meriwala,,,,,,,,,,,,,,,,,1.0,1.0,32.0,18.0,1.0,1.0,2021.0,2021.0,10.67,32.0,1
LJ Wright,5.0,106.0,60.0,16.0,3.0,0.0,0.0,0.0,1.0,4.0,44.0,1.0,2013.0,2013.0,26.5,176.67,6.0,2.0,125.0,71.0,1.0,2.0,2012.0,2013.0,10.56,62.5,6
LMP Simmons,29.0,1079.0,852.0,109.0,44.0,11.0,1.0,2.0,3.0,26.0,100.0,4.0,2014.0,2017.0,41.5,126.64,1.0,1.0,34.0,18.0,1.0,1.0,2014.0,2014.0,11.33,34.0,29
LPC Silva,3.0,40.0,26.0,5.0,1.0,0.0,0.0,1.0,1.0,2.0,23.0,1.0,2008.0,2008.0,20.0,153.85,1.0,0.0,21.0,6.0,0.0,1.0,2008.0,2008.0,21.0,999.0,3
LR Shukla,33.0,405.0,350.0,33.0,16.0,0.0,0.0,3.0,6.0,27.0,48.0,7.0,2008.0,2014.0,15.0,115.71,27.0,15.0,458.0,314.0,3.0,6.0,2008.0,2014.0,8.75,30.53,33
LRPL Taylor,54.0,1017.0,822.0,66.0,46.0,3.0,0.0,3.0,16.0,38.0,81.0,7.0,2008.0,2014.0,26.76,123.72,2.0,0.0,24.0,12.0,0.0,2.0,2009.0,2011.0,12.0,999.0,54
LS Livingstone,49.0,1066.0,687.0,70.0,76.0,7.0,0.0,3.0,8.0,41.0,94.0,7.0,2019.0,2026.0,26.0,155.17,27.0,13.0,471.0,312.0,3.0,5.0,2019.0,2025.0,9.06,36.23,49
Lalit Yadav,21.0,305.0,290.0,27.0,7.0,0.0,0.0,1.0,6.0,15.0,48.0,4.0,2021.0,2024.0,20.33,105.17,19.0,10.0,430.0,288.0,2.0,4.0,2021.0,2024.0,8.96,43.0,21
Liton Das,1.0,4.0,4.0,1.0,0.0,0.0,0.0,0.0,0.0,1.0,4.0,1.0,2023.0,2023.0,4.0,100.0,,,,,,,,,,,1
M Ashwin,12.0,35.0,50.0,2.0,1.0,0.0,0.0,2.0,4.0,8.0,9.0,6.0,2016.0,2022.0,4.38,70.0,44.0,35.0,1182.0,870.0,3.0,7.0,2016.0,2023.0,8.15,33.77,44
M Jansen,25.0,192.0,174.0,9.0,9.0,0.0,0.0,3.0,10.0,15.0,34.0,6.0,2021.0,2026.0,12.8,110.34,47.0,45.0,1672.0,1017.0,3.0,6.0,2021.0,2026.0,9.86,37.16,47
M Kaif,22.0,259.0,250.0,22.0,6.0,0.0,0.0,0.0,6.0,16.0,34.0,4.0,2008.0,2012.0,16.19,103.6,,,,,,,,,,,22
M Kartik,14.0,113.0,108.0,7.0,1.0,0.0,0.0,1.0,8.0,6.0,21.0,6.0,2008.0,2013.0,18.83,104.63,55.0,31.0,1418.0,1149.0,3.0,7.0,2008.0,2014.0,7.4,45.74,55
M Klinger,4.0,73.0,77.0,9.0,0.0,0.0,0.0,0.0,0.0,4.0,29.0,1.0,2011.0,2011.0,18.25,94.81,,,,,,,,,,,4
M Manhas,38.0,514.0,470.0,43.0,10.0,0.0,0.0,6.0,15.0,23.0,42.0,6.0,2009.0,2014.0,22.35,109.36,3.0,0.0,42.0,42.0,0.0,1.0,2011.0,2011.0,6.0,999.0,38
M Markande,10.0,48.0,42.0,5.0,1.0,0.0,0.0,0.0,7.0,3.0,18.0,3.0,2018.0,2023.0,16.0,114.29,40.0,37.0,1157.0,750.0,4.0,7.0,2018.0,2026.0,9.26,31.27,40
M Morkel,20.0,126.0,90.0,11.0,5.0,0.0,0.0,4.0,10.0,10.0,23.0,8.0,2009.0,2016.0,12.6,140.0,70.0,77.0,2136.0,1629.0,4.0,8.0,2009.0,2016.0,7.87,27.74,70
M Muralitharan,9.0,20.0,30.0,1.0,0.0,0.0,0.0,2.0,3.0,6.0,6.0,5.0,2008.0,2012.0,3.33,66.67,66.0,64.0,1765.0,1528.0,4.0,7.0,2008.0,2014.0,6.93,27.58,66
M Ntini,2.0,11.0,18.0,2.0,0.0,0.0,0.0,0.0,1.0,1.0,11.0,1.0,2008.0,2008.0,11.0,61.11,9.0,7.0,257.0,210.0,4.0,1.0,2008.0,2008.0,7.34,36.71,9
M Pathirana,,,,,,,,,,,,,,,,,33.0,47.0,1056.0,710.0,4.0,5.0,2022.0,2026.0,8.92,22.47,33
M Prasidh Krishna,8.0,15.0,31.0,1.0,0.0,0.0,0.0,1.0,6.0,2.0,6.0,6.0,2018.0,2026.0,7.5,48.39,78.0,91.0,2655.0,1739.0,4.0,7.0,2018.0,2026.0,9.16,29.18,78
M Rawat,11.0,55.0,69.0,4.0,1.0,0.0,0.0,1.0,6.0,5.0,23.0,3.0,2008.0,2013.0,11.0,79.71,,,,,,,,,,,11
M Shahrukh Khan,53.0,775.0,524.0,49.0,52.0,2.0,0.0,3.0,19.0,34.0,58.0,6.0,2021.0,2026.0,22.79,147.9,3.0,1.0,29.0,18.0,1.0,2.0,2024.0,2025.0,9.67,29.0,53
M Siddharth,,,,,,,,,,,,,,,,,9.0,9.0,285.0,186.0,2.0,3.0,2024.0,2026.0,9.19,31.67,9
M Theekshana,6.0,17.0,34.0,0.0,1.0,0.0,0.0,1.0,3.0,3.0,7.0,2.0,2022.0,2025.0,5.67,50.0,38.0,36.0,1226.0,876.0,4.0,4.0,2022.0,2025.0,8.4,34.06,38
M Tiwari,2.0,21.0,12.0,2.0,1.0,0.0,0.0,0.0,1.0,1.0,18.0,2.0,2025.0,2026.0,21.0,175.0,4.0,4.0,105.0,66.0,2.0,2.0,2025.0,2026.0,9.55,26.25,4
M Vijay,105.0,2619.0,2149.0,247.0,91.0,13.0,2.0,4.0,12.0,93.0,127.0,11.0,2009.0,2020.0,28.16,121.87,4.0,0.0,49.0,36.0,0.0,3.0,2014.0,2016.0,8.17,999.0,105
M Vohra,51.0,1083.0,829.0,104.0,43.0,3.0,0.0,3.0,4.0,47.0,95.0,9.0,2013.0,2023.0,23.04,130.64,,,,,,,,,,,51
M de Lange,1.0,1.0,2.0,0.0,0.0,0.0,0.0,0.0,0.0,1.0,1.0,1.0,2014.0,2014.0,1.0,50.0,5.0,5.0,171.0,108.0,3.0,3.0,2012.0,2015.0,9.5,34.2,5
MA Agarwal,125.0,2764.0,2066.0,275.0,100.0,13.0,1.0,7.0,8.0,117.0,106.0,15.0,2011.0,2025.0,23.62,133.79,,,,,,,,,,,125
MA Khote,3.0,24.0,22.0,2.0,1.0,0.0,0.0,0.0,1.0,2.0,9.0,1.0,2008.0,2008.0,12.0,109.09,2.0,2.0,52.0,30.0,2.0,1.0,2008.0,2008.0,10.4,26.0,3
MA Starc,22.0,111.0,121.0,11.0,0.0,0.0,0.0,4.0,11.0,11.0,29.0,5.0,2014.0,2026.0,10.09,91.74,56.0,76.0,1813.0,1196.0,5.0,5.0,2014.0,2026.0,9.1,23.86,56
MA Wood,3.0,12.0,8.0,1.0,1.0,0.0,0.0,0.0,1.0,2.0,10.0,2.0,2018.0,2023.0,6.0,150.0,5.0,11.0,192.0,120.0,5.0,2.0,2018.0,2023.0,9.6,17.45,5
MB Parmar,,,,,,,,,,,,,,,,,1.0,0.0,33.0,18.0,0.0,1.0,2010.0,2010.0,11.0,999.0,1
MC Henriques,54.0,1000.0,788.0,87.0,28.0,5.0,0.0,2.0,18.0,36.0,74.0,8.0,2009.0,2021.0,27.78,126.9,60.0,42.0,1302.0,950.0,3.0,8.0,2009.0,2021.0,8.22,31.0,60
MC Juneja,7.0,125.0,128.0,11.0,1.0,0.0,0.0,0.0,0.0,7.0,49.0,1.0,2013.0,2013.0,17.86,97.66,,,,,,,,,,,7
MD Choudhary,10.0,170.0,120.0,11.0,12.0,1.0,0.0,0.0,4.0,6.0,54.0,1.0,2026.0,2026.0,28.33,141.67,,,,,,,,,,,10
MD Mishra,17.0,237.0,208.0,24.0,8.0,0.0,0.0,1.0,2.0,15.0,41.0,3.0,2010.0,2012.0,15.8,113.94,,,,,,,,,,,17
MD Shanaka,8.0,89.0,72.0,5.0,5.0,0.0,0.0,1.0,2.0,6.0,29.0,2.0,2023.0,2026.0,14.83,123.61,3.0,1.0,62.0,36.0,1.0,1.0,2026.0,2026.0,10.33,62.0,8
MDKJ Perera,2.0,14.0,13.0,3.0,0.0,0.0,0.0,1.0,0.0,2.0,14.0,1.0,2013.0,2013.0,7.0,107.69,,,,,,,,,,,2
MEK Hussey,58.0,1977.0,1612.0,198.0,52.0,15.0,1.0,1.0,9.0,49.0,116.0,7.0,2008.0,2015.0,40.35,122.64,,,,,,,,,,,58
MF Maharoof,14.0,177.0,123.0,12.0,9.0,0.0,0.0,2.0,4.0,10.0,39.0,3.0,2008.0,2010.0,17.7,143.9,20.0,27.0,532.0,420.0,3.0,3.0,2008.0,2010.0,7.6,19.7,20
MG Bracewell,4.0,58.0,47.0,6.0,1.0,0.0,0.0,0.0,2.0,2.0,26.0,1.0,2023.0,2023.0,29.0,123.4,5.0,6.0,95.0,66.0,2.0,1.0,2023.0,2023.0,8.64,15.83,5
MG Johnson,28.0,167.0,164.0,10.0,7.0,0.0,0.0,2.0,15.0,13.0,16.0,6.0,2013.0,2018.0,12.85,101.83,54.0,62.0,1740.0,1235.0,3.0,6.0,2013.0,2018.0,8.45,28.06,54
MG Neser,,,,,,,,,,,,,,,,,1.0,0.0,62.0,24.0,0.0,1.0,2013.0,2013.0,15.5,999.0,1
MJ Clarke,6.0,98.0,94.0,12.0,0.0,0.0,0.0,0.0,0.0,6.0,41.0,1.0,2012.0,2012.0,16.33,104.26,5.0,2.0,72.0,66.0,1.0,1.0,2012.0,2012.0,6.55,36.0,6
MJ Guptill,13.0,271.0,197.0,24.0,15.0,1.0,0.0,1.0,1.0,12.0,50.0,3.0,2016.0,2019.0,22.58,137.56,,,,,,,,,,,13
MJ Henry,2.0,7.0,10.0,1.0,0.0,0.0,0.0,0.0,0.0,2.0,5.0,1.0,2026.0,2026.0,3.5,70.0,9.0,4.0,314.0,162.0,2.0,3.0,2017.0,2026.0,11.63,78.5,9
MJ Lumb,12.0,278.0,194.0,45.0,6.0,1.0,0.0,3.0,2.0,10.0,83.0,2.0,2010.0,2011.0,27.8,143.3,,,,,,,,,,,12
MJ McClenaghan,20.0,85.0,70.0,5.0,7.0,0.0,0.0,4.0,9.0,11.0,20.0,5.0,2015.0,2019.0,7.73,121.43,56.0,71.0,1839.0,1274.0,4.0,5.0,2015.0,2019.0,8.66,25.9,56
MJ Owen,1.0,0.0,2.0,0.0,0.0,0.0,0.0,1.0,0.0,1.0,0.0,1.0,2025.0,2025.0,0.0,0.0,,,,,,,,,,,1
MJ Santner,21.0,136.0,123.0,9.0,6.0,0.0,0.0,1.0,13.0,8.0,22.0,6.0,2019.0,2026.0,17.0,110.57,35.0,30.0,870.0,687.0,3.0,7.0,2019.0,2026.0,7.6,29.0,35
MJ Suthar,1.0,1.0,2.0,0.0,0.0,0.0,0.0,0.0,0.0,1.0,1.0,1.0,2024.0,2024.0,1.0,50.0,4.0,2.0,94.0,48.0,1.0,2.0,2024.0,2026.0,11.75,47.0,4
MK Lomror,35.0,527.0,373.0,33.0,30.0,1.0,0.0,3.0,6.0,29.0,54.0,7.0,2018.0,2024.0,18.17,141.29,11.0,1.0,127.0,90.0,1.0,5.0,2018.0,2024.0,8.47,127.0,35
MK Pandey,163.0,4021.0,3297.0,348.0,118.0,22.0,1.0,14.0,28.0,135.0,114.0,19.0,2008.0,2026.0,29.79,121.96,,,,,,,,,,,163
MK Tiwary,83.0,1695.0,1449.0,156.0,40.0,7.0,0.0,8.0,26.0,57.0,75.0,10.0,2008.0,2018.0,29.74,116.98,6.0,1.0,83.0,42.0,1.0,5.0,2009.0,2018.0,11.86,83.0,83
ML Hayden,32.0,1107.0,806.0,121.0,44.0,8.0,0.0,1.0,5.0,27.0,93.0,3.0,2008.0,2010.0,41.0,137.34,,,,,,,,,,,32
MM Ali,59.0,1167.0,835.0,95.0,67.0,6.0,0.0,6.0,8.0,51.0,93.0,8.0,2018.0,2025.0,22.88,139.76,57.0,41.0,1036.0,854.0,4.0,8.0,2018.0,2025.0,7.28,25.27,59
MM Patel,12.0,39.0,41.0,5.0,0.0,0.0,0.0,4.0,7.0,5.0,23.0,6.0,2008.0,2017.0,7.8,95.12,63.0,74.0,1733.0,1355.0,5.0,7.0,2008.0,2017.0,7.67,23.42,63
MM Sharma,30.0,125.0,136.0,9.0,4.0,0.0,0.0,4.0,13.0,17.0,21.0,10.0,2013.0,2025.0,7.35,91.91,119.0,134.0,3537.0,2403.0,5.0,11.0,2013.0,2025.0,8.83,26.4,119
MN Samuels,14.0,161.0,172.0,9.0,7.0,0.0,0.0,1.0,3.0,11.0,46.0,3.0,2012.0,2017.0,14.64,93.6,11.0,9.0,285.0,214.0,3.0,3.0,2012.0,2017.0,7.99,31.67,14
MN van Wyk,5.0,167.0,132.0,19.0,1.0,1.0,0.0,1.0,2.0,3.0,74.0,1.0,2009.0,2009.0,55.67,126.52,,,,,,,,,,,5
MP Breetzke,1.0,14.0,12.0,1.0,1.0,0.0,0.0,0.0,0.0,1.0,14.0,1.0,2025.0,2025.0,14.0,116.67,,,,,,,,,,,1
MP Stoinis,108.0,2242.0,1520.0,181.0,117.0,10.0,1.0,10.0,31.0,77.0,124.0,11.0,2016.0,2026.0,29.12,147.5,75.0,46.0,1575.0,935.0,4.0,11.0,2016.0,2026.0,10.11,34.24,108
MP Yadav,1.0,5.0,5.0,1.0,0.0,0.0,0.0,0.0,0.0,1.0,5.0,1.0,2026.0,2026.0,5.0,100.0,10.0,9.0,371.0,217.0,3.0,3.0,2024.0,2026.0,10.26,41.22,10
MR Marsh,62.0,1855.0,1249.0,155.0,111.0,12.0,2.0,7.0,6.0,56.0,117.0,10.0,2010.0,2026.0,33.12,148.52,34.0,37.0,803.0,560.0,4.0,8.0,2010.0,2024.0,8.6,21.7,62
MS Bhandage,1.0,1.0,4.0,0.0,0.0,0.0,0.0,0.0,0.0,1.0,1.0,1.0,2025.0,2025.0,1.0,25.0,,,,,,,,,,,1
MS Bisla,39.0,798.0,702.0,93.0,23.0,4.0,0.0,2.0,3.0,36.0,92.0,6.0,2010.0,2015.0,22.17,113.68,,,,,,,,,,,39
MS Dhoni,241.0,5439.0,3957.0,375.0,264.0,24.0,0.0,6.0,102.0,139.0,84.0,18.0,2008.0,2025.0,39.13,137.45,,,,,,,,,,,241
MS Gony,15.0,99.0,71.0,6.0,8.0,0.0,0.0,2.0,6.0,9.0,42.0,6.0,2008.0,2013.0,11.0,139.44,44.0,37.0,1317.0,888.0,3.0,7.0,2008.0,2017.0,8.9,35.59,44
MS Wade,14.0,183.0,177.0,23.0,2.0,0.0,0.0,0.0,1.0,13.0,35.0,3.0,2011.0,2024.0,14.08,103.39,,,,,,,,,,,14
MV Boucher,23.0,394.0,309.0,32.0,13.0,1.0,0.0,0.0,9.0,14.0,50.0,4.0,2008.0,2011.0,28.14,127.51,,,,,,,,,,,23
MW Short,9.0,177.0,143.0,21.0,5.0,0.0,0.0,0.0,0.0,9.0,36.0,2.0,2023.0,2026.0,19.67,123.78,5.0,0.0,64.0,43.0,0.0,2.0,2023.0,2026.0,8.93,999.0,9
Mandeep Singh,97.0,1706.0,1388.0,176.0,38.0,6.0,0.0,14.0,17.0,80.0,77.0,13.0,2010.0,2023.0,21.32,122.91,2.0,0.0,26.0,12.0,0.0,1.0,2019.0,2019.0,13.0,999.0,97
Mashrafe Mortaza,1.0,2.0,2.0,0.0,0.0,0.0,0.0,0.0,1.0,0.0,2.0,1.0,2009.0,2009.0,2.0,100.0,1.0,0.0,59.0,24.0,0.0,1.0,2009.0,2009.0,14.75,999.0,1
Mayank Dagar,1.0,0.0,1.0,0.0,0.0,0.0,0.0,0.0,1.0,0.0,0.0,1.0,2024.0,2024.0,0.0,0.0,8.0,2.0,205.0,137.0,1.0,2.0,2023.0,2024.0,8.98,102.5,8
Misbah-ul-Haq,8.0,117.0,81.0,10.0,6.0,0.0,0.0,2.0,1.0,7.0,47.0,1.0,2008.0,2008.0,16.71,144.44,,,,,,,,,,,8
Mohammad Ashraful,1.0,2.0,10.0,0.0,0.0,0.0,0.0,0.0,0.0,1.0,2.0,1.0,2009.0,2009.0,2.0,20.0,,,,,,,,,,,1
Mohammad Asif,2.0,3.0,6.0,0.0,0.0,0.0,0.0,1.0,0.0,2.0,3.0,1.0,2008.0,2008.0,1.5,50.0,8.0,8.0,307.0,192.0,2.0,1.0,2008.0,2008.0,9.59,38.38,8
Mohammad Hafeez,8.0,64.0,83.0,7.0,2.0,0.0,0.0,0.0,1.0,7.0,16.0,1.0,2008.0,2008.0,9.14,77.11,4.0,2.0,71.0,60.0,1.0,1.0,2008.0,2008.0,7.1,35.5,8
Mohammad Nabi,19.0,221.0,152.0,18.0,12.0,0.0,0.0,1.0,4.0,15.0,37.0,6.0,2017.0,2024.0,14.73,145.39,23.0,15.0,527.0,417.0,4.0,6.0,2017.0,2024.0,7.58,35.13,23
Mohammed Shami,34.0,115.0,111.0,9.0,5.0,0.0,0.0,6.0,15.0,19.0,21.0,11.0,2013.0,2026.0,6.05,103.6,132.0,145.0,4302.0,2920.0,4.0,12.0,2013.0,2026.0,8.84,29.67,132
Mohammed Siraj,23.0,117.0,139.0,11.0,4.0,0.0,0.0,2.0,12.0,11.0,14.0,9.0,2018.0,2026.0,10.64,84.17,125.0,128.0,4004.0,2672.0,4.0,10.0,2017.0,2026.0,8.99,31.28,125
Mohit Rathee,1.0,1.0,2.0,0.0,0.0,0.0,0.0,0.0,1.0,0.0,1.0,1.0,2023.0,2023.0,1.0,50.0,1.0,0.0,29.0,12.0,0.0,1.0,2023.0,2023.0,14.5,999.0,1
Mohsin Khan,7.0,25.0,28.0,2.0,1.0,0.0,0.0,3.0,3.0,4.0,13.0,4.0,2022.0,2026.0,6.25,89.29,30.0,38.0,933.0,654.0,5.0,4.0,2022.0,2026.0,8.56,24.55,30
Monu Kumar,,,,,,,,,,,,,,,,,1.0,0.0,20.0,12.0,0.0,1.0,2020.0,2020.0,10.0,999.0,1
Mujeeb Ur Rahman,6.0,12.0,15.0,2.0,0.0,0.0,0.0,2.0,3.0,3.0,10.0,4.0,2018.0,2021.0,4.0,80.0,20.0,20.0,626.0,446.0,3.0,5.0,2018.0,2025.0,8.42,31.3,20
Mukesh Choudhary,3.0,8.0,8.0,1.0,0.0,0.0,0.0,0.0,3.0,0.0,4.0,2.0,2022.0,2026.0,8.0,100.0,24.0,25.0,780.0,483.0,4.0,4.0,2022.0,2026.0,9.69,31.2,24
Mukesh Kumar,5.0,10.0,18.0,0.0,0.0,0.0,0.0,0.0,4.0,1.0,6.0,2.0,2023.0,2024.0,10.0,55.56,42.0,42.0,1475.0,824.0,4.0,4.0,2023.0,2026.0,10.74,35.12,42
Musheer Khan,1.0,0.0,3.0,0.0,0.0,0.0,0.0,1.0,0.0,1.0,0.0,1.0,2025.0,2025.0,0.0,0.0,1.0,1.0,27.0,12.0,1.0,1.0,2025.0,2025.0,13.5,27.0,1
Mustafizur Rahman,7.0,13.0,24.0,0.0,1.0,0.0,0.0,1.0,5.0,2.0,8.0,5.0,2018.0,2025.0,6.5,54.17,60.0,65.0,1879.0,1364.0,4.0,8.0,2016.0,2025.0,8.27,28.91,60
N Burger,3.0,14.0,9.0,0.0,1.0,0.0,0.0,0.0,2.0,1.0,10.0,1.0,2026.0,2026.0,14.0,155.56,18.0,21.0,617.0,363.0,2.0,2.0,2024.0,2026.0,10.2,29.38,18
N Jagadeesan,10.0,162.0,147.0,21.0,2.0,0.0,0.0,2.0,1.0,9.0,39.0,3.0,2020.0,2023.0,18.0,110.2,,,,,,,,,,,10
N Pooran,100.0,2527.0,1543.0,169.0,186.0,15.0,0.0,8.0,23.0,77.0,87.0,8.0,2019.0,2026.0,32.82,163.77,,,,,,,,,,,100
N Rana,121.0,3078.0,2235.0,288.0,151.0,22.0,0.0,8.0,10.0,111.0,91.0,11.0,2016.0,2026.0,27.73,137.72,27.0,10.0,326.0,216.0,2.0,9.0,2016.0,2026.0,9.06,32.6,121
N Saini,10.0,140.0,141.0,16.0,0.0,1.0,0.0,0.0,0.0,10.0,50.0,1.0,2012.0,2012.0,14.0,99.29,,,,,,,,,,,10
N Sindhu,5.0,63.0,50.0,7.0,2.0,0.0,0.0,0.0,0.0,5.0,22.0,1.0,2026.0,2026.0,12.6,126.0,,,,,,,,,,,5
N Thushara,,,,,,,,,,,,,,,,,8.0,9.0,289.0,180.0,3.0,2.0,2024.0,2025.0,9.63,32.11,8
N Wadhera,37.0,784.0,560.0,64.0,43.0,4.0,0.0,2.0,5.0,32.0,70.0,4.0,2023.0,2026.0,24.5,140.0,2.0,0.0,22.0,17.0,0.0,2.0,2024.0,2025.0,7.76,999.0,37
NA Saini,6.0,31.0,35.0,3.0,0.0,0.0,0.0,0.0,3.0,3.0,12.0,3.0,2019.0,2021.0,10.33,88.57,28.0,18.0,864.0,592.0,2.0,4.0,2019.0,2023.0,8.76,48.0,28
NB Singh,,,,,,,,,,,,,,,,,2.0,1.0,18.0,24.0,1.0,1.0,2017.0,2017.0,4.5,18.0,2
ND Doshi,1.0,0.0,13.0,0.0,0.0,0.0,0.0,1.0,0.0,1.0,0.0,1.0,2011.0,2011.0,0.0,0.0,4.0,2.0,79.0,56.0,1.0,2.0,2010.0,2011.0,8.46,39.5,4
NJ Maddinson,3.0,20.0,21.0,4.0,0.0,0.0,0.0,0.0,0.0,3.0,12.0,2.0,2014.0,2015.0,6.67,95.24,,,,,,,,,,,3
NJ Rimmington,1.0,1.0,1.0,0.0,0.0,0.0,0.0,0.0,1.0,0.0,1.0,1.0,2011.0,2011.0,1.0,100.0,1.0,0.0,20.0,18.0,0.0,1.0,2011.0,2011.0,6.67,999.0,1
NL McCullum,2.0,26.0,22.0,0.0,1.0,0.0,0.0,0.0,1.0,1.0,15.0,1.0,2011.0,2011.0,26.0,118.18,2.0,0.0,35.0,30.0,0.0,1.0,2011.0,2011.0,7.0,999.0,2
NLTC Perera,30.0,424.0,309.0,23.0,26.0,0.0,0.0,1.0,8.0,22.0,40.0,5.0,2011.0,2016.0,19.27,137.22,36.0,31.0,1031.0,698.0,3.0,6.0,2010.0,2016.0,8.86,33.26,36
NM Coulter-Nile,16.0,82.0,72.0,7.0,4.0,0.0,0.0,0.0,6.0,10.0,24.0,7.0,2013.0,2022.0,8.2,113.89,38.0,48.0,1125.0,857.0,4.0,8.0,2013.0,2022.0,7.88,23.44,38
NS Naik,4.0,31.0,50.0,2.0,0.0,0.0,0.0,0.0,0.0,4.0,22.0,3.0,2016.0,2020.0,7.75,62.0,,,,,,,,,,,4
NT Ellis,5.0,19.0,25.0,0.0,1.0,0.0,0.0,2.0,1.0,4.0,12.0,3.0,2021.0,2023.0,4.75,76.0,17.0,19.0,553.0,378.0,4.0,5.0,2021.0,2025.0,8.78,29.11,17
NV Ojha,94.0,1554.0,1313.0,121.0,79.0,6.0,0.0,8.0,22.0,72.0,94.0,10.0,2009.0,2018.0,21.58,118.35,,,,,,,,,,,94
Naman Dhir,33.0,710.0,433.0,68.0,36.0,3.0,0.0,5.0,7.0,26.0,62.0,3.0,2024.0,2026.0,27.31,163.97,5.0,0.0,76.0,52.0,0.0,2.0,2024.0,2025.0,8.77,999.0,33
Navdeep Saini,1.0,2.0,2.0,0.0,0.0,0.0,0.0,0.0,0.0,1.0,2.0,1.0,2022.0,2022.0,2.0,100.0,5.0,6.0,177.0,90.0,3.0,4.0,2021.0,2026.0,11.8,29.5,5
Naveen-ul-Haq,4.0,18.0,25.0,2.0,0.0,0.0,0.0,0.0,3.0,1.0,13.0,2.0,2023.0,2024.0,18.0,72.0,17.0,25.0,602.0,387.0,4.0,2.0,2023.0,2024.0,9.33,24.08,17
Niraj Patel,6.0,121.0,119.0,14.0,1.0,1.0,0.0,0.0,2.0,4.0,57.0,2.0,2008.0,2009.0,30.25,101.68,,,,,,,,,,,6
Nithish Kumar Reddy,35.0,787.0,541.0,50.0,46.0,3.0,0.0,1.0,8.0,27.0,76.0,3.0,2024.0,2026.0,29.15,145.47,26.0,13.0,581.0,325.0,2.0,4.0,2023.0,2026.0,10.73,44.69,35
Noor Ahmad,15.0,31.0,58.0,2.0,1.0,0.0,0.0,2.0,4.0,11.0,8.0,4.0,2023.0,2026.0,2.82,53.45,51.0,61.0,1531.0,1098.0,4.0,4.0,2023.0,2026.0,8.37,25.1,51
O Thomas,,,,,,,,,,,,,,,,,4.0,5.0,85.0,60.0,2.0,1.0,2019.0,2019.0,8.5,17.0,4
OA Shah,22.0,506.0,389.0,34.0,23.0,4.0,0.0,0.0,10.0,12.0,76.0,4.0,2010.0,2013.0,42.17,130.08,,,,,,,,,,,22
OC McCoy,1.0,8.0,5.0,0.0,1.0,0.0,0.0,0.0,1.0,0.0,8.0,1.0,2022.0,2022.0,8.0,160.0,8.0,11.0,255.0,161.0,3.0,2.0,2022.0,2023.0,9.5,23.18,8
OF Smith,6.0,51.0,44.0,1.0,5.0,0.0,0.0,1.0,3.0,3.0,25.0,1.0,2022.0,2022.0,17.0,115.91,6.0,6.0,179.0,90.0,4.0,1.0,2022.0,2022.0,11.93,29.83,6
P Amarnath,,,,,,,,,,,,,,,,,6.0,7.0,241.0,132.0,2.0,1.0,2008.0,2008.0,10.95,34.43,6
P Awana,5.0,5.0,14.0,0.0,0.0,0.0,0.0,2.0,3.0,2.0,4.0,2.0,2012.0,2013.0,2.5,35.71,33.0,39.0,1046.0,747.0,4.0,3.0,2012.0,2014.0,8.4,26.82,33
P Chopra,1.0,8.0,6.0,2.0,0.0,0.0,0.0,0.0,0.0,1.0,8.0,1.0,2018.0,2018.0,8.0,133.33,,,,,,,,,,,1
P Dogra,12.0,127.0,138.0,4.0,5.0,0.0,0.0,1.0,4.0,8.0,41.0,3.0,2010.0,2013.0,15.88,92.03,,,,,,,,,,,12
P Dubey,2.0,23.0,33.0,2.0,0.0,0.0,0.0,0.0,1.0,1.0,16.0,2.0,2020.0,2023.0,23.0,69.7,5.0,2.0,112.0,78.0,1.0,3.0,2020.0,2025.0,8.62,56.0,5
P Kumar,57.0,340.0,314.0,22.0,17.0,0.0,0.0,9.0,23.0,34.0,34.0,10.0,2008.0,2017.0,10.0,108.28,119.0,90.0,3342.0,2524.0,3.0,10.0,2008.0,2017.0,7.94,37.13,119
P Negi,35.0,365.0,289.0,27.0,16.0,0.0,0.0,2.0,13.0,22.0,36.0,6.0,2012.0,2019.0,16.59,126.3,42.0,34.0,954.0,716.0,4.0,8.0,2012.0,2019.0,7.99,28.06,42
P Nissanka,10.0,278.0,175.0,33.0,12.0,2.0,0.0,0.0,0.0,10.0,62.0,1.0,2026.0,2026.0,27.8,158.86,,,,,,,,,,,10
P Parameswaran,2.0,1.0,2.0,0.0,0.0,0.0,0.0,0.0,2.0,0.0,1.0,2.0,2011.0,2012.0,1.0,50.0,8.0,9.0,226.0,154.0,3.0,2.0,2011.0,2012.0,8.81,25.11,8
P Prasanth,,,,,,,,,,,,,,,,,1.0,0.0,18.0,6.0,0.0,1.0,2011.0,2011.0,18.0,999.0,1
P Ray Barman,1.0,19.0,24.0,2.0,0.0,0.0,0.0,0.0,0.0,1.0,19.0,1.0,2019.0,2019.0,19.0,79.17,1.0,0.0,56.0,24.0,0.0,1.0,2019.0,2019.0,14.0,999.0,1
P Sahu,2.0,19.0,13.0,1.0,1.0,0.0,0.0,0.0,2.0,0.0,18.0,1.0,2016.0,2016.0,19.0,146.15,5.0,3.0,152.0,105.0,2.0,1.0,2016.0,2016.0,8.69,50.67,5
P Simran Singh,65.0,1865.0,1189.0,196.0,94.0,14.0,1.0,5.0,3.0,62.0,103.0,8.0,2019.0,2026.0,30.08,156.85,,,,,,,,,,,65
P Suyal,,,,,,,,,,,,,,,,,5.0,2.0,154.0,96.0,1.0,3.0,2013.0,2015.0,9.62,77.0,5
PA Patel,136.0,2848.0,2358.0,365.0,49.0,13.0,0.0,13.0,15.0,121.0,81.0,12.0,2008.0,2019.0,23.54,120.78,,,,,,,,,,,136
PA Reddy,10.0,164.0,160.0,15.0,2.0,0.0,0.0,0.0,0.0,10.0,42.0,2.0,2012.0,2013.0,16.4,102.5,,,,,,,,,,,10
PBB Rajapaksa,13.0,277.0,191.0,22.0,15.0,1.0,0.0,1.0,1.0,12.0,50.0,2.0,2022.0,2023.0,23.08,145.03,,,,,,,,,,,13
PC Valthaty,23.0,505.0,418.0,61.0,20.0,2.0,1.0,1.0,1.0,22.0,120.0,4.0,2009.0,2013.0,22.95,120.81,10.0,7.0,207.0,151.0,4.0,2.0,2011.0,2012.0,8.23,29.57,23
PD Collingwood,7.0,203.0,156.0,9.0,13.0,3.0,0.0,0.0,3.0,4.0,75.0,1.0,2010.0,2010.0,50.75,130.13,6.0,5.0,101.0,89.0,2.0,1.0,2010.0,2010.0,6.81,20.2,7
PD Salt,40.0,1258.0,721.0,138.0,67.0,12.0,0.0,4.0,3.0,37.0,89.0,4.0,2023.0,2026.0,34.0,174.48,,,,,,,,,,,40
PH Solanki,,,,,,,,,,,,,,,,,2.0,2.0,39.0,36.0,2.0,1.0,2022.0,2022.0,6.5,19.5,2
PHKD Mendis,5.0,92.0,69.0,7.0,2.0,0.0,0.0,1.0,1.0,4.0,32.0,1.0,2025.0,2025.0,23.0,133.33,4.0,2.0,60.0,42.0,1.0,1.0,2025.0,2025.0,8.57,30.0,5
PJ Cummins,51.0,642.0,421.0,40.0,44.0,3.0,0.0,4.0,19.0,32.0,66.0,8.0,2015.0,2026.0,20.06,152.49,80.0,87.0,2746.0,1809.0,4.0,9.0,2014.0,2026.0,9.11,31.56,80
PJ Sangwan,14.0,26.0,44.0,1.0,0.0,0.0,0.0,4.0,7.0,7.0,6.0,7.0,2008.0,2022.0,3.71,59.09,42.0,38.0,1267.0,856.0,3.0,9.0,2008.0,2022.0,8.88,33.34,42
PK Garg,19.0,273.0,241.0,16.0,9.0,1.0,0.0,2.0,1.0,18.0,51.0,4.0,2020.0,2023.0,15.17,113.28,,,,,,,,,,,19
PM Sarvesh Kumar,1.0,1.0,2.0,0.0,0.0,0.0,0.0,0.0,1.0,0.0,1.0,1.0,2008.0,2008.0,1.0,50.0,2.0,1.0,42.0,30.0,1.0,1.0,2008.0,2008.0,8.4,42.0,2
PN Mankad,5.0,97.0,73.0,13.0,2.0,1.0,0.0,1.0,2.0,3.0,64.0,2.0,2022.0,2023.0,32.33,132.88,,,,,,,,,,,5
PP Chawla,86.0,624.0,563.0,56.0,20.0,0.0,0.0,13.0,33.0,53.0,24.0,15.0,2008.0,2024.0,11.77,110.83,191.0,192.0,5179.0,3850.0,4.0,16.0,2008.0,2024.0,8.07,26.97,191
PP Hinge,2.0,3.0,9.0,0.0,0.0,0.0,0.0,0.0,1.0,1.0,3.0,1.0,2026.0,2026.0,3.0,33.33,7.0,14.0,307.0,156.0,4.0,1.0,2026.0,2026.0,11.81,21.93,7
PP Ojha,19.0,16.0,45.0,0.0,0.0,0.0,0.0,5.0,10.0,9.0,3.0,6.0,2008.0,2014.0,1.78,35.56,90.0,89.0,2399.0,1899.0,3.0,8.0,2008.0,2015.0,7.58,26.96,90
PP Shaw,79.0,1892.0,1283.0,238.0,61.0,14.0,0.0,7.0,3.0,76.0,99.0,7.0,2018.0,2024.0,24.89,147.47,,,,,,,,,,,79
PR Shah,9.0,92.0,91.0,9.0,2.0,0.0,0.0,1.0,1.0,8.0,29.0,3.0,2008.0,2011.0,11.5,101.1,,,,,,,,,,,9
PR Veer,5.0,90.0,67.0,10.0,3.0,0.0,0.0,0.0,3.0,2.0,43.0,1.0,2026.0,2026.0,45.0,134.33,1.0,0.0,25.0,12.0,0.0,1.0,2026.0,2026.0,12.5,999.0,5
PSP Handscomb,1.0,6.0,12.0,0.0,0.0,0.0,0.0,0.0,0.0,1.0,6.0,1.0,2016.0,2016.0,6.0,50.0,,,,,,,,,,,1
PV Tambe,6.0,18.0,39.0,1.0,0.0,0.0,0.0,0.0,5.0,1.0,7.0,4.0,2013.0,2016.0,18.0,46.15,33.0,28.0,866.0,660.0,4.0,4.0,2013.0,2016.0,7.87,30.93,33
PVD Chameera,11.0,53.0,45.0,3.0,3.0,0.0,0.0,1.0,8.0,3.0,17.0,3.0,2022.0,2026.0,17.67,117.78,20.0,13.0,658.0,396.0,2.0,4.0,2022.0,2026.0,9.97,50.62,20
PVSN Raju,1.0,1.0,1.0,0.0,0.0,0.0,0.0,0.0,1.0,0.0,1.0,1.0,2025.0,2025.0,1.0,100.0,2.0,1.0,54.0,24.0,1.0,1.0,2025.0,2025.0,13.5,54.0,2
PWA Mulder,1.0,9.0,11.0,1.0,0.0,0.0,0.0,0.0,0.0,1.0,9.0,1.0,2025.0,2025.0,9.0,81.82,1.0,0.0,16.0,6.0,0.0,1.0,2025.0,2025.0,16.0,999.0,1
PWH de Silva,19.0,81.0,88.0,7.0,1.0,0.0,0.0,5.0,4.0,15.0,18.0,4.0,2021.0,2025.0,5.4,92.05,37.0,46.0,1134.0,798.0,5.0,4.0,2021.0,2025.0,8.53,24.65,37
Pankaj Singh,5.0,7.0,12.0,0.0,0.0,0.0,0.0,1.0,3.0,2.0,4.0,3.0,2008.0,2010.0,3.5,58.33,17.0,11.0,472.0,300.0,2.0,5.0,2008.0,2012.0,9.44,42.91,17
Parvez Rasool,4.0,17.0,20.0,1.0,0.0,0.0,0.0,0.0,2.0,2.0,10.0,3.0,2013.0,2016.0,8.5,85.0,11.0,4.0,273.0,198.0,1.0,4.0,2013.0,2016.0,8.27,68.25,11
Prince Yadav,3.0,5.0,11.0,0.0,0.0,0.0,0.0,0.0,3.0,0.0,4.0,2.0,2025.0,2026.0,5.0,45.45,20.0,19.0,695.0,450.0,3.0,2.0,2025.0,2026.0,9.27,36.58,20
Priyansh Arya,31.0,909.0,471.0,87.0,63.0,6.0,1.0,3.0,0.0,31.0,103.0,2.0,2025.0,2026.0,29.32,192.99,,,,,,,,,,,31
Q de Kock,118.0,3444.0,2553.0,334.0,143.0,24.0,3.0,4.0,11.0,107.0,140.0,13.0,2013.0,2026.0,32.19,134.9,,,,,,,,,,,118
R Ashwin,93.0,833.0,705.0,64.0,29.0,1.0,0.0,11.0,32.0,61.0,50.0,16.0,2009.0,2025.0,13.66,118.16,217.0,187.0,5721.0,4710.0,4.0,16.0,2009.0,2025.0,7.29,30.59,217
R Bhatia,47.0,342.0,284.0,24.0,13.0,0.0,0.0,3.0,18.0,29.0,26.0,10.0,2008.0,2017.0,11.79,120.42,91.0,71.0,2059.0,1636.0,4.0,10.0,2008.0,2017.0,7.55,29.0,91
R Bishnoi,3.0,19.0,17.0,1.0,2.0,0.0,0.0,1.0,0.0,3.0,18.0,1.0,2009.0,2009.0,6.33,111.76,,,,,,,,,,,3
R Dhawan,22.0,210.0,187.0,18.0,7.0,0.0,0.0,1.0,12.0,10.0,25.0,6.0,2013.0,2023.0,21.0,112.3,36.0,25.0,922.0,662.0,2.0,7.0,2013.0,2024.0,8.36,36.88,36
R Dravid,82.0,2174.0,1882.0,269.0,28.0,11.0,0.0,3.0,7.0,75.0,75.0,6.0,2008.0,2013.0,28.99,115.52,,,,,,,,,,,82
R Goyal,,,,,,,,,,,,,,,,,1.0,0.0,34.0,24.0,0.0,1.0,2023.0,2023.0,8.5,999.0,1
R McLaren,13.0,159.0,171.0,14.0,1.0,1.0,0.0,1.0,5.0,8.0,51.0,3.0,2010.0,2013.0,19.88,92.98,18.0,12.0,558.0,354.0,2.0,3.0,2010.0,2013.0,9.46,46.5,18
R Minz,4.0,12.0,19.0,1.0,0.0,0.0,0.0,0.0,1.0,3.0,5.0,2.0,2025.0,2026.0,4.0,63.16,,,,,,,,,,,4
R Ninan,1.0,3.0,6.0,0.0,0.0,0.0,0.0,0.0,0.0,1.0,3.0,1.0,2011.0,2011.0,3.0,50.0,2.0,3.0,65.0,36.0,2.0,1.0,2011.0,2011.0,10.83,21.67,2
R Parag,86.0,1879.0,1302.0,136.0,108.0,9.0,0.0,3.0,16.0,70.0,95.0,8.0,2019.0,2026.0,26.84,144.32,34.0,9.0,516.0,319.0,1.0,7.0,2019.0,2026.0,9.71,57.33,86
R Powell,30.0,555.0,390.0,38.0,38.0,1.0,0.0,2.0,6.0,24.0,67.0,5.0,2022.0,2026.0,23.12,142.31,2.0,1.0,35.0,18.0,1.0,2.0,2022.0,2023.0,11.67,35.0,30
R Rampaul,7.0,51.0,50.0,3.0,2.0,0.0,0.0,3.0,2.0,5.0,23.0,2.0,2013.0,2014.0,10.2,102.0,12.0,16.0,319.0,268.0,3.0,2.0,2013.0,2014.0,7.14,19.94,12
R Ravindra,18.0,413.0,287.0,40.0,16.0,2.0,0.0,2.0,2.0,16.0,65.0,2.0,2024.0,2025.0,25.81,143.9,2.0,0.0,7.0,12.0,0.0,1.0,2024.0,2024.0,3.5,999.0,18
R Sai Kishore,4.0,18.0,16.0,0.0,2.0,0.0,0.0,0.0,1.0,3.0,13.0,2.0,2024.0,2025.0,6.0,112.5,27.0,33.0,701.0,465.0,4.0,4.0,2022.0,2026.0,9.05,21.24,27
R Sanjay Yadav,1.0,0.0,2.0,0.0,0.0,0.0,0.0,1.0,0.0,1.0,0.0,1.0,2022.0,2022.0,0.0,0.0,1.0,0.0,23.0,12.0,0.0,1.0,2022.0,2022.0,11.5,999.0,1
R Sathish,24.0,270.0,231.0,22.0,6.0,0.0,0.0,2.0,8.0,16.0,27.0,4.0,2010.0,2016.0,16.88,116.88,14.0,3.0,233.0,139.0,1.0,4.0,2010.0,2016.0,10.06,77.67,24
R Sharma,19.0,66.0,75.0,5.0,3.0,0.0,0.0,7.0,8.0,11.0,14.0,4.0,2010.0,2013.0,6.0,88.0,44.0,40.0,1100.0,928.0,3.0,5.0,2010.0,2014.0,7.11,27.5,44
R Shepherd,19.0,268.0,153.0,18.0,22.0,1.0,0.0,2.0,8.0,11.0,53.0,5.0,2022.0,2026.0,24.36,175.16,28.0,17.0,719.0,360.0,3.0,4.0,2022.0,2026.0,11.98,42.29,28
R Shukla,4.0,19.0,23.0,2.0,0.0,0.0,0.0,0.0,3.0,1.0,14.0,2.0,2013.0,2014.0,19.0,82.61,7.0,5.0,217.0,120.0,2.0,3.0,2012.0,2014.0,10.85,43.4,7
R Smaran,4.0,19.0,25.0,3.0,0.0,0.0,0.0,0.0,1.0,3.0,9.0,1.0,2026.0,2026.0,6.33,76.0,,,,,,,,,,,4
R Tewatia,91.0,1302.0,943.0,110.0,62.0,2.0,0.0,3.0,38.0,53.0,68.0,11.0,2014.0,2026.0,24.57,138.07,52.0,32.0,1117.0,843.0,3.0,9.0,2014.0,2023.0,7.95,34.91,91
R Vinay Kumar,42.0,310.0,274.0,21.0,9.0,0.0,0.0,3.0,17.0,25.0,26.0,10.0,2008.0,2018.0,12.4,113.14,104.0,105.0,3041.0,2127.0,4.0,11.0,2008.0,2018.0,8.58,28.96,104
RA Bawa,4.0,35.0,32.0,2.0,0.0,0.0,0.0,1.0,1.0,3.0,16.0,3.0,2022.0,2026.0,11.67,109.38,2.0,2.0,50.0,24.0,1.0,1.0,2026.0,2026.0,12.5,25.0,4
RA Jadeja,205.0,3526.0,2699.0,264.0,122.0,5.0,0.0,9.0,86.0,119.0,77.0,18.0,2008.0,2026.0,29.63,130.64,237.0,180.0,5525.0,4254.0,5.0,18.0,2008.0,2026.0,7.79,30.69,237
RA Shaikh,,,,,,,,,,,,,,,,,1.0,0.0,11.0,6.0,0.0,1.0,2009.0,2009.0,11.0,999.0,1
RA Tripathi,98.0,2291.0,1662.0,229.0,85.0,12.0,0.0,4.0,13.0,85.0,93.0,9.0,2017.0,2025.0,26.95,137.85,1.0,0.0,12.0,6.0,0.0,1.0,2017.0,2017.0,12.0,999.0,98
RD Chahar,22.0,129.0,124.0,13.0,5.0,0.0,0.0,7.0,7.0,15.0,25.0,7.0,2017.0,2024.0,8.6,104.03,79.0,75.0,2220.0,1694.0,4.0,9.0,2017.0,2026.0,7.86,29.6,79
RD Gaikwad,84.0,2839.0,2093.0,260.0,107.0,22.0,2.0,7.0,12.0,72.0,108.0,7.0,2020.0,2026.0,39.43,135.64,,,,,,,,,,,84
RD Rickelton,26.0,836.0,497.0,78.0,55.0,5.0,1.0,0.0,2.0,24.0,123.0,2.0,2025.0,2026.0,34.83,168.21,,,,,,,,,,,26
RE Levi,6.0,83.0,73.0,10.0,4.0,1.0,0.0,2.0,0.0,6.0,50.0,1.0,2012.0,2012.0,13.83,113.7,,,,,,,,,,,6
RE van der Merwe,15.0,159.0,141.0,11.0,8.0,0.0,0.0,0.0,4.0,11.0,35.0,4.0,2009.0,2013.0,14.45,112.77,21.0,21.0,515.0,443.0,3.0,5.0,2009.0,2013.0,6.98,24.52,21
RG More,1.0,2.0,2.0,0.0,0.0,0.0,0.0,0.0,1.0,0.0,2.0,1.0,2015.0,2015.0,2.0,100.0,2.0,1.0,63.0,35.0,1.0,1.0,2015.0,2015.0,10.8,63.0,2
RG Sharma,275.0,7331.0,5517.0,661.0,324.0,49.0,2.0,18.0,31.0,244.0,109.0,19.0,2008.0,2026.0,30.05,132.88,32.0,15.0,462.0,339.0,4.0,8.0,2008.0,2021.0,8.18,30.8,275
RJ Gleeson,1.0,2.0,2.0,0.0,0.0,0.0,0.0,0.0,1.0,0.0,2.0,1.0,2024.0,2024.0,2.0,100.0,3.0,2.0,111.0,68.0,1.0,2.0,2024.0,2025.0,9.79,55.5,3
RJ Harris,21.0,117.0,112.0,6.0,3.0,0.0,0.0,2.0,9.0,12.0,17.0,5.0,2009.0,2013.0,9.75,104.46,37.0,45.0,1085.0,832.0,4.0,5.0,2009.0,2013.0,7.82,24.11,37
RJ Peterson,5.0,32.0,30.0,3.0,1.0,0.0,0.0,1.0,2.0,3.0,16.0,1.0,2012.0,2012.0,10.67,106.67,4.0,3.0,70.0,48.0,3.0,1.0,2012.0,2012.0,8.75,23.33,5
RJ Quiney,7.0,103.0,102.0,12.0,3.0,1.0,0.0,0.0,0.0,7.0,51.0,1.0,2009.0,2009.0,14.71,100.98,,,,,,,,,,,7
RJW Topley,1.0,3.0,6.0,0.0,0.0,0.0,0.0,0.0,1.0,0.0,3.0,1.0,2024.0,2024.0,3.0,50.0,6.0,5.0,222.0,120.0,2.0,3.0,2023.0,2025.0,11.1,44.4,6
RK Bhui,4.0,10.0,26.0,0.0,0.0,0.0,0.0,2.0,0.0,4.0,7.0,3.0,2018.0,2024.0,2.5,38.46,,,,,,,,,,,4
RK Singh,62.0,1398.0,956.0,115.0,67.0,6.0,0.0,1.0,21.0,41.0,87.0,8.0,2018.0,2026.0,34.1,146.23,,,,,,,,,,,62
RM Patidar,52.0,1612.0,980.0,106.0,110.0,14.0,1.0,1.0,5.0,47.0,112.0,5.0,2021.0,2026.0,34.3,164.49,,,,,,,,,,,52
RN ten Doeschate,21.0,326.0,235.0,26.0,15.0,1.0,0.0,3.0,7.0,14.0,70.0,5.0,2011.0,2015.0,23.29,138.72,10.0,2.0,94.0,78.0,1.0,5.0,2011.0,2015.0,7.23,47.0,21
RP Meredith,2.0,0.0,3.0,0.0,0.0,0.0,0.0,0.0,2.0,0.0,0.0,2.0,2022.0,2023.0,0.0,0.0,18.0,19.0,621.0,388.0,2.0,3.0,2021.0,2023.0,9.6,32.68,18
RP Singh,28.0,52.0,76.0,2.0,1.0,0.0,0.0,4.0,14.0,14.0,10.0,5.0,2008.0,2012.0,3.71,68.42,82.0,90.0,2417.0,1775.0,4.0,7.0,2008.0,2016.0,8.17,26.86,82
RR Bhatkal,1.0,0.0,2.0,0.0,0.0,0.0,0.0,1.0,0.0,1.0,0.0,1.0,2012.0,2012.0,0.0,0.0,1.0,0.0,35.0,12.0,0.0,1.0,2012.0,2012.0,17.5,999.0,1
RR Bose,,,,,,,,,,,,,,,,,1.0,0.0,24.0,12.0,0.0,1.0,2009.0,2009.0,12.0,999.0,1
RR Pant,136.0,3879.0,2644.0,351.0,181.0,20.0,2.0,7.0,25.0,111.0,128.0,10.0,2016.0,2026.0,34.95,146.71,,,,,,,,,,,136
RR Powar,9.0,67.0,64.0,6.0,1.0,0.0,0.0,1.0,7.0,2.0,28.0,4.0,2008.0,2011.0,33.5,104.69,26.0,13.0,538.0,426.0,2.0,5.0,2008.0,2012.0,7.58,41.38,26
RR Raje,5.0,20.0,18.0,1.0,1.0,0.0,0.0,0.0,4.0,1.0,11.0,2.0,2008.0,2009.0,20.0,111.11,10.0,6.0,214.0,139.0,2.0,2.0,2008.0,2009.0,9.24,35.67,10
RR Rossouw,22.0,473.0,308.0,45.0,25.0,2.0,0.0,4.0,2.0,20.0,82.0,4.0,2014.0,2024.0,23.65,153.57,,,,,,,,,,,22
RR Sarwan,4.0,73.0,75.0,6.0,1.0,0.0,0.0,0.0,1.0,3.0,31.0,1.0,2008.0,2008.0,24.33,97.33,,,,,,,,,,,4
RS Bopara,22.0,531.0,453.0,39.0,16.0,3.0,0.0,2.0,5.0,17.0,84.0,3.0,2009.0,2015.0,31.24,117.22,14.0,11.0,301.0,206.0,3.0,3.0,2009.0,2015.0,8.77,27.36,22
RS Gavaskar,1.0,2.0,8.0,0.0,0.0,0.0,0.0,0.0,0.0,1.0,2.0,1.0,2010.0,2010.0,2.0,25.0,1.0,0.0,8.0,6.0,0.0,1.0,2010.0,2010.0,8.0,999.0,1
RS Ghosh,,,,,,,,,,,,,,,,,1.0,1.0,24.0,18.0,1.0,1.0,2026.0,2026.0,8.0,24.0,1
RS Hangargekar,,,,,,,,,,,,,,,,,2.0,3.0,60.0,36.0,3.0,1.0,2023.0,2023.0,10.0,20.0,2
RS Sodhi,1.0,4.0,2.0,1.0,0.0,0.0,0.0,0.0,1.0,0.0,4.0,1.0,2010.0,2010.0,4.0,200.0,,,,,,,,,,,1
RT Ponting,9.0,91.0,128.0,5.0,2.0,0.0,0.0,3.0,1.0,8.0,28.0,2.0,2008.0,2013.0,11.38,71.09,,,,,,,,,,,9
RV Gomez,9.0,50.0,51.0,5.0,1.0,0.0,0.0,3.0,4.0,5.0,26.0,2.0,2011.0,2013.0,10.0,98.04,9.0,5.0,130.0,96.0,2.0,2.0,2011.0,2013.0,8.12,26.0,9
RV Patel,7.0,80.0,73.0,6.0,2.0,0.0,0.0,0.0,3.0,4.0,23.0,3.0,2021.0,2023.0,20.0,109.59,1.0,0.0,22.0,18.0,0.0,1.0,2021.0,2021.0,7.33,999.0,7
RV Uthappa,197.0,4954.0,3801.0,481.0,182.0,27.0,0.0,8.0,22.0,175.0,88.0,15.0,2008.0,2022.0,28.31,130.33,,,,,,,,,,,197
RW Price,,,,,,,,,,,,,,,,,1.0,0.0,33.0,18.0,0.0,1.0,2011.0,2011.0,11.0,999.0,1
Raghu Sharma,,,,,,,,,,,,,,,,,5.0,1.0,130.0,90.0,1.0,1.0,2026.0,2026.0,8.67,130.0,5
Rahmanullah Gurbaz,18.0,363.0,269.0,34.0,22.0,2.0,0.0,2.0,1.0,17.0,81.0,3.0,2023.0,2025.0,21.35,134.94,,,,,,,,,,,18
Ramandeep Singh,26.0,299.0,205.0,17.0,19.0,0.0,0.0,1.0,10.0,16.0,35.0,4.0,2022.0,2026.0,18.69,145.85,6.0,7.0,95.0,56.0,3.0,3.0,2022.0,2026.0,10.18,13.57,26
Rashid Khan,72.0,635.0,406.0,45.0,43.0,1.0,0.0,16.0,26.0,46.0,79.0,10.0,2017.0,2026.0,13.8,156.4,153.0,179.0,4390.0,3543.0,4.0,10.0,2017.0,2026.0,7.43,24.53,153
Rasikh Salam,7.0,43.0,42.0,5.0,0.0,0.0,0.0,0.0,2.0,5.0,10.0,4.0,2019.0,2026.0,8.6,102.38,25.0,29.0,819.0,488.0,4.0,5.0,2019.0,2026.0,10.07,28.24,25
Ravi Bishnoi,18.0,45.0,69.0,2.0,2.0,0.0,0.0,4.0,7.0,11.0,13.0,7.0,2020.0,2026.0,4.09,65.22,85.0,83.0,2522.0,1789.0,4.0,7.0,2020.0,2026.0,8.46,30.39,85
Ravi Singh,1.0,4.0,2.0,1.0,0.0,0.0,0.0,0.0,0.0,1.0,4.0,1.0,2026.0,2026.0,4.0,200.0,,,,,,,,,,,1
S Anirudha,12.0,136.0,113.0,9.0,7.0,1.0,0.0,2.0,4.0,8.0,64.0,6.0,2008.0,2014.0,17.0,120.35,,,,,,,,,,,12
S Aravind,10.0,59.0,57.0,7.0,0.0,0.0,0.0,1.0,7.0,3.0,14.0,4.0,2011.0,2017.0,19.67,103.51,38.0,45.0,1057.0,760.0,4.0,5.0,2011.0,2017.0,8.34,23.49,38
S Arora,10.0,121.0,77.0,9.0,9.0,0.0,0.0,1.0,4.0,6.0,30.0,1.0,2026.0,2026.0,20.17,157.14,,,,,,,,,,,10
S Badree,5.0,13.0,23.0,0.0,0.0,0.0,0.0,2.0,0.0,5.0,8.0,1.0,2017.0,2017.0,2.6,56.52,12.0,11.0,329.0,258.0,4.0,3.0,2013.0,2017.0,7.65,29.91,12
S Badrinath,65.0,1441.0,1212.0,154.0,28.0,11.0,0.0,6.0,19.0,46.0,71.0,6.0,2008.0,2013.0,31.33,118.89,,,,,,,,,,,65
S Chanderpaul,3.0,25.0,31.0,4.0,0.0,0.0,0.0,0.0,0.0,3.0,16.0,1.0,2008.0,2008.0,8.33,80.65,,,,,,,,,,,3
S Dhawan,221.0,6769.0,5326.0,768.0,153.0,51.0,2.0,12.0,34.0,187.0,106.0,17.0,2008.0,2024.0,36.2,127.09,6.0,4.0,72.0,48.0,1.0,2.0,2011.0,2012.0,9.0,18.0,221
S Dube,87.0,2129.0,1464.0,132.0,137.0,10.0,0.0,3.0,20.0,67.0,95.0,8.0,2019.0,2026.0,31.78,145.42,19.0,6.0,287.0,154.0,2.0,7.0,2019.0,2026.0,11.18,47.83,87
S Gopal,22.0,180.0,169.0,19.0,2.0,0.0,0.0,4.0,10.0,12.0,24.0,8.0,2014.0,2022.0,15.0,106.51,51.0,52.0,1358.0,991.0,4.0,9.0,2014.0,2024.0,8.22,26.12,51
S Joseph,,,,,,,,,,,,,,,,,1.0,0.0,51.0,24.0,0.0,1.0,2024.0,2024.0,12.75,999.0,1
S Kaul,9.0,20.0,36.0,1.0,0.0,0.0,0.0,2.0,6.0,3.0,7.0,6.0,2013.0,2021.0,6.67,55.56,55.0,58.0,1772.0,1209.0,4.0,8.0,2013.0,2022.0,8.79,30.55,55
S Kaushik,1.0,0.0,1.0,0.0,0.0,0.0,0.0,1.0,0.0,1.0,0.0,1.0,2016.0,2016.0,0.0,0.0,10.0,6.0,304.0,204.0,3.0,2.0,2016.0,2017.0,8.94,50.67,10
S Ladda,2.0,0.0,9.0,0.0,0.0,0.0,0.0,1.0,1.0,1.0,0.0,1.0,2010.0,2010.0,0.0,0.0,9.0,5.0,225.0,138.0,2.0,4.0,2010.0,2016.0,9.78,45.0,9
S Lamichhane,1.0,0.0,1.0,0.0,0.0,0.0,0.0,1.0,0.0,1.0,0.0,1.0,2019.0,2019.0,0.0,0.0,9.0,13.0,297.0,210.0,3.0,2.0,2018.0,2019.0,8.49,22.85,9
S Midhun,,,,,,,,,,,,,,,,,1.0,0.0,29.0,12.0,0.0,1.0,2019.0,2019.0,14.5,999.0,1
S Nadeem,20.0,39.0,87.0,2.0,0.0,0.0,0.0,6.0,6.0,14.0,6.0,10.0,2011.0,2021.0,2.79,44.83,70.0,48.0,1800.0,1415.0,3.0,11.0,2011.0,2021.0,7.63,37.5,70
S Narwal,4.0,37.0,27.0,6.0,0.0,0.0,0.0,1.0,1.0,3.0,23.0,2.0,2010.0,2013.0,12.33,137.04,6.0,5.0,203.0,106.0,3.0,2.0,2010.0,2013.0,11.49,40.6,6
S Rana,8.0,91.0,81.0,9.0,1.0,0.0,0.0,0.0,4.0,4.0,19.0,2.0,2011.0,2014.0,22.75,112.35,3.0,0.0,18.0,16.0,0.0,2.0,2011.0,2014.0,6.75,999.0,8
S Randiv,1.0,2.0,4.0,0.0,0.0,0.0,0.0,0.0,0.0,1.0,2.0,1.0,2011.0,2011.0,2.0,50.0,8.0,6.0,223.0,174.0,2.0,1.0,2011.0,2011.0,7.69,37.17,8
S Sandeep Warrier,,,,,,,,,,,,,,,,,10.0,8.0,257.0,168.0,3.0,4.0,2019.0,2024.0,9.18,32.12,10
S Sohal,20.0,368.0,292.0,34.0,18.0,2.0,0.0,3.0,2.0,18.0,62.0,3.0,2008.0,2011.0,20.44,126.03,,,,,,,,,,,20
S Sreesanth,12.0,34.0,55.0,6.0,0.0,0.0,0.0,3.0,9.0,3.0,15.0,5.0,2008.0,2013.0,11.33,61.82,44.0,40.0,1221.0,880.0,3.0,5.0,2008.0,2013.0,8.33,30.52,44
S Sriram,2.0,31.0,36.0,3.0,0.0,0.0,0.0,0.0,0.0,2.0,27.0,2.0,2010.0,2011.0,15.5,86.11,2.0,0.0,49.0,18.0,0.0,2.0,2010.0,2011.0,16.33,999.0,2
S Tyagi,1.0,3.0,4.0,0.0,0.0,0.0,0.0,0.0,1.0,0.0,3.0,1.0,2010.0,2010.0,3.0,75.0,14.0,6.0,304.0,209.0,2.0,2.0,2009.0,2010.0,8.73,50.67,14
S Vidyut,8.0,145.0,109.0,21.0,3.0,1.0,0.0,1.0,0.0,8.0,54.0,1.0,2008.0,2008.0,18.12,133.03,1.0,1.0,22.0,12.0,1.0,1.0,2008.0,2008.0,11.0,22.0,8
SA Abbott,3.0,22.0,18.0,1.0,2.0,0.0,0.0,0.0,1.0,2.0,14.0,2.0,2015.0,2022.0,11.0,122.22,3.0,1.0,104.0,54.0,1.0,2.0,2015.0,2022.0,11.56,104.0,3
SA Asnodkar,19.0,423.0,339.0,56.0,10.0,2.0,0.0,2.0,1.0,18.0,60.0,4.0,2008.0,2011.0,23.5,124.78,,,,,,,,,,,19
SA Yadav,164.0,4581.0,3084.0,482.0,178.0,31.0,2.0,12.0,32.0,132.0,103.0,14.0,2012.0,2026.0,34.7,148.54,1.0,0.0,8.0,6.0,0.0,1.0,2014.0,2014.0,8.0,999.0,164
SB Bangar,7.0,49.0,58.0,1.0,3.0,0.0,0.0,0.0,1.0,6.0,17.0,2.0,2008.0,2009.0,8.17,84.48,9.0,4.0,221.0,150.0,2.0,1.0,2008.0,2008.0,8.84,55.25,9
SB Dubey,17.0,220.0,143.0,17.0,13.0,0.0,0.0,1.0,7.0,10.0,34.0,3.0,2024.0,2026.0,22.0,153.85,,,,,,,,,,,17
SB Jakati,5.0,28.0,29.0,3.0,0.0,0.0,0.0,0.0,4.0,1.0,13.0,3.0,2009.0,2016.0,28.0,96.55,57.0,47.0,1474.0,1085.0,4.0,7.0,2009.0,2017.0,8.15,31.36,57
SB Joshi,2.0,6.0,14.0,0.0,0.0,0.0,0.0,0.0,0.0,2.0,3.0,1.0,2008.0,2008.0,3.0,42.86,4.0,1.0,82.0,55.0,1.0,1.0,2008.0,2008.0,8.95,82.0,4
SB Styris,10.0,131.0,133.0,10.0,3.0,0.0,0.0,0.0,3.0,7.0,36.0,3.0,2008.0,2011.0,18.71,98.5,11.0,8.0,278.0,216.0,3.0,3.0,2008.0,2011.0,7.72,34.75,11
SB Wagh,2.0,2.0,3.0,0.0,0.0,0.0,0.0,1.0,0.0,2.0,2.0,1.0,2011.0,2011.0,1.0,66.67,8.0,5.0,147.0,102.0,3.0,2.0,2010.0,2011.0,8.65,29.4,8
SC Ganguly,56.0,1349.0,1263.0,137.0,42.0,7.0,0.0,4.0,4.0,52.0,91.0,5.0,2008.0,2012.0,25.94,106.81,20.0,10.0,370.0,276.0,2.0,4.0,2008.0,2012.0,8.04,37.0,56
SC Kuggeleijn,,,,,,,,,,,,,,,,,2.0,2.0,71.0,48.0,2.0,1.0,2019.0,2019.0,8.88,35.5,2
SD Chitnis,8.0,99.0,89.0,10.0,2.0,0.0,0.0,0.0,1.0,7.0,38.0,4.0,2008.0,2012.0,14.14,111.24,2.0,2.0,62.0,36.0,2.0,1.0,2008.0,2008.0,10.33,31.0,8
SD Hope,9.0,183.0,122.0,12.0,12.0,0.0,0.0,0.0,2.0,7.0,41.0,1.0,2024.0,2024.0,26.14,150.0,,,,,,,,,,,9
SD Lad,1.0,15.0,13.0,1.0,1.0,0.0,0.0,0.0,0.0,1.0,15.0,1.0,2019.0,2019.0,15.0,115.38,,,,,,,,,,,1
SE Bond,1.0,1.0,2.0,0.0,0.0,0.0,0.0,0.0,0.0,1.0,1.0,1.0,2010.0,2010.0,1.0,50.0,8.0,9.0,225.0,186.0,2.0,1.0,2010.0,2010.0,7.26,25.0,8
SE Marsh,69.0,2489.0,1871.0,269.0,78.0,20.0,1.0,1.0,8.0,61.0,115.0,9.0,2008.0,2017.0,40.8,133.03,,,,,,,,,,,69
SE Rutherford,27.0,520.0,364.0,30.0,38.0,1.0,0.0,2.0,6.0,21.0,71.0,4.0,2019.0,2026.0,24.76,142.86,6.0,1.0,60.0,41.0,1.0,1.0,2019.0,2019.0,8.78,60.0,27
SH Johnson,6.0,8.0,12.0,1.0,0.0,0.0,0.0,1.0,5.0,1.0,5.0,3.0,2024.0,2026.0,8.0,66.67,12.0,7.0,403.0,230.0,2.0,3.0,2024.0,2026.0,10.51,57.57,12
SJ Srivastava,4.0,5.0,5.0,0.0,0.0,0.0,0.0,1.0,3.0,1.0,3.0,2.0,2010.0,2011.0,5.0,100.0,14.0,14.0,444.0,282.0,2.0,2.0,2010.0,2011.0,9.45,31.71,14
SK Raina,200.0,5536.0,4046.0,506.0,204.0,39.0,1.0,8.0,38.0,162.0,100.0,13.0,2008.0,2021.0,34.17,136.83,69.0,25.0,1139.0,908.0,2.0,11.0,2008.0,2019.0,7.53,45.56,200
SK Rasheed,5.0,71.0,63.0,9.0,2.0,0.0,0.0,1.0,0.0,5.0,27.0,1.0,2025.0,2025.0,14.2,112.7,,,,,,,,,,,5
SK Trivedi,14.0,42.0,59.0,3.0,1.0,0.0,0.0,1.0,7.0,7.0,9.0,6.0,2008.0,2013.0,6.0,71.19,75.0,65.0,1944.0,1506.0,4.0,6.0,2008.0,2013.0,7.75,29.91,75
SK Warne,27.0,198.0,214.0,14.0,6.0,0.0,0.0,5.0,10.0,17.0,34.0,4.0,2008.0,2011.0,11.65,92.52,54.0,57.0,1465.0,1194.0,4.0,4.0,2008.0,2011.0,7.36,25.7,54
SL Malinga,20.0,88.0,99.0,6.0,5.0,0.0,0.0,4.0,9.0,11.0,17.0,8.0,2009.0,2017.0,8.0,88.89,122.0,170.0,3486.0,2827.0,5.0,9.0,2009.0,2019.0,7.4,20.51,122
SM Boland,,,,,,,,,,,,,,,,,2.0,2.0,56.0,42.0,2.0,1.0,2016.0,2016.0,8.0,28.0,2
SM Curran,53.0,997.0,731.0,85.0,41.0,6.0,0.0,4.0,13.0,40.0,88.0,6.0,2019.0,2025.0,24.92,136.39,63.0,59.0,2059.0,1253.0,4.0,6.0,2019.0,2025.0,9.86,34.9,63
SM Harwood,2.0,9.0,14.0,0.0,0.0,0.0,0.0,0.0,2.0,0.0,6.0,1.0,2009.0,2009.0,9.0,64.29,3.0,3.0,74.0,60.0,2.0,1.0,2009.0,2009.0,7.4,24.67,3
SM Katich,11.0,241.0,186.0,26.0,8.0,2.0,0.0,1.0,2.0,9.0,75.0,2.0,2008.0,2009.0,26.78,129.57,,,,,,,,,,,11
SM Pollock,8.0,147.0,111.0,12.0,8.0,0.0,0.0,2.0,0.0,8.0,33.0,1.0,2008.0,2008.0,18.38,132.43,13.0,11.0,307.0,276.0,3.0,1.0,2008.0,2008.0,6.67,27.91,13
SMSM Senanayake,4.0,10.0,17.0,0.0,0.0,0.0,0.0,0.0,3.0,1.0,7.0,1.0,2013.0,2013.0,10.0,58.82,8.0,9.0,211.0,192.0,2.0,1.0,2013.0,2013.0,6.59,23.44,8
SN Khan,43.0,746.0,543.0,86.0,20.0,2.0,0.0,4.0,10.0,33.0,67.0,9.0,2015.0,2026.0,22.61,137.38,1.0,0.0,6.0,2.0,0.0,1.0,2019.0,2019.0,18.0,999.0,43
SN Thakur,43.0,349.0,263.0,32.0,13.0,1.0,0.0,7.0,15.0,28.0,68.0,11.0,2015.0,2026.0,12.46,132.7,109.0,119.0,3554.0,2202.0,4.0,11.0,2015.0,2026.0,9.68,29.87,109
SO Hetmyer,85.0,1566.0,1049.0,99.0,96.0,5.0,0.0,4.0,29.0,56.0,75.0,8.0,2019.0,2026.0,27.96,149.29,,,,,,,,,,,85
SP Fleming,10.0,196.0,165.0,27.0,3.0,0.0,0.0,1.0,1.0,9.0,45.0,1.0,2008.0,2008.0,21.78,118.79,,,,,,,,,,,10
SP Goswami,21.0,293.0,295.0,32.0,3.0,1.0,0.0,4.0,2.0,19.0,52.0,7.0,2008.0,2020.0,15.42,99.32,,,,,,,,,,,21
SP Jackson,8.0,61.0,57.0,5.0,1.0,0.0,0.0,1.0,2.0,6.0,16.0,2.0,2017.0,2022.0,10.17,107.02,,,,,,,,,,,8
SP Narine,122.0,1820.0,1101.0,191.0,120.0,7.0,1.0,16.0,24.0,98.0,109.0,15.0,2012.0,2026.0,18.57,165.3,200.0,209.0,5379.0,4660.0,5.0,15.0,2012.0,2026.0,6.93,25.74,200
SPD Smith,93.0,2495.0,1945.0,226.0,60.0,11.0,1.0,0.0,23.0,70.0,101.0,9.0,2012.0,2021.0,35.64,128.28,1.0,0.0,5.0,2.0,0.0,1.0,2012.0,2012.0,15.0,999.0,93
SR Dubey,1.0,4.0,2.0,1.0,0.0,0.0,0.0,0.0,1.0,0.0,4.0,1.0,2026.0,2026.0,4.0,200.0,4.0,5.0,110.0,77.0,2.0,1.0,2026.0,2026.0,8.57,22.0,4
SR Tendulkar,78.0,2334.0,1948.0,296.0,29.0,13.0,1.0,4.0,11.0,67.0,100.0,6.0,2008.0,2013.0,34.84,119.82,4.0,0.0,59.0,36.0,0.0,1.0,2009.0,2009.0,9.83,999.0,78
SR Watson,141.0,3880.0,2813.0,377.0,190.0,21.0,4.0,7.0,18.0,123.0,117.0,12.0,2008.0,2020.0,31.54,137.93,105.0,92.0,2742.0,2029.0,4.0,10.0,2008.0,2018.0,8.11,29.8,141
SS Agarwal,,,,,,,,,,,,,,,,,1.0,1.0,42.0,24.0,1.0,1.0,2017.0,2017.0,10.5,42.0,1
SS Cottrell,1.0,0.0,2.0,0.0,0.0,0.0,0.0,1.0,0.0,1.0,0.0,1.0,2020.0,2020.0,0.0,0.0,6.0,6.0,177.0,120.0,2.0,1.0,2020.0,2020.0,8.85,29.5,6
SS Iyer,144.0,4233.0,3095.0,354.0,182.0,32.0,1.0,7.0,27.0,117.0,101.0,11.0,2015.0,2026.0,36.18,136.77,1.0,0.0,7.0,6.0,0.0,1.0,2022.0,2022.0,7.0,999.0,144
SS Mishra,1.0,1.0,3.0,0.0,0.0,0.0,0.0,0.0,1.0,0.0,1.0,1.0,2026.0,2026.0,1.0,33.33,2.0,2.0,68.0,38.0,2.0,1.0,2026.0,2026.0,10.74,34.0,2
SS Mundhe,,,,,,,,,,,,,,,,,1.0,1.0,6.0,6.0,1.0,1.0,2011.0,2011.0,6.0,6.0,1
SS Prabhudessai,10.0,126.0,106.0,11.0,4.0,0.0,0.0,1.0,1.0,9.0,34.0,3.0,2022.0,2024.0,14.0,118.87,,,,,,,,,,,10
SS Sarkar,,,,,,,,,,,,,,,,,2.0,1.0,34.0,25.0,1.0,1.0,2009.0,2009.0,8.16,34.0,2
SS Shaikh,1.0,6.0,7.0,1.0,0.0,0.0,0.0,0.0,1.0,0.0,6.0,1.0,2009.0,2009.0,6.0,85.71,,,,,,,,,,,1
SS Tiwary,73.0,1494.0,1244.0,111.0,50.0,8.0,0.0,1.0,24.0,49.0,61.0,11.0,2008.0,2021.0,30.49,120.1,,,,,,,,,,,73
SSB Magala,,,,,,,,,,,,,,,,,2.0,1.0,52.0,36.0,1.0,1.0,2023.0,2023.0,8.67,52.0,2
ST Jayasuriya,30.0,768.0,532.0,84.0,39.0,4.0,1.0,2.0,2.0,28.0,114.0,3.0,2008.0,2010.0,27.43,144.36,21.0,13.0,396.0,294.0,3.0,3.0,2008.0,2010.0,8.08,30.46,30
STR Binny,66.0,880.0,683.0,66.0,35.0,0.0,0.0,7.0,23.0,43.0,48.0,10.0,2010.0,2019.0,20.47,128.84,63.0,22.0,763.0,594.0,2.0,10.0,2010.0,2019.0,7.71,34.68,66
SU Parakh,4.0,46.0,33.0,5.0,2.0,0.0,0.0,1.0,0.0,4.0,24.0,1.0,2026.0,2026.0,11.5,139.39,,,,,,,,,,,4
SV Samson,185.0,5181.0,3671.0,432.0,243.0,27.0,5.0,11.0,26.0,159.0,119.0,14.0,2013.0,2026.0,32.58,141.13,,,,,,,,,,,185
SW Billings,27.0,503.0,388.0,40.0,20.0,3.0,0.0,3.0,1.0,26.0,56.0,5.0,2016.0,2022.0,19.35,129.64,,,,,,,,,,,27
SW Tait,5.0,23.0,26.0,1.0,1.0,0.0,0.0,1.0,2.0,3.0,11.0,3.0,2010.0,2013.0,7.67,88.46,21.0,23.0,668.0,473.0,3.0,4.0,2010.0,2013.0,8.47,29.04,21
SZ Mulani,1.0,1.0,1.0,0.0,0.0,0.0,0.0,0.0,1.0,0.0,1.0,1.0,2024.0,2024.0,1.0,100.0,2.0,0.0,57.0,30.0,0.0,1.0,2024.0,2024.0,11.4,999.0,2
Sachin Baby,11.0,144.0,118.0,11.0,5.0,0.0,0.0,1.0,2.0,9.0,33.0,4.0,2013.0,2021.0,16.0,122.03,2.0,2.0,8.0,10.0,2.0,1.0,2016.0,2016.0,4.8,4.0,11
Sakib Hussain,1.0,5.0,7.0,1.0,0.0,0.0,0.0,0.0,1.0,0.0,5.0,1.0,2026.0,2026.0,5.0,71.43,11.0,15.0,399.0,252.0,4.0,1.0,2026.0,2026.0,9.5,26.6,11
Salil Arora,1.0,35.0,21.0,2.0,2.0,0.0,0.0,0.0,0.0,1.0,35.0,1.0,2026.0,2026.0,35.0,166.67,,,,,,,,,,,1
Salman Butt,7.0,193.0,161.0,30.0,2.0,1.0,0.0,0.0,0.0,7.0,73.0,1.0,2008.0,2008.0,27.57,119.88,,,,,,,,,,,7
Sameer Rizvi,18.0,424.0,293.0,30.0,26.0,3.0,0.0,3.0,4.0,14.0,90.0,3.0,2024.0,2026.0,30.29,144.71,,,,,,,,,,,18
Sandeep Sharma,26.0,60.0,75.0,4.0,0.0,0.0,0.0,3.0,21.0,5.0,9.0,11.0,2013.0,2025.0,12.0,80.0,142.0,151.0,4359.0,3163.0,5.0,14.0,2013.0,2026.0,8.27,28.87,142
Sanvir Singh,5.0,25.0,21.0,2.0,1.0,0.0,0.0,1.0,3.0,2.0,8.0,2.0,2023.0,2024.0,12.5,119.05,,,,,,,,,,,5
Saurav Chauhan,3.0,18.0,15.0,1.0,1.0,0.0,0.0,1.0,0.0,3.0,9.0,1.0,2024.0,2024.0,6.0,120.0,,,,,,,,,,,3
Sediqullah Atal,1.0,22.0,16.0,0.0,2.0,0.0,0.0,0.0,0.0,1.0,22.0,1.0,2025.0,2025.0,22.0,137.5,,,,,,,,,,,1
Shahbaz Ahmed,40.0,603.0,489.0,33.0,28.0,1.0,0.0,1.0,12.0,28.0,59.0,7.0,2020.0,2026.0,21.54,123.31,50.0,27.0,1083.0,655.0,3.0,7.0,2020.0,2026.0,9.92,40.11,50
Shahid Afridi,9.0,81.0,46.0,7.0,6.0,0.0,0.0,1.0,1.0,8.0,33.0,1.0,2008.0,2008.0,10.12,176.09,10.0,9.0,237.0,180.0,3.0,1.0,2008.0,2008.0,7.9,26.33,10
Shakib Al Hasan,52.0,795.0,639.0,73.0,21.0,2.0,0.0,4.0,13.0,39.0,66.0,9.0,2011.0,2021.0,20.38,124.41,70.0,63.0,1864.0,1484.0,3.0,9.0,2011.0,2021.0,7.54,29.59,70
Shashank Singh,42.0,905.0,560.0,67.0,51.0,6.0,0.0,3.0,18.0,24.0,68.0,4.0,2022.0,2026.0,37.71,161.61,8.0,5.0,141.0,90.0,2.0,4.0,2022.0,2026.0,9.4,28.2,42
Shivam Mavi,11.0,51.0,56.0,4.0,2.0,0.0,0.0,3.0,2.0,9.0,20.0,4.0,2018.0,2022.0,5.67,91.07,32.0,30.0,958.0,649.0,4.0,4.0,2018.0,2022.0,8.86,31.93,32
Shivam Sharma,2.0,5.0,3.0,1.0,0.0,0.0,0.0,0.0,1.0,1.0,4.0,1.0,2014.0,2014.0,5.0,166.67,5.0,4.0,165.0,114.0,2.0,2.0,2014.0,2015.0,8.68,41.25,5
Shivam Singh,1.0,2.0,3.0,0.0,0.0,0.0,0.0,0.0,1.0,0.0,2.0,1.0,2024.0,2024.0,2.0,66.67,,,,,,,,,,,1
Shivang Kumar,6.0,53.0,46.0,6.0,1.0,0.0,0.0,0.0,0.0,6.0,27.0,1.0,2026.0,2026.0,8.83,115.22,13.0,9.0,376.0,234.0,3.0,1.0,2026.0,2026.0,9.64,41.78,13
Shoaib Ahmed,3.0,1.0,6.0,0.0,0.0,0.0,0.0,2.0,1.0,2.0,1.0,1.0,2009.0,2009.0,0.5,16.67,7.0,5.0,154.0,102.0,2.0,1.0,2009.0,2009.0,9.06,30.8,7
Shoaib Akhtar,1.0,2.0,7.0,0.0,0.0,0.0,0.0,0.0,0.0,1.0,2.0,1.0,2008.0,2008.0,2.0,28.57,3.0,5.0,54.0,42.0,4.0,1.0,2008.0,2008.0,7.71,10.8,3
Shoaib Malik,5.0,52.0,47.0,5.0,0.0,0.0,0.0,0.0,1.0,4.0,24.0,1.0,2008.0,2008.0,13.0,110.64,5.0,2.0,87.0,51.0,1.0,1.0,2008.0,2008.0,10.24,43.5,5
Shubman Gill,130.0,4598.0,3236.0,446.0,152.0,32.0,5.0,4.0,19.0,111.0,129.0,9.0,2018.0,2026.0,41.42,142.09,,,,,,,,,,,130
Sikandar Raza,9.0,182.0,136.0,12.0,8.0,1.0,0.0,0.0,2.0,7.0,57.0,2.0,2023.0,2024.0,26.0,133.82,7.0,3.0,146.0,84.0,1.0,2.0,2023.0,2024.0,10.43,48.67,9
Simarjeet Singh,6.0,10.0,15.0,0.0,0.0,0.0,0.0,2.0,3.0,3.0,3.0,2.0,2022.0,2025.0,3.33,66.67,14.0,11.0,411.0,240.0,3.0,3.0,2022.0,2025.0,10.28,37.36,14
Sohail Tanvir,5.0,36.0,29.0,3.0,1.0,0.0,0.0,0.0,2.0,3.0,13.0,1.0,2008.0,2008.0,12.0,124.14,11.0,22.0,275.0,247.0,6.0,1.0,2008.0,2008.0,6.68,12.5,11
Sumit Kumar,3.0,18.0,24.0,2.0,1.0,0.0,0.0,0.0,1.0,2.0,9.0,1.0,2024.0,2024.0,9.0,75.0,2.0,0.0,38.0,20.0,0.0,1.0,2024.0,2024.0,11.4,999.0,3
Sunny Gupta,1.0,0.0,1.0,0.0,0.0,0.0,0.0,1.0,0.0,1.0,0.0,1.0,2012.0,2012.0,0.0,0.0,1.0,0.0,47.0,18.0,0.0,1.0,2012.0,2012.0,15.67,999.0,1
Sunny Singh,5.0,43.0,31.0,6.0,1.0,0.0,0.0,0.0,1.0,4.0,20.0,1.0,2011.0,2011.0,10.75,138.71,,,,,,,,,,,5
Suryansh Shedge,10.0,165.0,101.0,9.0,12.0,1.0,0.0,0.0,3.0,7.0,57.0,2.0,2025.0,2026.0,23.57,163.37,1.0,0.0,40.0,18.0,0.0,1.0,2025.0,2025.0,13.33,999.0,10
Suyash Sharma,,,,,,,,,,,,,,,,,39.0,27.0,1215.0,803.0,3.0,4.0,2023.0,2026.0,9.08,45.0,39
Swapnil Singh,9.0,51.0,45.0,3.0,3.0,0.0,0.0,2.0,4.0,5.0,15.0,4.0,2016.0,2024.0,10.2,113.33,14.0,7.0,241.0,162.0,2.0,4.0,2016.0,2024.0,8.93,34.43,14
T Banton,2.0,18.0,20.0,1.0,1.0,0.0,0.0,0.0,0.0,2.0,10.0,1.0,2020.0,2020.0,9.0,90.0,,,,,,,,,,,2
T Dahiya,2.0,12.0,15.0,2.0,0.0,0.0,0.0,0.0,0.0,2.0,11.0,1.0,2026.0,2026.0,6.0,80.0,,,,,,,,,,,2
T Henderson,2.0,11.0,16.0,0.0,1.0,0.0,0.0,0.0,1.0,1.0,11.0,1.0,2009.0,2009.0,11.0,68.75,2.0,1.0,41.0,36.0,1.0,1.0,2009.0,2009.0,6.83,41.0,2
T Kohler-Cadmore,3.0,48.0,54.0,7.0,1.0,0.0,0.0,0.0,0.0,3.0,20.0,1.0,2024.0,2024.0,16.0,88.89,,,,,,,,,,,3
T Kohli,3.0,11.0,19.0,0.0,1.0,0.0,0.0,0.0,0.0,3.0,7.0,2.0,2008.0,2009.0,3.67,57.89,,,,,,,,,,,3
T Natarajan,3.0,4.0,7.0,0.0,0.0,0.0,0.0,0.0,3.0,0.0,3.0,2.0,2020.0,2026.0,4.0,57.14,73.0,73.0,2411.0,1553.0,4.0,8.0,2017.0,2026.0,9.31,33.03,73
T Shamsi,1.0,2.0,4.0,0.0,0.0,0.0,0.0,0.0,1.0,0.0,2.0,1.0,2021.0,2021.0,2.0,50.0,5.0,3.0,185.0,120.0,1.0,2.0,2016.0,2021.0,9.25,61.67,5
T Stubbs,43.0,986.0,649.0,69.0,47.0,5.0,0.0,2.0,22.0,21.0,71.0,5.0,2022.0,2026.0,46.95,151.93,5.0,4.0,69.0,36.0,2.0,3.0,2023.0,2025.0,11.5,17.25,43
T Taibu,3.0,31.0,26.0,3.0,0.0,0.0,0.0,0.0,0.0,3.0,15.0,1.0,2008.0,2008.0,10.33,119.23,,,,,,,,,,,3
T Thushara,4.0,12.0,18.0,0.0,0.0,0.0,0.0,0.0,2.0,2.0,8.0,2.0,2009.0,2010.0,6.0,66.67,6.0,8.0,164.0,135.0,2.0,2.0,2009.0,2010.0,7.29,20.5,6
T Vijay,,,,,,,,,,,,,,,,,1.0,0.0,29.0,12.0,0.0,1.0,2026.0,2026.0,14.5,999.0,1
TA Boult,26.0,93.0,85.0,5.0,4.0,0.0,0.0,2.0,17.0,9.0,17.0,10.0,2017.0,2026.0,10.33,109.41,124.0,145.0,3994.0,2784.0,4.0,12.0,2015.0,2026.0,8.61,27.54,124
TD Paine,2.0,10.0,26.0,0.0,0.0,0.0,0.0,0.0,0.0,2.0,8.0,1.0,2011.0,2011.0,5.0,38.46,,,,,,,,,,,2
TG Southee,19.0,120.0,107.0,8.0,4.0,0.0,0.0,3.0,8.0,11.0,36.0,8.0,2014.0,2022.0,10.91,112.15,54.0,47.0,1774.0,1206.0,3.0,10.0,2011.0,2023.0,8.83,37.74,54
TH David,59.0,1151.0,650.0,76.0,83.0,2.0,0.0,4.0,25.0,34.0,70.0,6.0,2021.0,2026.0,33.85,177.08,1.0,0.0,18.0,6.0,0.0,1.0,2026.0,2026.0,18.0,999.0,59
TK Curran,10.0,127.0,107.0,10.0,3.0,1.0,0.0,0.0,5.0,5.0,54.0,3.0,2018.0,2021.0,25.4,118.69,13.0,13.0,432.0,238.0,3.0,3.0,2018.0,2021.0,10.89,33.23,13
TL Seifert,6.0,45.0,41.0,6.0,1.0,0.0,0.0,2.0,0.0,6.0,21.0,3.0,2021.0,2026.0,7.5,109.76,,,,,,,,,,,6
TL Suman,39.0,676.0,575.0,55.0,26.0,2.0,0.0,3.0,9.0,30.0,78.0,5.0,2009.0,2013.0,22.53,117.57,11.0,6.0,198.0,150.0,2.0,4.0,2009.0,2013.0,7.92,33.0,39
TM Dilshan,50.0,1153.0,1007.0,140.0,24.0,9.0,0.0,6.0,10.0,40.0,76.0,6.0,2008.0,2013.0,28.82,114.5,25.0,5.0,368.0,271.0,1.0,6.0,2008.0,2013.0,8.15,73.6,50
TM Head,52.0,1556.0,915.0,172.0,78.0,10.0,1.0,6.0,5.0,47.0,102.0,5.0,2016.0,2026.0,33.11,170.05,7.0,3.0,121.0,64.0,2.0,3.0,2017.0,2026.0,11.34,40.33,52
TM Srivastava,3.0,8.0,11.0,0.0,0.0,0.0,0.0,0.0,2.0,1.0,7.0,2.0,2008.0,2009.0,8.0,72.73,,,,,,,,,,,3
TP Sudhindra,,,,,,,,,,,,,,,,,3.0,1.0,137.0,70.0,1.0,1.0,2012.0,2012.0,11.74,137.0,3
TR Birt,5.0,75.0,58.0,9.0,2.0,0.0,0.0,0.0,0.0,5.0,27.0,1.0,2011.0,2011.0,15.0,129.31,,,,,,,,,,,5
TS Mills,5.0,8.0,14.0,0.0,1.0,0.0,0.0,2.0,1.0,4.0,6.0,2.0,2017.0,2022.0,2.0,57.14,10.0,11.0,349.0,209.0,3.0,2.0,2017.0,2022.0,10.02,31.73,10
TU Deshpande,10.0,54.0,36.0,2.0,4.0,0.0,0.0,0.0,6.0,4.0,25.0,5.0,2020.0,2026.0,13.5,150.0,53.0,55.0,1899.0,1103.0,4.0,6.0,2020.0,2026.0,10.33,34.53,53
Tanush Kotian,1.0,24.0,31.0,3.0,0.0,0.0,0.0,0.0,0.0,1.0,24.0,1.0,2024.0,2024.0,24.0,77.42,,,,,,,,,,,1
Tejas Baroka,,,,,,,,,,,,,,,,,1.0,0.0,33.0,21.0,0.0,1.0,2017.0,2017.0,9.43,999.0,1
Tilak Varma,65.0,1858.0,1284.0,143.0,91.0,10.0,1.0,2.0,15.0,50.0,101.0,5.0,2022.0,2026.0,37.16,144.7,4.0,0.0,28.0,22.0,0.0,3.0,2022.0,2024.0,7.64,999.0,65
U Kaul,1.0,0.0,1.0,0.0,0.0,0.0,0.0,0.0,1.0,0.0,0.0,1.0,2008.0,2008.0,0.0,0.0,,,,,,,,,,,1
UA Birla,1.0,7.0,14.0,1.0,0.0,0.0,0.0,0.0,0.0,1.0,7.0,1.0,2013.0,2013.0,7.0,50.0,,,,,,,,,,,1
UBT Chand,20.0,300.0,300.0,32.0,9.0,1.0,0.0,4.0,0.0,20.0,58.0,6.0,2011.0,2016.0,15.0,100.0,,,,,,,,,,,20
UT Khawaja,6.0,127.0,100.0,14.0,3.0,0.0,0.0,0.0,1.0,5.0,30.0,1.0,2016.0,2016.0,25.4,127.0,,,,,,,,,,,6
UT Yadav,48.0,208.0,201.0,16.0,9.0,0.0,0.0,8.0,28.0,20.0,24.0,14.0,2010.0,2024.0,10.4,103.48,147.0,144.0,4442.0,3056.0,4.0,14.0,2010.0,2024.0,8.72,30.85,147
Umar Gul,4.0,39.0,19.0,1.0,5.0,0.0,0.0,0.0,1.0,3.0,24.0,1.0,2008.0,2008.0,13.0,205.26,6.0,12.0,198.0,135.0,4.0,1.0,2008.0,2008.0,8.8,16.5,6
Umran Malik,5.0,23.0,16.0,1.0,2.0,0.0,0.0,1.0,4.0,1.0,19.0,2.0,2022.0,2023.0,23.0,143.75,26.0,29.0,785.0,493.0,5.0,4.0,2021.0,2024.0,9.55,27.07,26
Urvil Patel,10.0,197.0,96.0,11.0,20.0,1.0,0.0,2.0,0.0,10.0,65.0,2.0,2025.0,2026.0,19.7,205.21,,,,,,,,,,,10
V Kaverappa,,,,,,,,,,,,,,,,,1.0,2.0,36.0,24.0,2.0,1.0,2024.0,2024.0,9.0,18.0,1
V Kohli,275.0,9346.0,6930.0,847.0,317.0,69.0,9.0,12.0,46.0,229.0,113.0,19.0,2008.0,2026.0,40.81,134.86,26.0,4.0,371.0,251.0,2.0,7.0,2008.0,2016.0,8.87,92.75,275
V Nigam,10.0,157.0,89.0,18.0,8.0,0.0,0.0,1.0,4.0,6.0,39.0,2.0,2025.0,2026.0,26.17,176.4,18.0,13.0,478.0,288.0,2.0,2.0,2025.0,2026.0,9.96,36.77,18
V Pratap Singh,1.0,0.0,1.0,0.0,0.0,0.0,0.0,1.0,0.0,1.0,0.0,1.0,2012.0,2012.0,0.0,0.0,9.0,10.0,300.0,204.0,2.0,1.0,2012.0,2012.0,8.82,30.0,9
V Puthur,,,,,,,,,,,,,,,,,5.0,6.0,109.0,72.0,3.0,1.0,2025.0,2025.0,9.08,18.17,5
V Sehwag,104.0,2728.0,1755.0,334.0,106.0,16.0,2.0,7.0,9.0,95.0,122.0,8.0,2008.0,2015.0,28.72,155.44,15.0,6.0,236.0,136.0,2.0,5.0,2008.0,2013.0,10.41,39.33,104
V Shankar,63.0,1233.0,950.0,88.0,48.0,7.0,0.0,2.0,17.0,46.0,69.0,9.0,2017.0,2025.0,26.8,129.79,22.0,9.0,344.0,238.0,2.0,6.0,2014.0,2022.0,8.67,38.22,63
V Suryavanshi,23.0,1028.0,449.0,81.0,96.0,6.0,2.0,2.0,0.0,23.0,103.0,2.0,2025.0,2026.0,44.7,228.95,,,,,,,,,,,23
V Viyaskanth,1.0,7.0,5.0,0.0,0.0,0.0,0.0,0.0,1.0,0.0,7.0,1.0,2024.0,2024.0,7.0,140.0,3.0,1.0,90.0,60.0,1.0,1.0,2024.0,2024.0,9.0,90.0,3
VG Arora,11.0,10.0,27.0,0.0,0.0,0.0,0.0,3.0,7.0,4.0,2.0,5.0,2022.0,2026.0,2.5,37.04,42.0,47.0,1425.0,866.0,3.0,5.0,2022.0,2026.0,9.87,30.32,42
VH Zol,2.0,29.0,26.0,3.0,1.0,0.0,0.0,0.0,0.0,2.0,16.0,1.0,2014.0,2014.0,14.5,111.54,,,,,,,,,,,2
VR Aaron,12.0,50.0,72.0,2.0,2.0,0.0,0.0,1.0,8.0,4.0,17.0,7.0,2011.0,2020.0,12.5,69.44,50.0,44.0,1527.0,994.0,3.0,9.0,2011.0,2022.0,9.22,34.7,50
VR Iyer,62.0,1677.0,1181.0,157.0,78.0,13.0,1.0,2.0,9.0,53.0,104.0,6.0,2021.0,2026.0,31.64,142.0,9.0,3.0,145.0,81.0,2.0,3.0,2021.0,2024.0,10.74,48.33,62
VRV Singh,2.0,4.0,3.0,1.0,0.0,0.0,0.0,1.0,1.0,1.0,4.0,1.0,2008.0,2008.0,4.0,133.33,18.0,12.0,549.0,360.0,3.0,3.0,2008.0,2010.0,9.15,45.75,18
VS Malik,2.0,7.0,7.0,1.0,0.0,0.0,0.0,0.0,1.0,1.0,6.0,2.0,2010.0,2014.0,7.0,100.0,13.0,6.0,268.0,205.0,2.0,5.0,2009.0,2014.0,7.84,44.67,13
VS Yeligati,1.0,2.0,2.0,0.0,0.0,0.0,0.0,0.0,0.0,1.0,2.0,1.0,2008.0,2008.0,2.0,100.0,2.0,0.0,61.0,30.0,0.0,1.0,2008.0,2008.0,12.2,999.0,2
VVS Laxman,20.0,282.0,267.0,33.0,5.0,1.0,0.0,4.0,4.0,16.0,52.0,4.0,2008.0,2011.0,17.62,105.62,,,,,,,,,,,20
VY Mahesh,5.0,15.0,27.0,0.0,0.0,0.0,0.0,0.0,3.0,2.0,6.0,1.0,2008.0,2008.0,7.5,55.56,17.0,21.0,511.0,339.0,4.0,4.0,2008.0,2012.0,9.04,24.33,17
Vijaykumar Vyshak,6.0,16.0,16.0,0.0,1.0,0.0,0.0,2.0,4.0,2.0,13.0,3.0,2023.0,2026.0,8.0,100.0,25.0,26.0,910.0,519.0,3.0,4.0,2023.0,2026.0,10.52,35.0,25
Virat Singh,2.0,15.0,26.0,1.0,0.0,0.0,0.0,0.0,0.0,2.0,11.0,1.0,2021.0,2021.0,7.5,57.69,,,,,,,,,,,2
Vishnu Vinod,7.0,71.0,65.0,4.0,4.0,0.0,0.0,0.0,1.0,6.0,30.0,3.0,2017.0,2026.0,11.83,109.23,,,,,,,,,,,7
Vivrant Sharma,1.0,69.0,47.0,9.0,2.0,1.0,0.0,0.0,0.0,1.0,69.0,1.0,2023.0,2023.0,69.0,146.81,2.0,0.0,37.0,18.0,0.0,1.0,2023.0,2023.0,12.33,999.0,2
W Jaffer,8.0,130.0,121.0,14.0,3.0,1.0,0.0,1.0,1.0,7.0,50.0,2.0,2008.0,2009.0,18.57,107.44,,,,,,,,,,,8
W O'Rourke,,,,,,,,,,,,,,,,,3.0,6.0,132.0,62.0,3.0,1.0,2025.0,2025.0,12.77,22.0,3
WA Mota,8.0,56.0,75.0,2.0,0.0,0.0,0.0,0.0,3.0,5.0,25.0,2.0,2008.0,2009.0,11.2,74.67,7.0,4.0,98.0,72.0,1.0,2.0,2008.0,2009.0,8.17,24.5,8
WD Parnell,13.0,65.0,80.0,4.0,1.0,0.0,0.0,0.0,3.0,10.0,16.0,5.0,2011.0,2023.0,6.5,81.25,33.0,35.0,968.0,723.0,3.0,5.0,2011.0,2023.0,8.03,27.66,33
WG Jacks,26.0,602.0,379.0,50.0,38.0,2.0,1.0,0.0,5.0,21.0,100.0,3.0,2024.0,2026.0,28.67,158.84,19.0,10.0,315.0,191.0,2.0,3.0,2024.0,2026.0,9.9,31.5,26
WP Saha,143.0,2934.0,2300.0,296.0,87.0,13.0,1.0,7.0,25.0,118.0,115.0,17.0,2008.0,2024.0,24.86,127.57,,,,,,,,,,,143
WPUJC Vaas,11.0,81.0,73.0,2.0,3.0,0.0,0.0,2.0,4.0,7.0,20.0,3.0,2008.0,2010.0,11.57,110.96,13.0,18.0,364.0,282.0,3.0,3.0,2008.0,2010.0,7.74,20.22,13
Washington Sundar,59.0,888.0,656.0,82.0,28.0,3.0,0.0,2.0,18.0,41.0,55.0,10.0,2017.0,2026.0,21.66,135.37,68.0,40.0,1531.0,1174.0,3.0,10.0,2017.0,2026.0,7.82,38.28,68
X Thalaivan Sargunam,1.0,10.0,17.0,0.0,0.0,0.0,0.0,0.0,0.0,1.0,10.0,1.0,2013.0,2013.0,10.0,58.82,,,,,,,,,,,1
XC Bartlett,4.0,40.0,28.0,3.0,2.0,0.0,0.0,1.0,2.0,2.0,18.0,2.0,2025.0,2026.0,20.0,142.86,13.0,7.0,486.0,261.0,2.0,2.0,2025.0,2026.0,11.17,69.43,13
Y Gnaneswara Rao,1.0,19.0,17.0,3.0,0.0,0.0,0.0,0.0,0.0,1.0,19.0,1.0,2011.0,2011.0,19.0,111.76,1.0,0.0,7.0,6.0,0.0,1.0,2011.0,2011.0,7.0,999.0,1
Y Nagar,20.0,285.0,259.0,20.0,9.0,0.0,0.0,2.0,6.0,14.0,44.0,4.0,2009.0,2012.0,20.36,110.04,8.0,4.0,125.0,66.0,2.0,4.0,2009.0,2012.0,11.36,31.25,20
Y Prithvi Raj,1.0,0.0,1.0,0.0,0.0,0.0,0.0,0.0,1.0,0.0,0.0,1.0,2019.0,2019.0,0.0,0.0,2.0,1.0,57.0,30.0,1.0,1.0,2019.0,2019.0,11.4,57.0,2
Y Venugopal Rao,52.0,985.0,836.0,77.0,37.0,3.0,0.0,2.0,10.0,42.0,71.0,6.0,2008.0,2014.0,23.45,117.82,20.0,6.0,338.0,216.0,2.0,6.0,2008.0,2014.0,9.39,56.33,52
YA Abdulla,1.0,0.0,1.0,0.0,0.0,0.0,0.0,0.0,1.0,0.0,0.0,1.0,2010.0,2010.0,0.0,0.0,11.0,15.0,311.0,209.0,4.0,2.0,2009.0,2010.0,8.93,20.73,11
YBK Jaiswal,82.0,2593.0,1697.0,311.0,110.0,18.0,2.0,4.0,6.0,76.0,124.0,7.0,2020.0,2026.0,34.12,152.8,1.0,0.0,6.0,1.0,0.0,1.0,2022.0,2022.0,36.0,999.0,82
YK Pathan,153.0,3222.0,2245.0,263.0,161.0,14.0,1.0,9.0,48.0,105.0,100.0,12.0,2008.0,2019.0,30.69,143.52,82.0,42.0,1443.0,1147.0,3.0,12.0,2008.0,2019.0,7.55,34.36,153
YS Chahal,17.0,37.0,86.0,0.0,0.0,0.0,0.0,1.0,11.0,6.0,8.0,8.0,2014.0,2022.0,6.17,43.02,184.0,233.0,5501.0,4037.0,5.0,14.0,2013.0,2026.0,8.18,23.61,184
YV Dhull,3.0,16.0,23.0,1.0,0.0,0.0,0.0,0.0,0.0,3.0,13.0,1.0,2023.0,2023.0,5.33,69.57,,,,,,,,,,,3
YV Takawale,10.0,192.0,178.0,26.0,3.0,0.0,0.0,2.0,2.0,8.0,45.0,3.0,2008.0,2014.0,24.0,107.87,,,,,,,,,,,10
Yash Dayal,4.0,4.0,9.0,0.0,0.0,0.0,0.0,2.0,1.0,3.0,3.0,2.0,2022.0,2025.0,1.33,44.44,43.0,41.0,1412.0,871.0,3.0,4.0,2022.0,2025.0,9.73,34.44,43
Yash Raj Punja,,,,,,,,,,,,,,,,,8.0,9.0,281.0,180.0,2.0,1.0,2026.0,2026.0,9.37,31.22,8
Yash Thakur,,,,,,,,,,,,,,,,,22.0,27.0,837.0,467.0,5.0,4.0,2023.0,2026.0,10.75,31.0,22
Yashpal Singh,4.0,47.0,66.0,5.0,0.0,0.0,0.0,0.0,0.0,4.0,20.0,1.0,2009.0,2009.0,11.75,71.21,,,,,,,,,,,4
Younis Khan,1.0,3.0,7.0,0.0,0.0,0.0,0.0,0.0,0.0,1.0,3.0,1.0,2008.0,2008.0,3.0,42.86,,,,,,,,,,,1
Yudhvir Singh,4.0,22.0,16.0,1.0,2.0,0.0,0.0,1.0,0.0,4.0,14.0,2.0,2023.0,2024.0,5.5,137.5,9.0,8.0,257.0,138.0,3.0,3.0,2023.0,2025.0,11.17,32.12,9
Yuvraj Singh,126.0,2754.0,2122.0,218.0,149.0,13.0,0.0,4.0,19.0,107.0,83.0,11.0,2008.0,2019.0,25.74,129.78,73.0,36.0,1091.0,869.0,4.0,10.0,2008.0,2018.0,7.53,30.31,126
Z Khan,27.0,117.0,141.0,11.0,2.0,0.0,0.0,5.0,13.0,14.0,23.0,8.0,2008.0,2017.0,8.36,82.98,99.0,102.0,2860.0,2200.0,4.0,10.0,2008.0,2017.0,7.8,28.04,99
Zeeshan Ansari,,,,,,,,,,,,,,,,,10.0,6.0,334.0,203.0,3.0,1.0,2025.0,2025.0,9.87,55.67,10
