POS,Player,Runs,BF,4s,6s,Against,Venue,Match Date
1,K L Rahul,54,12,6,3,Chennai Super Kings,Maharashtra Cricket Association Stadium,14 May 2024
2,Rishabh Pant,64,12,6,3,Punjab Kings,Punjab Cricket Association IS Bindra Stadium,08 May 2025
3,Sunil Narine,56,13,4,2,Rajasthan Royals,M.Chinnaswamy Stadium,27 May 2025
4,Pat Cummins,56,14,4,6,MI,Maharashtra Cricket Association Stadium,06 April 2022
5,Travis Head,67,14,4,5,Rajasthan Royals,Wankhede Stadium,06 May 2025
6,KL Rahul,51,14,6,4,DC,IS Bindra Stadium,08 April 2018
7,Yusuf Pathan,72,15,5,7,SRH,Eden Gardens,24 May 2014
8,Sunil Narine,54,15,6,4,RCB,M. Chinnaswamy Stadium,07 May 2017
9,Sai Sudharsan,65,15,6,2,Gujarat Titans,Wankhede Stadium,13 May 2024
10,Phil Salt,61,15,5,6,Gujarat Titans,Sawai Mansingh Stadium,28 May 2023
11,Suryakumar Yadav,65,16,6,3,Lucknow Super Giants,MA Chidambaram Stadium,01 May 2026
12,Ishan Kishan,84,16,11,4,SRH,Zayed Cricket Stadium,08 October 2021
13,Suresh Raina,87,16,12,6,PBKS,Wankhede Stadium,30 May 2014
14,Abhishek Sharma,64,16,6,6,Chennai Super Kings,Punjab Cricket Association IS Bindra Stadium,10 May 2026
15,Ishan Kishan,62,17,5,6,KKR,Eden Gardens,09 May 2018
16,Adam Gilchrist,85,17,10,5,DC,Supersport Park,22 May 2009
17,Kieron Pollard,87,17,6,8,CSK,Arun Jaitley Stadium,01 May 2021
18,Chris Gayle,175,17,13,17,PWI,M. Chinnaswamy Stadium,23 April 2013
19,Chris Morris,82,17,4,8,GL,Arun Jaitley Stadium,27 April 2016
20,Nicholas Pooran,77,17,5,7,SRH,Dubai International Stadium,08 October 2020
21,Kieron Pollard,51,17,2,6,KKR,Wankhede Stadium,28 April 2016
22,Sunil Narine,50,17,4,5,RCB,Eden Gardens,08 April 2018
23,Hardik Pandya,91,17,6,9,KKR,Eden Gardens,28 April 2019
24,Rishabh Pant,78,18,7,7,MI,Wankhede Stadium,24 March 2019
25,Jos Buttler,67,18,4,7,DC,Arun Jaitley Stadium,02 May 2018
26,Prithvi Shaw,82,18,11,3,KKR,Narendra Modi Stadium,29 April 2021
27,KL Rahul,71,19,7,5,CSK,IS Bindra Stadium,05 May 2019
28,Yashasvi Jaiswal,50,19,6,3,CSK,Zayed Cricket Stadium,02 October 2021
29,Harbhajan Singh,64,19,5,6,PBKS,Wankhede Stadium,12 April 2015
30,Owais Shah,60,19,5,5,RCB,M. Chinnaswamy Stadium,15 April 2012
31,Moeen Ali,93,19,13,3,RR,Brabourne - CCI,20 May 2022
32,Andre Russell,51,19,5,4,PBKS,Eden Gardens,09 May 2015
33,Sanju Samson,74,19,1,9,CSK,Sharjah Cricket Stadium,22 September 2020
34,Chris Lynn,93,19,6,8,GL,Saurashtra Cricket Association Stadium,07 April 2017
35,Robin Uthappa,51,19,4,4,PBKS,M. Chinnaswamy Stadium,16 March 2010
36,Marcus Stoinis,60,19,7,6,Kolkata Knight Riders,Rajiv Gandhi International Stadium,27 May 2024
37,David Miller,51,19,0,6,RR,Sharjah Cricket Stadium,20 April 2014
38,Ambati Rayudu,72,20,4,7,MI,Arun Jaitley Stadium,01 May 2021
39,Moises Henriques,57,20,5,4,RCB,Rajiv Gandhi Intl. Cricket Stadium,15 May 2015
40,MS Dhoni,51,20,6,2,MI,M. Chinnaswamy Stadium,23 May 2012
41,Kieron Pollard,60,20,3,5,RCB,Dubai International Stadium,28 September 2020
42,Phil Salt,57,20,3,5,Gujarat Titans,Wankhede Stadium,03 May 2026
43,David Warner,126,20,10,8,KKR,Rajiv Gandhi Intl. Cricket Stadium,30 April 2017
44,Kieron Pollard,66,20,2,8,SRH,Wankhede Stadium,13 May 2013
45,Marcus Stoinis,53,20,7,3,PBKS,Dubai International Stadium,20 September 2020
46,Hardik Pandya,60,20,2,7,RR,Zayed Cricket Stadium,25 October 2020
47,Deepak Hooda,64,20,4,6,RR,Wankhede Stadium,12 April 2021
48,Heinrich Klaasen,51,20,5,3,Sunrisers Hyderabad,Eden Gardens,15 May 2023
49,Virender Sehwag,73,20,12,1,RR,Sawai Mansingh Stadium,01 May 2012
50,David Warner,61,20,11,1,CSK,Rajiv Gandhi Intl. Cricket Stadium,02 May 2015
51,Andre Russell,54,21,3,6,CSK,Wankhede Stadium,21 April 2021
52,Rahul Tripathi,71,21,4,6,KKR,Brabourne - CCI,15 April 2022
53,Shane Watson,60,21,5,5,CSK,Chidambaram,03 April 2010
54,Virender Sehwag,75,21,8,5,RR,Narendra Modi Stadium,15 March 2010
55,Yusuf Pathan,61,21,4,6,DEC,Rajiv Gandhi Intl. Cricket Stadium,24 April 2008
56,Yusuf Pathan,100,21,9,8,MI,Brabourne Stadium,13 March 2010
57,Jonny Bairstow,66,21,4,7,RCB,Brabourne - CCI,13 May 2022
58,Brendon McCullum,81,21,11,3,CSK,Supersport Park,18 May 2009
59,AB de Villiers,59,21,3,5,RR,Sawai Mansingh Stadium,23 April 2012
60,Dwayne Smith,68,21,6,5,CSK,Arun Jaitley Stadium,21 May 2013
61,Liam Livingstone,64,21,7,4,GT,Brabourne - CCI,08 April 2022
62,Andre Russell,65,21,2,9,RCB,Eden Gardens,19 April 2019
63,Sam Billings,56,21,2,5,KKR,Chidambaram,10 April 2018
64,Kieron Pollard,64,21,4,5,CSK,Wankhede Stadium,17 April 2015
65,Virender Sehwag,122,21,12,8,CSK,Wankhede Stadium,30 May 2014
66,Glenn Maxwell,95,21,5,9,SRH,Sharjah Cricket Stadium,22 April 2014
67,Chris Lynn,50,21,5,4,RCB,M. Chinnaswamy Stadium,07 May 2017
68,David Warner,58,21,4,5,RCB,M. Chinnaswamy Stadium,12 April 2016
69,Travis Head,70,21,7,3,Mumbai Indians,Wankhede Stadium,19 May 2024
70,Dinesh Karthik,65,22,4,5,Sunrisers Hyderabad,Maharashtra Cricket Association Stadium,14 May 2026
71,Ross Taylor,55,22,7,2,RCB,Arun Jaitley Stadium,17 May 2012
72,Matthew Hayden,57,22,5,3,DC,Kingsmead,23 April 2009
73,Dwayne Smith,62,22,8,4,MI,Wankhede Stadium,17 April 2015
74,Chris Gayle,117,22,7,12,PBKS,M. Chinnaswamy Stadium,06 May 2015
75,KL Rahul,66,22,2,7,KKR,Holkar Cricket Stadium,12 May 2018
76,Robin Uthappa,50,22,4,4,KKR,M. Chinnaswamy Stadium,10 April 2010
77,Virender Sehwag,74,22,10,3,CSK,Arun Jaitley Stadium,19 March 2010
78,Matthew Hayden,65,22,9,2,RCB,St George's Park,20 April 2009
79,Dinesh Karthik,50,22,5,3,PBKS,Holkar Cricket Stadium,12 May 2018
80,Kieron Pollard,50,22,5,3,PBKS,Wankhede Stadium,16 May 2018
81,MS Dhoni,51,22,2,5,DC,Maharashtra Cricket Association's International Stadium,30 April 2018
82,Kieron Pollard,83,22,3,10,PBKS,Wankhede Stadium,10 April 2019
83,Chris Gayle,63,22,7,4,CSK,IS Bindra Stadium,15 April 2018
84,Faf du Plessis,52,22,7,1,PBKS,Barabati Stadium,07 May 2014
85,Dinesh Karthik,58,22,8,2,PBKS,Zayed Cricket Stadium,10 October 2020
86,AB de Villiers,55,22,1,6,RR,Dubai International Stadium,17 October 2020
87,Aaron Finch,72,22,5,6,RCB,M. Chinnaswamy Stadium,27 April 2017
88,Krunal Pandya,86,22,7,6,DC,ACA-VDCA Stadium,15 May 2016
89,Wriddhiman Saha,54,22,8,2,SRH,Rajiv Gandhi Intl. Cricket Stadium,14 May 2014
90,Glenn Maxwell,90,22,6,8,CSK,Barabati Stadium,07 May 2014
91,Quinton de Kock,108,22,15,3,RCB,M. Chinnaswamy Stadium,17 April 2016
92,Deepak Hooda,54,22,3,4,DC,Arun Jaitley Stadium,12 April 2015
93,Ruturaj Gaikwad,60,22,8,4,Lucknow Super Giants,Punjab Cricket Association IS Bindra Stadium,25 May 2023
94,AB de Villiers,55,23,4,4,MI,Dubai International Stadium,28 September 2020
95,Rahul Tripathi,93,23,9,7,KKR,Eden Gardens,03 May 2017
96,Rishabh Pant,70,23,6,3,Punjab Kings,M.Chinnaswamy Stadium,20 May 2026
97,Sachin Tendulkar,63,23,11,0,DC,Arun Jaitley Stadium,17 March 2010
98,Yusuf Pathan,73,23,2,8,DEC,Narendra Modi Stadium,26 March 2010
99,AB de Villiers,50,23,6,2,PWI,Maharashtra Cricket Association's International Stadium,02 May 2013
100,Rishabh Pant,69,23,7,5,RR,Arun Jaitley Stadium,02 May 2018
101,Andre Russell,62,23,4,6,DC,Arun Jaitley Stadium,30 March 2019
102,Sam Curran,55,23,7,2,KKR,IS Bindra Stadium,03 May 2019
103,Pat Cummins,66,23,4,6,CSK,Wankhede Stadium,21 April 2021
104,David Miller,66,23,8,3,RCB,M. Chinnaswamy Stadium,09 May 2014
105,Jos Buttler,106,23,10,6,RCB,Narendra Modi Stadium,27 May 2022
106,Jos Buttler,54,23,8,3,GT,DY Patil Stadium,14 April 2022
107,Kumar Sangakkara,94,23,13,1,MI,IS Bindra Stadium,25 April 2008
108,Chris Gayle,77,23,5,7,GL,Saurashtra Cricket Association Stadium,18 April 2017
109,Paul Valthaty,120,23,19,2,CSK,IS Bindra Stadium,13 April 2011
110,Yuvraj Singh,62,23,7,3,RCB,Rajiv Gandhi Intl. Cricket Stadium,05 April 2017
111,David Warner,59,23,7,3,PBKS,Rajiv Gandhi Intl. Cricket Stadium,23 April 2016
112,Eoin Morgan,63,23,4,5,RR,Brabourne Stadium,07 May 2015
113,AB de Villiers,73,23,5,6,KKR,Sharjah Cricket Stadium,12 October 2020
114,Rishabh Pant,74,23,3,2,Rajasthan Royals,Punjab Cricket Association IS Bindra Stadium,18 May 2023
115,Priyam Garg,51,23,6,1,CSK,Dubai International Stadium,02 October 2020
116,AB de Villiers,68,23,2,8,CSK,M. Chinnaswamy Stadium,25 April 2018
117,AB de Villiers,89,23,6,8,SRH,M. Chinnaswamy Stadium,04 May 2014
118,Shimron Hetmyer,53,23,2,4,RCB,Narendra Modi Stadium,27 April 2021
119,Kumar Sangakkara,50,23,7,2,DEC,IS Bindra Stadium,23 May 2008
120,Virender Sehwag,51,23,2,5,PBKS,Arun Jaitley Stadium,17 May 2008
121,Evin Lewis,55,23,6,3,CSK,Brabourne - CCI,31 March 2022
122,Andrew Symonds,53,24,5,3,RCB,M. Chinnaswamy Stadium,08 April 2010
123,MS Dhoni,51,24,5,3,MI,Chidambaram,06 April 2013
124,Jos Buttler,77,24,7,5,PBKS,Holkar Cricket Stadium,20 April 2017
125,Simon Katich,50,24,3,4,CSK,Supersport Park,07 May 2009
126,Yuvraj Singh,83,24,7,7,RR,M. Chinnaswamy Stadium,11 May 2014
127,Suryakumar Yadav,82,24,13,3,SRH,Zayed Cricket Stadium,08 October 2021
128,Kevin Pietersen,62,24,10,2,RR,Sawai Mansingh Stadium,14 April 2010
129,Yuvraj Singh,68,24,1,9,DC,M. Chinnaswamy Stadium,13 May 2014
130,Adam Gilchrist,64,24,5,5,DC,Kingsmead,13 May 2009
131,Kieron Pollard,50,24,1,5,PBKS,Wankhede Stadium,11 May 2017
132,Robin Uthappa,59,24,5,4,DC,Eden Gardens,28 April 2017
133,Virender Sehwag,71,24,7,4,CSK,Chidambaram,02 May 2008
134,Ross Taylor,81,24,7,5,KKR,Supersport Park,12 May 2009
135,JP Duminy,58,24,3,5,RR,Sawai Mansingh Stadium,17 April 2012
136,Chris Gayle,57,24,3,6,PWI,Maharashtra Cricket Association's International Stadium,11 May 2012
137,KL Rahul,60,24,9,2,KKR,Eden Gardens,21 April 2018
138,David Warner,50,24,10,0,CSK,Rajiv Gandhi Intl. Cricket Stadium,17 April 2019
139,Moeen Ali,66,24,5,6,KKR,Eden Gardens,19 April 2019
140,AB de Villiers,90,24,10,5,DC,M. Chinnaswamy Stadium,21 April 2018
141,MS Dhoni,65,24,9,3,RCB,M. Chinnaswamy Stadium,28 April 2008
142,David Hussey,57,24,4,3,DEC,Rajiv Gandhi Intl. Cricket Stadium,11 May 2008
143,James Hopes,71,24,10,3,CSK,IS Bindra Stadium,19 April 2008
144,David Warner,57,24,6,4,RCB,M. Chinnaswamy Stadium,13 April 2015
145,MS Dhoni,56,24,7,2,PBKS,Supersport Park,07 May 2009
146,Suresh Raina,78,24,11,3,KKR,Chidambaram,13 April 2010
147,Suresh Raina,57,24,3,3,MI,DY Patil Stadium,25 April 2010
148,Matthew Hayden,93,24,9,7,DC,Arun Jaitley Stadium,19 March 2010
149,David Miller,101,24,8,7,RCB,IS Bindra Stadium,06 May 2013
150,David Warner,51,24,4,4,PWI,Shaheed Veer Narayan Singh International Cricket Stadium,28 April 2013
151,Kedar Jadhav,63,24,8,2,SRH,Shaheed Veer Narayan Singh International Cricket Stadium,09 May 2015
152,Nicholas Pooran,66,24,6,2,Delhi Capitals,Sawai Mansingh Stadium,26 May 2025
153,Jesse Ryder,60,24,5,5,DC,DY Patil Stadium,17 April 2011
154,Sunil Narine,64,24,6,4,DC,Zayed Cricket Stadium,24 October 2020
155,Ben Stokes,50,24,6,3,PBKS,Zayed Cricket Stadium,30 October 2020
156,Marcus Stoinis,53,24,6,2,RCB,Dubai International Stadium,05 October 2020
157,Dinesh Karthik,69,24,7,5,KTK,Holkar Cricket Stadium,13 May 2011
158,Sunny Sohal,56,24,6,4,CSK,Chidambaram,01 May 2011
159,Robin Uthappa,53,24,9,0,PBKS,IS Bindra Stadium,19 April 2016
160,Sanju Samson,61,24,0,7,GL,Arun Jaitley Stadium,04 May 2017
161,David Warner,69,24,8,3,RCB,M. Chinnaswamy Stadium,29 May 2016
162,Shane Watson,70,25,6,6,CSK,Sawai Mansingh Stadium,12 May 2013
163,Irfan Pathan,60,25,3,5,DEC,Barabati Stadium,19 March 2010
164,David Warner,57,25,4,4,DEC,Barabati Stadium,21 March 2010
165,Glenn Maxwell,95,25,15,2,CSK,Zayed Cricket Stadium,18 April 2014
166,AB de Villiers,55,25,9,1,DC,M. Chinnaswamy Stadium,17 April 2016
167,Robin Uthappa,50,25,8,1,LSG,Brabourne - CCI,31 March 2022
168,David Warner,51,25,4,4,PBKS,IS Bindra Stadium,28 April 2017
169,Mayank Agarwal,69,25,7,4,DC,Wankhede Stadium,18 April 2021
170,KL Rahul,98,25,7,8,CSK,Dubai International Stadium,07 October 2021
171,David Warner,90,25,12,3,CSK,JSCA Stadium,22 May 2014
172,AB de Villiers,53,25,1,5,PBKS,M. Chinnaswamy Stadium,09 May 2014
173,Ishan Kishan,50,25,5,3,RR,Sharjah Cricket Stadium,05 October 2021
174,Venkatesh Iyer,53,25,4,3,MI,Zayed Cricket Stadium,23 September 2021
175,Ravindra Jadeja,62,25,4,5,RCB,Wankhede Stadium,25 April 2021
176,Corey Anderson,95,25,9,6,RR,Wankhede Stadium,25 May 2014
177,Aaron Finch,58,25,9,2,RR,Brabourne - CCI,18 April 2022
178,Sanju Samson,55,25,3,5,SRH,Maharashtra Cricket Association Stadium,29 March 2022
179,Moeen Ali,65,25,2,6,SRH,M. Chinnaswamy Stadium,17 May 2018
180,Dwayne Bravo,68,25,3,7,MI,Wankhede Stadium,07 April 2018
181,Karun Nair,54,25,3,5,CSK,Maharashtra Cricket Association's International Stadium,20 May 2018
182,Prithvi Shaw,65,25,6,3,SRH,Rajiv Gandhi Intl. Cricket Stadium,05 May 2018
183,Hardik Pandya,61,25,8,2,KKR,Wankhede Stadium,14 May 2015
184,Kevin Pietersen,50,25,6,3,MI,Arun Jaitley Stadium,27 April 2012
185,Rahul Dravid,75,25,6,6,RR,Sawai Mansingh Stadium,17 May 2008
186,Andre Russell,55,25,4,4,CSK,Eden Gardens,30 April 2015
187,David Warner,79,25,10,4,PBKS,HPCA Stadium,19 May 2012
188,Sanath Jayasuriya,114,25,9,11,CSK,Wankhede Stadium,14 May 2008
189,Rohit Sharma,50,25,6,2,CSK,Eden Gardens,24 May 2015
190,Shane Watson,78,25,4,7,DC,Maharashtra Cricket Association's International Stadium,30 April 2018
191,Manish Pandey,83,25,7,3,CSK,Chidambaram,23 April 2019
192,Robin Uthappa,53,25,4,4,SRH,Rajiv Gandhi Intl. Cricket Stadium,30 April 2017
193,David Warner,66,25,8,2,DC,Dubai International Stadium,27 October 2020
194,Quinton de Kock,78,25,9,3,KKR,Zayed Cricket Stadium,16 October 2020
195,Chris Gayle,51,25,2,5,KKR,Sharjah Cricket Stadium,26 October 2020
196,Chris Gayle,69,25,6,5,DC,Arun Jaitley Stadium,20 April 2019
197,Chris Gayle,76,25,4,8,SRH,M. Chinnaswamy Stadium,29 May 2016
198,AB de Villiers,83,25,6,4,RPS,Maharashtra Cricket Association's International Stadium,22 April 2016
199,Rishabh Pant,69,25,9,2,GL,Saurashtra Cricket Association Stadium,03 May 2016
200,Adam Gilchrist,106,25,8,9,RCB,HPCA Stadium,17 May 2011
201,AB de Villiers,129,25,10,12,GL,M. Chinnaswamy Stadium,14 May 2016
202,Shikhar Dhawan,54,25,8,2,RR,Sawai Mansingh Stadium,22 April 2019
203,David Miller,51,25,5,2,CSK,Chidambaram,02 May 2013
204,Dinesh Karthik,72,26,8,2,Delhi Capitals,Maharashtra Cricket Association Stadium,05 May 2024
205,Virat Kohli,57,26,7,2,RR,M. Chinnaswamy Stadium,15 April 2018
206,Manish Pandey,52,26,3,3,MI,Eden Gardens,13 April 2016
207,Mayank Agarwal,106,26,10,7,RR,Sharjah Cricket Stadium,27 September 2020
208,Shreyas Iyer,88,26,7,6,KKR,Sharjah Cricket Stadium,03 October 2020
209,Shikhar Dhawan,78,26,6,2,SRH,Zayed Cricket Stadium,08 November 2020
210,Deepak Hooda,62,26,3,4,CSK,Zayed Cricket Stadium,01 November 2020
211,AB de Villiers,82,26,7,6,SRH,M. Chinnaswamy Stadium,12 April 2016
212,Chris Gayle,73,26,4,8,PBKS,M. Chinnaswamy Stadium,18 May 2016
213,Dwayne Smith,53,26,5,3,DC,Arun Jaitley Stadium,27 April 2016
214,Steve Smith,50,26,7,2,PBKS,Sharjah Cricket Stadium,27 September 2020
215,David Warner,69,26,9,2,RR,Rajiv Gandhi Intl. Cricket Stadium,29 March 2019
216,KL Rahul,51,26,6,1,SRH,Rajiv Gandhi Intl. Cricket Stadium,30 April 2016
217,Rishabh Pant,78,26,6,4,RR,Sawai Mansingh Stadium,22 April 2019
218,AB de Villiers,64,26,8,1,CSK,Chidambaram,13 April 2013
219,Kane Williamson,54,26,4,2,PBKS,IS Bindra Stadium,28 April 2017
220,Graeme Smith,77,26,12,1,PBKS,Kingsmead,05 May 2009
221,Suresh Raina,98,26,10,5,RR,Supersport Park,30 April 2009
222,David Warner,60,26,10,1,PBKS,Brabourne - CCI,20 April 2022
223,Dinesh Karthik,66,26,5,5,DC,Wankhede Stadium,16 April 2022
224,Liam Livingstone,60,26,5,4,SRH,DY Patil Stadium,17 April 2022
225,Shivam Dube,57,26,6,3,PBKS,Brabourne - CCI,03 April 2022
226,Jos Buttler,95,26,11,2,CSK,Sawai Mansingh Stadium,11 May 2018
227,Karun Nair,50,26,7,2,MI,Wankhede Stadium,25 May 2014
228,Yusuf Pathan,62,26,3,6,DC,Supersport Park,28 April 2009
229,Sanath Jayasuriya,52,26,2,4,KKR,St George's Park,27 April 2009
230,Moises Henriques,55,26,6,2,RPS,Maharashtra Cricket Association's International Stadium,22 April 2017
231,Robin Uthappa,87,26,7,6,RPS,Maharashtra Cricket Association's International Stadium,26 April 2017
232,Kedar Jadhav,69,26,5,5,DC,M. Chinnaswamy Stadium,08 April 2017
233,Mahela Jayawardena,110,26,14,3,KKR,Eden Gardens,04 April 2010
234,Albie Morkel,62,26,3,5,RR,Chidambaram,03 April 2010
235,Andrew Symonds,54,26,3,5,DC,Arun Jaitley Stadium,18 April 2010
236,Shane Watson,58,26,6,4,PWI,Sawai Mansingh Stadium,13 May 2012
237,Rohit Sharma,50,26,3,4,PBKS,IS Bindra Stadium,23 May 2008
238,Albie Morkel,71,26,6,4,RR,Chidambaram,24 May 2008
239,Andre Russell,88,26,1,11,CSK,Chidambaram,10 April 2018
240,Sunil Narine,75,26,9,4,PBKS,Holkar Cricket Stadium,12 May 2018
241,Virat Kohli,70,26,7,3,DC,Arun Jaitley Stadium,12 May 2018
242,David Warner,109,26,10,7,DEC,Rajiv Gandhi Intl. Cricket Stadium,10 May 2012
243,Kamran Akmal,53,26,4,3,CSK,Chidambaram,24 May 2008
244,Mayank Agarwal,64,26,6,4,MI,M. Chinnaswamy Stadium,14 May 2012
245,Manish Pandey,61,27,9,0,RR,Sawai Mansingh Stadium,27 April 2019
246,Brendon McCullum,60,27,6,3,DC,Arun Jaitley Stadium,27 April 2016
247,Quinton de Kock,52,27,6,2,PBKS,IS Bindra Stadium,07 May 2016
248,Dinesh Karthik,51,27,8,1,KKR,Eden Gardens,08 May 2016
249,Robin Uthappa,68,27,5,4,SRH,Eden Gardens,15 April 2017
250,Rishabh Pant,97,27,6,9,GL,Arun Jaitley Stadium,04 May 2017
251,Yusuf Pathan,60,27,6,3,RCB,M. Chinnaswamy Stadium,02 May 2016
252,Wriddhiman Saha,87,27,12,2,DC,Dubai International Stadium,27 October 2020
253,Virender Sehwag,119,27,13,6,DEC,Rajiv Gandhi Intl. Cricket Stadium,05 May 2011
254,Shaun Marsh,95,27,9,6,DC,Arun Jaitley Stadium,23 April 2011
255,Chris Gayle,89,27,9,5,MI,Chidambaram,27 May 2011
256,Sanju Samson,85,27,4,7,PBKS,Sharjah Cricket Stadium,27 September 2020
257,Nicholas Pooran,53,27,6,3,DC,Dubai International Stadium,20 October 2020
258,Sanju Samson,54,27,4,3,MI,Zayed Cricket Stadium,25 October 2020
259,Lendl Simmons,59,27,5,4,PBKS,Wankhede Stadium,11 May 2017
260,Chris Lynn,54,27,8,2,MI,Eden Gardens,28 April 2019
261,Chris Gayle,61,27,6,3,PBKS,IS Bindra Stadium,06 May 2013
262,Ambati Rayudu,53,27,4,3,RR,Wankhede Stadium,01 May 2015
263,Prithvi Shaw,51,27,7,2,KKR,Brabourne - CCI,10 April 2022
264,Liam Livingstone,60,27,5,5,CSK,Brabourne - CCI,03 April 2022
265,Quinton De Kock,50,27,4,3,KKR,Maharashtra Cricket Association Stadium,07 May 2022
266,Devon Conway,87,27,7,5,DC,DY Patil Stadium,08 May 2022
267,Ambati Rayudu,79,27,9,4,SRH,Rajiv Gandhi Intl. Cricket Stadium,22 April 2018
268,Andre Russell,70,27,2,8,PBKS,Wankhede Stadium,01 April 2022
269,Devdutt Padikkal,101,27,11,6,RR,Wankhede Stadium,22 April 2021
270,Prithvi Shaw,72,27,9,3,CSK,Wankhede Stadium,10 April 2021
271,Dwayne Smith,50,27,6,3,RR,Dubai International Stadium,23 April 2014
272,Prithvi Shaw,60,27,7,3,CSK,Dubai International Stadium,10 October 2021
273,AB de Villiers,76,27,9,3,KKR,Chidambaram,18 April 2021
274,George Bailey,61,27,4,3,MI,Wankhede Stadium,12 April 2015
275,Rishabh Pant,61,27,5,4,RCB,Arun Jaitley Stadium,12 May 2018
276,Faf du Plessis,50,27,2,4,MI,Arun Jaitley Stadium,01 May 2021
277,Lendl Simmons,100,27,14,2,PBKS,IS Bindra Stadium,21 May 2014
278,Ishan Kishan,61,27,5,4,SRH,Green Park,13 May 2017
279,Dinesh Karthik,56,27,4,3,MI,Arun Jaitley Stadium,24 May 2008
280,Shaun Marsh,115,27,11,7,RR,IS Bindra Stadium,28 May 2008
281,Virender Sehwag,94,27,10,6,DEC,Rajiv Gandhi Intl. Cricket Stadium,22 April 2008
282,Jason Roy,91,27,6,6,MI,Wankhede Stadium,14 April 2018
283,Quinton de Kock,70,27,4,6,Chennai Super Kings,Punjab Cricket Association IS Bindra Stadium,08 May 2023
284,David Hussey,65,27,4,5,DEC,IS Bindra Stadium,13 May 2012
285,Virender Sehwag,57,27,5,4,PWI,Arun Jaitley Stadium,21 April 2012
286,Jos Buttler,82,27,9,1,PBKS,Sawai Mansingh Stadium,08 May 2018
287,Manvinder Bisla,89,27,8,5,CSK,Chidambaram,27 May 2012
288,Chris Gayle,68,27,2,6,CSK,Chidambaram,12 April 2012
289,Suresh Raina,73,27,3,5,KKR,Chidambaram,27 May 2012
290,Shane Watson,90,27,10,4,PWI,Maharashtra Cricket Association's International Stadium,08 May 2012
291,Azhar Mahmood,80,27,8,4,MI,HPCA Stadium,18 May 2013
292,Martin Guptill,50,27,6,3,DC,IS Bindra Stadium,30 April 2017
293,Ajinkya Rahane,60,27,6,3,MI,Maharashtra Cricket Association's International Stadium,06 April 2017
294,Manoj Tiwary,50,28,6,2,RCB,Eden Gardens,14 March 2010
295,Jonny Bairstow,80,28,7,4,KKR,Rajiv Gandhi Intl. Cricket Stadium,21 April 2019
296,Jonny Bairstow,97,28,7,6,PBKS,Dubai International Stadium,08 October 2020
297,Manish Pandey,83,28,4,8,RR,Dubai International Stadium,22 October 2020
298,Chris Gayle,99,28,10,5,RCB,IS Bindra Stadium,13 April 2019
299,Jonny Bairstow,114,28,12,7,RCB,Rajiv Gandhi Intl. Cricket Stadium,31 March 2019
300,Yuvraj Singh,58,28,5,2,CSK,Supersport Park,07 May 2009
301,Andrew Symonds,60,28,2,4,PBKS,De Beers Diamond Oval,09 May 2009
302,Rohit Sharma,52,28,1,5,RCB,Newlands,22 April 2009
303,Glenn Maxwell,89,28,8,6,RR,Sharjah Cricket Stadium,20 April 2014
304,Shane Watson,50,28,5,3,PBKS,Sharjah Cricket Stadium,20 April 2014
305,Yuvraj Singh,52,28,3,5,DC,Sharjah Cricket Stadium,17 April 2014
306,Michael Hussey,56,28,7,2,DC,Wankhede Stadium,23 May 2014
307,Ambati Rayudu,55,28,6,2,DEC,Brabourne Stadium,03 April 2010
308,Glenn Maxwell,78,28,9,3,KKR,Chidambaram,18 April 2021
309,Rahul Tripathi,53,28,5,2,SRH,Chidambaram,11 April 2021
310,MS Dhoni,66,28,6,3,KKR,Eden Gardens,16 March 2010
311,Michael Lumb,83,28,16,2,PBKS,Sawai Mansingh Stadium,07 April 2010
312,AB de Villiers,63,28,5,4,KKR,M. Chinnaswamy Stadium,05 April 2019
313,Nitish Rana,63,28,2,7,PBKS,Eden Gardens,27 March 2019
314,Mayank Agarwal,58,28,6,1,KKR,Eden Gardens,27 March 2019
315,David Warner,67,28,3,5,KKR,Rajiv Gandhi Intl. Cricket Stadium,21 April 2019
316,Shane Watson,52,28,4,3,DC,Wankhede Stadium,30 May 2008
317,Wriddhiman Saha,59,28,2,4,PBKS,IS Bindra Stadium,03 May 2008
318,Yusuf Pathan,68,28,9,2,DEC,Sawai Mansingh Stadium,09 May 2008
319,Ben Stokes,107,28,14,3,MI,Zayed Cricket Stadium,25 October 2020
320,Virender Sehwag,77,28,8,4,PBKS,Arun Jaitley Stadium,23 April 2011
321,Phil Salt,56,28,4,2,Mumbai Indians,Eden Gardens,09 May 2025
322,Shikhar Dhawan,106,28,12,3,PBKS,Dubai International Stadium,20 October 2020
323,Virat Kohli,113,28,12,8,PBKS,M. Chinnaswamy Stadium,18 May 2016
324,Shikhar Dhawan,51,28,4,3,KKR,Eden Gardens,22 May 2016
325,Dwayne Smith,63,28,9,1,RPS,Maharashtra Cricket Association's International Stadium,29 April 2016
326,Virat Kohli,56,28,6,4,CSK,M. Chinnaswamy Stadium,18 May 2013
327,Rohit Sharma,79,28,6,6,PBKS,Wankhede Stadium,29 April 2013
328,Nitish Rana,70,28,7,4,GL,Green Park,21 May 2016
329,Gautam Gambhir,75,28,11,1,RR,Sawai Mansingh Stadium,15 April 2011
330,MS Dhoni,63,28,5,4,DC,Chidambaram,12 May 2011
331,Chris Gayle,107,28,10,9,PBKS,M. Chinnaswamy Stadium,06 May 2011
332,Kane Williamson,81,28,7,5,RCB,M. Chinnaswamy Stadium,17 May 2018
333,Shane Watson,106,28,9,6,RR,Maharashtra Cricket Association's International Stadium,20 April 2018
334,Chris Gayle,62,28,5,6,KKR,Eden Gardens,21 April 2018
335,AB de Villiers,72,28,4,6,DC,Arun Jaitley Stadium,12 May 2018
336,Vijay Shankar,54,28,1,5,CSK,Maharashtra Cricket Association's International Stadium,30 April 2018
337,Ambati Rayudu,50,28,4,4,DC,Arun Jaitley Stadium,18 May 2018
338,Kieron Pollard,70,28,7,5,RR,Narendra Modi Stadium,14 April 2015
339,Nitish Rana,50,28,5,3,KKR,Wankhede Stadium,09 April 2017
340,Wriddhiman Saha,68,28,11,1,SRH,Wankhede Stadium,27 April 2022
341,Rajat Patidar,112,28,12,7,LSG,Eden Gardens,25 May 2022
342,Tilak Varma,61,28,3,5,RR,DY Patil Stadium,02 April 2022
343,Dwayne Smith,74,28,8,4,PBKS,IS Bindra Stadium,07 May 2017
344,Dinesh Karthik,65,28,5,5,DC,Arun Jaitley Stadium,04 May 2017
345,Shreyas Iyer,50,28,4,3,LSG,DY Patil Stadium,18 May 2022
346,David Miller,94,28,8,6,CSK,Maharashtra Cricket Association Stadium,17 April 2022
347,Ambati Rayudu,78,28,7,6,PBKS,Wankhede Stadium,25 April 2022
348,Murali Vijay,113,28,15,4,DC,Chidambaram,25 May 2012
349,Gautam Gambhir,93,28,9,5,RCB,Eden Gardens,28 April 2012
350,Gautam Gambhir,64,28,9,1,RCB,M. Chinnaswamy Stadium,10 April 2012
351,Virender Sehwag,87,28,10,3,PWI,Maharashtra Cricket Association's International Stadium,24 April 2012
352,Andre Russell,66,28,9,2,PBKS,Maharashtra Cricket Association's International Stadium,18 April 2015
353,MS Dhoni,53,28,4,4,SRH,Chidambaram,11 April 2015
354,Venugopal Rao,71,28,4,6,KKR,Rajiv Gandhi Intl. Cricket Stadium,11 May 2008
355,Adam Gilchrist,109,28,9,10,MI,DY Patil Stadium,27 April 2008
356,Andrew Symonds,117,29,11,7,RR,Rajiv Gandhi Intl. Cricket Stadium,24 April 2008
357,Graeme Smith,91,29,9,4,CSK,Chidambaram,24 May 2008
358,Swapnil Asnodkar,60,29,10,1,KKR,Sawai Mansingh Stadium,01 May 2008
359,Ambati Rayudu,62,29,5,3,DC,Arun Jaitley Stadium,27 April 2012
360,Rohit Sharma,50,29,3,3,PBKS,IS Bindra Stadium,25 April 2012
361,Rohit Sharma,109,29,12,5,KKR,Eden Gardens,12 May 2012
362,Tillakaratne Dilshan,71,29,8,2,DEC,M. Chinnaswamy Stadium,06 May 2012
363,Kieron Pollard,64,29,6,4,RR,Wankhede Stadium,11 April 2012
364,Shreyas Iyer,93,29,3,10,KKR,Arun Jaitley Stadium,27 April 2018
365,Quinton de Kock,50,29,9,1,SRH,Shaheed Veer Narayan Singh International Cricket Stadium,09 May 2015
366,David Miller,54,29,1,5,RR,Narendra Modi Stadium,21 April 2015
367,Suryakumar Yadav,72,29,6,3,RR,Sawai Mansingh Stadium,22 April 2018
368,AB de Villiers,133,29,19,4,MI,Wankhede Stadium,10 May 2015
369,Dwayne Bravo,62,29,8,1,RR,Narendra Modi Stadium,19 April 2015
370,Suresh Raina,62,29,4,6,RCB,M. Chinnaswamy Stadium,22 April 2015
371,Chris Gayle,62,29,6,4,DC,Arun Jaitley Stadium,26 April 2015
372,Suryakumar Yadav,53,29,7,1,DC,Wankhede Stadium,14 April 2018
373,Shreyas Iyer,52,29,4,3,RCB,M. Chinnaswamy Stadium,21 April 2018
374,Wriddhiman Saha,115,29,10,8,KKR,M. Chinnaswamy Stadium,01 June 2014
375,Parthiv Patel,67,29,9,1,RR,Sawai Mansingh Stadium,02 April 2019
376,Jos Buttler,89,29,8,7,MI,Wankhede Stadium,13 April 2019
377,Jos Buttler,69,29,10,2,PBKS,Sawai Mansingh Stadium,25 March 2019
378,MS Dhoni,54,29,5,2,PBKS,HPCA Stadium,18 April 2010
379,Kedar Jadhav,50,29,5,2,RCB,M. Chinnaswamy Stadium,25 March 2010
380,David Warner,107,29,9,5,KKR,Arun Jaitley Stadium,29 March 2010
381,MS Dhoni,61,29,5,3,SRH,Maharashtra Cricket Association's International Stadium,22 April 2017
382,Kieron Pollard,63,29,5,4,DC,Arun Jaitley Stadium,06 May 2017
383,Chris Lynn,84,29,8,3,PBKS,IS Bindra Stadium,09 May 2017
384,Suresh Raina,54,29,4,2,MI,Brabourne Stadium,28 May 2014
385,Nitish Rana,62,29,0,7,PBKS,Holkar Cricket Stadium,20 April 2017
386,Glenn Maxwell,57,29,3,4,PBKS,Sharjah Cricket Stadium,03 October 2021
387,MS Dhoni,70,29,1,7,RCB,M. Chinnaswamy Stadium,25 April 2018
388,Shane Watson,58,29,3,3,DEC,Vidarbha Cricket Association Stadium,05 April 2010
389,Rahul Tripathi,74,29,8,3,MI,Zayed Cricket Stadium,23 September 2021
390,Murali Vijay,78,29,4,6,RCB,Chidambaram,31 March 2010
391,Robin Uthappa,67,29,10,1,CSK,Eden Gardens,20 May 2014
392,Naman Ojha,79,29,4,7,PBKS,Rajiv Gandhi Intl. Cricket Stadium,14 May 2014
393,Jos Buttler,103,29,9,5,KKR,Brabourne - CCI,18 April 2022
394,Riyan Parag,56,29,3,4,RCB,Maharashtra Cricket Association Stadium,26 April 2022
395,David Warner,66,29,4,5,RCB,Wankhede Stadium,16 April 2022
396,Kumar Sangakkara,54,29,5,2,CSK,IS Bindra Stadium,19 April 2008
397,Yusuf Pathan,55,29,6,2,KKR,Sawai Mansingh Stadium,01 May 2008
398,Yuvraj Singh,57,29,6,3,RR,Sawai Mansingh Stadium,21 April 2008
399,David Warner,77,29,7,4,PBKS,Arun Jaitley Stadium,23 April 2011
400,Shaun Marsh,71,29,6,3,RR,IS Bindra Stadium,21 April 2011
401,Bharat Chipli,61,29,5,3,RCB,Rajiv Gandhi Intl. Cricket Stadium,14 April 2011
402,Ambati Rayudu,53,29,3,4,KTK,Wankhede Stadium,15 April 2011
403,Aiden Blizzard,51,29,7,2,KKR,Wankhede Stadium,25 May 2011
404,Nicholas Pooran,64,29,3,6,CSK,Maharashtra Cricket Association Stadium,01 May 2022
405,Rajat Patidar,52,29,5,2,GT,Brabourne - CCI,30 April 2022
406,Shikhar Dhawan,101,29,14,1,CSK,Sharjah Cricket Stadium,17 October 2020
407,Glenn Maxwell,68,29,6,4,KKR,Eden Gardens,04 May 2016
408,Faf du Plessis,72,29,1,7,RR,Sharjah Cricket Stadium,22 September 2020
409,Suryakumar Yadav,79,29,10,3,RCB,Zayed Cricket Stadium,28 October 2020
410,Brad Hodge,54,29,2,5,SRH,Arun Jaitley Stadium,22 May 2013
411,David Miller,80,29,5,5,PWI,IS Bindra Stadium,21 April 2013
412,Shane Watson,101,29,6,6,CSK,Chidambaram,22 April 2013
413,Murali Vijay,95,29,4,6,RCB,Chidambaram,28 May 2011
414,Dinesh Karthik,86,29,14,2,DC,Wankhede Stadium,09 April 2013
415,Suresh Raina,82,29,5,5,MI,Arun Jaitley Stadium,21 May 2013
416,David Warner,74,29,9,0,GL,Saurashtra Cricket Association Stadium,21 April 2016
417,Steve Smith,101,29,8,5,GL,Maharashtra Cricket Association's International Stadium,29 April 2016
418,AB de Villiers,51,29,4,2,SRH,Dubai International Stadium,21 September 2020
419,Ishan Kishan,68,29,6,5,CSK,Sharjah Cricket Stadium,23 October 2020
420,KL Rahul,52,29,6,2,KKR,M. Chinnaswamy Stadium,02 May 2016
421,Wriddhiman Saha,52,29,7,0,DC,IS Bindra Stadium,07 May 2016
422,Gurkeerat Mann Singh,51,29,3,3,RPS,ACA-VDCA Stadium,21 May 2016
423,AB de Villiers,59,29,5,3,KKR,Eden Gardens,16 May 2016
424,Chris Gayle,102,29,10,7,KKR,Eden Gardens,22 April 2011
425,Nicholas Pooran,62,29,2,6,DC,Brabourne - CCI,05 May 2022
426,Shubman Gill,96,29,11,1,PBKS,Brabourne - CCI,08 April 2022
427,Saurabh Tiwary,53,30,4,2,RR,Brabourne Stadium,13 March 2010
428,Brendon McCullum,72,30,2,7,RCB,Saurashtra Cricket Association Stadium,18 April 2017
429,Hashim Amla,65,30,9,2,GL,Saurashtra Cricket Association Stadium,23 April 2017
430,Rohit Sharma,50,30,5,1,CSK,Wankhede Stadium,17 April 2015
431,Ben Stokes,50,30,2,3,PBKS,Holkar Cricket Stadium,08 April 2017
432,Rishabh Pant,51,30,9,0,RR,Wankhede Stadium,15 April 2021
433,David Warner,55,30,6,2,MI,Rajiv Gandhi Intl. Cricket Stadium,12 May 2014
434,Glenn Maxwell,50,30,6,1,RR,Dubai International Stadium,29 September 2021
435,David Warner,52,30,5,1,RCB,Rajiv Gandhi Intl. Cricket Stadium,15 May 2015
436,Mayank Agarwal,52,30,6,2,MI,Maharashtra Cricket Association Stadium,13 April 2022
437,Nitish Rana,57,30,3,4,DC,Wankhede Stadium,28 April 2022
438,Virender Sehwag,73,30,8,4,MI,Arun Jaitley Stadium,27 April 2012
439,David Hussey,68,30,4,4,MI,IS Bindra Stadium,25 April 2012
440,Quinton de Kock,69,30,9,3,RCB,M. Chinnaswamy Stadium,17 May 2015
441,Gautam Gambhir,56,30,4,2,PWI,Eden Gardens,05 May 2012
442,Rovman Powell,67,30,3,6,SRH,Brabourne - CCI,05 May 2022
443,Shivam Dube,95,30,5,8,RCB,DY Patil Stadium,12 April 2022
444,Manish Pandey,62,30,7,2,RCB,M. Chinnaswamy Stadium,17 May 2018
445,Glenn Maxwell,55,30,7,2,DC,Wankhede Stadium,16 April 2022
446,Prithvi Shaw,61,30,9,2,LSG,DY Patil Stadium,07 April 2022
447,KL Rahul,91,30,7,5,RR,Wankhede Stadium,12 April 2021
448,Brendon McCullum,67,30,4,5,PBKS,Zayed Cricket Stadium,18 April 2014
449,Nitish Rana,59,30,5,4,DC,Eden Gardens,16 April 2018
450,AB de Villiers,58,30,1,5,RR,M. Chinnaswamy Stadium,11 May 2014
451,Manish Pandey,69,30,7,2,MI,Zayed Cricket Stadium,08 October 2021
452,Rohit Sharma,62,30,3,5,PWI,Wankhede Stadium,13 April 2013
453,Aditya Tare,59,30,8,1,RR,Wankhede Stadium,15 May 2013
454,Tillakaratne Dilshan,52,30,8,1,KTK,M. Chinnaswamy Stadium,08 May 2011
455,MS Dhoni,58,30,2,4,DC,Chidambaram,14 May 2013
456,Naman Ojha,94,30,8,6,CSK,Chidambaram,03 April 2010
457,Murali Vijay,127,30,8,11,RR,Chidambaram,03 April 2010
458,Dinesh Karthik,69,30,6,4,RR,Arun Jaitley Stadium,31 March 2010
459,Chris Gayle,88,30,6,8,PBKS,Eden Gardens,04 April 2010
460,Prithvi Shaw,99,30,12,3,KKR,Arun Jaitley Stadium,30 March 2019
461,Andre Russell,80,30,6,8,MI,Eden Gardens,28 April 2019
462,Rahul Tewatia,53,30,0,7,PBKS,Sharjah Cricket Stadium,27 September 2020
463,Ishan Kishan,55,30,4,3,DC,Dubai International Stadium,05 November 2020
464,Shikhar Dhawan,57,30,6,2,RR,Dubai International Stadium,14 October 2020
465,Steve Smith,57,30,6,1,RCB,Dubai International Stadium,17 October 2020
466,Devdutt Padikkal,74,30,12,1,MI,Zayed Cricket Stadium,28 October 2020
467,Eoin Morgan,68,30,5,6,RR,Dubai International Stadium,01 November 2020
468,Ambati Rayudu,55,30,6,2,RR,Brabourne Stadium,13 March 2010
469,Adam Gilchrist,54,30,3,3,KKR,DY Patil Stadium,12 March 2010
470,Adam Gilchrist,61,30,5,3,DEC,Rajiv Gandhi Intl. Cricket Stadium,16 April 2011
471,Yuvraj Singh,66,30,4,5,DC,DY Patil Stadium,17 April 2011
472,Mahela Jayawardena,76,30,8,2,PBKS,Holkar Cricket Stadium,13 May 2011
473,AB de Villiers,64,30,5,2,PBKS,IS Bindra Stadium,09 May 2016
474,Hashim Amla,96,30,14,2,SRH,IS Bindra Stadium,15 May 2016
475,Suryakumar Yadav,53,30,6,1,DC,Zayed Cricket Stadium,11 October 2020
476,Yusuf Pathan,52,30,3,2,SRH,Eden Gardens,22 May 2016
477,Suresh Raina,58,30,8,2,MI,Green Park,21 May 2016
478,MS Dhoni,64,30,4,5,PBKS,ACA-VDCA Stadium,21 May 2016
479,Mahela Jayawardena,56,30,9,0,MI,Wankhede Stadium,15 April 2011
480,JP Duminy,55,30,2,4,DC,Rajiv Gandhi Intl. Cricket Stadium,05 May 2011
481,Ross Taylor,53,30,3,3,CSK,M. Chinnaswamy Stadium,28 April 2008
482,Shikhar Dhawan,92,30,9,4,DC,Arun Jaitley Stadium,10 May 2018
483,Chris Lynn,74,30,6,4,PBKS,Eden Gardens,21 April 2018
484,James Hopes,51,30,7,1,RR,IS Bindra Stadium,28 May 2008
485,Shane Watson,89,30,9,6,MI,Wankhede Stadium,20 May 2011
486,Michael Hussey,116,31,8,9,PBKS,IS Bindra Stadium,19 April 2008
487,Sanath Jayasuriya,70,31,7,5,DC,Arun Jaitley Stadium,24 May 2008
488,Rohit Sharma,66,31,6,4,DC,Rajiv Gandhi Intl. Cricket Stadium,22 April 2008
489,Vidyut Sivaramakrishnan,54,31,7,1,DC,Chidambaram,02 May 2008
490,Kieron Pollard,60,31,7,3,CSK,Eden Gardens,26 May 2013
491,Aaron Finch,52,31,3,4,DC,Maharashtra Cricket Association's International Stadium,19 May 2013
492,Gautam Gambhir,60,31,9,0,PBKS,IS Bindra Stadium,16 April 2013
493,Dinesh Karthik,60,31,3,4,RCB,M. Chinnaswamy Stadium,04 April 2013
494,Michael Hussey,88,31,13,1,RR,Chidambaram,22 April 2013
495,Rohit Sharma,73,31,5,5,DC,Arun Jaitley Stadium,21 April 2013
496,Manan Vohra,51,31,7,0,RPS,IS Bindra Stadium,17 April 2016
497,Aaron Finch,50,31,7,2,SRH,Arun Jaitley Stadium,27 May 2016
498,Ambati Rayudu,65,31,4,4,PBKS,IS Bindra Stadium,25 April 2016
499,Virat Kohli,84,31,9,2,KKR,M. Chinnaswamy Stadium,05 April 2019
500,Prithvi Shaw,56,31,6,2,SRH,ACA-VDCA Stadium,08 May 2019
501,AB de Villiers,70,31,4,6,MI,M. Chinnaswamy Stadium,28 March 2019
502,Michael Hussey,95,31,11,2,KKR,Chidambaram,28 April 2013
503,Virender Sehwag,95,31,13,2,MI,Arun Jaitley Stadium,21 April 2013
504,Virat Kohli,93,31,11,4,SRH,M. Chinnaswamy Stadium,09 April 2013
505,Rohit Sharma,87,31,8,5,CSK,Wankhede Stadium,22 April 2011
506,Virat Kohli,56,31,8,2,DC,Arun Jaitley Stadium,26 April 2011
507,Suresh Raina,59,31,6,2,DEC,Chidambaram,01 May 2011
508,David Warner,85,31,9,3,KKR,Eden Gardens,24 March 2019
509,Jesse Ryder,51,31,4,2,RCB,M. Chinnaswamy Stadium,29 April 2011
510,Chris Gayle,63,31,3,7,MI,Wankhede Stadium,10 April 2019
511,Yusuf Pathan,63,31,7,1,GL,Eden Gardens,08 May 2016
512,Dwayne Smith,73,31,5,6,RCB,M. Chinnaswamy Stadium,24 May 2016
513,Virat Kohli,108,31,8,7,RPS,M. Chinnaswamy Stadium,07 May 2016
514,Shane Watson,83,31,11,3,PBKS,Dubai International Stadium,04 October 2020
515,Moeen Ali,50,31,1,5,MI,Wankhede Stadium,15 April 2019
516,Chris Lynn,50,31,6,3,RR,Sawai Mansingh Stadium,07 April 2019
517,Shane Watson,50,31,3,4,DC,ACA-VDCA Stadium,10 May 2019
518,David Warner,54,31,7,1,RCB,Chidambaram,14 April 2021
519,Venkatesh Iyer,50,31,5,3,CSK,Dubai International Stadium,15 October 2021
520,Evin Lewis,58,31,5,3,RCB,Dubai International Stadium,29 September 2021
521,Shivam Dube,64,31,4,4,CSK,Zayed Cricket Stadium,02 October 2021
522,Virat Kohli,50,31,7,0,DEC,Newlands,22 April 2009
523,Ambati Rayudu,100,31,7,7,SRH,Maharashtra Cricket Association's International Stadium,13 May 2018
524,David Miller,89,31,2,9,SRH,Rajiv Gandhi Intl. Cricket Stadium,11 May 2015
525,Adam Gilchrist,71,31,6,5,RCB,Newlands,22 April 2009
526,Rohit Sharma,59,31,3,4,RCB,Wankhede Stadium,06 May 2014
527,Manish Pandey,94,31,7,6,PBKS,M. Chinnaswamy Stadium,01 June 2014
528,Shane Watson,104,31,9,5,KKR,Brabourne Stadium,16 May 2015
529,Wriddhiman Saha,93,31,11,3,MI,Wankhede Stadium,11 May 2017
530,Shreyas Iyer,50,31,5,2,SRH,Rajiv Gandhi Intl. Cricket Stadium,19 April 2017
531,Dwayne Smith,54,31,7,2,SRH,Green Park,13 May 2017
532,David Warner,76,31,6,4,GL,Rajiv Gandhi Intl. Cricket Stadium,09 April 2017
533,Shikhar Dhawan,77,31,9,1,PBKS,IS Bindra Stadium,28 April 2017
534,Shikhar Dhawan,56,31,5,3,CSK,Brabourne Stadium,25 March 2010
535,Virat Kohli,58,31,4,4,DEC,M. Chinnaswamy Stadium,08 April 2010
536,Saurabh Tiwary,61,31,4,3,DC,Arun Jaitley Stadium,17 March 2010
537,Rohit Sharma,68,31,6,3,PBKS,HPCA Stadium,16 April 2010
538,Aaron Finch,52,31,7,1,MI,Dubai International Stadium,28 September 2020
539,Shikhar Dhawan,92,31,13,2,PBKS,Wankhede Stadium,18 April 2021
540,Rahul Tripathi,81,31,8,3,CSK,Zayed Cricket Stadium,07 October 2020
541,Saurabh Tiwary,52,31,3,4,RCB,DY Patil Stadium,21 April 2010
542,Steve Smith,50,31,8,0,DC,Sawai Mansingh Stadium,22 April 2019
543,Deepak Hooda,51,31,3,3,SRH,DY Patil Stadium,04 April 2022
544,Aiden Markram,68,31,6,4,KKR,Brabourne - CCI,15 April 2022
545,Karun Nair,50,31,5,2,DC,IS Bindra Stadium,08 April 2018
546,AB de Villiers,53,31,7,0,RR,Sawai Mansingh Stadium,19 May 2018
547,Rohit Sharma,56,31,6,2,CSK,Maharashtra Cricket Association's International Stadium,28 April 2018
548,Shane Watson,57,31,5,3,SRH,Maharashtra Cricket Association's International Stadium,13 May 2018
549,Suryakumar Yadav,59,31,7,2,KKR,Wankhede Stadium,06 May 2018
550,Devdutt Padikkal,54,31,7,2,DC,Wankhede Stadium,22 April 2022
551,Kieron Pollard,52,31,5,3,RCB,M. Chinnaswamy Stadium,14 May 2012
552,Gautam Gambhir,62,31,6,3,CSK,Eden Gardens,14 May 2012
553,Mahela Jayawardena,55,31,4,2,CSK,Chidambaram,25 May 2012
554,Mandeep Singh,75,31,8,3,DEC,Rajiv Gandhi Intl. Cricket Stadium,08 May 2012
555,MS Dhoni,70,32,3,6,RCB,M. Chinnaswamy Stadium,22 May 2011
556,Nitish Rana,58,32,4,4,DC,Sharjah Cricket Stadium,03 October 2020
557,Quinton de Kock,67,32,4,4,SRH,Sharjah Cricket Stadium,04 October 2020
558,Michael Hussey,79,32,8,1,RR,Chidambaram,04 May 2011
559,Aaron Finch,67,32,10,2,CSK,Chidambaram,15 April 2013
560,Michael Hussey,67,32,5,4,SRH,Rajiv Gandhi Intl. Cricket Stadium,08 May 2013
561,MS Dhoni,67,32,7,4,SRH,Chidambaram,25 April 2013
562,Cameron White,52,32,3,3,RCB,M. Chinnaswamy Stadium,09 April 2013
563,Shubman Gill,84,32,6,4,DC,Maharashtra Cricket Association Stadium,02 April 2022
564,Nitish Rana,54,32,6,2,SRH,Brabourne - CCI,15 April 2022
565,Suryakumar Yadav,68,32,5,6,RCB,Maharashtra Cricket Association Stadium,09 April 2022
566,Deepak Hooda,52,32,6,1,DC,Wankhede Stadium,01 May 2022
567,Sachin Tendulkar,74,32,11,1,CSK,Wankhede Stadium,06 May 2012
568,Chris Gayle,71,32,6,4,PBKS,M. Chinnaswamy Stadium,02 May 2012
569,Faf du Plessis,71,32,5,4,RCB,Chidambaram,12 April 2012
570,David Warner,92,32,9,5,RCB,Rajiv Gandhi Intl. Cricket Stadium,30 April 2016
571,Sanju Samson,63,32,7,2,RCB,Sawai Mansingh Stadium,29 April 2013
572,David Miller,56,32,1,5,MI,Wankhede Stadium,29 April 2013
573,Yusuf Pathan,72,32,8,2,PWI,JSCA Stadium,15 May 2013
574,Virat Kohli,65,32,7,1,DC,M. Chinnaswamy Stadium,16 April 2013
575,Virat Kohli,54,32,5,2,SRH,M. Chinnaswamy Stadium,29 May 2016
576,Ajinkya Rahane,66,32,7,3,MI,Wankhede Stadium,09 April 2016
577,Aaron Finch,74,32,12,0,PBKS,IS Bindra Stadium,11 April 2016
578,David Warner,100,32,5,5,RCB,Rajiv Gandhi Intl. Cricket Stadium,31 March 2019
579,Naman Ojha,80,32,6,5,CSK,Narendra Modi Stadium,28 March 2010
580,Suresh Raina,83,32,7,3,MI,Brabourne Stadium,25 March 2010
581,Faf du Plessis,56,32,6,1,SRH,Arun Jaitley Stadium,28 April 2021
582,Shubman Gill,76,32,6,4,MI,Eden Gardens,28 April 2019
583,Shikhar Dhawan,97,32,11,2,KKR,Eden Gardens,12 April 2019
584,Shimron Hetmyer,75,32,4,6,SRH,M. Chinnaswamy Stadium,04 May 2019
585,Jonny Bairstow,55,32,5,3,KKR,Chidambaram,11 April 2021
586,Suresh Raina,54,32,3,4,DC,Wankhede Stadium,10 April 2021
587,Glenn Maxwell,51,32,8,0,DC,Dubai International Stadium,08 October 2021
588,Ajinkya Rahane,105,32,11,3,DC,Sawai Mansingh Stadium,22 April 2019
589,Parthiv Patel,70,32,9,1,GL,Saurashtra Cricket Association Stadium,29 April 2017
590,Gautam Gambhir,54,32,6,1,RR,Narendra Modi Stadium,05 May 2014
591,Sanju Samson,52,32,3,4,PBKS,Sharjah Cricket Stadium,20 April 2014
592,Aaron Finch,69,32,6,4,DC,Green Park,10 May 2017
593,Suresh Raina,84,32,9,4,KKR,Eden Gardens,21 April 2017
594,Shakib Al Hasan,60,32,5,3,RCB,Eden Gardens,22 May 2014
595,Michael Hussey,56,32,3,2,RR,Narendra Modi Stadium,19 May 2014
596,Brendon McCullum,56,32,5,2,KKR,JSCA Stadium,02 May 2014
597,David Miller,54,32,3,3,CSK,Zayed Cricket Stadium,18 April 2014
598,Nitish Rana,53,32,4,2,GL,Wankhede Stadium,16 April 2017
599,Hashim Amla,58,32,4,3,RCB,Holkar Cricket Stadium,10 April 2017
600,Rahul Tripathi,59,32,6,3,SRH,Maharashtra Cricket Association's International Stadium,22 April 2017
601,Sanju Samson,60,32,4,3,KKR,Eden Gardens,28 April 2017
602,Jos Buttler,100,32,11,5,MI,DY Patil Stadium,02 April 2022
603,Rahul Tripathi,58,32,6,2,RCB,Wankhede Stadium,08 May 2022
604,Brendon McCullum,158,32,10,13,RCB,M. Chinnaswamy Stadium,18 April 2008
605,Simon Katich,75,32,11,1,DC,IS Bindra Stadium,27 April 2008
606,Gautam Gambhir,51,32,7,0,RCB,Eden Gardens,16 May 2016
607,Suresh Raina,100,32,7,6,PBKS,Chidambaram,02 May 2013
608,Shane Watson,74,32,5,5,DC,Sawai Mansingh Stadium,11 May 2008
609,Shreyas Iyer,85,32,7,4,RR,Brabourne - CCI,18 April 2022
610,Chris Gayle,85,32,4,9,KKR,M. Chinnaswamy Stadium,11 April 2013
611,Shreyas Iyer,54,32,5,2,DC,Brabourne - CCI,10 April 2022
612,Abhishek Sharma,75,32,5,3,CSK,DY Patil Stadium,09 April 2022
613,Rahul Tripathi,76,32,9,3,MI,Wankhede Stadium,17 May 2022
614,Herschelle Gibbs,60,32,3,4,RCB,Supersport Park,21 May 2009
615,Shreyas Iyer,60,32,3,5,SRH,ACA-VDCA Stadium,18 April 2015
616,Parthiv Patel,59,32,5,3,PBKS,IS Bindra Stadium,03 May 2015
617,Mandeep Singh,54,32,7,2,RR,Maharashtra Cricket Association's International Stadium,20 May 2015
618,Shaun Marsh,65,32,5,3,RR,Narendra Modi Stadium,21 April 2015
619,Robin Uthappa,54,32,6,3,MI,Wankhede Stadium,06 May 2018
620,Steve Smith,68,32,9,2,SRH,Brabourne Stadium,07 May 2015
621,Brendon McCullum,66,32,8,3,PBKS,Chidambaram,25 April 2015
622,Shubman Gill,57,32,6,2,CSK,Eden Gardens,03 May 2018
623,Kane Williamson,63,32,7,2,RR,Sawai Mansingh Stadium,29 April 2018
624,Suresh Raina,52,32,6,1,RR,Sawai Mansingh Stadium,11 May 2018
625,Ambati Rayudu,63,32,6,3,KKR,Eden Gardens,13 May 2017
626,AB de Villiers,69,32,12,1,SRH,M. Chinnaswamy Stadium,17 May 2018
627,Rohit Sharma,94,32,10,5,RCB,Wankhede Stadium,17 April 2018
628,Suresh Raina,77,32,5,4,DC,Arun Jaitley Stadium,04 May 2017
629,Evin Lewis,65,32,6,5,RCB,Wankhede Stadium,17 April 2018
630,Owais Shah,76,32,5,5,MI,Wankhede Stadium,11 April 2012
631,Shikhar Dhawan,50,32,4,3,RCB,Arun Jaitley Stadium,30 April 2008
632,Venugopal Rao,57,32,4,3,MI,Rajiv Gandhi Intl. Cricket Stadium,18 May 2008
633,Suresh Raina,55,32,4,4,PBKS,Wankhede Stadium,31 May 2008
634,Subramaniam Badrinath,53,32,7,2,MI,Wankhede Stadium,14 May 2008
635,Wasim Jaffer,50,32,5,2,CSK,M. Chinnaswamy Stadium,28 April 2008
636,Matthew Hayden,81,33,12,2,MI,Chidambaram,23 April 2008
637,Shaun Marsh,58,33,3,4,CSK,Chidambaram,10 May 2008
638,Suresh Raina,53,33,3,3,MI,Chidambaram,23 April 2008
639,Shane Watson,117,33,11,8,SRH,Wankhede Stadium,27 May 2018
640,Shikhar Dhawan,78,33,13,1,RR,Rajiv Gandhi Intl. Cricket Stadium,09 April 2018
641,Shubman Gill,52,33,6,2,MI,Brabourne - CCI,06 May 2022
642,Ruturaj Gaikwad,99,33,6,6,SRH,Maharashtra Cricket Association Stadium,01 May 2022
643,Robin Uthappa,88,33,4,9,RCB,DY Patil Stadium,12 April 2022
644,K L Rahul,103,33,9,5,MI,Brabourne - CCI,16 April 2022
645,Virat Kohli,73,33,8,2,GT,Wankhede Stadium,19 May 2022
646,Hardik Pandya,87,33,8,4,RR,DY Patil Stadium,14 April 2022
647,Karun Nair,61,33,6,2,DC,Brabourne Stadium,03 May 2015
648,Nitish Rana,85,33,9,5,RCB,Eden Gardens,19 April 2019
649,Chris Gayle,79,33,8,4,RR,Sawai Mansingh Stadium,25 March 2019
650,Faf du Plessis,54,33,2,4,PBKS,Chidambaram,06 April 2019
651,Yuvraj Singh,53,33,5,3,DC,Wankhede Stadium,24 March 2019
652,Yuvraj Singh,50,33,3,4,RCB,Kingsmead,01 May 2009
653,Rohit Sharma,58,33,6,3,RPS,Wankhede Stadium,24 April 2017
654,Ajinkya Rahane,52,33,7,0,CSK,Sawai Mansingh Stadium,09 May 2011
655,Rishabh Pant,57,33,3,4,RCB,M. Chinnaswamy Stadium,08 April 2017
656,Subramaniam Badrinath,63,33,6,2,PWI,DY Patil Stadium,27 April 2011
657,Shimron Hetmyer,59,33,1,6,LSG,Wankhede Stadium,10 April 2022
658,Abhishek Sharma,65,33,6,3,GT,Wankhede Stadium,27 April 2022
659,Deepak Hooda,59,33,5,2,RR,Brabourne - CCI,15 May 2022
660,Chris Gayle,70,33,7,4,RR,Sawai Mansingh Stadium,11 May 2011
661,Gautam Gambhir,76,33,12,0,GL,Saurashtra Cricket Association Stadium,07 April 2017
662,Shreyas Iyer,96,33,15,2,GL,Green Park,10 May 2017
663,Rohit Sharma,56,33,5,3,DEC,Rajiv Gandhi Intl. Cricket Stadium,24 April 2011
664,David Hussey,50,33,5,2,SRH,JSCA Stadium,22 May 2014
665,Kane Williamson,89,33,6,5,DC,Rajiv Gandhi Intl. Cricket Stadium,19 April 2017
666,Suresh Raina,51,33,4,2,RR,Chidambaram,22 April 2013
667,Aaron Finch,64,33,8,2,PBKS,IS Bindra Stadium,21 April 2013
668,Suresh Raina,53,33,7,1,KKR,Green Park,19 May 2016
669,Ruturaj Gaikwad,64,33,6,4,KKR,Wankhede Stadium,21 April 2021
670,Moeen Ali,58,33,5,5,MI,Arun Jaitley Stadium,01 May 2021
671,Sam Billings,54,33,3,2,KKR,Arun Jaitley Stadium,30 April 2016
672,Robin Uthappa,68,33,3,6,CSK,M. Chinnaswamy Stadium,23 March 2010
673,AB de Villiers,79,33,5,5,GL,M. Chinnaswamy Stadium,24 May 2016
674,Quinton de Kock,53,33,4,3,DC,Zayed Cricket Stadium,11 October 2020
675,Rohit Sharma,73,33,8,2,RR,Vidarbha Cricket Association Stadium,05 April 2010
676,Shaun Marsh,68,33,5,3,MI,Wankhede Stadium,22 April 2012
677,Robin Uthappa,69,33,9,2,RCB,M. Chinnaswamy Stadium,17 April 2012
678,Jesse Ryder,86,33,7,4,DC,Arun Jaitley Stadium,21 April 2012
679,Rahul Dravid,52,33,5,2,KKR,M. Chinnaswamy Stadium,10 April 2010
680,Cameron White,65,33,7,2,DC,Rajiv Gandhi Intl. Cricket Stadium,10 May 2012
681,Virender Sehwag,63,33,8,2,RR,Arun Jaitley Stadium,29 April 2012
682,Faf du Plessis,69,33,5,4,GL,Saurashtra Cricket Association Stadium,14 April 2016
683,Glenn Maxwell,56,33,5,1,MI,IS Bindra Stadium,25 April 2016
684,Chris Gayle,99,33,6,8,RR,Zayed Cricket Stadium,30 October 2020
685,Suryakumar Yadav,79,33,11,2,RR,Zayed Cricket Stadium,06 October 2020
686,Sanju Samson,119,33,12,7,PBKS,Wankhede Stadium,12 April 2021
687,Faf du Plessis,87,33,11,1,PBKS,Dubai International Stadium,04 October 2020
688,Ambati Rayudu,71,33,6,3,MI,Zayed Cricket Stadium,19 September 2020
689,Mayank Agarwal,56,33,6,1,KKR,Zayed Cricket Stadium,10 October 2020
690,Aaron Finch,50,33,7,2,RPS,Saurashtra Cricket Association Stadium,14 April 2016
691,Suryakumar Yadav,56,33,7,2,KKR,Chidambaram,13 April 2021
692,Devon Conway,56,33,6,2,RCB,Maharashtra Cricket Association Stadium,04 May 2022
693,Yashasvi Jaiswal,68,33,9,2,PBKS,Wankhede Stadium,07 May 2022
694,Glenn Maxwell,56,33,6,3,MI,Dubai International Stadium,26 September 2021
695,Yuvraj Singh,54,33,5,3,PBKS,Maharashtra Cricket Association's International Stadium,15 April 2015
696,Shikhar Dhawan,54,33,6,2,RR,Brabourne Stadium,07 May 2015
697,Unmukt Chand,58,33,8,2,RCB,M. Chinnaswamy Stadium,19 April 2015
698,Yuvraj Singh,70,34,11,1,DC,Arun Jaitley Stadium,02 May 2017
699,Yusuf Pathan,59,34,6,2,DC,Arun Jaitley Stadium,17 April 2017
700,David Warner,92,34,12,3,SRH,Brabourne - CCI,05 May 2022
701,Jonny Bairstow,56,34,8,1,RR,Wankhede Stadium,07 May 2022
702,Wriddhiman Saha,55,34,6,2,MI,Brabourne - CCI,06 May 2022
703,Chris Gayle,75,34,4,6,CSK,M. Chinnaswamy Stadium,22 May 2011
704,Murali Vijay,74,34,6,4,PBKS,IS Bindra Stadium,13 April 2011
705,Hashim Amla,104,34,8,6,MI,Holkar Cricket Stadium,20 April 2017
706,Shaun Marsh,79,34,7,5,RCB,HPCA Stadium,17 May 2011
707,Shreyas Iyer,52,34,2,3,RCB,Arun Jaitley Stadium,28 April 2019
708,Karun Nair,56,34,8,0,RCB,M. Chinnaswamy Stadium,11 May 2014
709,Kevin Pietersen,58,34,9,0,PBKS,IS Bindra Stadium,25 May 2014
710,Ambati Rayudu,68,34,7,2,SRH,Rajiv Gandhi Intl. Cricket Stadium,12 May 2014
711,Virat Kohli,67,34,4,4,SRH,Rajiv Gandhi Intl. Cricket Stadium,20 May 2014
712,Robin Uthappa,80,34,9,3,MI,Barabati Stadium,14 May 2014
713,Robin Uthappa,83,34,10,1,RCB,Eden Gardens,22 May 2014
714,Gautam Gambhir,72,34,11,0,PBKS,Eden Gardens,13 April 2017
715,AB de Villiers,89,34,3,9,PBKS,Holkar Cricket Stadium,10 April 2017
716,Suresh Raina,59,34,8,1,DC,Chidambaram,01 May 2019
717,Suresh Raina,53,34,5,2,PBKS,IS Bindra Stadium,05 May 2019
718,Shubman Gill,65,34,7,2,DC,Eden Gardens,12 April 2019
719,Rishabh Pant,85,34,6,7,RCB,M. Chinnaswamy Stadium,21 April 2018
720,MS Dhoni,79,34,6,5,PBKS,IS Bindra Stadium,15 April 2018
721,Quinton de Kock,81,34,6,4,RR,Wankhede Stadium,13 April 2019
722,Matthew Hayden,60,34,5,3,RCB,Kingsmead,14 May 2009
723,Sachin Tendulkar,68,34,6,4,KKR,St George's Park,27 April 2009
724,Adam Gilchrist,54,34,7,2,CSK,Chidambaram,06 May 2008
725,Sanath Jayasuriya,54,34,4,4,RCB,M. Chinnaswamy Stadium,28 May 2008
726,Parthiv Patel,54,34,5,2,RR,Chidambaram,24 May 2008
727,Moises Henriques,52,34,3,2,RCB,Rajiv Gandhi Intl. Cricket Stadium,05 April 2017
728,Rohit Sharma,56,34,6,1,RCB,Wankhede Stadium,01 May 2017
729,Shreyas Iyer,50,34,3,3,RR,Arun Jaitley Stadium,02 May 2018
730,Suryakumar Yadav,57,34,6,3,PBKS,Holkar Cricket Stadium,04 May 2018
731,Shaun Marsh,73,34,8,2,CSK,Chidambaram,02 May 2013
732,Suresh Raina,75,34,9,0,SRH,Saurashtra Cricket Association Stadium,21 April 2016
733,KL Rahul,51,34,4,3,GL,Saurashtra Cricket Association Stadium,24 April 2016
734,Mayank Agarwal,67,34,7,2,RR,Dubai International Stadium,21 September 2021
735,Manish Pandey,50,34,5,2,RCB,Eden Gardens,16 May 2016
736,Ajinkya Rahane,74,34,8,2,RCB,M. Chinnaswamy Stadium,07 May 2016
737,Virat Kohli,72,34,6,3,RR,Wankhede Stadium,22 April 2021
738,Mahela Jayawardena,59,34,8,1,MI,Arun Jaitley Stadium,21 April 2013
739,David Warner,61,34,5,4,MI,Wankhede Stadium,09 April 2013
740,Suryakumar Yadav,52,34,5,2,KKR,Maharashtra Cricket Association Stadium,06 April 2022
741,Robin Uthappa,75,34,5,5,RCB,Maharashtra Cricket Association's International Stadium,02 May 2013
742,Dwayne Smith,62,34,3,5,KKR,Eden Gardens,24 April 2013
743,Quinton De Kock,61,34,9,0,CSK,Brabourne - CCI,31 March 2022
744,Faf Du Plessis,73,34,8,2,SRH,Wankhede Stadium,08 May 2022
745,Ishan Kishan,81,34,11,2,DC,Brabourne - CCI,27 March 2022
746,Jos Buttler,70,34,4,5,MI,Zayed Cricket Stadium,06 October 2020
747,Wriddhiman Saha,58,34,7,1,MI,Sharjah Cricket Stadium,03 November 2020
748,Andrew Symonds,53,34,3,3,PBKS,Barabati Stadium,19 March 2010
749,KL Rahul,71,34,7,1,SRH,IS Bindra Stadium,08 April 2019
750,Quinton de Kock,65,34,6,2,RR,Sawai Mansingh Stadium,20 April 2019
751,Ravindra Jadeja,50,34,5,2,SRH,Dubai International Stadium,02 October 2020
752,Devdutt Padikkal,63,34,6,1,RR,Zayed Cricket Stadium,03 October 2020
753,David Warner,60,34,5,2,MI,Sharjah Cricket Stadium,04 October 2020
754,Virender Sehwag,64,34,6,3,KKR,Eden Gardens,07 April 2010
755,Nitin Saini,50,34,5,0,RCB,M. Chinnaswamy Stadium,02 May 2012
756,Faf du Plessis,73,34,6,2,RR,Chidambaram,21 April 2012
757,Dwayne Smith,87,34,10,3,RR,Sawai Mansingh Stadium,20 May 2012
758,Richard Levi,50,34,6,3,CSK,Chidambaram,04 April 2012
759,Rahul Dravid,58,34,8,0,RCB,Sawai Mansingh Stadium,23 April 2012
760,Gautam Gambhir,79,34,7,3,DEC,Arun Jaitley Stadium,15 May 2008
761,Rohit Sharma,67,34,6,2,SRH,Rajiv Gandhi Intl. Cricket Stadium,08 May 2017
762,Sanju Samson,92,34,2,10,RCB,M. Chinnaswamy Stadium,15 April 2018
763,Sanju Samson,102,34,10,4,SRH,Rajiv Gandhi Intl. Cricket Stadium,29 March 2019
764,Graeme Smith,71,34,9,2,DEC,Rajiv Gandhi Intl. Cricket Stadium,24 April 2008
765,Graeme Smith,75,34,8,2,RCB,Sawai Mansingh Stadium,17 May 2008
766,Rohit Sharma,76,34,10,2,PBKS,Rajiv Gandhi Intl. Cricket Stadium,01 May 2008
767,AB de Villiers,66,34,4,4,RR,Maharashtra Cricket Association's International Stadium,20 May 2015
768,Shane Watson,61,34,8,2,RCB,M. Chinnaswamy Stadium,26 April 2008
769,Rishabh Pant,64,34,4,4,MI,Arun Jaitley Stadium,20 May 2018
770,Rishabh Pant,79,34,7,4,CSK,Maharashtra Cricket Association's International Stadium,30 April 2018
771,JP Duminy,56,34,3,3,RR,Brabourne Stadium,03 May 2015
772,Ishan Kishan,58,35,4,3,RR,Sawai Mansingh Stadium,22 April 2018
773,Kane Williamson,56,35,5,2,RCB,Rajiv Gandhi Intl. Cricket Stadium,07 May 2018
774,Quinton de Kock,53,35,1,4,CSK,M. Chinnaswamy Stadium,25 April 2018
775,Dinesh Karthik,52,35,4,2,RR,Eden Gardens,23 May 2018
776,Sanju Samson,76,35,7,3,MI,Wankhede Stadium,01 May 2015
777,JP Duminy,67,35,4,3,RCB,M. Chinnaswamy Stadium,17 May 2015
778,Lendl Simmons,68,35,8,3,CSK,Eden Gardens,24 May 2015
779,Shane Watson,73,35,6,4,CSK,Narendra Modi Stadium,19 April 2015
780,Yusuf Pathan,52,35,5,2,MI,Wankhede Stadium,14 May 2015
781,Niraj Patel,57,35,10,0,PBKS,IS Bindra Stadium,28 May 2008
782,David Warner,58,35,10,1,PBKS,IS Bindra Stadium,27 April 2015
783,Pat Cummins,53,35,5,2,MI,Zayed Cricket Stadium,16 October 2020
784,Cameron White,78,35,6,5,PWI,Maharashtra Cricket Association's International Stadium,26 April 2012
785,Sachin Tendulkar,71,35,10,0,KKR,Brabourne Stadium,22 March 2010
786,Ajinkya Rahane,76,35,6,2,CSK,Narendra Modi Stadium,19 April 2015
787,Gautam Gambhir,50,35,5,1,CSK,Chidambaram,02 May 2008
788,Rahul Dravid,57,35,7,0,DC,Sawai Mansingh Stadium,01 May 2012
789,Michael Hussey,56,35,4,4,KKR,Eden Gardens,14 May 2012
790,Cameron White,67,35,8,1,PBKS,IS Bindra Stadium,13 May 2012
791,Kane Williamson,67,35,5,4,DC,Zayed Cricket Stadium,08 November 2020
792,Prithvi Shaw,66,35,4,4,KKR,Sharjah Cricket Stadium,03 October 2020
793,Prithvi Shaw,64,35,9,1,CSK,Dubai International Stadium,25 September 2020
794,Rishabh Pant,56,35,4,2,MI,Dubai International Stadium,10 November 2020
795,Tom Curran,54,35,2,3,KKR,Dubai International Stadium,30 September 2020
796,Eoin Morgan,51,35,3,3,RR,Sawai Mansingh Stadium,08 April 2013
797,Dwayne Smith,50,35,4,3,RCB,Wankhede Stadium,27 April 2013
798,Steve Smith,69,35,4,4,CSK,Sharjah Cricket Stadium,22 September 2020
799,Nitish Rana,81,35,13,1,DC,Zayed Cricket Stadium,24 October 2020
800,David Warner,85,35,10,1,MI,Sharjah Cricket Stadium,03 November 2020
801,Subramaniam Badrinath,53,35,7,2,PBKS,HPCA Stadium,18 April 2010
802,Jacques Kallis,68,35,9,1,DEC,M. Chinnaswamy Stadium,08 April 2010
803,Manish Pandey,51,35,3,2,KKR,Zayed Cricket Stadium,26 September 2020
804,KL Rahul,69,35,7,1,RR,Sharjah Cricket Stadium,27 September 2020
805,KL Rahul,77,35,7,3,MI,Dubai International Stadium,18 October 2020
806,Paul Valthaty,75,35,8,5,DEC,Rajiv Gandhi Intl. Cricket Stadium,16 April 2011
807,Sunny Sohal,62,35,8,1,DC,Arun Jaitley Stadium,19 April 2011
808,Ambati Rayudu,59,35,7,2,DC,Wankhede Stadium,07 May 2011
809,Ambati Rayudu,51,35,8,1,PBKS,Wankhede Stadium,02 May 2011
810,Dinesh Karthik,51,35,4,3,CSK,Arun Jaitley Stadium,05 May 2014
811,Dinesh Karthik,58,35,6,0,PBKS,Saurashtra Cricket Association Stadium,23 April 2017
812,Suresh Raina,62,35,6,1,RCB,JSCA Stadium,18 May 2014
813,JP Duminy,52,35,3,3,KKR,Dubai International Stadium,19 April 2014
814,Shane Watson,51,35,3,4,CSK,JSCA Stadium,13 May 2014
815,Dinesh Karthik,69,35,7,3,PBKS,Arun Jaitley Stadium,19 May 2014
816,David Miller,68,35,3,5,RR,Eden Gardens,24 May 2022
817,Liam Livingstone,70,35,5,4,RCB,Brabourne - CCI,13 May 2022
818,K L Rahul,77,35,4,5,DC,Wankhede Stadium,01 May 2022
819,Kieron Pollard,57,35,4,5,CSK,Chidambaram,06 April 2013
820,Rishabh Pant,51,35,3,2,CSK,Dubai International Stadium,10 October 2021
821,David Warner,66,35,6,3,KKR,Shaheed Veer Narayan Singh International Cricket Stadium,01 May 2013
822,Suresh Raina,99,35,11,3,SRH,Rajiv Gandhi Intl. Cricket Stadium,08 May 2013
823,Jos Buttler,94,35,9,5,MI,Wankhede Stadium,13 May 2018
824,Robin Uthappa,63,35,7,2,DC,Dubai International Stadium,10 October 2021
825,David Warner,93,35,11,3,GL,Arun Jaitley Stadium,27 May 2016
826,Prithvi Shaw,53,35,7,1,SRH,Chidambaram,25 April 2021
827,Manish Pandey,61,35,5,1,CSK,Arun Jaitley Stadium,28 April 2021
828,Quinton de Kock,70,35,6,2,RR,Arun Jaitley Stadium,29 April 2021
829,Devdutt Padikkal,70,35,5,3,CSK,Sharjah Cricket Stadium,24 September 2021
830,Shikhar Dhawan,69,35,6,2,PBKS,Narendra Modi Stadium,02 May 2021
831,AB de Villiers,75,35,3,5,DC,Narendra Modi Stadium,27 April 2021
832,KL Rahul,91,35,7,5,RCB,Narendra Modi Stadium,30 April 2021
833,Faf du Plessis,86,35,7,3,KKR,Dubai International Stadium,15 October 2021
834,Shikhar Dhawan,85,35,10,2,CSK,Wankhede Stadium,10 April 2021
835,Faf du Plessis,95,35,9,4,KKR,Wankhede Stadium,21 April 2021
836,Aiden Markram,56,35,2,3,GT,Wankhede Stadium,27 April 2022
837,Virender Sehwag,72,35,11,1,KKR,Barabati Stadium,11 May 2014
838,Shikhar Dhawan,95,35,14,1,PBKS,HPCA Stadium,21 May 2011
839,AB de Villiers,82,35,3,7,PBKS,M. Chinnaswamy Stadium,24 April 2019
840,Suresh Raina,75,35,6,4,MI,Maharashtra Cricket Association's International Stadium,28 April 2018
841,Kane Williamson,84,35,6,5,CSK,Rajiv Gandhi Intl. Cricket Stadium,22 April 2018
842,Hashim Amla,104,35,8,5,GL,IS Bindra Stadium,07 May 2017
843,Manan Vohra,95,35,9,5,SRH,Rajiv Gandhi Intl. Cricket Stadium,17 April 2017
844,Nitish Rana,68,35,8,3,SRH,Eden Gardens,24 March 2019
845,David Warner,61,35,6,2,KKR,Brabourne - CCI,10 April 2022
846,Suresh Raina,52,35,3,3,KKR,Supersport Park,18 May 2009
847,Shaun Marsh,74,35,9,2,RCB,IS Bindra Stadium,12 May 2008
848,Shane Watson,76,35,5,5,PBKS,Sawai Mansingh Stadium,21 April 2008
849,Brad Hodge,71,35,4,4,CSK,Supersport Park,18 May 2009
850,Dwayne Bravo,70,35,7,3,PBKS,Supersport Park,12 May 2009
851,MS Dhoni,58,35,6,1,DEC,Buffalo Park,04 May 2009
852,Robin Uthappa,72,35,8,2,GL,Eden Gardens,21 April 2017
853,Vijay Shankar,63,35,9,0,GL,Green Park,13 May 2017
854,Gautam Gambhir,62,35,6,1,RPS,Maharashtra Cricket Association's International Stadium,26 April 2017
855,Shaun Marsh,84,35,11,1,DEC,Rajiv Gandhi Intl. Cricket Stadium,01 May 2008
856,Gautam Gambhir,80,35,11,1,CSK,Arun Jaitley Stadium,08 May 2008
857,Shaun Marsh,81,35,7,4,MI,Wankhede Stadium,21 May 2008
858,MS Dhoni,84,35,5,7,RCB,M. Chinnaswamy Stadium,21 April 2019
859,Steve Smith,51,35,4,1,KKR,Maharashtra Cricket Association's International Stadium,26 April 2017
860,Dinesh Karthik,97,35,7,9,RR,Eden Gardens,25 April 2019
861,Quinton de Kock,60,35,6,2,PBKS,IS Bindra Stadium,30 March 2019
862,AB de Villiers,59,35,5,2,PBKS,IS Bindra Stadium,13 April 2019
863,Dinesh Karthik,50,35,5,2,DC,Arun Jaitley Stadium,30 March 2019
864,Shane Watson,96,35,9,6,SRH,Chidambaram,23 April 2019
865,Manvinder Bisla,75,36,7,4,RCB,M. Chinnaswamy Stadium,16 March 2010
866,Aaron Finch,64,36,6,3,RR,Maharashtra Cricket Association's International Stadium,11 April 2013
867,Michael Hussey,86,36,11,2,PBKS,IS Bindra Stadium,10 April 2013
868,Rahul Dravid,58,36,9,1,PWI,Sawai Mansingh Stadium,05 May 2013
869,Shikhar Dhawan,59,36,6,2,MI,Wankhede Stadium,13 May 2013
870,Azhar Mahmood,61,36,8,1,RCB,M. Chinnaswamy Stadium,14 May 2013
871,Ben Rohrer,64,36,9,1,RR,Sawai Mansingh Stadium,07 May 2013
872,Deepak Hooda,55,36,6,2,GT,Wankhede Stadium,28 March 2022
873,Quinton De Kock,140,36,10,10,KKR,DY Patil Stadium,18 May 2022
874,Suryakumar Yadav,51,36,5,2,RR,DY Patil Stadium,30 April 2022
875,Jos Buttler,116,36,9,9,DC,Wankhede Stadium,22 April 2022
876,Shubman Gill,57,36,3,4,PBKS,Sharjah Cricket Stadium,26 October 2020
877,Chris Gayle,53,36,1,5,RCB,Sharjah Cricket Stadium,15 October 2020
878,Kumar Sangakkara,52,36,9,1,DEC,HPCA Stadium,16 April 2010
879,Virat Kohli,79,36,7,3,DC,M. Chinnaswamy Stadium,17 April 2016
880,Murali Vijay,59,36,4,3,RPS,ACA-VDCA Stadium,21 May 2016
881,Rohit Sharma,68,36,8,2,KKR,Wankhede Stadium,28 April 2016
882,Devdutt Padikkal,56,36,8,0,SRH,Dubai International Stadium,21 September 2020
883,KL Rahul,132,36,14,7,RCB,Dubai International Stadium,24 September 2020
884,Rohit Sharma,68,36,5,4,DC,Dubai International Stadium,10 November 2020
885,Yusuf Pathan,56,36,3,4,CSK,DY Patil Stadium,01 June 2008
886,Gautam Gambhir,86,36,11,1,RCB,Arun Jaitley Stadium,30 April 2008
887,Ajinkya Rahane,91,36,9,3,DC,Brabourne Stadium,03 May 2015
888,Rishabh Pant,128,36,15,7,SRH,Arun Jaitley Stadium,10 May 2018
889,David Warner,91,36,9,4,KKR,ACA-VDCA Stadium,22 April 2015
890,KL Rahul,94,36,10,3,MI,Wankhede Stadium,16 May 2018
891,AB de Villiers,57,36,2,4,PBKS,M. Chinnaswamy Stadium,13 April 2018
892,Suryakumar Yadav,51,36,6,2,DC,Dubai International Stadium,05 November 2020
893,Shikhar Dhawan,71,36,4,3,PBKS,IS Bindra Stadium,13 May 2012
894,Gautam Gambhir,66,36,7,1,PBKS,IS Bindra Stadium,18 April 2012
895,Chris Gayle,82,36,5,6,MI,Wankhede Stadium,09 May 2012
896,Jesse Ryder,73,36,7,1,CSK,Maharashtra Cricket Association's International Stadium,14 April 2012
897,AB de Villiers,52,36,6,0,PBKS,IS Bindra Stadium,20 April 2012
898,Karun Nair,54,36,6,1,RCB,M. Chinnaswamy Stadium,17 April 2016
899,Murali Vijay,55,36,6,0,GL,Saurashtra Cricket Association Stadium,01 May 2016
900,Lendl Simmons,67,36,5,4,CSK,Brabourne Stadium,28 May 2014
901,Brendon McCullum,71,36,8,2,MI,Dubai International Stadium,25 April 2014
902,Sanju Samson,74,36,7,3,MI,Wankhede Stadium,25 May 2014
903,Hardik Pandya,67,36,4,2,KKR,DY Patil Stadium,23 April 2022
904,Suresh Raina,58,36,7,1,KKR,Eden Gardens,14 April 2019
905,David Miller,59,36,5,3,KKR,Eden Gardens,27 March 2019
906,Virender Sehwag,80,36,8,5,KTK,Jawaharlal Nehru Stadium,30 April 2011
907,Virat Kohli,70,36,5,3,CSK,Wankhede Stadium,24 May 2011
908,Virat Kohli,67,36,4,4,PWI,M. Chinnaswamy Stadium,29 April 2011
909,Rohit Sharma,58,36,5,1,RR,Wankhede Stadium,20 May 2011
910,Murali Vijay,53,36,2,3,RR,Sawai Mansingh Stadium,09 May 2011
911,Adam Gilchrist,51,36,6,2,DEC,HPCA Stadium,21 May 2011
912,Ruturaj Gaikwad,75,36,12,0,SRH,Arun Jaitley Stadium,28 April 2021
913,Manish Pandey,114,36,10,4,DEC,Supersport Park,21 May 2009
914,Brad Hodge,70,36,10,1,PBKS,St George's Park,03 May 2009
915,Robin Uthappa,66,36,8,2,MI,New Wanderers Stadium,03 May 2009
916,Mayank Agarwal,57,36,6,2,RCB,Sharjah Cricket Stadium,03 October 2021
917,Jason Roy,60,36,8,1,RR,Dubai International Stadium,27 September 2021
918,Virat Kohli,53,36,6,1,CSK,Sharjah Cricket Stadium,24 September 2021
919,Quinton De Kock,80,36,9,2,DC,DY Patil Stadium,07 April 2022
920,Murali Vijay,89,36,12,1,RCB,IS Bindra Stadium,09 May 2016
921,Kane Williamson,57,36,7,0,CSK,Dubai International Stadium,13 October 2020
922,Marcus Stoinis,65,36,6,3,MI,Dubai International Stadium,05 November 2020
923,Brendon McCullum,64,36,6,3,MI,Wankhede Stadium,16 April 2017
924,Chris Lynn,82,36,7,6,CSK,Eden Gardens,14 April 2019
925,Shubman Gill,65,36,5,2,PBKS,IS Bindra Stadium,03 May 2019
926,Shaun Marsh,84,36,14,2,SRH,IS Bindra Stadium,28 April 2017
927,Dinesh Karthik,56,36,5,2,KKR,Dubai International Stadium,19 April 2014
928,Suresh Raina,56,36,5,1,DC,Zayed Cricket Stadium,21 April 2014
929,David Warner,81,36,6,5,PBKS,Rajiv Gandhi Intl. Cricket Stadium,11 May 2015
930,Shikhar Dhawan,62,36,4,2,MI,Rajiv Gandhi Intl. Cricket Stadium,08 May 2017
931,Sam Billings,55,36,9,0,PBKS,Arun Jaitley Stadium,15 April 2017
932,Shreyas Iyer,70,36,10,1,CSK,Shaheed Veer Narayan Singh International Cricket Stadium,12 May 2015
933,JP Duminy,78,36,3,6,MI,Arun Jaitley Stadium,23 April 2015
934,Lendl Simmons,59,36,9,2,RCB,M. Chinnaswamy Stadium,19 April 2015
935,Faf du Plessis,55,36,5,1,PBKS,IS Bindra Stadium,16 May 2015
936,Shikhar Dhawan,56,36,7,1,PBKS,Arun Jaitley Stadium,20 April 2019
937,Parthiv Patel,51,36,9,0,SRH,Rajiv Gandhi Intl. Cricket Stadium,17 May 2015
938,Shikhar Dhawan,50,36,5,2,RCB,Arun Jaitley Stadium,28 April 2019
939,Parthiv Patel,53,36,2,4,CSK,M. Chinnaswamy Stadium,21 April 2019
940,Gautam Gambhir,55,36,5,1,PBKS,IS Bindra Stadium,08 April 2018
941,Chris Lynn,55,36,4,3,SRH,Rajiv Gandhi Intl. Cricket Stadium,19 May 2018
942,Sanju Samson,52,36,4,0,MI,Sawai Mansingh Stadium,22 April 2018
943,Aaron Finch,88,37,8,4,DC,Dubai International Stadium,25 April 2014
944,Kieron Pollard,78,37,3,6,SRH,Dubai International Stadium,30 April 2014
945,Jacques Kallis,72,37,5,3,MI,Zayed Cricket Stadium,16 April 2014
946,Dwayne Smith,66,37,4,5,SRH,Sharjah Cricket Stadium,27 April 2014
947,Dwayne Smith,66,37,6,3,PBKS,Zayed Cricket Stadium,18 April 2014
948,Kane Williamson,51,37,5,2,CSK,Maharashtra Cricket Association's International Stadium,13 May 2018
949,Sanju Samson,50,37,4,2,KKR,Eden Gardens,23 May 2018
950,Subramaniam Badrinath,54,37,3,2,KKR,Eden Gardens,07 May 2011
951,Chris Gayle,96,37,7,7,KKR,Eden Gardens,11 April 2015
952,Faf du Plessis,96,37,10,4,PBKS,IS Bindra Stadium,05 May 2019
953,Suryakumar Yadav,71,37,10,0,CSK,Chidambaram,07 May 2019
954,Manish Pandey,71,37,8,2,MI,Wankhede Stadium,02 May 2019
955,Shreyas Iyer,67,37,8,2,RCB,M. Chinnaswamy Stadium,07 April 2019
956,Rohit Sharma,67,37,6,3,CSK,Chidambaram,26 April 2019
957,Steve Smith,84,37,7,3,MI,Maharashtra Cricket Association's International Stadium,06 April 2017
958,Manish Pandey,81,37,5,5,MI,Wankhede Stadium,09 April 2017
959,Manish Pandey,69,37,4,3,DC,Arun Jaitley Stadium,17 April 2017
960,Lendl Simmons,66,37,5,4,DC,Arun Jaitley Stadium,06 May 2017
961,Virat Kohli,67,37,8,0,PBKS,IS Bindra Stadium,13 April 2019
962,Faf du Plessis,50,37,7,1,DC,ACA-VDCA Stadium,10 May 2019
963,Karun Nair,64,37,9,0,RPS,Arun Jaitley Stadium,12 May 2017
964,Shaun Marsh,58,37,6,0,GL,IS Bindra Stadium,07 May 2017
965,Parthiv Patel,52,37,3,3,RPS,Wankhede Stadium,16 May 2017
966,Shikhar Dhawan,88,37,9,2,CSK,Wankhede Stadium,25 April 2022
967,Shikhar Dhawan,70,37,5,3,MI,Maharashtra Cricket Association Stadium,13 April 2022
968,K L Rahul,103,37,12,4,MI,Wankhede Stadium,24 April 2022
969,Ravichandran Ashwin,50,37,4,2,DC,DY Patil Stadium,11 May 2022
970,Ruturaj Gaikwad,73,37,5,5,GT,Maharashtra Cricket Association Stadium,17 April 2022
971,Ajinkya Rahane,67,37,6,2,PWI,Sawai Mansingh Stadium,05 May 2013
972,Ajinkya Rahane,63,37,5,1,DC,Sawai Mansingh Stadium,07 May 2013
973,Darren Sammy,60,37,8,1,RR,Sawai Mansingh Stadium,27 April 2013
974,Chris Gayle,128,37,7,13,DC,Arun Jaitley Stadium,17 May 2012
975,Ajinkya Rahane,98,37,16,1,PBKS,Sawai Mansingh Stadium,06 April 2012
976,Shikhar Dhawan,84,37,9,5,DC,Rajiv Gandhi Intl. Cricket Stadium,10 May 2012
977,AB de Villiers,64,37,6,2,DC,M. Chinnaswamy Stadium,07 April 2012
978,Rohit Sharma,60,37,6,2,CSK,Wankhede Stadium,06 May 2012
979,Shikhar Dhawan,52,37,8,0,RR,Sawai Mansingh Stadium,17 April 2012
980,Ishan Kishan,72,37,8,3,DC,Dubai International Stadium,31 October 2020
981,Ruturaj Gaikwad,72,37,6,2,KKR,Dubai International Stadium,29 October 2020
982,Jos Buttler,70,37,7,2,CSK,Zayed Cricket Stadium,19 October 2020
983,Jonny Bairstow,61,37,6,2,RCB,Dubai International Stadium,21 September 2020
984,KL Rahul,61,37,1,5,RCB,Sharjah Cricket Stadium,15 October 2020
985,Ajinkya Rahane,60,37,5,1,RCB,Zayed Cricket Stadium,02 November 2020
986,Shikhar Dhawan,54,37,6,0,RCB,Zayed Cricket Stadium,02 November 2020
987,Devdutt Padikkal,54,37,5,2,MI,Dubai International Stadium,28 September 2020
988,David Warner,52,37,5,1,PBKS,Dubai International Stadium,08 October 2020
989,Rahul Dravid,66,37,10,0,CSK,Chidambaram,04 May 2011
990,Manoj Tiwary,61,37,2,3,DC,Arun Jaitley Stadium,28 April 2011
991,Dwaraka Ravi Teja,60,37,5,2,PBKS,HPCA Stadium,21 May 2011
992,Venugopal Rao,60,37,4,4,RR,Sawai Mansingh Stadium,12 April 2011
993,Jacques Kallis,54,37,7,0,CSK,Chidambaram,08 April 2011
994,Manoj Tiwary,75,37,8,2,PBKS,IS Bindra Stadium,27 March 2010
995,Paul Collingwood,75,37,3,7,RCB,Arun Jaitley Stadium,04 April 2010
996,Kevin Pietersen,66,37,7,1,PBKS,IS Bindra Stadium,02 April 2010
997,Tirumalasetti Suman,55,37,4,2,CSK,Vidarbha Cricket Association Stadium,10 April 2010
998,Shikhar Dhawan,50,37,6,0,PBKS,Brabourne Stadium,30 March 2010
999,Sourav Ganguly,50,37,6,1,PBKS,IS Bindra Stadium,27 March 2010
1000,Virat Kohli,75,37,5,3,KKR,Eden Gardens,16 May 2016
1001,Ajinkya Rahane,60,37,8,0,RCB,Maharashtra Cricket Association's International Stadium,22 April 2016
1002,Saurabh Tiwary,52,37,9,0,RCB,M. Chinnaswamy Stadium,07 May 2016
1003,Kane Williamson,50,37,7,0,RCB,Rajiv Gandhi Intl. Cricket Stadium,30 April 2016
1004,Mayank Agarwal,99,37,8,4,DC,Narendra Modi Stadium,02 May 2021
1005,Nitish Rana,80,37,9,4,SRH,Chidambaram,11 April 2021
1006,K.S Bharat,78,37,3,4,DC,Dubai International Stadium,08 October 2021
1007,Ruturaj Gaikwad,70,37,5,2,DC,Dubai International Stadium,10 October 2021
1008,Manish Pandey,61,37,2,3,KKR,Chidambaram,11 April 2021
1009,Quinton de Kock,55,37,4,3,KKR,Zayed Cricket Stadium,23 September 2021
1010,Subramaniam Badrinath,71,37,7,2,MI,Wankhede Stadium,22 April 2011
1011,JP Duminy,59,37,2,3,RCB,St George's Park,10 May 2009
1012,Ajinkya Rahane,56,37,5,2,DC,Supersport Park,21 May 2009
1013,JP Duminy,52,37,1,4,KKR,Buffalo Park,01 May 2009
1014,Rob Quiney,51,37,5,2,MI,Kingsmead,14 May 2009
1015,Virat Kohli,68,37,5,3,KKR,M. Chinnaswamy Stadium,29 April 2018
1016,Faf du Plessis,67,37,5,4,SRH,Wankhede Stadium,22 May 2018
1017,Evin Lewis,60,37,4,4,RR,Wankhede Stadium,13 May 2018
1018,Manish Pandey,57,37,3,1,PBKS,IS Bindra Stadium,19 April 2018
1019,Parthiv Patel,53,37,5,2,CSK,Maharashtra Cricket Association's International Stadium,05 May 2018
1020,Jos Buttler,51,37,7,0,PBKS,Holkar Cricket Stadium,06 May 2018
1021,Shreyas Iyer,83,37,7,5,MI,Arun Jaitley Stadium,23 April 2015
1022,Mayank Agarwal,68,37,7,2,PBKS,Maharashtra Cricket Association's International Stadium,15 April 2015
1023,Corey Anderson,50,37,5,3,RR,Narendra Modi Stadium,14 April 2015
1024,Adam Gilchrist,61,37,9,1,RR,Sawai Mansingh Stadium,09 May 2008
1025,MS Dhoni,60,37,2,4,PBKS,Chidambaram,10 May 2008
1026,Gautam Gambhir,58,37,7,1,RR,Arun Jaitley Stadium,19 April 2008
1027,Sourav Ganguly,51,37,4,2,RR,Sawai Mansingh Stadium,01 May 2008
1028,Shikhar Dhawan,68,37,8,0,DEC,Arun Jaitley Stadium,15 May 2008
1029,Subramaniam Badrinath,64,37,6,3,PBKS,Chidambaram,10 May 2008
1030,Kumar Sangakkara,64,37,7,2,KKR,Eden Gardens,25 May 2008
1031,Gautam Gambhir,63,38,7,0,PBKS,Barabati Stadium,11 May 2014
1032,Ambati Rayudu,59,38,2,4,CSK,Wankhede Stadium,10 May 2014
1033,Robin Uthappa,55,38,6,1,DC,Dubai International Stadium,19 April 2014
1034,Luke Pomersbach,79,38,10,3,MI,Wankhede Stadium,21 May 2008
1035,Lendl Simmons,71,38,9,1,PBKS,IS Bindra Stadium,03 May 2015
1036,AB de Villiers,65,38,5,2,CSK,Chidambaram,16 April 2011
1037,Mahela Jayawardena,55,38,2,2,KKR,Jawaharlal Nehru Stadium,05 May 2011
1038,Paul Valthaty,62,38,7,3,DC,HPCA Stadium,15 May 2011
1039,Brendon McCullum,100,38,7,9,SRH,Chidambaram,11 April 2015
1040,Prithvi Shaw,62,38,7,2,KKR,Arun Jaitley Stadium,27 April 2018
1041,Chris Gayle,50,38,6,2,MI,Holkar Cricket Stadium,04 May 2018
1042,Shikhar Dhawan,50,38,5,1,KKR,Rajiv Gandhi Intl. Cricket Stadium,19 May 2018
1043,Rahul Tripathi,80,38,5,3,RCB,Sawai Mansingh Stadium,19 May 2018
1044,Kane Williamson,83,38,8,2,DC,Arun Jaitley Stadium,10 May 2018
1045,Sachin Tendulkar,65,38,12,0,PBKS,Wankhede Stadium,21 May 2008
1046,David Hussey,71,38,4,4,PBKS,IS Bindra Stadium,03 May 2008
1047,Shikhar Dhawan,79,38,10,3,CSK,Maharashtra Cricket Association's International Stadium,13 May 2018
1048,Herschelle Gibbs,58,38,6,2,MI,Kingsmead,25 April 2009
1049,Kumar Sangakkara,82,38,10,2,PWI,Barabati Stadium,01 May 2012
1050,Chris Gayle,81,38,4,8,PWI,M. Chinnaswamy Stadium,17 April 2012
1051,Naman Ojha,52,38,3,3,RCB,Supersport Park,07 May 2009
1052,Kumar Sangakkara,56,38,4,1,DEC,New Wanderers Stadium,17 May 2009
1053,Rishabh Pant,53,38,2,5,RR,Arun Jaitley Stadium,04 May 2019
1054,Suryakumar Yadav,59,38,8,1,CSK,Wankhede Stadium,03 April 2019
1055,Subramaniam Badrinath,59,38,9,1,RR,De Beers Diamond Oval,09 May 2009
1056,James Franklin,79,38,6,4,PBKS,Wankhede Stadium,22 April 2012
1057,Cameron White,74,38,4,4,PWI,Barabati Stadium,01 May 2012
1058,Naman Ojha,64,38,2,5,DEC,Rajiv Gandhi Intl. Cricket Stadium,10 May 2012
1059,Michael Hussey,54,38,4,2,KKR,Chidambaram,27 May 2012
1060,Jacques Kallis,62,38,5,2,PBKS,Kingsmead,24 April 2009
1061,Ayush Badoni,54,38,4,3,GT,Wankhede Stadium,28 March 2022
1062,Anuj Rawat,66,38,2,6,MI,Maharashtra Cricket Association Stadium,09 April 2022
1063,Rohit Sharma,85,38,8,3,RPS,Maharashtra Cricket Association's International Stadium,01 May 2016
1064,Rohit Sharma,84,38,10,2,KKR,Eden Gardens,13 April 2016
1065,Venkatesh Iyer,55,38,4,3,DC,Sharjah Cricket Stadium,13 October 2021
1066,Robin Uthappa,70,38,6,2,PBKS,Eden Gardens,04 May 2016
1067,Glenn Maxwell,59,38,5,3,SRH,Chidambaram,14 April 2021
1068,Jos Buttler,59,38,8,1,RCB,Sawai Mansingh Stadium,02 April 2019
1069,Moises Henriques,52,38,6,0,GL,Rajiv Gandhi Intl. Cricket Stadium,09 April 2017
1070,Quinton de Kock,59,38,9,1,PBKS,Arun Jaitley Stadium,15 April 2016
1071,Ajinkya Rahane,70,38,4,3,SRH,Rajiv Gandhi Intl. Cricket Stadium,29 March 2019
1072,Kane Williamson,70,38,5,4,RCB,M. Chinnaswamy Stadium,04 May 2019
1073,KL Rahul,79,38,4,5,SRH,Rajiv Gandhi Intl. Cricket Stadium,29 April 2019
1074,David Warner,81,38,7,2,PBKS,Rajiv Gandhi Intl. Cricket Stadium,29 April 2019
1075,Wriddhiman Saha,56,38,6,1,MI,ACA-VDCA Stadium,13 May 2016
1076,Ajinkya Rahane,63,38,7,0,DC,Arun Jaitley Stadium,05 May 2016
1077,Rohit Sharma,62,38,4,3,RCB,Wankhede Stadium,20 April 2016
1078,Ben Stokes,103,38,7,6,GL,Maharashtra Cricket Association's International Stadium,01 May 2017
1079,Gautam Gambhir,60,38,8,0,DC,Arun Jaitley Stadium,20 April 2015
1080,Shreyas Iyer,54,38,4,3,PBKS,Arun Jaitley Stadium,01 May 2015
1081,MS Dhoni,50,38,7,1,KKR,Wankhede Stadium,26 March 2022
1082,Ruturaj Gaikwad,62,38,6,1,PBKS,Zayed Cricket Stadium,01 November 2020
1083,Dwayne Smith,79,38,4,8,DC,Arun Jaitley Stadium,05 May 2014
1084,Lendl Simmons,65,38,3,5,CSK,Wankhede Stadium,19 May 2015
1085,Dwayne Smith,62,38,6,2,RR,Eden Gardens,24 May 2013
1086,Mitchell Marsh,89,38,5,7,RR,DY Patil Stadium,11 May 2022
1087,Chris Gayle,92,38,11,5,MI,M. Chinnaswamy Stadium,04 April 2013
1088,Paul Collingwood,51,38,1,3,DEC,Arun Jaitley Stadium,18 April 2010
1089,Shikhar Dhawan,62,38,8,1,GT,DY Patil Stadium,03 May 2022
1090,Suresh Raina,52,38,4,2,DEC,Vidarbha Cricket Association Stadium,10 April 2010
1091,David Warner,52,38,5,1,PBKS,IS Bindra Stadium,15 May 2016
1092,Jacques Kallis,54,38,5,1,DC,Arun Jaitley Stadium,04 April 2010
1093,Angelo Mathews,65,38,5,4,DEC,DY Patil Stadium,12 March 2010
1094,Sanju Samson,54,38,7,1,KKR,Wankhede Stadium,02 May 2022
1095,Gurkeerat Mann Singh,65,39,8,1,SRH,M. Chinnaswamy Stadium,04 May 2019
1096,Jonny Bairstow,61,39,3,3,CSK,Rajiv Gandhi Intl. Cricket Stadium,17 April 2019
1097,Gautam Gambhir,71,39,11,0,DC,Eden Gardens,28 April 2017
1098,Venkatesh Iyer,67,39,9,1,PBKS,Dubai International Stadium,01 October 2021
1099,David Warner,57,39,3,2,CSK,Chidambaram,23 April 2019
1100,Sanju Samson,70,39,8,1,DC,Zayed Cricket Stadium,25 September 2021
1101,Jos Buttler,124,39,11,8,SRH,Arun Jaitley Stadium,02 May 2021
1102,MS Dhoni,58,39,2,3,RR,Sawai Mansingh Stadium,11 April 2019
1103,Virat Kohli,58,39,3,3,DC,Arun Jaitley Stadium,14 May 2017
1104,Ajinkya Rahane,56,39,5,1,MI,Wankhede Stadium,16 May 2017
1105,Virat Kohli,62,39,5,2,MI,M. Chinnaswamy Stadium,14 April 2017
1106,MS Dhoni,75,39,4,4,RR,Chidambaram,31 March 2019
1107,Mahela Jayawardena,55,39,8,0,MI,Arun Jaitley Stadium,27 April 2012
1108,Cameron White,77,39,9,2,CSK,Chidambaram,04 May 2012
1109,Devon Conway,85,39,8,4,SRH,Maharashtra Cricket Association Stadium,01 May 2022
1110,Yashasvi Jaiswal,59,39,8,1,CSK,Brabourne - CCI,20 May 2022
1111,Suresh Raina,50,39,5,1,KTK,Jawaharlal Nehru Stadium,18 April 2011
1112,Matthew Hayden,70,39,6,3,KKR,Chidambaram,26 April 2008
1113,Jacques Kallis,69,39,7,1,CSK,Chidambaram,27 May 2012
1114,Aiden Markram,57,39,5,2,RR,Maharashtra Cricket Association Stadium,29 March 2022
1115,Eoin Morgan,66,39,8,2,KTK,Jawaharlal Nehru Stadium,05 May 2011
1116,Ryan ten Doeschate,70,39,6,3,MI,Wankhede Stadium,25 May 2011
1117,James Hopes,54,39,7,0,RCB,Arun Jaitley Stadium,26 April 2011
1118,Shaun Marsh,61,39,8,0,MI,Wankhede Stadium,02 May 2011
1119,Shikhar Dhawan,73,39,10,1,RCB,M. Chinnaswamy Stadium,06 May 2012
1120,Virat Kohli,90,39,4,4,CSK,Dubai International Stadium,10 October 2020
1121,Quinton de Kock,53,39,3,3,PBKS,Dubai International Stadium,18 October 2020
1122,Shane Watson,50,39,6,1,KKR,Zayed Cricket Stadium,07 October 2020
1123,Virat Kohli,57,39,6,2,PBKS,M. Chinnaswamy Stadium,14 May 2013
1124,Rohit Sharma,80,39,3,6,KKR,Zayed Cricket Stadium,23 September 2020
1125,Ishan Kishan,99,39,2,9,RCB,Dubai International Stadium,28 September 2020
1126,Gautam Gambhir,53,39,6,1,SRH,Eden Gardens,14 April 2013
1127,Kumar Sangakkara,56,39,6,1,MI,IS Bindra Stadium,09 April 2010
1128,Gautam Gambhir,64,39,4,1,MI,Eden Gardens,13 April 2016
1129,Sanath Jayasuriya,52,39,6,1,RCB,New Wanderers Stadium,03 May 2009
1130,Dinesh Karthik,50,39,3,0,RCB,Saurashtra Cricket Association Stadium,24 April 2016
1131,Suryakumar Yadav,60,39,6,2,RPS,Maharashtra Cricket Association's International Stadium,24 April 2016
1132,Virat Kohli,109,39,5,8,GL,M. Chinnaswamy Stadium,14 May 2016
1133,Karun Nair,68,39,9,1,KKR,Arun Jaitley Stadium,30 April 2016
1134,AB de Villiers,56,39,5,0,SRH,Zayed Cricket Stadium,06 November 2020
1135,Shaun Marsh,63,39,11,0,MI,HPCA Stadium,18 May 2013
1136,Mandeep Singh,77,39,7,0,PWI,IS Bindra Stadium,21 April 2013
1137,Sourav Ganguly,75,39,11,2,RR,Eden Gardens,17 April 2010
1138,Gautam Gambhir,59,39,7,1,RCB,M. Chinnaswamy Stadium,11 April 2013
1139,Shane Watson,98,39,13,4,SRH,Sawai Mansingh Stadium,27 April 2013
1140,Gautam Gambhir,59,39,6,1,MI,Wankhede Stadium,28 April 2016
1141,Sourav Ganguly,88,39,9,5,DEC,Eden Gardens,01 April 2010
1142,Faf du Plessis,58,39,6,2,DC,Sharjah Cricket Stadium,17 October 2020
1143,Rohit Sharma,57,39,5,3,RCB,M. Chinnaswamy Stadium,03 May 2008
1144,Suresh Raina,54,39,5,2,SRH,Rajiv Gandhi Intl. Cricket Stadium,22 April 2018
1145,Kane Williamson,54,39,3,2,PBKS,IS Bindra Stadium,19 April 2018
1146,Chris Gayle,104,39,1,11,SRH,IS Bindra Stadium,19 April 2018
1147,Mahela Jayawardena,52,39,7,0,KKR,St George's Park,03 May 2009
1148,Jacques Kallis,69,39,5,2,MI,New Wanderers Stadium,03 May 2009
1149,Kumar Sangakkara,65,39,10,0,KTK,Jawaharlal Nehru Stadium,27 April 2011
1150,Yuvraj Singh,62,39,3,4,CSK,DY Patil Stadium,27 April 2011
1151,Suresh Raina,61,39,3,1,RR,Chidambaram,04 May 2011
1152,Shreevats Goswami,52,39,7,1,DC,M. Chinnaswamy Stadium,19 May 2008
1153,VVS Laxman,52,39,7,0,RCB,M. Chinnaswamy Stadium,03 May 2008
1154,Gautam Gambhir,69,39,5,2,DC,Arun Jaitley Stadium,07 May 2014
1155,Robin Uthappa,65,39,5,3,RR,Narendra Modi Stadium,05 May 2014
1156,Lendl Simmons,68,39,5,4,SRH,Rajiv Gandhi Intl. Cricket Stadium,12 May 2014
1157,Manoj Tiwary,61,39,5,2,RR,Narendra Modi Stadium,15 May 2014
1158,MS Dhoni,57,39,2,4,SRH,JSCA Stadium,22 May 2014
1159,Murali Vijay,52,39,7,1,SRH,Dubai International Stadium,25 April 2014
1160,JP Duminy,54,39,5,2,SRH,ACA-VDCA Stadium,18 April 2015
1161,Gautam Gambhir,57,39,7,1,MI,Eden Gardens,08 April 2015
1162,Virat Kohli,62,39,1,3,RR,Narendra Modi Stadium,24 April 2015
1163,Moises Henriques,74,39,1,5,DC,Shaheed Veer Narayan Singh International Cricket Stadium,09 May 2015
1164,Virat Kohli,82,39,6,4,MI,Wankhede Stadium,10 May 2015
1165,Saurabh Tiwary,57,39,4,2,MI,Maharashtra Cricket Association's International Stadium,01 May 2016
1166,Shikhar Dhawan,50,39,7,1,RCB,Rajiv Gandhi Intl. Cricket Stadium,20 May 2014
1167,Mayank Agarwal,52,39,6,1,PBKS,Arun Jaitley Stadium,01 May 2015
1168,Shikhar Dhawan,69,39,6,1,MI,Zayed Cricket Stadium,11 October 2020
1169,Faf du Plessis,50,40,5,1,RCB,Wankhede Stadium,25 April 2021
1170,Shikhar Dhawan,70,40,7,1,DC,Rajiv Gandhi Intl. Cricket Stadium,19 April 2017
1171,Steve Smith,59,40,5,1,MI,Sawai Mansingh Stadium,20 April 2019
1172,Brendon McCullum,56,40,7,0,DC,Arun Jaitley Stadium,07 May 2012
1173,Manish Pandey,80,40,7,3,DC,Maharashtra Cricket Association's International Stadium,24 April 2012
1174,Virat Kohli,100,40,9,4,KKR,Eden Gardens,19 April 2019
1175,Manoj Tiwary,60,40,5,3,DC,Arun Jaitley Stadium,12 May 2017
1176,Mitchell Marsh,63,40,4,3,PBKS,DY Patil Stadium,16 May 2022
1177,K L Rahul,68,40,6,1,SRH,DY Patil Stadium,04 April 2022
1178,Shaun Marsh,60,40,3,3,DEC,IS Bindra Stadium,23 May 2008
1179,AB de Villiers,54,40,1,5,KTK,Jawaharlal Nehru Stadium,09 April 2011
1180,Jacques Kallis,59,40,4,3,MI,Eden Gardens,22 May 2011
1181,Ambati Rayudu,82,40,3,8,RCB,M. Chinnaswamy Stadium,25 April 2018
1182,Ajinkya Rahane,74,40,6,2,PBKS,Narendra Modi Stadium,21 April 2015
1183,Adam Gilchrist,50,40,6,1,PBKS,IS Bindra Stadium,23 May 2008
1184,George Bailey,60,40,5,2,KKR,Maharashtra Cricket Association's International Stadium,18 April 2015
1185,Yuvraj Singh,57,40,7,2,MI,Wankhede Stadium,05 May 2015
1186,Virat Kohli,51,40,4,2,CSK,M. Chinnaswamy Stadium,22 April 2015
1187,Rohit Sharma,63,40,5,2,PBKS,Chidambaram,23 April 2021
1188,David Miller,62,40,7,2,DC,Wankhede Stadium,15 April 2021
1189,Faf Du Plessis,96,40,11,2,LSG,DY Patil Stadium,19 April 2022
1190,Rajat Patidar,58,40,4,3,RR,Narendra Modi Stadium,27 May 2022
1191,Mark Boucher,50,40,5,1,KKR,Eden Gardens,08 May 2008
1192,Jacques Kallis,54,40,6,1,DC,Arun Jaitley Stadium,30 April 2008
1193,Shikhar Dhawan,59,40,6,2,CSK,Arun Jaitley Stadium,08 May 2008
1194,Sourav Ganguly,91,40,11,5,DEC,Rajiv Gandhi Intl. Cricket Stadium,11 May 2008
1195,David Warner,58,40,3,3,DC,Dubai International Stadium,25 April 2014
1196,Michael Hussey,63,40,3,3,RCB,Chidambaram,28 May 2011
1197,David Warner,54,40,6,1,RR,Sawai Mansingh Stadium,12 April 2011
1198,Ajinkya Rahane,84,40,9,1,DC,Arun Jaitley Stadium,29 April 2012
1199,Owais Shah,52,40,4,3,CSK,Chidambaram,21 April 2012
1200,Tillakaratne Dilshan,53,40,6,1,PWI,Maharashtra Cricket Association's International Stadium,11 May 2012
1201,Nitish Rana,57,40,6,2,MI,Chidambaram,13 April 2021
1202,Shubman Gill,56,40,4,2,RR,Sharjah Cricket Stadium,07 October 2021
1203,Ambati Rayudu,55,40,5,2,DC,Dubai International Stadium,04 October 2021
1204,Virat Kohli,51,40,3,3,MI,Dubai International Stadium,26 September 2021
1205,Shubman Gill,51,40,6,0,CSK,Dubai International Stadium,15 October 2021
1206,Saurabh Tiwary,50,40,5,0,CSK,Dubai International Stadium,19 September 2021
1207,Ajinkya Rahane,61,40,7,0,PWI,Sawai Mansingh Stadium,13 May 2012
1208,Sachin Tendulkar,72,40,8,1,CSK,Brabourne Stadium,25 March 2010
1209,Murali Vijay,50,40,4,2,KKR,Chidambaram,13 April 2010
1210,David Warner,73,40,8,1,DC,Shaheed Veer Narayan Singh International Cricket Stadium,20 May 2016
1211,Rahul Dravid,65,40,6,2,DC,Arun Jaitley Stadium,06 April 2013
1212,Manish Pandey,54,40,2,3,RR,Dubai International Stadium,11 October 2020
1213,Gautam Gambhir,72,40,9,1,PBKS,IS Bindra Stadium,13 March 2010
1214,Shaun Marsh,56,40,5,1,KKR,IS Bindra Stadium,19 April 2016
1215,Virat Kohli,100,40,11,1,GL,Saurashtra Cricket Association Stadium,24 April 2016
1216,Virat Kohli,75,40,7,3,SRH,M. Chinnaswamy Stadium,12 April 2016
1217,Sanju Samson,60,40,4,2,MI,Arun Jaitley Stadium,23 April 2016
1218,Dwayne Bravo,50,40,1,2,RCB,New Wanderers Stadium,03 May 2009
1219,Shikhar Dhawan,53,40,5,0,GL,Saurashtra Cricket Association Stadium,21 April 2016
1220,Virat Kohli,54,40,6,0,DC,Shaheed Veer Narayan Singh International Cricket Stadium,22 May 2016
1221,Chris Morris,52,40,5,1,MI,Wankhede Stadium,22 April 2017
1222,Mayank Agarwal,55,40,3,3,SRH,IS Bindra Stadium,08 April 2019
1223,Chris Gayle,77,40,4,6,PBKS,M. Chinnaswamy Stadium,14 May 2013
1224,Rohit Sharma,50,40,3,2,CSK,Dubai International Stadium,25 April 2014
1225,Michael Hussey,86,40,10,2,MI,Arun Jaitley Stadium,21 May 2013
1226,Shreyas Iyer,65,40,6,2,MI,Dubai International Stadium,10 November 2020
1227,Manish Pandey,66,40,8,1,KKR,JSCA Stadium,15 May 2013
1228,Shikhar Dhawan,73,40,9,1,MI,Rajiv Gandhi Intl. Cricket Stadium,01 May 2013
1229,Robin Uthappa,54,40,8,1,RR,Sawai Mansingh Stadium,05 May 2013
1230,Rohit Sharma,70,40,8,3,PBKS,Zayed Cricket Stadium,01 October 2020
1231,Devdutt Padikkal,50,40,5,0,DC,Zayed Cricket Stadium,02 November 2020
1232,Shreyas Iyer,53,40,3,2,RR,Dubai International Stadium,14 October 2020
1233,Steve Smith,79,40,8,1,MI,Narendra Modi Stadium,14 April 2015
1234,Robin Uthappa,80,40,7,1,CSK,Eden Gardens,30 April 2015
1235,Virat Kohli,73,40,2,5,CSK,M. Chinnaswamy Stadium,24 May 2014
1236,Shikhar Dhawan,64,40,4,2,CSK,JSCA Stadium,22 May 2014
1237,David Warner,59,41,3,4,RCB,Rajiv Gandhi Intl. Cricket Stadium,20 May 2014
1238,Karun Nair,73,41,8,2,DC,Arun Jaitley Stadium,03 May 2014
1239,Aaron Finch,68,41,7,2,MI,Rajiv Gandhi Intl. Cricket Stadium,12 May 2014
1240,David Warner,65,41,1,4,MI,Dubai International Stadium,30 April 2014
1241,Rohit Sharma,65,41,7,1,DC,Arun Jaitley Stadium,23 April 2016
1242,Shakib Al Hasan,66,41,4,4,GL,Eden Gardens,08 May 2016
1243,Parthiv Patel,81,41,10,2,PBKS,IS Bindra Stadium,25 April 2016
1244,Eoin Morgan,51,41,3,2,KKR,Rajiv Gandhi Intl. Cricket Stadium,16 April 2016
1245,Adam Gilchrist,85,41,10,3,RCB,M. Chinnaswamy Stadium,14 May 2013
1246,Sachin Tendulkar,55,41,9,0,DEC,DY Patil Stadium,28 March 2010
1247,Ravi Bopara,56,41,7,1,DC,IS Bindra Stadium,13 March 2010
1248,Jacques Kallis,52,41,7,0,CSK,Chidambaram,31 March 2010
1249,Shaun Marsh,88,41,8,5,CSK,HPCA Stadium,18 April 2010
1250,Virat Kohli,72,41,7,2,RR,Zayed Cricket Stadium,03 October 2020
1251,Subramaniam Badrinath,55,41,6,0,MI,Brabourne Stadium,25 March 2010
1252,Gautam Gambhir,90,41,13,1,SRH,Rajiv Gandhi Intl. Cricket Stadium,16 April 2016
1253,KL Rahul,100,41,6,6,MI,Wankhede Stadium,10 April 2019
1254,Shikhar Dhawan,63,41,10,0,CSK,Chidambaram,25 April 2013
1255,David Warner,77,41,9,1,RR,Arun Jaitley Stadium,06 April 2013
1256,MS Dhoni,63,41,3,5,MI,Eden Gardens,26 May 2013
1257,Ruturaj Gaikwad,88,41,9,4,MI,Dubai International Stadium,19 September 2021
1258,Kane Williamson,51,41,5,1,RR,Dubai International Stadium,27 September 2021
1259,Sanju Samson,82,41,7,3,SRH,Dubai International Stadium,27 September 2021
1260,Michael Hussey,65,41,6,2,DC,Arun Jaitley Stadium,18 April 2013
1261,AB de Villiers,75,41,6,4,MI,Wankhede Stadium,15 April 2019
1262,Virat Kohli,73,41,9,1,DC,Arun Jaitley Stadium,17 May 2012
1263,Ambati Rayudu,57,41,2,3,RR,Sawai Mansingh Stadium,11 April 2019
1264,KL Rahul,55,41,3,1,CSK,Chidambaram,06 April 2019
1265,Naman Ojha,68,41,5,5,PBKS,Kingsmead,05 May 2009
1266,Robin Uthappa,67,41,6,2,PBKS,Eden Gardens,27 March 2019
1267,Brendon McCullum,81,41,10,2,MI,Wankhede Stadium,15 April 2011
1268,Suresh Raina,73,41,4,6,RCB,Wankhede Stadium,24 May 2011
1269,Shikhar Dhawan,54,41,4,1,KKR,Rajiv Gandhi Intl. Cricket Stadium,03 May 2011
1270,Brad Hodge,51,41,3,2,CSK,Chidambaram,18 May 2011
1271,James Hopes,55,41,10,0,MI,Wankhede Stadium,07 May 2011
1272,Subramaniam Badrinath,55,41,6,1,DC,Chidambaram,12 May 2011
1273,Ambati Rayudu,63,41,9,0,RCB,M. Chinnaswamy Stadium,12 April 2011
1274,Corey Anderson,55,41,4,3,KKR,Eden Gardens,08 April 2015
1275,Shreyas Iyer,57,41,5,1,PBKS,Arun Jaitley Stadium,23 April 2018
1276,Virat Kohli,92,41,7,4,MI,Wankhede Stadium,17 April 2018
1277,Lendl Simmons,51,41,6,1,SRH,Wankhede Stadium,25 April 2015
1278,David Warner,53,41,1,3,CSK,Chidambaram,11 April 2015
1279,Shikhar Dhawan,50,41,4,2,RCB,M. Chinnaswamy Stadium,13 April 2015
1280,Hardik Pandya,50,41,5,1,RCB,M. Chinnaswamy Stadium,01 May 2018
1281,Sourav Ganguly,86,41,6,6,PBKS,Eden Gardens,25 May 2008
1282,Shikhar Dhawan,52,41,8,0,RR,Arun Jaitley Stadium,19 April 2008
1283,AB de Villiers,57,41,9,1,RR,M. Chinnaswamy Stadium,29 April 2015
1284,Gautam Gambhir,58,41,7,1,RCB,Eden Gardens,11 April 2015
1285,Venkatesh Iyer,50,41,6,1,MI,Maharashtra Cricket Association Stadium,06 April 2022
1286,Ishan Kishan,51,41,5,1,KKR,DY Patil Stadium,09 May 2022
1287,Ishan Kishan,54,41,5,1,RR,DY Patil Stadium,02 April 2022
1288,David Warner,52,41,5,1,RR,DY Patil Stadium,11 May 2022
1289,Faf Du Plessis,88,41,3,7,PBKS,DY Patil Stadium,27 March 2022
1290,K L Rahul,68,41,3,4,KKR,DY Patil Stadium,18 May 2022
1291,Chris Gayle,87,41,8,4,PBKS,IS Bindra Stadium,20 April 2012
1292,Ajinkya Rahane,103,41,12,5,RCB,M. Chinnaswamy Stadium,15 April 2012
1293,Ambati Rayudu,81,41,6,4,RCB,M. Chinnaswamy Stadium,14 May 2012
1294,Rohit Sharma,73,41,4,5,DEC,ACA-VDCA Stadium,09 April 2012
1295,Travis Head,75,41,3,5,KKR,M. Chinnaswamy Stadium,07 May 2017
1296,Sanju Samson,102,41,8,5,RPS,Maharashtra Cricket Association's International Stadium,11 April 2017
1297,Kieron Pollard,70,41,3,5,RCB,M. Chinnaswamy Stadium,14 April 2017
1298,David Warner,69,41,9,0,GL,Green Park,13 May 2017
1299,Suresh Raina,68,41,7,0,KKR,Saurashtra Cricket Association Stadium,07 April 2017
1300,Mandeep Singh,52,41,4,1,KKR,M. Chinnaswamy Stadium,07 May 2017
1301,Virat Kohli,50,42,1,1,CSK,Dubai International Stadium,25 October 2020
1302,Ajinkya Rahane,67,42,4,3,KKR,Maharashtra Cricket Association's International Stadium,24 April 2016
1303,Manvinder Bisla,51,42,3,3,PBKS,Eden Gardens,26 April 2013
1304,Saurabh Tiwary,52,42,2,2,PWI,Maharashtra Cricket Association's International Stadium,02 May 2013
1305,Kane Williamson,66,42,8,0,DC,Chidambaram,25 April 2021
1306,Saurabh Tiwary,52,42,9,0,KKR,Eden Gardens,13 May 2017
1307,Suresh Raina,63,42,5,1,PWI,Maharashtra Cricket Association's International Stadium,30 April 2013
1308,Sarfaraz Khan,67,42,4,2,CSK,Chidambaram,06 April 2019
1309,Faf du Plessis,67,42,8,0,PBKS,IS Bindra Stadium,17 April 2016
1310,Shaun Marsh,57,42,6,1,MI,Brabourne Stadium,30 March 2010
1311,Jacques Kallis,89,42,8,5,PBKS,M. Chinnaswamy Stadium,16 March 2010
1312,Manoj Tiwary,59,42,7,0,RR,Sawai Mansingh Stadium,08 April 2012
1313,Chris Gayle,86,42,7,6,KKR,Eden Gardens,28 April 2012
1314,Shubman Gill,70,42,5,2,SRH,Zayed Cricket Stadium,26 September 2020
1315,Hardik Pandya,50,42,4,1,SRH,DY Patil Stadium,11 April 2022
1316,Rohit Sharma,74,42,4,5,DC,Wankhede Stadium,09 April 2013
1317,Rahul Dravid,66,42,8,1,RR,Newlands,18 April 2009
1318,David Warner,90,42,7,4,MI,Rajiv Gandhi Intl. Cricket Stadium,18 April 2016
1319,Ajinkya Rahane,65,42,5,1,SRH,Sawai Mansingh Stadium,29 April 2018
1320,Sachin Tendulkar,55,42,7,0,RCB,M. Chinnaswamy Stadium,12 April 2011
1321,Swapnil Asnodkar,50,42,7,1,RCB,Sawai Mansingh Stadium,17 May 2008
1322,Dwayne Bravo,64,42,8,1,KKR,Eden Gardens,29 April 2008
1323,Ryan McLaren,51,42,6,1,PWI,DY Patil Stadium,10 April 2011
1324,Michael Hussey,61,42,6,1,PWI,Chidambaram,25 April 2011
1325,Kane Williamson,57,42,2,4,GT,DY Patil Stadium,11 April 2022
1326,Shubman Gill,63,42,7,0,LSG,Maharashtra Cricket Association Stadium,10 May 2022
1327,Parthiv Patel,57,42,7,0,MI,Dubai International Stadium,19 April 2014
1328,Michael Hussey,83,42,11,1,RCB,Chidambaram,16 April 2011
1329,Virat Kohli,55,42,4,1,RPS,Maharashtra Cricket Association's International Stadium,29 April 2017
1330,Chris Lynn,62,42,7,1,RCB,M. Chinnaswamy Stadium,29 April 2018
1331,KL Rahul,68,42,3,4,MI,M. Chinnaswamy Stadium,11 May 2016
1332,Jos Buttler,89,42,12,2,GT,Eden Gardens,24 May 2022
1333,Sourav Ganguly,56,42,8,1,DC,Eden Gardens,07 April 2010
1334,Aaron Finch,51,42,3,1,SRH,Rajiv Gandhi Intl. Cricket Stadium,06 May 2016
1335,Virat Kohli,52,42,4,0,KKR,M. Chinnaswamy Stadium,02 May 2016
1336,Marcus Stoinis,52,42,3,2,DC,IS Bindra Stadium,07 May 2016
1337,Dinesh Karthik,53,42,5,0,DC,Saurashtra Cricket Association Stadium,03 May 2016
1338,Gautam Gambhir,54,42,6,1,PBKS,Eden Gardens,04 May 2016
1339,Ravi Bopara,77,42,9,2,RCB,M. Chinnaswamy Stadium,16 March 2010
1340,Subramaniam Badrinath,57,42,8,0,PWI,Chidambaram,19 April 2012
1341,Kevin Pietersen,103,42,6,9,DEC,Arun Jaitley Stadium,19 April 2012
1342,Faf du Plessis,58,42,4,2,PWI,Chidambaram,19 April 2012
1343,Jos Buttler,70,42,0,6,RCB,Wankhede Stadium,05 April 2022
1344,Tilak Varma,51,42,3,2,CSK,DY Patil Stadium,21 April 2022
1345,Manan Vohra,67,42,6,2,KKR,M. Chinnaswamy Stadium,01 June 2014
1346,Manish Pandey,64,42,6,2,MI,Zayed Cricket Stadium,16 April 2014
1347,Hardik Pandya,62,42,4,3,RCB,Wankhede Stadium,19 May 2022
1348,Sai Sudharsan,65,42,5,1,PBKS,DY Patil Stadium,03 May 2022
1349,Adam Gilchrist,64,42,9,2,CSK,HPCA Stadium,17 May 2012
1350,Shubman Gill,57,42,5,0,PBKS,Zayed Cricket Stadium,10 October 2020
1351,Karun Nair,83,42,8,3,SRH,Shaheed Veer Narayan Singh International Cricket Stadium,20 May 2016
1352,Faf du Plessis,58,42,6,0,MI,Zayed Cricket Stadium,19 September 2020
1353,Wriddhiman Saha,67,42,8,1,CSK,Wankhede Stadium,15 May 2022
1354,KL Rahul,74,42,6,0,KKR,Zayed Cricket Stadium,10 October 2020
1355,Ruturaj Gaikwad,65,42,4,3,RCB,Dubai International Stadium,25 October 2020
1356,Ajinkya Rahane,53,43,5,0,GL,Maharashtra Cricket Association's International Stadium,29 April 2016
1357,Quinton de Kock,60,43,5,1,RCB,Shaheed Veer Narayan Singh International Cricket Stadium,22 May 2016
1358,Virat Kohli,64,43,7,1,GL,Saurashtra Cricket Association Stadium,18 April 2017
1359,Biplap Samantray,55,43,6,1,RR,Rajiv Gandhi Intl. Cricket Stadium,17 May 2013
1360,Tillakaratne Dilshan,76,43,10,1,RR,Sawai Mansingh Stadium,23 April 2012
1361,Virat Kohli,57,43,5,2,CSK,Chidambaram,12 April 2012
1362,Owais Shah,58,43,3,3,DEC,DY Patil Stadium,12 March 2010
1363,Jacques Kallis,66,43,10,0,MI,Brabourne Stadium,20 March 2010
1364,Tirumalasetti Suman,78,43,6,3,RCB,M. Chinnaswamy Stadium,08 April 2010
1365,Suresh Raina,65,43,3,5,KKR,Eden Gardens,20 May 2014
1366,Ajinkya Rahane,62,43,4,1,RCB,St George's Park,10 May 2009
1367,Andrew Symonds,50,43,3,3,CSK,Chidambaram,14 March 2010
1368,Virat Kohli,58,43,2,2,CSK,Chidambaram,13 April 2013
1369,Herschelle Gibbs,50,43,5,1,KKR,Eden Gardens,01 April 2010
1370,K L Rahul,79,43,3,5,RCB,Eden Gardens,25 May 2022
1371,Ambati Rayudu,54,43,3,2,SRH,Rajiv Gandhi Intl. Cricket Stadium,18 April 2016
1372,Gautam Gambhir,63,43,6,1,CSK,Chidambaram,30 April 2012
1373,Shikhar Dhawan,82,43,10,1,MI,ACA-VDCA Stadium,08 May 2016
1374,JP Duminy,74,43,4,5,RCB,Rajiv Gandhi Intl. Cricket Stadium,20 May 2012
1375,Robin Uthappa,72,43,6,2,DC,Arun Jaitley Stadium,30 April 2016
1376,KL Rahul,67,43,4,2,KKR,Dubai International Stadium,01 October 2021
1377,Sachin Tendulkar,54,43,3,2,DC,Arun Jaitley Stadium,21 April 2013
1378,Ruturaj Gaikwad,101,43,9,5,RR,Zayed Cricket Stadium,02 October 2021
1379,Suresh Raina,54,43,5,2,DEC,Rajiv Gandhi Intl. Cricket Stadium,27 May 2008
1380,Michael Hussey,56,43,3,2,RCB,JSCA Stadium,22 May 2015
1381,Faf du Plessis,54,43,3,3,RCB,M. Chinnaswamy Stadium,24 May 2014
1382,Rohit Sharma,51,43,4,2,KKR,Barabati Stadium,14 May 2014
1383,Wriddhiman Saha,59,43,4,3,MI,Wankhede Stadium,03 May 2014
1384,David Warner,61,43,4,3,RCB,M. Chinnaswamy Stadium,04 May 2014
1385,Johan Botha,67,43,8,1,DEC,Rajiv Gandhi Intl. Cricket Stadium,09 April 2011
1386,Lendl Simmons,68,43,5,3,RCB,Wankhede Stadium,10 May 2015
1387,Kane Williamson,50,43,4,1,KKR,Eden Gardens,14 April 2018
1388,Sachin Tendulkar,100,43,12,3,KTK,Wankhede Stadium,15 April 2011
1389,Shikhar Dhawan,54,43,4,1,KKR,ACA-VDCA Stadium,22 April 2015
1390,Gautam Gambhir,54,43,7,0,PWI,DY Patil Stadium,19 May 2011
1391,Srikkanth Anirudha,64,43,6,2,KKR,Chidambaram,08 April 2011
1392,Rahul Dravid,54,43,8,0,PWI,Maharashtra Cricket Association's International Stadium,11 April 2013
1393,Gautam Gambhir,50,43,6,0,PWI,Maharashtra Cricket Association's International Stadium,09 May 2013
1394,Albie Morkel,73,43,8,1,CSK,Chidambaram,09 April 2015
1395,Ajinkya Rahane,59,43,3,3,PBKS,IS Bindra Stadium,09 May 2013
1396,Manvinder Bisla,92,43,14,2,CSK,Chidambaram,28 April 2013
1397,Paul Collingwood,53,43,3,2,KKR,Arun Jaitley Stadium,29 March 2010
1398,Lendl Simmons,62,43,6,2,RR,Narendra Modi Stadium,19 May 2014
1399,Manish Pandey,59,43,4,3,MI,DY Patil Stadium,04 May 2011
1400,Parthiv Patel,61,44,5,2,PBKS,IS Bindra Stadium,11 May 2013
1401,Virat Kohli,71,44,5,3,DEC,Rajiv Gandhi Intl. Cricket Stadium,14 April 2011
1402,KL Rahul,84,44,7,3,RR,Holkar Cricket Stadium,06 May 2018
1403,JP Duminy,67,44,4,3,RCB,Sharjah Cricket Stadium,17 April 2014
1404,Ajinkya Rahane,72,44,6,1,KKR,Zayed Cricket Stadium,29 April 2014
1405,David Warner,51,44,5,1,DEC,Arun Jaitley Stadium,19 April 2011
1406,Sachin Tendulkar,51,44,3,1,PBKS,Wankhede Stadium,02 May 2011
1407,Shaun Marsh,77,44,6,2,RR,IS Bindra Stadium,09 May 2013
1408,Jacques Kallis,53,44,7,1,DEC,Eden Gardens,11 April 2011
1409,Salman Butt,73,44,10,1,CSK,Eden Gardens,18 May 2008
1410,Rahul Dravid,66,44,9,1,PBKS,M. Chinnaswamy Stadium,05 May 2008
1411,Suresh Raina,52,44,5,1,RCB,Chidambaram,04 May 2015
1412,Brendon McCullum,81,44,7,4,RR,Chidambaram,10 May 2015
1413,Brad Hodge,73,44,5,3,MI,Buffalo Park,01 May 2009
1414,Andre Russell,50,44,5,3,CSK,Chidambaram,09 April 2019
1415,Brad Hodge,50,44,7,0,RCB,Eden Gardens,14 March 2010
1416,Rohit Sharma,51,44,7,0,RCB,Vidarbha Cricket Association Stadium,12 April 2010
1417,Matthew Hayden,89,44,8,6,PBKS,Supersport Park,07 May 2009
1418,Nitish Rana,87,44,10,4,CSK,Dubai International Stadium,29 October 2020
1419,Jonny Bairstow,53,44,2,1,DC,Zayed Cricket Stadium,29 September 2020
1420,Kane Williamson,50,44,2,2,RCB,Zayed Cricket Stadium,06 November 2020
1421,Rahul Tripathi,50,44,4,0,PBKS,IS Bindra Stadium,16 April 2019
1422,Sachin Tendulkar,58,44,6,0,RR,Sawai Mansingh Stadium,20 May 2012
1423,Steve Smith,73,44,7,1,KKR,Sawai Mansingh Stadium,07 April 2019
1424,Ruturaj Gaikwad,53,44,4,1,GT,Wankhede Stadium,15 May 2022
1425,Mandeep Singh,56,44,5,1,CSK,Chidambaram,28 April 2012
1426,Shubman Gill,57,44,10,0,SRH,Dubai International Stadium,03 October 2021
1427,Rohit Sharma,55,44,8,0,KKR,Wankhede Stadium,05 May 2019
1428,Shane Watson,80,44,8,4,MI,Rajiv Gandhi Intl. Cricket Stadium,12 May 2019
1429,Virat Kohli,99,44,10,4,DC,Arun Jaitley Stadium,10 May 2013
1430,David Warner,70,45,7,2,PBKS,Rajiv Gandhi Intl. Cricket Stadium,17 April 2017
1431,Manoj Tiwary,58,45,4,2,MI,Wankhede Stadium,16 May 2017
1432,KL Rahul,71,45,6,1,MI,IS Bindra Stadium,30 March 2019
1433,KL Rahul,52,45,3,2,RR,IS Bindra Stadium,16 April 2019
1434,Chris Lynn,51,45,4,1,SRH,Rajiv Gandhi Intl. Cricket Stadium,21 April 2019
1435,Shreyas Iyer,58,45,5,1,PBKS,Arun Jaitley Stadium,20 April 2019
1436,Sachin Tendulkar,59,45,7,0,CSK,Newlands,18 April 2009
1437,Mayank Agarwal,89,45,7,4,DC,Dubai International Stadium,20 September 2020
1438,Sachin Tendulkar,89,45,10,2,RR,Sawai Mansingh Stadium,11 April 2010
1439,Shikhar Dhawan,51,45,7,0,CSK,Arun Jaitley Stadium,26 March 2019
1440,Abhishek Jhunjhunwala,53,45,5,1,DC,Narendra Modi Stadium,15 March 2010
1441,Jacques Kallis,79,45,7,3,MI,Eden Gardens,12 May 2012
1442,Virat Kohli,58,45,6,1,GT,Brabourne - CCI,30 April 2022
1443,JP Duminy,52,45,7,0,DEC,Supersport Park,06 May 2009
1444,Cheteshwar Pujara,51,45,8,0,PBKS,IS Bindra Stadium,06 May 2013
1445,Suresh Raina,61,45,4,2,PBKS,Maharashtra Cricket Association's International Stadium,20 May 2018
1446,KL Rahul,61,45,7,2,DC,Wankhede Stadium,18 April 2021
1447,Rahul Dravid,53,45,7,0,DC,Sawai Mansingh Stadium,07 May 2013
1448,Dwayne Smith,57,45,9,1,MI,Eden Gardens,24 May 2015
1449,Ajinkya Rahane,64,45,8,1,DC,Narendra Modi Stadium,15 May 2014
1450,Faf du Plessis,76,46,8,2,PBKS,Dubai International Stadium,07 October 2021
1451,Rishabh Pant,58,46,6,0,RCB,Narendra Modi Stadium,27 April 2021
1452,Ravi Bopara,84,46,4,5,RCB,Kingsmead,24 April 2009
1453,Herschelle Gibbs,69,46,6,2,CSK,Kingsmead,27 April 2009
1454,KL Rahul,63,46,7,1,CSK,Dubai International Stadium,04 October 2020
1455,JP Duminy,62,46,4,2,CSK,St George's Park,16 May 2009
1456,Kedar Jadhav,58,46,8,1,MI,Wankhede Stadium,03 April 2019
1457,Sam Curran,52,46,4,2,MI,Sharjah Cricket Stadium,23 October 2020
1458,David Warner,51,46,3,1,DC,Rajiv Gandhi Intl. Cricket Stadium,14 April 2019
1459,Ajinkya Rahane,62,46,9,0,SRH,ACA-VDCA Stadium,16 April 2015
1460,Ajinkya Rahane,59,46,6,0,SRH,Zayed Cricket Stadium,18 April 2014
1461,Ajinkya Rahane,68,46,8,1,MI,Sawai Mansingh Stadium,17 April 2013
1462,Aaron Finch,67,46,7,1,MI,Wankhede Stadium,16 April 2016
1463,Mahela Jayawardena,66,46,8,1,KKR,Eden Gardens,03 April 2013
1464,Subramaniam Badrinath,66,46,8,0,PBKS,IS Bindra Stadium,13 April 2011
1465,Jacques Kallis,80,46,7,2,RR,Sawai Mansingh Stadium,15 April 2011
1466,Rohit Sharma,98,46,12,4,KKR,Eden Gardens,08 April 2015
1467,Kumar Sangakkara,60,47,7,1,RR,Newlands,26 April 2009
1468,Riyan Parag,50,47,4,2,DC,Arun Jaitley Stadium,04 May 2019
1469,Jacques Kallis,65,47,7,1,KKR,Eden Gardens,14 March 2010
1470,Chris Gayle,75,47,7,2,MI,Brabourne Stadium,22 March 2010
1471,Herschelle Gibbs,53,47,3,2,RCB,New Wanderers Stadium,24 May 2009
1472,Parthiv Patel,51,47,8,0,PBKS,Wankhede Stadium,31 May 2008
1473,Virat Kohli,80,47,7,2,RPS,Maharashtra Cricket Association's International Stadium,22 April 2016
1474,KL Rahul,95,48,11,2,RR,Sawai Mansingh Stadium,08 May 2018
1475,Jonny Bairstow,63,48,3,3,PBKS,Chidambaram,21 April 2021
1476,Quinton de Kock,69,48,6,2,SRH,Wankhede Stadium,02 May 2019
1477,Manish Pandey,54,48,3,1,PBKS,Rajiv Gandhi Intl. Cricket Stadium,26 April 2018
1478,Herschelle Gibbs,66,48,7,2,KKR,Eden Gardens,12 May 2012
1479,Murali Vijay,54,48,5,1,MI,ACA-VDCA Stadium,13 May 2016
1480,Murali Vijay,53,48,5,2,RPS,IS Bindra Stadium,17 April 2016
1481,Brendon McCullum,84,48,10,2,RCB,Supersport Park,12 May 2009
1482,Jos Buttler,67,48,5,4,MI,DY Patil Stadium,30 April 2022
1483,Shikhar Dhawan,56,48,2,1,RPS,Rajiv Gandhi Intl. Cricket Stadium,26 April 2016
1484,Mahela Jayawardena,56,48,8,0,PBKS,Arun Jaitley Stadium,15 May 2012
1485,Shikhar Dhawan,50,49,4,1,KKR,Barabati Stadium,22 April 2012
1486,Dwayne Smith,57,49,5,3,MI,Wankhede Stadium,10 May 2014
1487,Tillakaratne Dilshan,59,49,4,2,MI,M. Chinnaswamy Stadium,12 April 2011
1488,Shaun Marsh,64,49,7,1,PWI,IS Bindra Stadium,12 April 2012
1489,Steve Smith,51,49,2,2,MI,Rajiv Gandhi Intl. Cricket Stadium,21 May 2017
1490,Murali Vijay,55,49,6,0,RR,Sawai Mansingh Stadium,12 May 2013
1491,Mahela Jayawardena,93,49,13,2,DEC,HPCA Stadium,16 April 2010
1492,Mandeep Singh,66,49,8,2,KKR,Sharjah Cricket Stadium,26 October 2020
1493,David Warner,70,49,6,1,PBKS,IS Bindra Stadium,08 April 2019
1494,David Warner,57,50,3,2,CSK,Arun Jaitley Stadium,28 April 2021
1495,Murali Vijay,50,50,3,1,PBKS,IS Bindra Stadium,10 April 2013
1496,KL Rahul,60,50,3,3,MI,Chidambaram,23 April 2021
1497,Vijay Shankar,52,51,6,0,RR,Dubai International Stadium,22 October 2020
1498,Jacques Kallis,58,51,2,2,DC,New Wanderers Stadium,19 May 2009
1499,Matthew Hayden,60,51,4,1,MI,St George's Park,16 May 2009
1500,Gautam Gambhir,57,51,5,0,CSK,Chidambaram,15 April 2010
1501,Brendon McCullum,57,52,8,0,MI,Eden Gardens,19 April 2010
1502,Robin Uthappa,60,52,6,0,DC,Maharashtra Cricket Association's International Stadium,24 April 2012
1503,Parthiv Patel,57,53,4,2,PBKS,Chidambaram,21 March 2010
1504,JP Duminy,59,55,4,0,PBKS,Kingsmead,29 April 2009
