ID,City,Date,Season,MatchNumber,Team1,Team2,Venue,TossWinner,TossDecision,SuperOver,WinningTeam,WonBy,Margin,method,Player_of_Match,Team1Players,Team2Players,Umpire1,Umpire2
1312200,Ahmedabad,29-05-2022,2022,Final,Rajasthan Royals,Gujarat Titans,"Narendra Modi Stadium, Ahmedabad",Rajasthan Royals,bat,N,Gujarat Titans,Wickets,7.0,,HH Pandya,"['YBK Jaiswal', 'JC Buttler', 'SV Samson', 'D Padikkal', 'SO Hetmyer', 'R Ashwin', 'R Parag', 'TA Boult', 'OC McCoy', 'M Prasidh Krishna', 'YS Chahal']","['WP Saha', 'Shubman Gill', 'MS Wade', 'HH Pandya', 'DA Miller', 'R Tewatia', 'Rashid Khan', 'R Sai Kishore', 'LH Ferguson', 'Yash Dayal', 'Mohammed Shami']",CB Gaffaney,Nitin Menon
1312199,Ahmedabad,27-05-2022,2022,Qualifier 2,Royal Challengers Bangalore,Rajasthan Royals,"Narendra Modi Stadium, Ahmedabad",Rajasthan Royals,field,N,Rajasthan Royals,Wickets,7.0,,JC Buttler,"['V Kohli', 'F du Plessis', 'RM Patidar', 'GJ Maxwell', 'MK Lomror', 'KD Karthik', 'Shahbaz Ahmed', 'PWH de Silva', 'HV Patel', 'JR Hazlewood', 'Mohammed Siraj']","['YBK Jaiswal', 'JC Buttler', 'SV Samson', 'D Padikkal', 'SO Hetmyer', 'R Parag', 'R Ashwin', 'TA Boult', 'YS Chahal', 'M Prasidh Krishna', 'OC McCoy']",CB Gaffaney,Nitin Menon
1312198,Kolkata,25-05-2022,2022,Eliminator,Royal Challengers Bangalore,Lucknow Super Giants,"Eden Gardens, Kolkata",Lucknow Super Giants,field,N,Royal Challengers Bangalore,Runs,14.0,,RM Patidar,"['V Kohli', 'F du Plessis', 'RM Patidar', 'GJ Maxwell', 'MK Lomror', 'KD Karthik', 'Shahbaz Ahmed', 'HV Patel', 'PWH de Silva', 'JR Hazlewood', 'Mohammed Siraj']","['Q de Kock', 'KL Rahul', 'M Vohra', 'DJ Hooda', 'MP Stoinis', 'E Lewis', 'KH Pandya', 'PVD Chameera', 'Mohsin Khan', 'Avesh Khan', 'Ravi Bishnoi']",J Madanagopal,MA Gough
1312197,Kolkata,24-05-2022,2022,Qualifier 1,Rajasthan Royals,Gujarat Titans,"Eden Gardens, Kolkata",Gujarat Titans,field,N,Gujarat Titans,Wickets,7.0,,DA Miller,"['YBK Jaiswal', 'JC Buttler', 'SV Samson', 'D Padikkal', 'SO Hetmyer', 'R Parag', 'R Ashwin', 'TA Boult', 'YS Chahal', 'M Prasidh Krishna', 'OC McCoy']","['WP Saha', 'Shubman Gill', 'MS Wade', 'HH Pandya', 'DA Miller', 'R Tewatia', 'Rashid Khan', 'R Sai Kishore', 'AS Joseph', 'Yash Dayal', 'Mohammed Shami']",BNJ Oxenford,VK Sharma
1304116,Mumbai,22-05-2022,2022,70,Sunrisers Hyderabad,Punjab Kings,"Wankhede Stadium, Mumbai",Sunrisers Hyderabad,bat,N,Punjab Kings,Wickets,5.0,,Harpreet Brar,"['PK Garg', 'Abhishek Sharma', 'RA Tripathi', 'AK Markram', 'N Pooran', 'Washington Sundar', 'R Shepherd', 'J Suchith', 'B Kumar', 'Umran Malik', 'Fazalhaq Farooqi']","['JM Bairstow', 'S Dhawan', 'M Shahrukh Khan', 'MA Agarwal', 'LS Livingstone', 'JM Sharma', 'PN Mankad', 'Harpreet Brar', 'K Rabada', 'NT Ellis', 'Arshdeep Singh']",AK Chaudhary,NA Patwardhan
1304115,Mumbai,21-05-2022,2022,69,Delhi Capitals,Mumbai Indians,"Wankhede Stadium, Mumbai",Mumbai Indians,field,N,Mumbai Indians,Wickets,5.0,,JJ Bumrah,"['PP Shaw', 'DA Warner', 'MR Marsh', 'RR Pant', 'SN Khan', 'R Powell', 'AR Patel', 'SN Thakur', 'Kuldeep Yadav', 'A Nortje', 'KK Ahmed']","['Ishan Kishan', 'RG Sharma', 'D Brevis', 'Tilak Varma', 'TH David', 'Ramandeep Singh', 'DR Sams', 'HR Shokeen', 'JJ Bumrah', 'M Markande', 'RP Meredith']",Nitin Menon,Tapan Sharma
1304114,Mumbai,20-05-2022,2022,68,Chennai Super Kings,Rajasthan Royals,"Brabourne Stadium, Mumbai",Chennai Super Kings,bat,N,Rajasthan Royals,Wickets,5.0,,R Ashwin,"['RD Gaikwad', 'DP Conway', 'MM Ali', 'N Jagadeesan', 'AT Rayudu', 'MS Dhoni', 'MJ Santner', 'Simarjeet Singh', 'Mukesh Choudhary', 'PH Solanki', 'M Pathirana']","['YBK Jaiswal', 'JC Buttler', 'SV Samson', 'D Padikkal', 'R Ashwin', 'SO Hetmyer', 'R Parag', 'TA Boult', 'YS Chahal', 'M Prasidh Krishna', 'OC McCoy']",CB Gaffaney,NA Patwardhan
1304113,Mumbai,19-05-2022,2022,67,Gujarat Titans,Royal Challengers Bangalore,"Wankhede Stadium, Mumbai",Gujarat Titans,bat,N,Royal Challengers Bangalore,Wickets,8.0,,V Kohli,"['WP Saha', 'Shubman Gill', 'MS Wade', 'HH Pandya', 'DA Miller', 'R Tewatia', 'Rashid Khan', 'R Sai Kishore', 'LH Ferguson', 'Yash Dayal', 'Mohammed Shami']","['V Kohli', 'F du Plessis', 'GJ Maxwell', 'KD Karthik', 'RM Patidar', 'MK Lomror', 'Shahbaz Ahmed', 'HV Patel', 'PWH de Silva', 'JR Hazlewood', 'S Kaul']",KN Ananthapadmanabhan,GR Sadashiv Iyer
1304112,Navi Mumbai,18-05-2022,2022,66,Lucknow Super Giants,Kolkata Knight Riders,"Dr DY Patil Sports Academy, Mumbai",Lucknow Super Giants,bat,N,Lucknow Super Giants,Runs,2.0,,Q de Kock,"['Q de Kock', 'KL Rahul', 'E Lewis', 'DJ Hooda', 'M Vohra', 'MP Stoinis', 'JO Holder', 'K Gowtham', 'Mohsin Khan', 'Avesh Khan', 'Ravi Bishnoi']","['VR Iyer', 'A Tomar', 'N Rana', 'SS Iyer', 'SW Billings', 'AD Russell', 'RK Singh', 'SP Narine', 'UT Yadav', 'TG Southee', 'CV Varun']",R Pandit,YC Barde
1304111,Mumbai,17-05-2022,2022,65,Sunrisers Hyderabad,Mumbai Indians,"Wankhede Stadium, Mumbai",Mumbai Indians,field,N,Sunrisers Hyderabad,Runs,3.0,,RA Tripathi,"['Abhishek Sharma', 'PK Garg', 'RA Tripathi', 'N Pooran', 'AK Markram', 'KS Williamson', 'Washington Sundar', 'B Kumar', 'Umran Malik', 'T Natarajan', 'Fazalhaq Farooqi']","['RG Sharma', 'Ishan Kishan', 'DR Sams', 'Tilak Varma', 'TH David', 'T Stubbs', 'Ramandeep Singh', 'R Sanjay Yadav', 'JJ Bumrah', 'M Markande', 'RP Meredith']",CB Gaffaney,N Pandit
1304110,Navi Mumbai,16-05-2022,2022,64,Delhi Capitals,Punjab Kings,"Dr DY Patil Sports Academy, Mumbai",Punjab Kings,field,N,Delhi Capitals,Runs,17.0,,SN Thakur,"['DA Warner', 'SN Khan', 'MR Marsh', 'Lalit Yadav', 'RR Pant', 'R Powell', 'AR Patel', 'SN Thakur', 'Kuldeep Yadav', 'A Nortje', 'KK Ahmed']","['JM Bairstow', 'S Dhawan', 'PBB Rajapaksa', 'LS Livingstone', 'MA Agarwal', 'JM Sharma', 'Harpreet Brar', 'R Dhawan', 'RD Chahar', 'K Rabada', 'Arshdeep Singh']",GR Sadashiv Iyer,Nitin Menon
1304109,Mumbai,15-05-2022,2022,63,Rajasthan Royals,Lucknow Super Giants,"Brabourne Stadium, Mumbai",Rajasthan Royals,bat,N,Rajasthan Royals,Runs,24.0,,TA Boult,"['YBK Jaiswal', 'JC Buttler', 'SV Samson', 'D Padikkal', 'R Parag', 'JDS Neesham', 'R Ashwin', 'TA Boult', 'M Prasidh Krishna', 'YS Chahal', 'OC McCoy']","['Q de Kock', 'KL Rahul', 'A Badoni', 'DJ Hooda', 'KH Pandya', 'MP Stoinis', 'JO Holder', 'PVD Chameera', 'Mohsin Khan', 'Avesh Khan', 'Ravi Bishnoi']",PG Pathak,Tapan Sharma
1304108,Mumbai,15-05-2022,2022,62,Chennai Super Kings,Gujarat Titans,"Wankhede Stadium, Mumbai",Chennai Super Kings,bat,N,Gujarat Titans,Wickets,7.0,,WP Saha,"['RD Gaikwad', 'DP Conway', 'MM Ali', 'N Jagadeesan', 'S Dube', 'MS Dhoni', 'MJ Santner', 'PH Solanki', 'Simarjeet Singh', 'M Pathirana', 'Mukesh Choudhary']","['WP Saha', 'Shubman Gill', 'MS Wade', 'HH Pandya', 'DA Miller', 'R Tewatia', 'Rashid Khan', 'R Sai Kishore', 'AS Joseph', 'Yash Dayal', 'Mohammed Shami']",R Pandit,VK Sharma
1304107,Pune,14-05-2022,2022,61,Kolkata Knight Riders,Sunrisers Hyderabad,"Maharashtra Cricket Association Stadium, Pune",Kolkata Knight Riders,bat,N,Kolkata Knight Riders,Runs,54.0,,AD Russell,"['VR Iyer', 'AM Rahane', 'N Rana', 'SS Iyer', 'SW Billings', 'RK Singh', 'AD Russell', 'SP Narine', 'UT Yadav', 'TG Southee', 'CV Varun']","['Abhishek Sharma', 'KS Williamson', 'RA Tripathi', 'AK Markram', 'N Pooran', 'Washington Sundar', 'Shashank Singh', 'M Jansen', 'B Kumar', 'Umran Malik', 'T Natarajan']",AK Chaudhary,KN Ananthapadmanabhan
1304106,Mumbai,13-05-2022,2022,60,Punjab Kings,Royal Challengers Bangalore,"Brabourne Stadium, Mumbai",Royal Challengers Bangalore,field,N,Punjab Kings,Runs,54.0,,JM Bairstow,"['JM Bairstow', 'S Dhawan', 'PBB Rajapaksa', 'LS Livingstone', 'MA Agarwal', 'JM Sharma', 'Harpreet Brar', 'R Dhawan', 'RD Chahar', 'K Rabada', 'Arshdeep Singh']","['V Kohli', 'F du Plessis', 'RM Patidar', 'MK Lomror', 'GJ Maxwell', 'KD Karthik', 'Shahbaz Ahmed', 'HV Patel', 'PWH de Silva', 'Mohammed Siraj', 'JR Hazlewood']",J Madanagopal,N Pandit
1304105,Mumbai,12-05-2022,2022,59,Chennai Super Kings,Mumbai Indians,"Wankhede Stadium, Mumbai",Mumbai Indians,field,N,Mumbai Indians,Wickets,5.0,,DR Sams,"['RD Gaikwad', 'DP Conway', 'MM Ali', 'RV Uthappa', 'AT Rayudu', 'MS Dhoni', 'S Dube', 'DJ Bravo', 'Simarjeet Singh', 'M Theekshana', 'Mukesh Choudhary']","['Ishan Kishan', 'RG Sharma', 'DR Sams', 'Tilak Varma', 'T Stubbs', 'HR Shokeen', 'TH David', 'Ramandeep Singh', 'JJ Bumrah', 'RP Meredith', 'K Kartikeya']",Chirra Ravikanthreddy,CB Gaffaney
1304104,Navi Mumbai,11-05-2022,2022,58,Rajasthan Royals,Delhi Capitals,"Dr DY Patil Sports Academy, Mumbai",Delhi Capitals,field,N,Delhi Capitals,Wickets,8.0,,MR Marsh,"['YBK Jaiswal', 'JC Buttler', 'R Ashwin', 'D Padikkal', 'SV Samson', 'R Parag', 'HE van der Dussen', 'TA Boult', 'M Prasidh Krishna', 'YS Chahal', 'KR Sen']","['KS Bharat', 'DA Warner', 'MR Marsh', 'RR Pant', 'R Powell', 'Lalit Yadav', 'AR Patel', 'SN Thakur', 'Kuldeep Yadav', 'A Nortje', 'C Sakariya']",NA Patwardhan,Nitin Menon
1304103,Pune,10-05-2022,2022,57,Gujarat Titans,Lucknow Super Giants,"Maharashtra Cricket Association Stadium, Pune",Gujarat Titans,bat,N,Gujarat Titans,Runs,62.0,,Shubman Gill,"['WP Saha', 'Shubman Gill', 'MS Wade', 'HH Pandya', 'DA Miller', 'R Tewatia', 'Rashid Khan', 'R Sai Kishore', 'AS Joseph', 'Yash Dayal', 'Mohammed Shami']","['Q de Kock', 'KL Rahul', 'DJ Hooda', 'KS Sharma', 'KH Pandya', 'A Badoni', 'MP Stoinis', 'JO Holder', 'Mohsin Khan', 'PVD Chameera', 'Avesh Khan']",KN Ananthapadmanabhan,MA Gough
1304102,Navi Mumbai,09-05-2022,2022,56,Kolkata Knight Riders,Mumbai Indians,"Dr DY Patil Sports Academy, Mumbai",Mumbai Indians,field,N,Kolkata Knight Riders,Runs,52.0,,JJ Bumrah,"['VR Iyer', 'AM Rahane', 'N Rana', 'SS Iyer', 'AD Russell', 'RK Singh', 'SP Jackson', 'PJ Cummins', 'SP Narine', 'TG Southee', 'CV Varun']","['RG Sharma', 'Ishan Kishan', 'Tilak Varma', 'Ramandeep Singh', 'TH David', 'KA Pollard', 'DR Sams', 'M Ashwin', 'K Kartikeya', 'JJ Bumrah', 'RP Meredith']",CB Gaffaney,GR Sadashiv Iyer
1304101,Navi Mumbai,08-05-2022,2022,55,Chennai Super Kings,Delhi Capitals,"Dr DY Patil Sports Academy, Mumbai",Delhi Capitals,field,N,Chennai Super Kings,Runs,91.0,,DP Conway,"['RD Gaikwad', 'DP Conway', 'S Dube', 'AT Rayudu', 'MS Dhoni', 'MM Ali', 'RV Uthappa', 'DJ Bravo', 'Simarjeet Singh', 'M Theekshana', 'Mukesh Choudhary']","['DA Warner', 'KS Bharat', 'MR Marsh', 'RR Pant', 'R Powell', 'RV Patel', 'AR Patel', 'SN Thakur', 'Kuldeep Yadav', 'A Nortje', 'KK Ahmed']",Nitin Menon,R Pandit
1304100,Mumbai,08-05-2022,2022,54,Royal Challengers Bangalore,Sunrisers Hyderabad,"Wankhede Stadium, Mumbai",Royal Challengers Bangalore,bat,N,Royal Challengers Bangalore,Runs,67.0,,PWH de Silva,"['V Kohli', 'F du Plessis', 'RM Patidar', 'GJ Maxwell', 'KD Karthik', 'MK Lomror', 'Shahbaz Ahmed', 'PWH de Silva', 'HV Patel', 'JR Hazlewood', 'Mohammed Siraj']","['Abhishek Sharma', 'KS Williamson', 'RA Tripathi', 'AK Markram', 'N Pooran', 'J Suchith', 'Shashank Singh', 'Kartik Tyagi', 'B Kumar', 'Umran Malik', 'Fazalhaq Farooqi']",BNJ Oxenford,N Pandit
1304099,Pune,07-05-2022,2022,53,Lucknow Super Giants,Kolkata Knight Riders,"Maharashtra Cricket Association Stadium, Pune",Kolkata Knight Riders,field,N,Lucknow Super Giants,Runs,75.0,,Avesh Khan,"['Q de Kock', 'KL Rahul', 'DJ Hooda', 'KH Pandya', 'A Badoni', 'MP Stoinis', 'JO Holder', 'PVD Chameera', 'Avesh Khan', 'Mohsin Khan', 'Ravi Bishnoi']","['B Indrajith', 'AJ Finch', 'SS Iyer', 'N Rana', 'RK Singh', 'AD Russell', 'SP Narine', 'AS Roy', 'Shivam Mavi', 'TG Southee', 'Harshit Rana']",AK Chaudhary,MA Gough
1304098,Mumbai,07-05-2022,2022,52,Punjab Kings,Rajasthan Royals,"Wankhede Stadium, Mumbai",Punjab Kings,bat,N,Rajasthan Royals,Wickets,6.0,,YBK Jaiswal,"['JM Bairstow', 'S Dhawan', 'PBB Rajapaksa', 'MA Agarwal', 'JM Sharma', 'LS Livingstone', 'R Dhawan', 'K Rabada', 'RD Chahar', 'Arshdeep Singh', 'Sandeep Sharma']","['YBK Jaiswal', 'JC Buttler', 'SV Samson', 'D Padikkal', 'SO Hetmyer', 'R Parag', 'R Ashwin', 'TA Boult', 'M Prasidh Krishna', 'YS Chahal', 'KR Sen']",Chirra Ravikanthreddy,YC Barde
1304097,Mumbai,06-05-2022,2022,51,Mumbai Indians,Gujarat Titans,"Brabourne Stadium, Mumbai",Gujarat Titans,field,N,Mumbai Indians,Runs,5.0,,TH David,"['Ishan Kishan', 'RG Sharma', 'SA Yadav', 'Tilak Varma', 'KA Pollard', 'TH David', 'DR Sams', 'M Ashwin', 'K Kartikeya', 'JJ Bumrah', 'RP Meredith']","['WP Saha', 'Shubman Gill', 'HH Pandya', 'B Sai Sudharsan', 'DA Miller', 'R Tewatia', 'Rashid Khan', 'PJ Sangwan', 'LH Ferguson', 'AS Joseph', 'Mohammed Shami']",J Madanagopal,GR Sadashiv Iyer
1304096,Mumbai,05-05-2022,2022,50,Delhi Capitals,Sunrisers Hyderabad,"Brabourne Stadium, Mumbai",Sunrisers Hyderabad,field,N,Delhi Capitals,Runs,21.0,,DA Warner,"['Mandeep Singh', 'DA Warner', 'MR Marsh', 'RR Pant', 'R Powell', 'Lalit Yadav', 'RV Patel', 'SN Thakur', 'Kuldeep Yadav', 'A Nortje', 'KK Ahmed']","['Abhishek Sharma', 'KS Williamson', 'RA Tripathi', 'AK Markram', 'N Pooran', 'Shashank Singh', 'SA Abbott', 'S Gopal', 'Kartik Tyagi', 'B Kumar', 'Umran Malik']",Navdeep Singh,NA Patwardhan
1304095,Pune,04-05-2022,2022,49,Royal Challengers Bangalore,Chennai Super Kings,"Maharashtra Cricket Association Stadium, Pune",Chennai Super Kings,field,N,Royal Challengers Bangalore,Runs,13.0,,HV Patel,"['V Kohli', 'F du Plessis', 'GJ Maxwell', 'MK Lomror', 'RM Patidar', 'KD Karthik', 'PWH de Silva', 'Shahbaz Ahmed', 'HV Patel', 'Mohammed Siraj', 'JR Hazlewood']","['RD Gaikwad', 'DP Conway', 'RV Uthappa', 'AT Rayudu', 'MM Ali', 'RA Jadeja', 'MS Dhoni', 'D Pretorius', 'Simarjeet Singh', 'M Theekshana', 'Mukesh Choudhary']",KN Ananthapadmanabhan,MA Gough
1304094,Navi Mumbai,03-05-2022,2022,48,Gujarat Titans,Punjab Kings,"Dr DY Patil Sports Academy, Mumbai",Gujarat Titans,bat,N,Punjab Kings,Wickets,8.0,,K Rabada,"['WP Saha', 'Shubman Gill', 'B Sai Sudharsan', 'HH Pandya', 'DA Miller', 'R Tewatia', 'Rashid Khan', 'PJ Sangwan', 'LH Ferguson', 'AS Joseph', 'Mohammed Shami']","['JM Bairstow', 'S Dhawan', 'PBB Rajapaksa', 'LS Livingstone', 'MA Agarwal', 'JM Sharma', 'R Dhawan', 'K Rabada', 'RD Chahar', 'Arshdeep Singh', 'Sandeep Sharma']",R Pandit,VK Sharma
1304093,Mumbai,02-05-2022,2022,47,Rajasthan Royals,Kolkata Knight Riders,"Wankhede Stadium, Mumbai",Kolkata Knight Riders,field,N,Kolkata Knight Riders,Wickets,7.0,,RK Singh,"['JC Buttler', 'D Padikkal', 'SV Samson', 'KK Nair', 'R Parag', 'SO Hetmyer', 'R Ashwin', 'TA Boult', 'M Prasidh Krishna', 'YS Chahal', 'KR Sen']","['B Indrajith', 'AJ Finch', 'SS Iyer', 'N Rana', 'RK Singh', 'AS Roy', 'AD Russell', 'SP Narine', 'UT Yadav', 'TG Southee', 'Shivam Mavi']",J Madanagopal,N Pandit
1304092,Pune,01-05-2022,2022,46,Chennai Super Kings,Sunrisers Hyderabad,"Maharashtra Cricket Association Stadium, Pune",Sunrisers Hyderabad,field,N,Chennai Super Kings,Runs,13.0,,RD Gaikwad,"['RD Gaikwad', 'DP Conway', 'MS Dhoni', 'RA Jadeja', 'RV Uthappa', 'AT Rayudu', 'Simarjeet Singh', 'MJ Santner', 'D Pretorius', 'Mukesh Choudhary', 'M Theekshana']","['Abhishek Sharma', 'KS Williamson', 'RA Tripathi', 'AK Markram', 'N Pooran', 'Shashank Singh', 'Washington Sundar', 'M Jansen', 'B Kumar', 'T Natarajan', 'Umran Malik']",AK Chaudhary,KN Ananthapadmanabhan
1304091,Mumbai,01-05-2022,2022,45,Lucknow Super Giants,Delhi Capitals,"Wankhede Stadium, Mumbai",Lucknow Super Giants,bat,N,Lucknow Super Giants,Runs,6.0,,Mohsin Khan,"['Q de Kock', 'KL Rahul', 'DJ Hooda', 'MP Stoinis', 'KH Pandya', 'A Badoni', 'JO Holder', 'Mohsin Khan', 'K Gowtham', 'PVD Chameera', 'Ravi Bishnoi']","['PP Shaw', 'DA Warner', 'MR Marsh', 'RR Pant', 'Lalit Yadav', 'R Powell', 'AR Patel', 'SN Thakur', 'Kuldeep Yadav', 'Mustafizur Rahman', 'C Sakariya']",Chirra Ravikanthreddy,CB Gaffaney
1304090,Navi Mumbai,30-04-2022,2022,44,Rajasthan Royals,Mumbai Indians,"Dr DY Patil Sports Academy, Mumbai",Mumbai Indians,field,N,Mumbai Indians,Wickets,5.0,,SA Yadav,"['JC Buttler', 'D Padikkal', 'SV Samson', 'DJ Mitchell', 'SO Hetmyer', 'R Parag', 'R Ashwin', 'TA Boult', 'M Prasidh Krishna', 'YS Chahal', 'KR Sen']","['RG Sharma', 'Ishan Kishan', 'SA Yadav', 'Tilak Varma', 'KA Pollard', 'TH David', 'DR Sams', 'HR Shokeen', 'K Kartikeya', 'JJ Bumrah', 'RP Meredith']",BNJ Oxenford,YC Barde
1304089,Mumbai,30-04-2022,2022,43,Royal Challengers Bangalore,Gujarat Titans,"Brabourne Stadium, Mumbai",Royal Challengers Bangalore,bat,N,Gujarat Titans,Wickets,6.0,,R Tewatia,"['V Kohli', 'F du Plessis', 'RM Patidar', 'GJ Maxwell', 'KD Karthik', 'Shahbaz Ahmed', 'MK Lomror', 'PWH de Silva', 'HV Patel', 'JR Hazlewood', 'Mohammed Siraj']","['WP Saha', 'Shubman Gill', 'B Sai Sudharsan', 'HH Pandya', 'DA Miller', 'R Tewatia', 'Rashid Khan', 'PJ Sangwan', 'AS Joseph', 'LH Ferguson', 'Mohammed Shami']",HAS Khalid,VK Sharma
1304088,Pune,29-04-2022,2022,42,Lucknow Super Giants,Punjab Kings,"Maharashtra Cricket Association Stadium, Pune",Punjab Kings,field,N,Lucknow Super Giants,Runs,20.0,,KH Pandya,"['Q de Kock', 'KL Rahul', 'DJ Hooda', 'KH Pandya', 'MP Stoinis', 'A Badoni', 'JO Holder', 'PVD Chameera', 'Mohsin Khan', 'Avesh Khan', 'Ravi Bishnoi']","['MA Agarwal', 'S Dhawan', 'JM Bairstow', 'PBB Rajapaksa', 'LS Livingstone', 'JM Sharma', 'R Dhawan', 'K Rabada', 'RD Chahar', 'Arshdeep Singh', 'Sandeep Sharma']",MA Gough,UV Gandhe
1304087,Mumbai,28-04-2022,2022,41,Kolkata Knight Riders,Delhi Capitals,"Wankhede Stadium, Mumbai",Delhi Capitals,field,N,Delhi Capitals,Wickets,4.0,,Kuldeep Yadav,"['AJ Finch', 'VR Iyer', 'SS Iyer', 'B Indrajith', 'SP Narine', 'N Rana', 'AD Russell', 'RK Singh', 'UT Yadav', 'TG Southee', 'Harshit Rana']","['PP Shaw', 'DA Warner', 'MR Marsh', 'Lalit Yadav', 'RR Pant', 'R Powell', 'AR Patel', 'SN Thakur', 'Kuldeep Yadav', 'Mustafizur Rahman', 'C Sakariya']",AK Chaudhary,PG Pathak
1304086,Mumbai,27-04-2022,2022,40,Sunrisers Hyderabad,Gujarat Titans,"Wankhede Stadium, Mumbai",Gujarat Titans,field,N,Gujarat Titans,Wickets,5.0,,Umran Malik,"['Abhishek Sharma', 'KS Williamson', 'RA Tripathi', 'AK Markram', 'N Pooran', 'Washington Sundar', 'Shashank Singh', 'M Jansen', 'B Kumar', 'T Natarajan', 'Umran Malik']","['WP Saha', 'Shubman Gill', 'HH Pandya', 'DA Miller', 'R Tewatia', 'A Manohar', 'Rashid Khan', 'LH Ferguson', 'AS Joseph', 'Yash Dayal', 'Mohammed Shami']",CB Gaffaney,Navdeep Singh
1304085,Pune,26-04-2022,2022,39,Rajasthan Royals,Royal Challengers Bangalore,"Maharashtra Cricket Association Stadium, Pune",Royal Challengers Bangalore,field,N,Rajasthan Royals,Runs,29.0,,R Parag,"['JC Buttler', 'D Padikkal', 'R Ashwin', 'SV Samson', 'DJ Mitchell', 'R Parag', 'SO Hetmyer', 'TA Boult', 'M Prasidh Krishna', 'YS Chahal', 'KR Sen']","['V Kohli', 'F du Plessis', 'RM Patidar', 'GJ Maxwell', 'Shahbaz Ahmed', 'SS Prabhudessai', 'KD Karthik', 'PWH de Silva', 'HV Patel', 'Mohammed Siraj', 'JR Hazlewood']",BNJ Oxenford,KN Ananthapadmanabhan
1304084,Mumbai,25-04-2022,2022,38,Punjab Kings,Chennai Super Kings,"Wankhede Stadium, Mumbai",Chennai Super Kings,field,N,Punjab Kings,Runs,11.0,,S Dhawan,"['MA Agarwal', 'S Dhawan', 'PBB Rajapaksa', 'LS Livingstone', 'JM Bairstow', 'JM Sharma', 'R Dhawan', 'K Rabada', 'RD Chahar', 'Arshdeep Singh', 'Sandeep Sharma']","['RD Gaikwad', 'RV Uthappa', 'MJ Santner', 'S Dube', 'AT Rayudu', 'RA Jadeja', 'MS Dhoni', 'D Pretorius', 'DJ Bravo', 'Mukesh Choudhary', 'M Theekshana']",M Erasmus,Tapan Sharma
1304083,Mumbai,24-04-2022,2022,37,Lucknow Super Giants,Mumbai Indians,"Wankhede Stadium, Mumbai",Mumbai Indians,field,N,Lucknow Super Giants,Runs,36.0,,KL Rahul,"['Q de Kock', 'KL Rahul', 'MK Pandey', 'MP Stoinis', 'KH Pandya', 'DJ Hooda', 'A Badoni', 'JO Holder', 'PVD Chameera', 'Ravi Bishnoi', 'Mohsin Khan']","['Ishan Kishan', 'RG Sharma', 'D Brevis', 'SA Yadav', 'Tilak Varma', 'KA Pollard', 'DR Sams', 'JD Unadkat', 'HR Shokeen', 'JJ Bumrah', 'RP Meredith']",M Erasmus,HAS Khalid
1304082,Mumbai,23-04-2022,2022,36,Royal Challengers Bangalore,Sunrisers Hyderabad,"Brabourne Stadium, Mumbai",Sunrisers Hyderabad,field,N,Sunrisers Hyderabad,Wickets,9.0,,M Jansen,"['F du Plessis', 'Anuj Rawat', 'V Kohli', 'GJ Maxwell', 'SS Prabhudessai', 'Shahbaz Ahmed', 'KD Karthik', 'HV Patel', 'PWH de Silva', 'JR Hazlewood', 'Mohammed Siraj']","['Abhishek Sharma', 'KS Williamson', 'RA Tripathi', 'AK Markram', 'N Pooran', 'Shashank Singh', 'J Suchith', 'B Kumar', 'M Jansen', 'T Natarajan', 'Umran Malik']",Chirra Ravikanthreddy,J Madanagopal
1304081,Navi Mumbai,23-04-2022,2022,35,Gujarat Titans,Kolkata Knight Riders,"Dr DY Patil Sports Academy, Mumbai",Gujarat Titans,bat,N,Gujarat Titans,Runs,8.0,,Rashid Khan,"['WP Saha', 'Shubman Gill', 'HH Pandya', 'DA Miller', 'R Tewatia', 'Rashid Khan', 'A Manohar', 'LH Ferguson', 'AS Joseph', 'Yash Dayal', 'Mohammed Shami']","['SW Billings', 'SP Narine', 'SS Iyer', 'N Rana', 'RK Singh', 'VR Iyer', 'AD Russell', 'Shivam Mavi', 'UT Yadav', 'TG Southee', 'CV Varun']",KN Ananthapadmanabhan,UV Gandhe
1304080,Mumbai,22-04-2022,2022,34,Rajasthan Royals,Delhi Capitals,"Wankhede Stadium, Mumbai",Delhi Capitals,field,N,Rajasthan Royals,Runs,15.0,,JC Buttler,"['JC Buttler', 'D Padikkal', 'SV Samson', 'SO Hetmyer', 'R Parag', 'KK Nair', 'R Ashwin', 'TA Boult', 'OC McCoy', 'M Prasidh Krishna', 'YS Chahal']","['PP Shaw', 'DA Warner', 'SN Khan', 'RR Pant', 'Lalit Yadav', 'AR Patel', 'SN Thakur', 'R Powell', 'Kuldeep Yadav', 'Mustafizur Rahman', 'KK Ahmed']",NA Patwardhan,Nitin Menon
1304079,Navi Mumbai,21-04-2022,2022,33,Mumbai Indians,Chennai Super Kings,"Dr DY Patil Sports Academy, Mumbai",Chennai Super Kings,field,N,Chennai Super Kings,Wickets,3.0,,Mukesh Choudhary,"['RG Sharma', 'Ishan Kishan', 'D Brevis', 'SA Yadav', 'Tilak Varma', 'HR Shokeen', 'KA Pollard', 'DR Sams', 'JD Unadkat', 'RP Meredith', 'JJ Bumrah']","['RD Gaikwad', 'RV Uthappa', 'MJ Santner', 'AT Rayudu', 'S Dube', 'RA Jadeja', 'MS Dhoni', 'D Pretorius', 'DJ Bravo', 'Mukesh Choudhary', 'M Theekshana']",BNJ Oxenford,UV Gandhe
1304078,Mumbai,20-04-2022,2022,32,Punjab Kings,Delhi Capitals,"Brabourne Stadium, Mumbai",Delhi Capitals,field,N,Delhi Capitals,Wickets,9.0,,Kuldeep Yadav,"['MA Agarwal', 'S Dhawan', 'JM Bairstow', 'LS Livingstone', 'JM Sharma', 'M Shahrukh Khan', 'K Rabada', 'NT Ellis', 'RD Chahar', 'Arshdeep Singh', 'VG Arora']","['PP Shaw', 'DA Warner', 'SN Khan', 'RR Pant', 'R Powell', 'Lalit Yadav', 'SN Thakur', 'AR Patel', 'Kuldeep Yadav', 'Mustafizur Rahman', 'KK Ahmed']",RJ Tucker,Tapan Sharma
1304077,Mumbai,19-04-2022,2022,31,Royal Challengers Bangalore,Lucknow Super Giants,"Dr DY Patil Sports Academy, Mumbai",Lucknow Super Giants,field,N,Royal Challengers Bangalore,Runs,18.0,,F du Plessis,"['Anuj Rawat', 'F du Plessis', 'V Kohli', 'GJ Maxwell', 'SS Prabhudessai', 'Shahbaz Ahmed', 'KD Karthik', 'HV Patel', 'PWH de Silva', 'JR Hazlewood', 'Mohammed Siraj']","['Q de Kock', 'KL Rahul', 'MK Pandey', 'KH Pandya', 'DJ Hooda', 'A Badoni', 'MP Stoinis', 'JO Holder', 'PVD Chameera', 'Ravi Bishnoi', 'Avesh Khan']",CB Gaffaney,N Pandit
1304076,Mumbai,18-04-2022,2022,30,Rajasthan Royals,Kolkata Knight Riders,"Brabourne Stadium, Mumbai",Kolkata Knight Riders,field,N,Rajasthan Royals,Runs,7.0,,YS Chahal,"['JC Buttler', 'D Padikkal', 'SV Samson', 'SO Hetmyer', 'R Parag', 'KK Nair', 'R Ashwin', 'TA Boult', 'OC McCoy', 'M Prasidh Krishna', 'YS Chahal']","['AJ Finch', 'SP Narine', 'SS Iyer', 'N Rana', 'AD Russell', 'VR Iyer', 'SP Jackson', 'Shivam Mavi', 'PJ Cummins', 'UT Yadav', 'CV Varun']",GR Sadashiv Iyer,VK Sharma
1304075,Pune,17-04-2022,2022,29,Chennai Super Kings,Gujarat Titans,"Maharashtra Cricket Association Stadium, Pune",Gujarat Titans,field,N,Gujarat Titans,Wickets,3.0,,DA Miller,"['RD Gaikwad', 'RV Uthappa', 'MM Ali', 'AT Rayudu', 'S Dube', 'RA Jadeja', 'MS Dhoni', 'DJ Bravo', 'CJ Jordan', 'M Theekshana', 'Mukesh Choudhary']","['WP Saha', 'Shubman Gill', 'V Shankar', 'A Manohar', 'DA Miller', 'R Tewatia', 'Rashid Khan', 'AS Joseph', 'LH Ferguson', 'Mohammed Shami', 'Yash Dayal']",KN Ananthapadmanabhan,UV Gandhe
1304074,Mumbai,17-04-2022,2022,28,Punjab Kings,Sunrisers Hyderabad,"Dr DY Patil Sports Academy, Mumbai",Sunrisers Hyderabad,field,N,Sunrisers Hyderabad,Wickets,7.0,,Umran Malik,"['S Dhawan', 'P Simran Singh', 'JM Bairstow', 'LS Livingstone', 'JM Sharma', 'M Shahrukh Khan', 'OF Smith', 'K Rabada', 'RD Chahar', 'VG Arora', 'Arshdeep Singh']","['Abhishek Sharma', 'KS Williamson', 'RA Tripathi', 'AK Markram', 'N Pooran', 'Shashank Singh', 'J Suchith', 'B Kumar', 'M Jansen', 'T Natarajan', 'Umran Malik']",PG Pathak,R Pandit
1304073,Mumbai,16-04-2022,2022,27,Royal Challengers Bangalore,Delhi Capitals,"Wankhede Stadium, Mumbai",Delhi Capitals,field,N,Royal Challengers Bangalore,Runs,16.0,,KD Karthik,"['F du Plessis', 'Anuj Rawat', 'V Kohli', 'GJ Maxwell', 'SS Prabhudessai', 'Shahbaz Ahmed', 'KD Karthik', 'PWH de Silva', 'Mohammed Siraj', 'HV Patel', 'JR Hazlewood']","['PP Shaw', 'DA Warner', 'MR Marsh', 'RR Pant', 'R Powell', 'Lalit Yadav', 'SN Thakur', 'AR Patel', 'Kuldeep Yadav', 'Mustafizur Rahman', 'KK Ahmed']",Chirra Ravikanthreddy,J Madanagopal
1304072,Mumbai,16-04-2022,2022,26,Lucknow Super Giants,Mumbai Indians,"Brabourne Stadium, Mumbai",Mumbai Indians,field,N,Lucknow Super Giants,Runs,18.0,,KL Rahul,"['KL Rahul', 'Q de Kock', 'MK Pandey', 'MP Stoinis', 'DJ Hooda', 'KH Pandya', 'A Badoni', 'JO Holder', 'PVD Chameera', 'Avesh Khan', 'Ravi Bishnoi']","['Ishan Kishan', 'RG Sharma', 'D Brevis', 'SA Yadav', 'Tilak Varma', 'KA Pollard', 'FA Allen', 'JD Unadkat', 'M Ashwin', 'JJ Bumrah', 'TS Mills']",AK Chaudhary,NA Patwardhan
1304071,Mumbai,15-04-2022,2022,25,Kolkata Knight Riders,Sunrisers Hyderabad,"Brabourne Stadium, Mumbai",Sunrisers Hyderabad,field,N,Sunrisers Hyderabad,Wickets,7.0,,RA Tripathi,"['VR Iyer', 'AJ Finch', 'SS Iyer', 'SP Narine', 'N Rana', 'SP Jackson', 'AD Russell', 'PJ Cummins', 'Aman Hakim Khan', 'UT Yadav', 'CV Varun']","['Abhishek Sharma', 'KS Williamson', 'RA Tripathi', 'AK Markram', 'N Pooran', 'Shashank Singh', 'J Suchith', 'M Jansen', 'B Kumar', 'T Natarajan', 'Umran Malik']",GR Sadashiv Iyer,VK Sharma
1304070,Mumbai,14-04-2022,2022,24,Gujarat Titans,Rajasthan Royals,"Dr DY Patil Sports Academy, Mumbai",Rajasthan Royals,field,N,Gujarat Titans,Runs,37.0,,HH Pandya,"['MS Wade', 'Shubman Gill', 'V Shankar', 'HH Pandya', 'A Manohar', 'DA Miller', 'R Tewatia', 'Rashid Khan', 'Mohammed Shami', 'LH Ferguson', 'Yash Dayal']","['JC Buttler', 'D Padikkal', 'R Ashwin', 'SV Samson', 'HE van der Dussen', 'SO Hetmyer', 'R Parag', 'JDS Neesham', 'M Prasidh Krishna', 'YS Chahal', 'KR Sen']",CB Gaffaney,R Pandit
1304069,Pune,13-04-2022,2022,23,Punjab Kings,Mumbai Indians,"Maharashtra Cricket Association Stadium, Pune",Mumbai Indians,field,N,Punjab Kings,Runs,12.0,,MA Agarwal,"['MA Agarwal', 'S Dhawan', 'JM Bairstow', 'LS Livingstone', 'JM Sharma', 'M Shahrukh Khan', 'OF Smith', 'K Rabada', 'RD Chahar', 'VG Arora', 'Arshdeep Singh']","['RG Sharma', 'Ishan Kishan', 'D Brevis', 'Tilak Varma', 'SA Yadav', 'KA Pollard', 'JD Unadkat', 'M Ashwin', 'JJ Bumrah', 'TS Mills', 'Basil Thampi']",BNJ Oxenford,UV Gandhe
1304068,Mumbai,12-04-2022,2022,22,Chennai Super Kings,Royal Challengers Bangalore,"Dr DY Patil Sports Academy, Mumbai",Royal Challengers Bangalore,field,N,Chennai Super Kings,Runs,23.0,,S Dube,"['RD Gaikwad', 'RV Uthappa', 'MM Ali', 'S Dube', 'RA Jadeja', 'MS Dhoni', 'AT Rayudu', 'DJ Bravo', 'CJ Jordan', 'M Theekshana', 'Mukesh Choudhary']","['F du Plessis', 'Anuj Rawat', 'V Kohli', 'GJ Maxwell', 'Shahbaz Ahmed', 'SS Prabhudessai', 'KD Karthik', 'PWH de Silva', 'Akash Deep', 'Mohammed Siraj', 'JR Hazlewood']",Nitin Menon,N Pandit
1304067,Mumbai,11-04-2022,2022,21,Gujarat Titans,Sunrisers Hyderabad,"Dr DY Patil Sports Academy, Mumbai",Sunrisers Hyderabad,field,N,Sunrisers Hyderabad,Wickets,8.0,,KS Williamson,"['MS Wade', 'Shubman Gill', 'B Sai Sudharsan', 'HH Pandya', 'DA Miller', 'A Manohar', 'R Tewatia', 'Rashid Khan', 'DG Nalkande', 'Mohammed Shami', 'LH Ferguson']","['Abhishek Sharma', 'KS Williamson', 'RA Tripathi', 'N Pooran', 'AK Markram', 'Shashank Singh', 'Washington Sundar', 'M Jansen', 'B Kumar', 'T Natarajan', 'Umran Malik']",Chirra Ravikanthreddy,RJ Tucker
1304066,Mumbai,10-04-2022,2022,20,Rajasthan Royals,Lucknow Super Giants,"Wankhede Stadium, Mumbai",Lucknow Super Giants,field,N,Rajasthan Royals,Runs,3.0,,YS Chahal,"['JC Buttler', 'D Padikkal', 'SV Samson', 'HE van der Dussen', 'SO Hetmyer', 'R Ashwin', 'R Parag', 'TA Boult', 'YS Chahal', 'KR Sen', 'M Prasidh Krishna']","['KL Rahul', 'Q de Kock', 'K Gowtham', 'JO Holder', 'DJ Hooda', 'A Badoni', 'KH Pandya', 'MP Stoinis', 'PVD Chameera', 'Avesh Khan', 'Ravi Bishnoi']",AK Chaudhary,Tapan Sharma
1304065,Mumbai,10-04-2022,2022,19,Delhi Capitals,Kolkata Knight Riders,"Brabourne Stadium, Mumbai",Kolkata Knight Riders,field,N,Delhi Capitals,Runs,44.0,,Kuldeep Yadav,"['PP Shaw', 'DA Warner', 'RR Pant', 'Lalit Yadav', 'R Powell', 'AR Patel', 'SN Thakur', 'SN Khan', 'Kuldeep Yadav', 'Mustafizur Rahman', 'KK Ahmed']","['AM Rahane', 'VR Iyer', 'SS Iyer', 'N Rana', 'AD Russell', 'SW Billings', 'PJ Cummins', 'SP Narine', 'UT Yadav', 'Rasikh Salam', 'CV Varun']",CB Gaffaney,J Madanagopal
1304064,Pune,09-04-2022,2022,18,Mumbai Indians,Royal Challengers Bangalore,"Maharashtra Cricket Association Stadium, Pune",Royal Challengers Bangalore,field,N,Royal Challengers Bangalore,Wickets,7.0,,Anuj Rawat,"['Ishan Kishan', 'RG Sharma', 'D Brevis', 'SA Yadav', 'Tilak Varma', 'KA Pollard', 'Ramandeep Singh', 'JD Unadkat', 'M Ashwin', 'JJ Bumrah', 'Basil Thampi']","['F du Plessis', 'Anuj Rawat', 'V Kohli', 'KD Karthik', 'GJ Maxwell', 'DJ Willey', 'Shahbaz Ahmed', 'PWH de Silva', 'HV Patel', 'Mohammed Siraj', 'Akash Deep']",BNJ Oxenford,KN Ananthapadmanabhan
1304063,Mumbai,09-04-2022,2022,17,Chennai Super Kings,Sunrisers Hyderabad,"Dr DY Patil Sports Academy, Mumbai",Sunrisers Hyderabad,field,N,Sunrisers Hyderabad,Wickets,8.0,,Abhishek Sharma,"['RV Uthappa', 'RD Gaikwad', 'MM Ali', 'AT Rayudu', 'S Dube', 'RA Jadeja', 'MS Dhoni', 'DJ Bravo', 'CJ Jordan', 'M Theekshana', 'Mukesh Choudhary']","['Abhishek Sharma', 'KS Williamson', 'RA Tripathi', 'N Pooran', 'AK Markram', 'Shashank Singh', 'Washington Sundar', 'B Kumar', 'M Jansen', 'Umran Malik', 'T Natarajan']",Navdeep Singh,Nitin Menon
1304062,Mumbai,08-04-2022,2022,16,Punjab Kings,Gujarat Titans,"Brabourne Stadium, Mumbai",Gujarat Titans,field,N,Gujarat Titans,Wickets,6.0,,Shubman Gill,"['MA Agarwal', 'S Dhawan', 'JM Bairstow', 'LS Livingstone', 'JM Sharma', 'OF Smith', 'M Shahrukh Khan', 'K Rabada', 'RD Chahar', 'VG Arora', 'Arshdeep Singh']","['MS Wade', 'Shubman Gill', 'B Sai Sudharsan', 'HH Pandya', 'DA Miller', 'R Tewatia', 'A Manohar', 'Rashid Khan', 'DG Nalkande', 'Mohammed Shami', 'LH Ferguson']",AK Chaudhary,VK Sharma
1304061,Mumbai,07-04-2022,2022,15,Delhi Capitals,Lucknow Super Giants,"Dr DY Patil Sports Academy, Mumbai",Lucknow Super Giants,field,N,Lucknow Super Giants,Wickets,6.0,,Q de Kock,"['PP Shaw', 'DA Warner', 'R Powell', 'RR Pant', 'SN Khan', 'Lalit Yadav', 'AR Patel', 'SN Thakur', 'Kuldeep Yadav', 'Mustafizur Rahman', 'A Nortje']","['KL Rahul', 'Q de Kock', 'E Lewis', 'DJ Hooda', 'KH Pandya', 'A Badoni', 'K Gowtham', 'JO Holder', 'Avesh Khan', 'AJ Tye', 'Ravi Bishnoi']",RJ Tucker,Tapan Sharma
1304060,Pune,06-04-2022,2022,14,Mumbai Indians,Kolkata Knight Riders,"Maharashtra Cricket Association Stadium, Pune",Kolkata Knight Riders,field,N,Kolkata Knight Riders,Wickets,5.0,,PJ Cummins,"['RG Sharma', 'Ishan Kishan', 'D Brevis', 'SA Yadav', 'Tilak Varma', 'KA Pollard', 'DR Sams', 'M Ashwin', 'TS Mills', 'JJ Bumrah', 'Basil Thampi']","['AM Rahane', 'VR Iyer', 'SS Iyer', 'SW Billings', 'N Rana', 'AD Russell', 'PJ Cummins', 'SP Narine', 'Rasikh Salam', 'UT Yadav', 'CV Varun']",BNJ Oxenford,KN Ananthapadmanabhan
1304059,Mumbai,05-04-2022,2022,13,Rajasthan Royals,Royal Challengers Bangalore,"Wankhede Stadium, Mumbai",Royal Challengers Bangalore,field,N,Royal Challengers Bangalore,Wickets,4.0,,KD Karthik,"['JC Buttler', 'YBK Jaiswal', 'D Padikkal', 'SV Samson', 'SO Hetmyer', 'R Parag', 'R Ashwin', 'Navdeep Saini', 'TA Boult', 'YS Chahal', 'M Prasidh Krishna']","['F du Plessis', 'Anuj Rawat', 'V Kohli', 'DJ Willey', 'SE Rutherford', 'Shahbaz Ahmed', 'KD Karthik', 'HV Patel', 'PWH de Silva', 'Mohammed Siraj', 'Akash Deep']",AK Chaudhary,HAS Khalid
1304058,Mumbai,04-04-2022,2022,12,Lucknow Super Giants,Sunrisers Hyderabad,"Dr DY Patil Sports Academy, Mumbai",Sunrisers Hyderabad,field,N,Lucknow Super Giants,Runs,12.0,,Avesh Khan,"['KL Rahul', 'Q de Kock', 'E Lewis', 'MK Pandey', 'DJ Hooda', 'A Badoni', 'KH Pandya', 'JO Holder', 'AJ Tye', 'Ravi Bishnoi', 'Avesh Khan']","['Abhishek Sharma', 'KS Williamson', 'RA Tripathi', 'AK Markram', 'N Pooran', 'Washington Sundar', 'Abdul Samad', 'R Shepherd', 'B Kumar', 'Umran Malik', 'T Natarajan']",J Madanagopal,Navdeep Singh
1304057,Mumbai,03-04-2022,2022,11,Punjab Kings,Chennai Super Kings,"Brabourne Stadium, Mumbai",Chennai Super Kings,field,N,Punjab Kings,Runs,54.0,,LS Livingstone,"['MA Agarwal', 'S Dhawan', 'PBB Rajapaksa', 'LS Livingstone', 'JM Sharma', 'M Shahrukh Khan', 'OF Smith', 'K Rabada', 'RD Chahar', 'VG Arora', 'Arshdeep Singh']","['RV Uthappa', 'RD Gaikwad', 'MM Ali', 'AT Rayudu', 'RA Jadeja', 'S Dube', 'MS Dhoni', 'DJ Bravo', 'D Pretorius', 'CJ Jordan', 'Mukesh Choudhary']",RJ Tucker,YC Barde
1304056,Pune,02-04-2022,2022,10,Gujarat Titans,Delhi Capitals,"Maharashtra Cricket Association Stadium, Pune",Delhi Capitals,field,N,Gujarat Titans,Runs,14.0,,LH Ferguson,"['MS Wade', 'Shubman Gill', 'V Shankar', 'HH Pandya', 'DA Miller', 'R Tewatia', 'A Manohar', 'Rashid Khan', 'VR Aaron', 'LH Ferguson', 'Mohammed Shami']","['PP Shaw', 'TL Seifert', 'Mandeep Singh', 'RR Pant', 'Lalit Yadav', 'R Powell', 'AR Patel', 'SN Thakur', 'Kuldeep Yadav', 'KK Ahmed', 'Mustafizur Rahman']",KN Ananthapadmanabhan,UV Gandhe
1304055,Mumbai,02-04-2022,2022,9,Rajasthan Royals,Mumbai Indians,"Dr DY Patil Sports Academy, Mumbai",Mumbai Indians,field,N,Rajasthan Royals,Runs,23.0,,JC Buttler,"['JC Buttler', 'YBK Jaiswal', 'D Padikkal', 'SV Samson', 'SO Hetmyer', 'R Parag', 'R Ashwin', 'Navdeep Saini', 'TA Boult', 'YS Chahal', 'M Prasidh Krishna']","['Ishan Kishan', 'RG Sharma', 'Anmolpreet Singh', 'Tilak Varma', 'KA Pollard', 'TH David', 'DR Sams', 'M Ashwin', 'JJ Bumrah', 'TS Mills', 'Basil Thampi']",Nitin Menon,PG Pathak
1304054,Mumbai,01-04-2022,2022,8,Punjab Kings,Kolkata Knight Riders,"Wankhede Stadium, Mumbai",Kolkata Knight Riders,field,N,Kolkata Knight Riders,Wickets,6.0,,UT Yadav,"['MA Agarwal', 'S Dhawan', 'PBB Rajapaksa', 'LS Livingstone', 'RA Bawa', 'M Shahrukh Khan', 'Harpreet Brar', 'OF Smith', 'RD Chahar', 'K Rabada', 'Arshdeep Singh']","['AM Rahane', 'VR Iyer', 'SS Iyer', 'SW Billings', 'N Rana', 'AD Russell', 'SP Narine', 'TG Southee', 'UT Yadav', 'CV Varun', 'Shivam Mavi']",AK Chaudhary,HAS Khalid
1304053,Mumbai,31-03-2022,2022,7,Chennai Super Kings,Lucknow Super Giants,"Brabourne Stadium, Mumbai",Lucknow Super Giants,field,N,Lucknow Super Giants,Wickets,6.0,,E Lewis,"['RV Uthappa', 'RD Gaikwad', 'MM Ali', 'S Dube', 'AT Rayudu', 'RA Jadeja', 'MS Dhoni', 'D Pretorius', 'DJ Bravo', 'TU Deshpande', 'Mukesh Choudhary']","['KL Rahul', 'Q de Kock', 'MK Pandey', 'E Lewis', 'DJ Hooda', 'A Badoni', 'KH Pandya', 'PVD Chameera', 'AJ Tye', 'Ravi Bishnoi', 'Avesh Khan']",RJ Tucker,VK Sharma
1304052,Mumbai,30-03-2022,2022,6,Kolkata Knight Riders,Royal Challengers Bangalore,"Dr DY Patil Sports Academy, Mumbai",Royal Challengers Bangalore,field,N,Royal Challengers Bangalore,Wickets,3.0,,PWH de Silva,"['AM Rahane', 'VR Iyer', 'SS Iyer', 'N Rana', 'SP Narine', 'SW Billings', 'SP Jackson', 'AD Russell', 'TG Southee', 'UT Yadav', 'CV Varun']","['F du Plessis', 'Anuj Rawat', 'V Kohli', 'DJ Willey', 'SE Rutherford', 'Shahbaz Ahmed', 'KD Karthik', 'PWH de Silva', 'HV Patel', 'Mohammed Siraj', 'Akash Deep']",J Madanagopal,Navdeep Singh
1304051,Pune,29-03-2022,2022,5,Rajasthan Royals,Sunrisers Hyderabad,"Maharashtra Cricket Association Stadium, Pune",Sunrisers Hyderabad,field,N,Rajasthan Royals,Runs,61.0,,SV Samson,"['JC Buttler', 'YBK Jaiswal', 'SV Samson', 'D Padikkal', 'SO Hetmyer', 'R Parag', 'NM Coulter-Nile', 'R Ashwin', 'YS Chahal', 'TA Boult', 'M Prasidh Krishna']","['KS Williamson', 'Abhishek Sharma', 'RA Tripathi', 'N Pooran', 'AK Markram', 'Abdul Samad', 'R Shepherd', 'Washington Sundar', 'B Kumar', 'Umran Malik', 'T Natarajan']",BNJ Oxenford,UV Gandhe
1304050,Mumbai,28-03-2022,2022,4,Lucknow Super Giants,Gujarat Titans,"Wankhede Stadium, Mumbai",Gujarat Titans,field,N,Gujarat Titans,Wickets,5.0,,Mohammed Shami,"['KL Rahul', 'Q de Kock', 'E Lewis', 'MK Pandey', 'DJ Hooda', 'A Badoni', 'KH Pandya', 'PVD Chameera', 'Mohsin Khan', 'Ravi Bishnoi', 'Avesh Khan']","['Shubman Gill', 'MS Wade', 'V Shankar', 'HH Pandya', 'DA Miller', 'R Tewatia', 'A Manohar', 'Rashid Khan', 'LH Ferguson', 'Mohammed Shami', 'VR Aaron']",PG Pathak,VK Sharma
1304049,Mumbai,27-03-2022,2022,3,Royal Challengers Bangalore,Punjab Kings,"Dr DY Patil Sports Academy, Mumbai",Punjab Kings,field,N,Punjab Kings,Wickets,5.0,,OF Smith,"['F du Plessis', 'Anuj Rawat', 'V Kohli', 'KD Karthik', 'SE Rutherford', 'DJ Willey', 'Shahbaz Ahmed', 'PWH de Silva', 'HV Patel', 'Mohammed Siraj', 'Akash Deep']","['MA Agarwal', 'S Dhawan', 'PBB Rajapaksa', 'LS Livingstone', 'RA Bawa', 'M Shahrukh Khan', 'OF Smith', 'Harpreet Brar', 'Arshdeep Singh', 'Sandeep Sharma', 'RD Chahar']",Nitin Menon,YC Barde
1304048,Mumbai,27-03-2022,2022,2,Mumbai Indians,Delhi Capitals,"Brabourne Stadium, Mumbai",Delhi Capitals,field,N,Delhi Capitals,Wickets,4.0,,Kuldeep Yadav,"['RG Sharma', 'Ishan Kishan', 'Anmolpreet Singh', 'Tilak Varma', 'KA Pollard', 'TH David', 'DR Sams', 'M Ashwin', 'TS Mills', 'JJ Bumrah', 'Basil Thampi']","['PP Shaw', 'TL Seifert', 'Mandeep Singh', 'RR Pant', 'Lalit Yadav', 'R Powell', 'SN Thakur', 'AR Patel', 'Kuldeep Yadav', 'KK Ahmed', 'KL Nagarkoti']",RJ Tucker,HAS Khalid
1304047,Mumbai,26-03-2022,2022,1,Chennai Super Kings,Kolkata Knight Riders,"Wankhede Stadium, Mumbai",Kolkata Knight Riders,field,N,Kolkata Knight Riders,Wickets,6.0,,UT Yadav,"['RD Gaikwad', 'DP Conway', 'RV Uthappa', 'AT Rayudu', 'RA Jadeja', 'S Dube', 'MS Dhoni', 'DJ Bravo', 'MJ Santner', 'AF Milne', 'TU Deshpande']","['AM Rahane', 'VR Iyer', 'N Rana', 'SS Iyer', 'SW Billings', 'SP Jackson', 'AD Russell', 'SP Narine', 'UT Yadav', 'Shivam Mavi', 'CV Varun']",AK Chaudhary,Nitin Menon
1254117,Dubai,15-10-2021,2021,Final,Chennai Super Kings,Kolkata Knight Riders,Dubai International Cricket Stadium,Kolkata Knight Riders,field,N,Chennai Super Kings,Runs,27.0,,F du Plessis,"['RD Gaikwad', 'F du Plessis', 'RV Uthappa', 'MM Ali', 'AT Rayudu', 'MS Dhoni', 'RA Jadeja', 'DJ Bravo', 'SN Thakur', 'DL Chahar', 'JR Hazlewood']","['Shubman Gill', 'VR Iyer', 'N Rana', 'SP Narine', 'EJG Morgan', 'KD Karthik', 'Shakib Al Hasan', 'RA Tripathi', 'LH Ferguson', 'Shivam Mavi', 'CV Varun']",Nitin Menon,RK Illingworth
1254116,Sharjah,13-10-2021,2021,Qualifier 2,Delhi Capitals,Kolkata Knight Riders,Sharjah Cricket Stadium,Kolkata Knight Riders,field,N,Kolkata Knight Riders,Wickets,3.0,,VR Iyer,"['PP Shaw', 'S Dhawan', 'MP Stoinis', 'SS Iyer', 'RR Pant', 'SO Hetmyer', 'AR Patel', 'R Ashwin', 'K Rabada', 'Avesh Khan', 'A Nortje']","['Shubman Gill', 'VR Iyer', 'N Rana', 'RA Tripathi', 'KD Karthik', 'EJG Morgan', 'Shakib Al Hasan', 'SP Narine', 'LH Ferguson', 'Shivam Mavi', 'CV Varun']",KN Ananthapadmanabhan,MA Gough
1254115,Sharjah,11-10-2021,2021,Eliminator,Royal Challengers Bangalore,Kolkata Knight Riders,Sharjah Cricket Stadium,Royal Challengers Bangalore,bat,N,Kolkata Knight Riders,Wickets,4.0,,SP Narine,"['D Padikkal', 'V Kohli', 'KS Bharat', 'GJ Maxwell', 'AB de Villiers', 'Shahbaz Ahmed', 'DT Christian', 'HV Patel', 'GHS Garton', 'Mohammed Siraj', 'YS Chahal']","['Shubman Gill', 'VR Iyer', 'RA Tripathi', 'N Rana', 'SP Narine', 'KD Karthik', 'EJG Morgan', 'Shakib Al Hasan', 'LH Ferguson', 'Shivam Mavi', 'CV Varun']",CB Gaffaney,VK Sharma
1254114,Dubai,10-10-2021,2021,Qualifier 1,Delhi Capitals,Chennai Super Kings,Dubai International Cricket Stadium,Chennai Super Kings,field,N,Chennai Super Kings,Wickets,4.0,,RD Gaikwad,"['PP Shaw', 'S Dhawan', 'SS Iyer', 'AR Patel', 'RR Pant', 'SO Hetmyer', 'TK Curran', 'R Ashwin', 'K Rabada', 'Avesh Khan', 'A Nortje']","['RD Gaikwad', 'F du Plessis', 'RV Uthappa', 'SN Thakur', 'AT Rayudu', 'MM Ali', 'MS Dhoni', 'RA Jadeja', 'DJ Bravo', 'DL Chahar', 'JR Hazlewood']",Nitin Menon,RK Illingworth
1254101,Dubai,08-10-2021,2021,56,Delhi Capitals,Royal Challengers Bangalore,Dubai International Cricket Stadium,Royal Challengers Bangalore,field,N,Royal Challengers Bangalore,Wickets,7.0,,KS Bharat,"['PP Shaw', 'S Dhawan', 'RR Pant', 'SS Iyer', 'SO Hetmyer', 'RV Patel', 'AR Patel', 'R Ashwin', 'K Rabada', 'Avesh Khan', 'A Nortje']","['V Kohli', 'D Padikkal', 'KS Bharat', 'AB de Villiers', 'GJ Maxwell', 'DT Christian', 'Shahbaz Ahmed', 'GHS Garton', 'HV Patel', 'Mohammed Siraj', 'YS Chahal']",KN Ananthapadmanabhan,Nitin Menon
1254088,Abu Dhabi,08-10-2021,2021,55,Mumbai Indians,Sunrisers Hyderabad,"Zayed Cricket Stadium, Abu Dhabi",Mumbai Indians,bat,N,Mumbai Indians,Runs,42.0,,Ishan Kishan,"['RG Sharma', 'Ishan Kishan', 'HH Pandya', 'KA Pollard', 'SA Yadav', 'JDS Neesham', 'KH Pandya', 'NM Coulter-Nile', 'PP Chawla', 'JJ Bumrah', 'TA Boult']","['JJ Roy', 'Abhishek Sharma', 'MK Pandey', 'Mohammad Nabi', 'Abdul Samad', 'PK Garg', 'JO Holder', 'Rashid Khan', 'WP Saha', 'S Kaul', 'Umran Malik']",Tapan Sharma,VK Sharma
1254106,Sharjah,07-10-2021,2021,54,Kolkata Knight Riders,Rajasthan Royals,Sharjah Cricket Stadium,Rajasthan Royals,field,N,Kolkata Knight Riders,Runs,86.0,,Shivam Mavi,"['Shubman Gill', 'VR Iyer', 'N Rana', 'RA Tripathi', 'KD Karthik', 'EJG Morgan', 'Shakib Al Hasan', 'SP Narine', 'LH Ferguson', 'CV Varun', 'Shivam Mavi']","['YBK Jaiswal', 'LS Livingstone', 'SV Samson', 'S Dube', 'Anuj Rawat', 'GD Phillips', 'R Tewatia', 'CH Morris', 'JD Unadkat', 'C Sakariya', 'Mustafizur Rahman']",MA Gough,HAS Khalid
1254094,Dubai,07-10-2021,2021,53,Chennai Super Kings,Punjab Kings,Dubai International Cricket Stadium,Punjab Kings,field,N,Punjab Kings,Wickets,6.0,,KL Rahul,"['RD Gaikwad', 'F du Plessis', 'MM Ali', 'RV Uthappa', 'AT Rayudu', 'MS Dhoni', 'RA Jadeja', 'DJ Bravo', 'DL Chahar', 'SN Thakur', 'JR Hazlewood']","['KL Rahul', 'MA Agarwal', 'SN Khan', 'M Shahrukh Khan', 'AK Markram', 'MC Henriques', 'CJ Jordan', 'Harpreet Brar', 'Ravi Bishnoi', 'Mohammed Shami', 'Arshdeep Singh']",K Srinivasan,RK Illingworth
1254095,Abu Dhabi,06-10-2021,2021,52,Sunrisers Hyderabad,Royal Challengers Bangalore,"Zayed Cricket Stadium, Abu Dhabi",Royal Challengers Bangalore,field,N,Sunrisers Hyderabad,Runs,4.0,,KS Williamson,"['JJ Roy', 'Abhishek Sharma', 'KS Williamson', 'PK Garg', 'Abdul Samad', 'WP Saha', 'JO Holder', 'Rashid Khan', 'B Kumar', 'S Kaul', 'Umran Malik']","['V Kohli', 'D Padikkal', 'DT Christian', 'KS Bharat', 'GJ Maxwell', 'AB de Villiers', 'Shahbaz Ahmed', 'GHS Garton', 'HV Patel', 'Mohammed Siraj', 'YS Chahal']",S Ravi,UV Gandhe
1254093,Sharjah,05-10-2021,2021,51,Rajasthan Royals,Mumbai Indians,Sharjah Cricket Stadium,Mumbai Indians,field,N,Mumbai Indians,Wickets,8.0,,NM Coulter-Nile,"['E Lewis', 'YBK Jaiswal', 'SV Samson', 'S Dube', 'GD Phillips', 'DA Miller', 'R Tewatia', 'S Gopal', 'C Sakariya', 'K Yadav', 'Mustafizur Rahman']","['RG Sharma', 'Ishan Kishan', 'SA Yadav', 'HH Pandya', 'SS Tiwary', 'KA Pollard', 'JDS Neesham', 'NM Coulter-Nile', 'J Yadav', 'JJ Bumrah', 'TA Boult']",AK Chaudhary,MA Gough
1254110,Dubai,04-10-2021,2021,50,Chennai Super Kings,Delhi Capitals,Dubai International Cricket Stadium,Delhi Capitals,field,N,Delhi Capitals,Wickets,3.0,,AR Patel,"['RD Gaikwad', 'F du Plessis', 'RV Uthappa', 'MM Ali', 'AT Rayudu', 'MS Dhoni', 'RA Jadeja', 'DJ Bravo', 'DL Chahar', 'SN Thakur', 'JR Hazlewood']","['PP Shaw', 'S Dhawan', 'SS Iyer', 'RR Pant', 'RV Patel', 'R Ashwin', 'SO Hetmyer', 'AR Patel', 'K Rabada', 'Avesh Khan', 'A Nortje']",AK Chaudhary,Nitin Menon
1254090,Sharjah,03-10-2021,2021,48,Royal Challengers Bangalore,Punjab Kings,Sharjah Cricket Stadium,Royal Challengers Bangalore,bat,N,Royal Challengers Bangalore,Runs,6.0,,GJ Maxwell,"['V Kohli', 'D Padikkal', 'DT Christian', 'GJ Maxwell', 'AB de Villiers', 'Shahbaz Ahmed', 'KS Bharat', 'GHS Garton', 'HV Patel', 'Mohammed Siraj', 'YS Chahal']","['KL Rahul', 'MA Agarwal', 'N Pooran', 'AK Markram', 'SN Khan', 'M Shahrukh Khan', 'MC Henriques', 'Harpreet Brar', 'Ravi Bishnoi', 'Mohammed Shami', 'Arshdeep Singh']",KN Ananthapadmanabhan,RK Illingworth
1254109,Dubai,03-10-2021,2021,49,Sunrisers Hyderabad,Kolkata Knight Riders,Dubai International Cricket Stadium,Sunrisers Hyderabad,bat,N,Kolkata Knight Riders,Wickets,6.0,,Shubman Gill,"['JJ Roy', 'WP Saha', 'KS Williamson', 'PK Garg', 'Abhishek Sharma', 'Abdul Samad', 'JO Holder', 'Rashid Khan', 'B Kumar', 'S Kaul', 'Umran Malik']","['Shubman Gill', 'VR Iyer', 'RA Tripathi', 'N Rana', 'KD Karthik', 'EJG Morgan', 'Shakib Al Hasan', 'SP Narine', 'TG Southee', 'CV Varun', 'Shivam Mavi']",J Madanagopal,MA Gough
1254112,Sharjah,02-10-2021,2021,46,Mumbai Indians,Delhi Capitals,Sharjah Cricket Stadium,Delhi Capitals,field,N,Delhi Capitals,Wickets,4.0,,AR Patel,"['RG Sharma', 'Q de Kock', 'SA Yadav', 'SS Tiwary', 'KA Pollard', 'HH Pandya', 'KH Pandya', 'NM Coulter-Nile', 'J Yadav', 'JJ Bumrah', 'TA Boult']","['PP Shaw', 'S Dhawan', 'SPD Smith', 'RR Pant', 'SS Iyer', 'AR Patel', 'SO Hetmyer', 'R Ashwin', 'K Rabada', 'Avesh Khan', 'A Nortje']",AK Chaudhary,MA Gough
1254089,Abu Dhabi,02-10-2021,2021,47,Chennai Super Kings,Rajasthan Royals,"Zayed Cricket Stadium, Abu Dhabi",Rajasthan Royals,field,N,Rajasthan Royals,Wickets,7.0,,RD Gaikwad,"['RD Gaikwad', 'F du Plessis', 'SK Raina', 'MM Ali', 'AT Rayudu', 'RA Jadeja', 'MS Dhoni', 'SM Curran', 'SN Thakur', 'JR Hazlewood', 'KM Asif']","['E Lewis', 'YBK Jaiswal', 'SV Samson', 'S Dube', 'GD Phillips', 'DA Miller', 'R Tewatia', 'Akash Singh', 'M Markande', 'C Sakariya', 'Mustafizur Rahman']",CB Gaffaney,VK Sharma
1254102,Dubai,01-10-2021,2021,45,Kolkata Knight Riders,Punjab Kings,Dubai International Cricket Stadium,Punjab Kings,field,N,Punjab Kings,Wickets,5.0,,KL Rahul,"['VR Iyer', 'Shubman Gill', 'RA Tripathi', 'N Rana', 'EJG Morgan', 'KD Karthik', 'TL Seifert', 'SP Narine', 'TG Southee', 'CV Varun', 'Shivam Mavi']","['KL Rahul', 'MA Agarwal', 'N Pooran', 'AK Markram', 'DJ Hooda', 'M Shahrukh Khan', 'FA Allen', 'NT Ellis', 'Ravi Bishnoi', 'Mohammed Shami', 'Arshdeep Singh']",KN Ananthapadmanabhan,RK Illingworth
1254091,Sharjah,30-09-2021,2021,44,Sunrisers Hyderabad,Chennai Super Kings,Sharjah Cricket Stadium,Chennai Super Kings,field,N,Chennai Super Kings,Wickets,6.0,,JR Hazlewood,"['JJ Roy', 'WP Saha', 'KS Williamson', 'PK Garg', 'Abhishek Sharma', 'Abdul Samad', 'JO Holder', 'Rashid Khan', 'B Kumar', 'Sandeep Sharma', 'S Kaul']","['RD Gaikwad', 'F du Plessis', 'MM Ali', 'SK Raina', 'AT Rayudu', 'MS Dhoni', 'RA Jadeja', 'DJ Bravo', 'SN Thakur', 'DL Chahar', 'JR Hazlewood']",Nitin Menon,YC Barde
1254103,Dubai,29-09-2021,2021,43,Rajasthan Royals,Royal Challengers Bangalore,Dubai International Cricket Stadium,Royal Challengers Bangalore,field,N,Royal Challengers Bangalore,Wickets,7.0,,YS Chahal,"['E Lewis', 'YBK Jaiswal', 'SV Samson', 'MK Lomror', 'LS Livingstone', 'R Tewatia', 'R Parag', 'CH Morris', 'C Sakariya', 'Kartik Tyagi', 'Mustafizur Rahman']","['V Kohli', 'D Padikkal', 'KS Bharat', 'GJ Maxwell', 'AB de Villiers', 'DT Christian', 'Shahbaz Ahmed', 'GHS Garton', 'HV Patel', 'Mohammed Siraj', 'YS Chahal']",AY Dandekar,KN Ananthapadmanabhan
1254099,Abu Dhabi,28-09-2021,2021,42,Punjab Kings,Mumbai Indians,"Zayed Cricket Stadium, Abu Dhabi",Mumbai Indians,field,N,Mumbai Indians,Wickets,6.0,,KA Pollard,"['KL Rahul', 'Mandeep Singh', 'CH Gayle', 'AK Markram', 'N Pooran', 'DJ Hooda', 'Harpreet Brar', 'NT Ellis', 'Ravi Bishnoi', 'Mohammed Shami', 'Arshdeep Singh']","['RG Sharma', 'Q de Kock', 'SA Yadav', 'SS Tiwary', 'HH Pandya', 'KA Pollard', 'KH Pandya', 'NM Coulter-Nile', 'RD Chahar', 'TA Boult', 'JJ Bumrah']",S Ravi,VK Sharma
1254092,Sharjah,28-09-2021,2021,41,Delhi Capitals,Kolkata Knight Riders,Sharjah Cricket Stadium,Kolkata Knight Riders,field,N,Kolkata Knight Riders,Wickets,3.0,,SP Narine,"['SPD Smith', 'S Dhawan', 'SS Iyer', 'RR Pant', 'SO Hetmyer', 'Lalit Yadav', 'AR Patel', 'R Ashwin', 'K Rabada', 'Avesh Khan', 'A Nortje']","['Shubman Gill', 'VR Iyer', 'RA Tripathi', 'N Rana', 'EJG Morgan', 'KD Karthik', 'SP Narine', 'TG Southee', 'LH Ferguson', 'S Sandeep Warrier', 'CV Varun']",Nitin Menon,HAS Khalid
1254100,Dubai,27-09-2021,2021,40,Rajasthan Royals,Sunrisers Hyderabad,Dubai International Cricket Stadium,Rajasthan Royals,bat,N,Sunrisers Hyderabad,Wickets,7.0,,JJ Roy,"['E Lewis', 'YBK Jaiswal', 'SV Samson', 'LS Livingstone', 'MK Lomror', 'R Parag', 'R Tewatia', 'CH Morris', 'JD Unadkat', 'C Sakariya', 'Mustafizur Rahman']","['JJ Roy', 'WP Saha', 'KS Williamson', 'PK Garg', 'Abhishek Sharma', 'JO Holder', 'Abdul Samad', 'Rashid Khan', 'B Kumar', 'Sandeep Sharma', 'S Kaul']",KN Ananthapadmanabhan,Navdeep Singh
1254098,Abu Dhabi,26-09-2021,2021,38,Kolkata Knight Riders,Chennai Super Kings,"Zayed Cricket Stadium, Abu Dhabi",Kolkata Knight Riders,bat,N,Chennai Super Kings,Wickets,2.0,,RA Jadeja,"['Shubman Gill', 'VR Iyer', 'RA Tripathi', 'EJG Morgan', 'N Rana', 'AD Russell', 'KD Karthik', 'SP Narine', 'LH Ferguson', 'M Prasidh Krishna', 'CV Varun']","['RD Gaikwad', 'F du Plessis', 'MM Ali', 'AT Rayudu', 'SK Raina', 'MS Dhoni', 'RA Jadeja', 'SM Curran', 'SN Thakur', 'DL Chahar', 'JR Hazlewood']",CB Gaffaney,Tapan Sharma
1254108,Dubai,26-09-2021,2021,39,Royal Challengers Bangalore,Mumbai Indians,Dubai International Cricket Stadium,Mumbai Indians,field,N,Royal Challengers Bangalore,Runs,54.0,,GJ Maxwell,"['V Kohli', 'D Padikkal', 'KS Bharat', 'GJ Maxwell', 'AB de Villiers', 'DT Christian', 'Shahbaz Ahmed', 'KA Jamieson', 'HV Patel', 'Mohammed Siraj', 'YS Chahal']","['RG Sharma', 'Q de Kock', 'Ishan Kishan', 'SA Yadav', 'KH Pandya', 'KA Pollard', 'HH Pandya', 'AF Milne', 'RD Chahar', 'JJ Bumrah', 'TA Boult']",AK Chaudhary,MA Gough
1254097,Abu Dhabi,25-09-2021,2021,36,Delhi Capitals,Rajasthan Royals,"Zayed Cricket Stadium, Abu Dhabi",Rajasthan Royals,field,N,Delhi Capitals,Runs,33.0,,SS Iyer,"['PP Shaw', 'S Dhawan', 'SS Iyer', 'RR Pant', 'SO Hetmyer', 'Lalit Yadav', 'AR Patel', 'R Ashwin', 'K Rabada', 'A Nortje', 'Avesh Khan']","['LS Livingstone', 'YBK Jaiswal', 'SV Samson', 'DA Miller', 'MK Lomror', 'R Parag', 'R Tewatia', 'T Shamsi', 'Kartik Tyagi', 'C Sakariya', 'Mustafizur Rahman']",CB Gaffaney,UV Gandhe
1254107,Sharjah,25-09-2021,2021,37,Punjab Kings,Sunrisers Hyderabad,Sharjah Cricket Stadium,Sunrisers Hyderabad,field,N,Punjab Kings,Runs,5.0,,JO Holder,"['KL Rahul', 'MA Agarwal', 'CH Gayle', 'AK Markram', 'N Pooran', 'DJ Hooda', 'Harpreet Brar', 'NT Ellis', 'Mohammed Shami', 'Ravi Bishnoi', 'Arshdeep Singh']","['DA Warner', 'WP Saha', 'KS Williamson', 'MK Pandey', 'KM Jadhav', 'Abdul Samad', 'JO Holder', 'Rashid Khan', 'B Kumar', 'Sandeep Sharma', 'KK Ahmed']",RK Illingworth,YC Barde
1254113,Sharjah,24-09-2021,2021,35,Royal Challengers Bangalore,Chennai Super Kings,Sharjah Cricket Stadium,Chennai Super Kings,field,N,Chennai Super Kings,Wickets,6.0,,DJ Bravo,"['V Kohli', 'D Padikkal', 'AB de Villiers', 'GJ Maxwell', 'TH David', 'HV Patel', 'PWH de Silva', 'KS Bharat', 'Navdeep Saini', 'Mohammed Siraj', 'YS Chahal']","['RD Gaikwad', 'F du Plessis', 'MM Ali', 'AT Rayudu', 'SK Raina', 'MS Dhoni', 'RA Jadeja', 'DJ Bravo', 'SN Thakur', 'DL Chahar', 'JR Hazlewood']",AK Chaudhary,Nitin Menon
1254096,Abu Dhabi,23-09-2021,2021,34,Mumbai Indians,Kolkata Knight Riders,"Zayed Cricket Stadium, Abu Dhabi",Kolkata Knight Riders,field,N,Kolkata Knight Riders,Wickets,7.0,,SP Narine,"['RG Sharma', 'Q de Kock', 'SA Yadav', 'Ishan Kishan', 'KA Pollard', 'KH Pandya', 'SS Tiwary', 'AF Milne', 'RD Chahar', 'JJ Bumrah', 'TA Boult']","['Shubman Gill', 'VR Iyer', 'RA Tripathi', 'EJG Morgan', 'N Rana', 'AD Russell', 'KD Karthik', 'SP Narine', 'LH Ferguson', 'M Prasidh Krishna', 'CV Varun']",S Ravi,VK Sharma
1254105,Dubai,22-09-2021,2021,33,Sunrisers Hyderabad,Delhi Capitals,Dubai International Cricket Stadium,Sunrisers Hyderabad,bat,N,Delhi Capitals,Wickets,8.0,,A Nortje,"['DA Warner', 'WP Saha', 'KS Williamson', 'MK Pandey', 'KM Jadhav', 'Abdul Samad', 'JO Holder', 'Rashid Khan', 'B Kumar', 'Sandeep Sharma', 'KK Ahmed']","['PP Shaw', 'S Dhawan', 'SS Iyer', 'RR Pant', 'MP Stoinis', 'SO Hetmyer', 'AR Patel', 'R Ashwin', 'K Rabada', 'A Nortje', 'Avesh Khan']",KN Ananthapadmanabhan,RK Illingworth
1254111,Dubai,21-09-2021,2021,32,Rajasthan Royals,Punjab Kings,Dubai International Cricket Stadium,Punjab Kings,field,N,Rajasthan Royals,Runs,2.0,,Kartik Tyagi,"['E Lewis', 'YBK Jaiswal', 'SV Samson', 'LS Livingstone', 'MK Lomror', 'R Parag', 'R Tewatia', 'CH Morris', 'C Sakariya', 'Kartik Tyagi', 'Mustafizur Rahman']","['KL Rahul', 'MA Agarwal', 'AK Markram', 'N Pooran', 'DJ Hooda', 'FA Allen', 'IC Porel', 'AU Rashid', 'Harpreet Brar', 'Arshdeep Singh', 'Mohammed Shami']",AK Chaudhary,MA Gough
1254087,Abu Dhabi,20-09-2021,2021,31,Royal Challengers Bangalore,Kolkata Knight Riders,"Zayed Cricket Stadium, Abu Dhabi",Royal Challengers Bangalore,bat,N,Kolkata Knight Riders,Wickets,9.0,,CV Varun,"['V Kohli', 'D Padikkal', 'KS Bharat', 'GJ Maxwell', 'AB de Villiers', 'Sachin Baby', 'PWH de Silva', 'KA Jamieson', 'HV Patel', 'Mohammed Siraj', 'YS Chahal']","['Shubman Gill', 'VR Iyer', 'AD Russell', 'N Rana', 'RA Tripathi', 'EJG Morgan', 'KD Karthik', 'LH Ferguson', 'SP Narine', 'CV Varun', 'M Prasidh Krishna']",CB Gaffaney,S Ravi
1254104,Dubai,19-09-2021,2021,30,Chennai Super Kings,Mumbai Indians,Dubai International Cricket Stadium,Chennai Super Kings,bat,N,Chennai Super Kings,Runs,20.0,,RD Gaikwad,"['RD Gaikwad', 'F du Plessis', 'MM Ali', 'AT Rayudu', 'SK Raina', 'MS Dhoni', 'RA Jadeja', 'DJ Bravo', 'SN Thakur', 'DL Chahar', 'JR Hazlewood']","['Q de Kock', 'Anmolpreet Singh', 'SA Yadav', 'Ishan Kishan', 'SS Tiwary', 'KA Pollard', 'KH Pandya', 'AF Milne', 'RD Chahar', 'JJ Bumrah', 'TA Boult']",Nitin Menon,RK Illingworth
1254086,Ahmedabad,02-05-2021,2021,29,Punjab Kings,Delhi Capitals,"Narendra Modi Stadium, Ahmedabad",Delhi Capitals,field,N,Delhi Capitals,Wickets,7.0,,MA Agarwal,"['P Simran Singh', 'MA Agarwal', 'CH Gayle', 'DJ Malan', 'DJ Hooda', 'M Shahrukh Khan', 'CJ Jordan', 'Harpreet Brar', 'RP Meredith', 'Ravi Bishnoi', 'Mohammed Shami']","['PP Shaw', 'S Dhawan', 'SPD Smith', 'RR Pant', 'SO Hetmyer', 'MP Stoinis', 'AR Patel', 'Lalit Yadav', 'K Rabada', 'I Sharma', 'Avesh Khan']",AK Chaudhary,AY Dandekar
1254085,Delhi,02-05-2021,2021,28,Rajasthan Royals,Sunrisers Hyderabad,"Arun Jaitley Stadium, Delhi",Sunrisers Hyderabad,field,N,Rajasthan Royals,Runs,55.0,,JC Buttler,"['JC Buttler', 'YBK Jaiswal', 'SV Samson', 'R Parag', 'DA Miller', 'Anuj Rawat', 'R Tewatia', 'CH Morris', 'Kartik Tyagi', 'C Sakariya', 'Mustafizur Rahman']","['MK Pandey', 'JM Bairstow', 'KS Williamson', 'V Shankar', 'KM Jadhav', 'Mohammad Nabi', 'Abdul Samad', 'Rashid Khan', 'B Kumar', 'Sandeep Sharma', 'KK Ahmed']",C Shamshuddin,CB Gaffaney
1254084,Delhi,01-05-2021,2021,27,Chennai Super Kings,Mumbai Indians,"Arun Jaitley Stadium, Delhi",Mumbai Indians,field,N,Mumbai Indians,Wickets,4.0,,KA Pollard,"['RD Gaikwad', 'F du Plessis', 'MM Ali', 'SK Raina', 'AT Rayudu', 'RA Jadeja', 'MS Dhoni', 'SM Curran', 'SN Thakur', 'DL Chahar', 'L Ngidi']","['Q de Kock', 'RG Sharma', 'SA Yadav', 'KH Pandya', 'KA Pollard', 'HH Pandya', 'JDS Neesham', 'DS Kulkarni', 'RD Chahar', 'JJ Bumrah', 'TA Boult']",KN Ananthapadmanabhan,CK Nandan
1254083,Ahmedabad,30-04-2021,2021,26,Punjab Kings,Royal Challengers Bangalore,"Narendra Modi Stadium, Ahmedabad",Royal Challengers Bangalore,field,N,Punjab Kings,Runs,34.0,,Harpreet Brar,"['KL Rahul', 'P Simran Singh', 'CH Gayle', 'N Pooran', 'DJ Hooda', 'M Shahrukh Khan', 'Harpreet Brar', 'RP Meredith', 'Ravi Bishnoi', 'Mohammed Shami', 'CJ Jordan']","['V Kohli', 'D Padikkal', 'RM Patidar', 'GJ Maxwell', 'AB de Villiers', 'Shahbaz Ahmed', 'DR Sams', 'KA Jamieson', 'HV Patel', 'Mohammed Siraj', 'YS Chahal']",S Ravi,VK Sharma
1254082,Ahmedabad,29-04-2021,2021,25,Kolkata Knight Riders,Delhi Capitals,"Narendra Modi Stadium, Ahmedabad",Delhi Capitals,field,N,Delhi Capitals,Wickets,7.0,,PP Shaw,"['N Rana', 'Shubman Gill', 'RA Tripathi', 'EJG Morgan', 'SP Narine', 'AD Russell', 'KD Karthik', 'PJ Cummins', 'Shivam Mavi', 'CV Varun', 'M Prasidh Krishna']","['PP Shaw', 'S Dhawan', 'RR Pant', 'MP Stoinis', 'SO Hetmyer', 'SPD Smith', 'Lalit Yadav', 'AR Patel', 'K Rabada', 'Avesh Khan', 'I Sharma']",AK Chaudhary,YC Barde
1254081,Delhi,29-04-2021,2021,24,Rajasthan Royals,Mumbai Indians,"Arun Jaitley Stadium, Delhi",Mumbai Indians,field,N,Mumbai Indians,Wickets,7.0,,Q de Kock,"['JC Buttler', 'YBK Jaiswal', 'SV Samson', 'S Dube', 'DA Miller', 'R Parag', 'R Tewatia', 'CH Morris', 'JD Unadkat', 'C Sakariya', 'Mustafizur Rahman']","['RG Sharma', 'Q de Kock', 'SA Yadav', 'KH Pandya', 'KA Pollard', 'HH Pandya', 'NM Coulter-Nile', 'J Yadav', 'RD Chahar', 'JJ Bumrah', 'TA Boult']",CB Gaffaney,KN Ananthapadmanabhan
1254080,Delhi,28-04-2021,2021,23,Sunrisers Hyderabad,Chennai Super Kings,"Arun Jaitley Stadium, Delhi",Sunrisers Hyderabad,bat,N,Chennai Super Kings,Wickets,7.0,,RD Gaikwad,"['DA Warner', 'JM Bairstow', 'MK Pandey', 'KS Williamson', 'KM Jadhav', 'Rashid Khan', 'V Shankar', 'J Suchith', 'S Kaul', 'KK Ahmed', 'Sandeep Sharma']","['RD Gaikwad', 'F du Plessis', 'MM Ali', 'RA Jadeja', 'SK Raina', 'AT Rayudu', 'MS Dhoni', 'SM Curran', 'SN Thakur', 'DL Chahar', 'L Ngidi']",C Shamshuddin,CK Nandan
1254079,Ahmedabad,27-04-2021,2021,22,Royal Challengers Bangalore,Delhi Capitals,"Narendra Modi Stadium, Ahmedabad",Delhi Capitals,field,N,Royal Challengers Bangalore,Runs,1.0,,AB de Villiers,"['V Kohli', 'D Padikkal', 'RM Patidar', 'GJ Maxwell', 'AB de Villiers', 'Washington Sundar', 'DR Sams', 'KA Jamieson', 'HV Patel', 'Mohammed Siraj', 'YS Chahal']","['PP Shaw', 'S Dhawan', 'SPD Smith', 'RR Pant', 'MP Stoinis', 'SO Hetmyer', 'AR Patel', 'K Rabada', 'Avesh Khan', 'A Mishra', 'I Sharma']",S Ravi,VK Sharma
1254078,Ahmedabad,26-04-2021,2021,21,Punjab Kings,Kolkata Knight Riders,"Narendra Modi Stadium, Ahmedabad",Kolkata Knight Riders,field,N,Kolkata Knight Riders,Wickets,5.0,,EJG Morgan,"['KL Rahul', 'MA Agarwal', 'CH Gayle', 'DJ Hooda', 'N Pooran', 'MC Henriques', 'M Shahrukh Khan', 'CJ Jordan', 'Ravi Bishnoi', 'Mohammed Shami', 'Arshdeep Singh']","['Shubman Gill', 'N Rana', 'RA Tripathi', 'SP Narine', 'EJG Morgan', 'AD Russell', 'KD Karthik', 'PJ Cummins', 'Shivam Mavi', 'CV Varun', 'M Prasidh Krishna']",PR Reiffel,YC Barde
1254077,Chennai,25-04-2021,2021,20,Delhi Capitals,Sunrisers Hyderabad,"MA Chidambaram Stadium, Chepauk, Chennai",Delhi Capitals,bat,Y,Delhi Capitals,SuperOver,,,PP Shaw,"['PP Shaw', 'S Dhawan', 'RR Pant', 'SPD Smith', 'SO Hetmyer', 'MP Stoinis', 'AR Patel', 'R Ashwin', 'K Rabada', 'Avesh Khan', 'A Mishra']","['DA Warner', 'JM Bairstow', 'KS Williamson', 'Virat Singh', 'KM Jadhav', 'Abhishek Sharma', 'Rashid Khan', 'V Shankar', 'J Suchith', 'S Kaul', 'KK Ahmed']",CB Gaffaney,KN Ananthapadmanabhan
1254076,Mumbai,25-04-2021,2021,19,Chennai Super Kings,Royal Challengers Bangalore,"Wankhede Stadium, Mumbai",Chennai Super Kings,bat,N,Chennai Super Kings,Runs,69.0,,RA Jadeja,"['RD Gaikwad', 'F du Plessis', 'SK Raina', 'AT Rayudu', 'RA Jadeja', 'MS Dhoni', 'DJ Bravo', 'SM Curran', 'SN Thakur', 'DL Chahar', 'Imran Tahir']","['V Kohli', 'D Padikkal', 'Washington Sundar', 'GJ Maxwell', 'AB de Villiers', 'DT Christian', 'KA Jamieson', 'HV Patel', 'Navdeep Saini', 'YS Chahal', 'Mohammed Siraj']",AK Chaudhary,VK Sharma
1254075,Mumbai,24-04-2021,2021,18,Kolkata Knight Riders,Rajasthan Royals,"Wankhede Stadium, Mumbai",Rajasthan Royals,field,N,Rajasthan Royals,Wickets,6.0,,CH Morris,"['N Rana', 'Shubman Gill', 'RA Tripathi', 'SP Narine', 'EJG Morgan', 'KD Karthik', 'AD Russell', 'PJ Cummins', 'Shivam Mavi', 'M Prasidh Krishna', 'CV Varun']","['JC Buttler', 'YBK Jaiswal', 'SV Samson', 'S Dube', 'R Tewatia', 'DA Miller', 'R Parag', 'CH Morris', 'JD Unadkat', 'C Sakariya', 'Mustafizur Rahman']",Navdeep Singh,S Ravi
1254074,Chennai,23-04-2021,2021,17,Mumbai Indians,Punjab Kings,"MA Chidambaram Stadium, Chepauk, Chennai",Punjab Kings,field,N,Punjab Kings,Wickets,9.0,,KL Rahul,"['Q de Kock', 'RG Sharma', 'Ishan Kishan', 'SA Yadav', 'KA Pollard', 'HH Pandya', 'KH Pandya', 'J Yadav', 'RD Chahar', 'JJ Bumrah', 'TA Boult']","['KL Rahul', 'MA Agarwal', 'CH Gayle', 'DJ Hooda', 'N Pooran', 'MC Henriques', 'M Shahrukh Khan', 'FA Allen', 'Mohammed Shami', 'Ravi Bishnoi', 'Arshdeep Singh']",C Shamshuddin,Nitin Menon
1254073,Mumbai,22-04-2021,2021,16,Rajasthan Royals,Royal Challengers Bangalore,"Wankhede Stadium, Mumbai",Royal Challengers Bangalore,field,N,Royal Challengers Bangalore,Wickets,10.0,,D Padikkal,"['JC Buttler', 'M Vohra', 'SV Samson', 'DA Miller', 'S Dube', 'R Parag', 'R Tewatia', 'CH Morris', 'S Gopal', 'C Sakariya', 'Mustafizur Rahman']","['V Kohli', 'D Padikkal', 'GJ Maxwell', 'AB de Villiers', 'Washington Sundar', 'KA Jamieson', 'Shahbaz Ahmed', 'HV Patel', 'Mohammed Siraj', 'KW Richardson', 'YS Chahal']",J Madanagopal,S Ravi
1254072,Mumbai,21-04-2021,2021,15,Chennai Super Kings,Kolkata Knight Riders,"Wankhede Stadium, Mumbai",Kolkata Knight Riders,field,N,Chennai Super Kings,Runs,18.0,,F du Plessis,"['RD Gaikwad', 'F du Plessis', 'MM Ali', 'MS Dhoni', 'RA Jadeja', 'SK Raina', 'AT Rayudu', 'SM Curran', 'SN Thakur', 'DL Chahar', 'L Ngidi']","['N Rana', 'Shubman Gill', 'RA Tripathi', 'EJG Morgan', 'SP Narine', 'KD Karthik', 'AD Russell', 'PJ Cummins', 'KL Nagarkoti', 'CV Varun', 'M Prasidh Krishna']",AY Dandekar,PR Reiffel
1254071,Chennai,21-04-2021,2021,14,Punjab Kings,Sunrisers Hyderabad,"MA Chidambaram Stadium, Chepauk, Chennai",Punjab Kings,bat,N,Sunrisers Hyderabad,Wickets,9.0,,JM Bairstow,"['KL Rahul', 'MA Agarwal', 'CH Gayle', 'N Pooran', 'DJ Hooda', 'MC Henriques', 'M Shahrukh Khan', 'FA Allen', 'M Ashwin', 'Mohammed Shami', 'Arshdeep Singh']","['DA Warner', 'JM Bairstow', 'KS Williamson', 'Virat Singh', 'KM Jadhav', 'V Shankar', 'Abhishek Sharma', 'Rashid Khan', 'B Kumar', 'S Kaul', 'KK Ahmed']",K Srinivasan,Nitin Menon
1254070,Chennai,20-04-2021,2021,13,Mumbai Indians,Delhi Capitals,"MA Chidambaram Stadium, Chepauk, Chennai",Mumbai Indians,bat,N,Delhi Capitals,Wickets,6.0,,A Mishra,"['RG Sharma', 'Q de Kock', 'SA Yadav', 'Ishan Kishan', 'HH Pandya', 'KH Pandya', 'KA Pollard', 'J Yadav', 'RD Chahar', 'JJ Bumrah', 'TA Boult']","['PP Shaw', 'S Dhawan', 'SPD Smith', 'Lalit Yadav', 'RR Pant', 'SO Hetmyer', 'MP Stoinis', 'R Ashwin', 'K Rabada', 'Avesh Khan', 'A Mishra']",C Shamshuddin,CB Gaffaney
1254069,Mumbai,19-04-2021,2021,12,Chennai Super Kings,Rajasthan Royals,"Wankhede Stadium, Mumbai",Rajasthan Royals,field,N,Chennai Super Kings,Runs,45.0,,MM Ali,"['RD Gaikwad', 'F du Plessis', 'MM Ali', 'SK Raina', 'AT Rayudu', 'RA Jadeja', 'MS Dhoni', 'SM Curran', 'DJ Bravo', 'SN Thakur', 'DL Chahar']","['JC Buttler', 'M Vohra', 'SV Samson', 'S Dube', 'DA Miller', 'R Parag', 'R Tewatia', 'CH Morris', 'JD Unadkat', 'C Sakariya', 'Mustafizur Rahman']",PR Reiffel,VK Sharma
1254068,Mumbai,18-04-2021,2021,11,Punjab Kings,Delhi Capitals,"Wankhede Stadium, Mumbai",Delhi Capitals,field,N,Delhi Capitals,Wickets,6.0,,S Dhawan,"['KL Rahul', 'MA Agarwal', 'CH Gayle', 'DJ Hooda', 'N Pooran', 'M Shahrukh Khan', 'Jalaj S Saxena', 'JA Richardson', 'Mohammed Shami', 'RP Meredith', 'Arshdeep Singh']","['PP Shaw', 'S Dhawan', 'SPD Smith', 'RR Pant', 'MP Stoinis', 'Lalit Yadav', 'LI Meriwala', 'CR Woakes', 'R Ashwin', 'K Rabada', 'Avesh Khan']",AK Chaudhary,PR Reiffel
1254067,Chennai,18-04-2021,2021,10,Royal Challengers Bangalore,Kolkata Knight Riders,"MA Chidambaram Stadium, Chepauk, Chennai",Royal Challengers Bangalore,bat,N,Royal Challengers Bangalore,Runs,38.0,,AB de Villiers,"['V Kohli', 'D Padikkal', 'RM Patidar', 'GJ Maxwell', 'AB de Villiers', 'KA Jamieson', 'Washington Sundar', 'Shahbaz Ahmed', 'HV Patel', 'Mohammed Siraj', 'YS Chahal']","['N Rana', 'Shubman Gill', 'RA Tripathi', 'EJG Morgan', 'KD Karthik', 'Shakib Al Hasan', 'AD Russell', 'PJ Cummins', 'Harbhajan Singh', 'CV Varun', 'M Prasidh Krishna']",C Shamshuddin,Nitin Menon
1254066,Chennai,17-04-2021,2021,9,Mumbai Indians,Sunrisers Hyderabad,"MA Chidambaram Stadium, Chepauk, Chennai",Mumbai Indians,bat,N,Mumbai Indians,Runs,13.0,,KA Pollard,"['Q de Kock', 'RG Sharma', 'SA Yadav', 'Ishan Kishan', 'KA Pollard', 'HH Pandya', 'KH Pandya', 'AF Milne', 'RD Chahar', 'JJ Bumrah', 'TA Boult']","['DA Warner', 'JM Bairstow', 'MK Pandey', 'Virat Singh', 'V Shankar', 'Abhishek Sharma', 'Abdul Samad', 'Rashid Khan', 'B Kumar', 'Mujeeb Ur Rahman', 'KK Ahmed']",CB Gaffaney,K Srinivasan
1254065,Mumbai,16-04-2021,2021,8,Punjab Kings,Chennai Super Kings,"Wankhede Stadium, Mumbai",Chennai Super Kings,field,N,Chennai Super Kings,Wickets,6.0,,DL Chahar,"['KL Rahul', 'MA Agarwal', 'CH Gayle', 'DJ Hooda', 'N Pooran', 'M Shahrukh Khan', 'JA Richardson', 'M Ashwin', 'Mohammed Shami', 'RP Meredith', 'Arshdeep Singh']","['RD Gaikwad', 'F du Plessis', 'MM Ali', 'SK Raina', 'AT Rayudu', 'SM Curran', 'RA Jadeja', 'MS Dhoni', 'DJ Bravo', 'SN Thakur', 'DL Chahar']",AK Chaudhary,AY Dandekar
1254064,Mumbai,15-04-2021,2021,7,Delhi Capitals,Rajasthan Royals,"Wankhede Stadium, Mumbai",Rajasthan Royals,field,N,Rajasthan Royals,Wickets,3.0,,JD Unadkat,"['PP Shaw', 'S Dhawan', 'AM Rahane', 'RR Pant', 'MP Stoinis', 'Lalit Yadav', 'TK Curran', 'CR Woakes', 'R Ashwin', 'K Rabada', 'Avesh Khan']","['JC Buttler', 'M Vohra', 'SV Samson', 'S Dube', 'DA Miller', 'R Parag', 'R Tewatia', 'CH Morris', 'JD Unadkat', 'C Sakariya', 'Mustafizur Rahman']",S Ravi,VK Sharma
1254063,Chennai,14-04-2021,2021,6,Royal Challengers Bangalore,Sunrisers Hyderabad,"MA Chidambaram Stadium, Chepauk, Chennai",Sunrisers Hyderabad,field,N,Royal Challengers Bangalore,Runs,6.0,,GJ Maxwell,"['V Kohli', 'D Padikkal', 'Shahbaz Ahmed', 'GJ Maxwell', 'AB de Villiers', 'Washington Sundar', 'DT Christian', 'KA Jamieson', 'HV Patel', 'Mohammed Siraj', 'YS Chahal']","['WP Saha', 'DA Warner', 'MK Pandey', 'JM Bairstow', 'Abdul Samad', 'V Shankar', 'JO Holder', 'Rashid Khan', 'B Kumar', 'S Nadeem', 'T Natarajan']",Nitin Menon,UV Gandhe
1254062,Chennai,13-04-2021,2021,5,Mumbai Indians,Kolkata Knight Riders,"MA Chidambaram Stadium, Chepauk, Chennai",Kolkata Knight Riders,field,N,Mumbai Indians,Runs,10.0,,RD Chahar,"['RG Sharma', 'Q de Kock', 'SA Yadav', 'Ishan Kishan', 'HH Pandya', 'KA Pollard', 'KH Pandya', 'M Jansen', 'RD Chahar', 'JJ Bumrah', 'TA Boult']","['N Rana', 'Shubman Gill', 'RA Tripathi', 'EJG Morgan', 'Shakib Al Hasan', 'KD Karthik', 'AD Russell', 'PJ Cummins', 'Harbhajan Singh', 'CV Varun', 'M Prasidh Krishna']",C Shamshuddin,CB Gaffaney
1254061,Mumbai,12-04-2021,2021,4,Punjab Kings,Rajasthan Royals,"Wankhede Stadium, Mumbai",Rajasthan Royals,field,N,Punjab Kings,Runs,4.0,,SV Samson,"['KL Rahul', 'MA Agarwal', 'CH Gayle', 'DJ Hooda', 'N Pooran', 'M Shahrukh Khan', 'JA Richardson', 'M Ashwin', 'Mohammed Shami', 'RP Meredith', 'Arshdeep Singh']","['BA Stokes', 'M Vohra', 'SV Samson', 'JC Buttler', 'S Dube', 'R Parag', 'R Tewatia', 'CH Morris', 'S Gopal', 'C Sakariya', 'Mustafizur Rahman']",AK Chaudhary,S Ravi
1254060,Chennai,11-04-2021,2021,3,Kolkata Knight Riders,Sunrisers Hyderabad,"MA Chidambaram Stadium, Chepauk, Chennai",Sunrisers Hyderabad,field,N,Kolkata Knight Riders,Runs,10.0,,N Rana,"['N Rana', 'Shubman Gill', 'RA Tripathi', 'AD Russell', 'EJG Morgan', 'KD Karthik', 'Shakib Al Hasan', 'PJ Cummins', 'Harbhajan Singh', 'CV Varun', 'M Prasidh Krishna']","['WP Saha', 'DA Warner', 'MK Pandey', 'JM Bairstow', 'Mohammad Nabi', 'V Shankar', 'Abdul Samad', 'Rashid Khan', 'B Kumar', 'Sandeep Sharma', 'T Natarajan']",KN Ananthapadmanabhan,Nitin Menon
1254059,Mumbai,10-04-2021,2021,2,Chennai Super Kings,Delhi Capitals,"Wankhede Stadium, Mumbai",Delhi Capitals,field,N,Delhi Capitals,Wickets,7.0,,S Dhawan,"['RD Gaikwad', 'F du Plessis', 'MM Ali', 'SK Raina', 'AT Rayudu', 'RA Jadeja', 'MS Dhoni', 'SM Curran', 'DJ Bravo', 'SN Thakur', 'DL Chahar']","['PP Shaw', 'S Dhawan', 'RR Pant', 'MP Stoinis', 'SO Hetmyer', 'AM Rahane', 'CR Woakes', 'TK Curran', 'R Ashwin', 'A Mishra', 'Avesh Khan']",AK Chaudhary,VK Sharma
1254058,Chennai,09-04-2021,2021,1,Mumbai Indians,Royal Challengers Bangalore,"MA Chidambaram Stadium, Chepauk, Chennai",Royal Challengers Bangalore,field,N,Royal Challengers Bangalore,Wickets,2.0,,HV Patel,"['RG Sharma', 'CA Lynn', 'SA Yadav', 'Ishan Kishan', 'HH Pandya', 'KA Pollard', 'KH Pandya', 'M Jansen', 'RD Chahar', 'JJ Bumrah', 'TA Boult']","['Washington Sundar', 'V Kohli', 'RM Patidar', 'GJ Maxwell', 'AB de Villiers', 'Shahbaz Ahmed', 'DT Christian', 'KA Jamieson', 'HV Patel', 'Mohammed Siraj', 'YS Chahal']",KN Ananthapadmanabhan,Nitin Menon
1237181,,10-11-2020,2020/21,Final,Delhi Capitals,Mumbai Indians,Dubai International Cricket Stadium,Delhi Capitals,bat,N,Mumbai Indians,Wickets,5.0,,TA Boult,"['MP Stoinis', 'S Dhawan', 'AM Rahane', 'SS Iyer', 'RR Pant', 'SO Hetmyer', 'AR Patel', 'K Rabada', 'P Dubey', 'R Ashwin', 'A Nortje']","['RG Sharma', 'Q de Kock', 'SA Yadav', 'Ishan Kishan', 'KA Pollard', 'HH Pandya', 'KH Pandya', 'J Yadav', 'NM Coulter-Nile', 'TA Boult', 'JJ Bumrah']",CB Gaffaney,Nitin Menon
1237180,Abu Dhabi,08-11-2020,2020/21,Qualifier 2,Delhi Capitals,Sunrisers Hyderabad,Sheikh Zayed Stadium,Delhi Capitals,bat,N,Delhi Capitals,Runs,17.0,,MP Stoinis,"['MP Stoinis', 'S Dhawan', 'SS Iyer', 'SO Hetmyer', 'RR Pant', 'AM Rahane', 'P Dubey', 'AR Patel', 'R Ashwin', 'K Rabada', 'A Nortje']","['PK Garg', 'DA Warner', 'MK Pandey', 'KS Williamson', 'JO Holder', 'Abdul Samad', 'Rashid Khan', 'SP Goswami', 'S Nadeem', 'Sandeep Sharma', 'T Natarajan']",PR Reiffel,S Ravi
1237178,Abu Dhabi,06-11-2020,2020/21,Eliminator,Royal Challengers Bangalore,Sunrisers Hyderabad,Sheikh Zayed Stadium,Sunrisers Hyderabad,field,N,Sunrisers Hyderabad,Wickets,6.0,,KS Williamson,"['V Kohli', 'D Padikkal', 'AJ Finch', 'AB de Villiers', 'MM Ali', 'S Dube', 'Washington Sundar', 'Navdeep Saini', 'Mohammed Siraj', 'YS Chahal', 'A Zampa']","['DA Warner', 'SP Goswami', 'MK Pandey', 'KS Williamson', 'PK Garg', 'JO Holder', 'Abdul Samad', 'Rashid Khan', 'S Nadeem', 'Sandeep Sharma', 'T Natarajan']",PR Reiffel,S Ravi
1237177,,05-11-2020,2020/21,Qualifier 1,Mumbai Indians,Delhi Capitals,Dubai International Cricket Stadium,Delhi Capitals,field,N,Mumbai Indians,Runs,57.0,,JJ Bumrah,"['Q de Kock', 'RG Sharma', 'SA Yadav', 'Ishan Kishan', 'KA Pollard', 'KH Pandya', 'HH Pandya', 'NM Coulter-Nile', 'TA Boult', 'RD Chahar', 'JJ Bumrah']","['PP Shaw', 'S Dhawan', 'AM Rahane', 'SS Iyer', 'MP Stoinis', 'RR Pant', 'AR Patel', 'DR Sams', 'K Rabada', 'A Nortje', 'R Ashwin']",CB Gaffaney,Nitin Menon
1216495,,03-11-2020,2020/21,56,Mumbai Indians,Sunrisers Hyderabad,Sharjah Cricket Stadium,Sunrisers Hyderabad,field,N,Sunrisers Hyderabad,Wickets,10.0,,S Nadeem,"['RG Sharma', 'Q de Kock', 'SA Yadav', 'Ishan Kishan', 'KH Pandya', 'SS Tiwary', 'KA Pollard', 'NM Coulter-Nile', 'JL Pattinson', 'DS Kulkarni', 'RD Chahar']","['DA Warner', 'WP Saha', 'MK Pandey', 'KS Williamson', 'PK Garg', 'JO Holder', 'Abdul Samad', 'Rashid Khan', 'S Nadeem', 'Sandeep Sharma', 'T Natarajan']",C Shamshuddin,RK Illingworth
1216505,Abu Dhabi,02-11-2020,2020/21,55,Royal Challengers Bangalore,Delhi Capitals,Sheikh Zayed Stadium,Delhi Capitals,field,N,Delhi Capitals,Wickets,6.0,,A Nortje,"['JR Philippe', 'D Padikkal', 'V Kohli', 'AB de Villiers', 'CH Morris', 'S Dube', 'Washington Sundar', 'I Udana', 'Shahbaz Ahmed', 'Mohammed Siraj', 'YS Chahal']","['PP Shaw', 'S Dhawan', 'AM Rahane', 'SS Iyer', 'RR Pant', 'MP Stoinis', 'AR Patel', 'DR Sams', 'R Ashwin', 'K Rabada', 'A Nortje']",CB Gaffaney,S Ravi
1216530,,01-11-2020,2020/21,54,Kolkata Knight Riders,Rajasthan Royals,Dubai International Cricket Stadium,Rajasthan Royals,field,N,Kolkata Knight Riders,Runs,60.0,,PJ Cummins,"['Shubman Gill', 'N Rana', 'RA Tripathi', 'SP Narine', 'EJG Morgan', 'KD Karthik', 'AD Russell', 'PJ Cummins', 'KL Nagarkoti', 'Shivam Mavi', 'CV Varun']","['RV Uthappa', 'BA Stokes', 'SPD Smith', 'SV Samson', 'JC Buttler', 'R Parag', 'R Tewatia', 'S Gopal', 'JC Archer', 'Kartik Tyagi', 'VR Aaron']",Nitin Menon,PR Reiffel
1216506,Abu Dhabi,01-11-2020,2020/21,53,Kings XI Punjab,Chennai Super Kings,Sheikh Zayed Stadium,Chennai Super Kings,field,N,Chennai Super Kings,Wickets,9.0,,RD Gaikwad,"['KL Rahul', 'MA Agarwal', 'CH Gayle', 'N Pooran', 'Mandeep Singh', 'DJ Hooda', 'JDS Neesham', 'CJ Jordan', 'M Ashwin', 'Ravi Bishnoi', 'Mohammed Shami']","['RD Gaikwad', 'F du Plessis', 'AT Rayudu', 'MS Dhoni', 'N Jagadeesan', 'SM Curran', 'RA Jadeja', 'DL Chahar', 'SN Thakur', 'L Ngidi', 'Imran Tahir']",PG Pathak,VK Sharma
1216535,,31-10-2020,2020/21,51,Delhi Capitals,Mumbai Indians,Dubai International Cricket Stadium,Mumbai Indians,field,N,Mumbai Indians,Wickets,9.0,,Ishan Kishan,"['PP Shaw', 'S Dhawan', 'SS Iyer', 'RR Pant', 'MP Stoinis', 'SO Hetmyer', 'HV Patel', 'R Ashwin', 'P Dubey', 'K Rabada', 'A Nortje']","['Ishan Kishan', 'Q de Kock', 'SA Yadav', 'SS Tiwary', 'KH Pandya', 'KA Pollard', 'NM Coulter-Nile', 'J Yadav', 'RD Chahar', 'TA Boult', 'JJ Bumrah']",YC Barde,PR Reiffel
1216502,,31-10-2020,2020/21,52,Royal Challengers Bangalore,Sunrisers Hyderabad,Sharjah Cricket Stadium,Sunrisers Hyderabad,field,N,Sunrisers Hyderabad,Wickets,5.0,,Sandeep Sharma,"['JR Philippe', 'D Padikkal', 'V Kohli', 'AB de Villiers', 'Washington Sundar', 'Gurkeerat Singh', 'CH Morris', 'I Udana', 'Mohammed Siraj', 'Navdeep Saini', 'YS Chahal']","['DA Warner', 'WP Saha', 'MK Pandey', 'KS Williamson', 'Abhishek Sharma', 'JO Holder', 'Abdul Samad', 'Rashid Khan', 'S Nadeem', 'Sandeep Sharma', 'T Natarajan']",KN Ananthapadmanabhan,K Srinivasan
1216537,Abu Dhabi,30-10-2020,2020/21,50,Kings XI Punjab,Rajasthan Royals,Sheikh Zayed Stadium,Rajasthan Royals,field,N,Rajasthan Royals,Wickets,7.0,,BA Stokes,"['KL Rahul', 'Mandeep Singh', 'CH Gayle', 'N Pooran', 'GJ Maxwell', 'DJ Hooda', 'CJ Jordan', 'M Ashwin', 'Ravi Bishnoi', 'Mohammed Shami', 'Arshdeep Singh']","['RV Uthappa', 'BA Stokes', 'SV Samson', 'SPD Smith', 'JC Buttler', 'R Parag', 'R Tewatia', 'JC Archer', 'S Gopal', 'Kartik Tyagi', 'VR Aaron']",CB Gaffaney,S Ravi
1216536,,29-10-2020,2020/21,49,Kolkata Knight Riders,Chennai Super Kings,Dubai International Cricket Stadium,Chennai Super Kings,field,N,Chennai Super Kings,Wickets,6.0,,RD Gaikwad,"['Shubman Gill', 'N Rana', 'SP Narine', 'RK Singh', 'EJG Morgan', 'KD Karthik', 'RA Tripathi', 'KL Nagarkoti', 'PJ Cummins', 'LH Ferguson', 'CV Varun']","['SR Watson', 'RD Gaikwad', 'AT Rayudu', 'MS Dhoni', 'SM Curran', 'RA Jadeja', 'N Jagadeesan', 'MJ Santner', 'DL Chahar', 'KV Sharma', 'L Ngidi']",C Shamshuddin,RK Illingworth
1216499,Abu Dhabi,28-10-2020,2020/21,48,Royal Challengers Bangalore,Mumbai Indians,Sheikh Zayed Stadium,Mumbai Indians,field,N,Mumbai Indians,Wickets,5.0,,SA Yadav,"['JR Philippe', 'D Padikkal', 'V Kohli', 'AB de Villiers', 'S Dube', 'CH Morris', 'Gurkeerat Singh', 'Washington Sundar', 'YS Chahal', 'Mohammed Siraj', 'DW Steyn']","['Q de Kock', 'Ishan Kishan', 'SA Yadav', 'SS Tiwary', 'KH Pandya', 'HH Pandya', 'KA Pollard', 'JL Pattinson', 'RD Chahar', 'TA Boult', 'JJ Bumrah']",UV Gandhe,CB Gaffaney
1216524,,27-10-2020,2020/21,47,Sunrisers Hyderabad,Delhi Capitals,Dubai International Cricket Stadium,Delhi Capitals,field,N,Sunrisers Hyderabad,Runs,88.0,,WP Saha,"['DA Warner', 'WP Saha', 'MK Pandey', 'KS Williamson', 'V Shankar', 'Abdul Samad', 'JO Holder', 'Rashid Khan', 'Sandeep Sharma', 'T Natarajan', 'S Nadeem']","['AM Rahane', 'S Dhawan', 'MP Stoinis', 'SO Hetmyer', 'RR Pant', 'SS Iyer', 'AR Patel', 'K Rabada', 'R Ashwin', 'TU Deshpande', 'A Nortje']",AK Chaudhary,Nitin Menon
1216520,,26-10-2020,2020/21,46,Kolkata Knight Riders,Kings XI Punjab,Sharjah Cricket Stadium,Kings XI Punjab,field,N,Kings XI Punjab,Wickets,8.0,,CH Gayle,"['Shubman Gill', 'N Rana', 'RA Tripathi', 'KD Karthik', 'EJG Morgan', 'SP Narine', 'KL Nagarkoti', 'PJ Cummins', 'LH Ferguson', 'CV Varun', 'M Prasidh Krishna']","['KL Rahul', 'Mandeep Singh', 'CH Gayle', 'N Pooran', 'GJ Maxwell', 'DJ Hooda', 'CJ Jordan', 'M Ashwin', 'Ravi Bishnoi', 'Mohammed Shami', 'Arshdeep Singh']",KN Ananthapadmanabhan,RK Illingworth
1216541,Abu Dhabi,25-10-2020,2020/21,45,Mumbai Indians,Rajasthan Royals,Sheikh Zayed Stadium,Mumbai Indians,bat,N,Rajasthan Royals,Wickets,8.0,,BA Stokes,"['Ishan Kishan', 'Q de Kock', 'SA Yadav', 'SS Tiwary', 'KA Pollard', 'HH Pandya', 'KH Pandya', 'JL Pattinson', 'RD Chahar', 'TA Boult', 'JJ Bumrah']","['RV Uthappa', 'BA Stokes', 'SPD Smith', 'SV Samson', 'JC Buttler', 'R Parag', 'R Tewatia', 'JC Archer', 'S Gopal', 'AS Rajpoot', 'Kartik Tyagi']",UV Gandhe,VK Sharma
1216544,,25-10-2020,2020/21,44,Royal Challengers Bangalore,Chennai Super Kings,Dubai International Cricket Stadium,Royal Challengers Bangalore,bat,N,Chennai Super Kings,Wickets,8.0,,RD Gaikwad,"['D Padikkal', 'AJ Finch', 'V Kohli', 'AB de Villiers', 'MM Ali', 'CH Morris', 'Gurkeerat Singh', 'Washington Sundar', 'Navdeep Saini', 'YS Chahal', 'Mohammed Siraj']","['RD Gaikwad', 'F du Plessis', 'AT Rayudu', 'MS Dhoni', 'N Jagadeesan', 'RA Jadeja', 'SM Curran', 'MJ Santner', 'DL Chahar', 'Imran Tahir', 'Monu Kumar']",C Shamshuddin,RK Illingworth
1216498,,24-10-2020,2020/21,43,Kings XI Punjab,Sunrisers Hyderabad,Dubai International Cricket Stadium,Sunrisers Hyderabad,field,N,Kings XI Punjab,Runs,12.0,,CJ Jordan,"['KL Rahul', 'Mandeep Singh', 'CH Gayle', 'N Pooran', 'GJ Maxwell', 'DJ Hooda', 'CJ Jordan', 'M Ashwin', 'Ravi Bishnoi', 'Mohammed Shami', 'Arshdeep Singh']","['DA Warner', 'JM Bairstow', 'MK Pandey', 'Abdul Samad', 'V Shankar', 'JO Holder', 'PK Garg', 'Rashid Khan', 'Sandeep Sharma', 'T Natarajan', 'KK Ahmed']",AY Dandekar,PR Reiffel
1216497,Abu Dhabi,24-10-2020,2020/21,42,Kolkata Knight Riders,Delhi Capitals,Sheikh Zayed Stadium,Delhi Capitals,field,N,Kolkata Knight Riders,Runs,59.0,,CV Varun,"['Shubman Gill', 'N Rana', 'RA Tripathi', 'KD Karthik', 'SP Narine', 'EJG Morgan', 'PJ Cummins', 'LH Ferguson', 'KL Nagarkoti', 'M Prasidh Krishna', 'CV Varun']","['AM Rahane', 'S Dhawan', 'SS Iyer', 'RR Pant', 'SO Hetmyer', 'MP Stoinis', 'AR Patel', 'K Rabada', 'R Ashwin', 'TU Deshpande', 'A Nortje']",CB Gaffaney,PG Pathak
1216521,,23-10-2020,2020/21,41,Chennai Super Kings,Mumbai Indians,Sharjah Cricket Stadium,Mumbai Indians,field,N,Mumbai Indians,Wickets,10.0,,TA Boult,"['RD Gaikwad', 'F du Plessis', 'AT Rayudu', 'N Jagadeesan', 'MS Dhoni', 'RA Jadeja', 'SM Curran', 'DL Chahar', 'SN Thakur', 'Imran Tahir', 'JR Hazlewood']","['Q de Kock', 'Ishan Kishan', 'SA Yadav', 'SS Tiwary', 'KH Pandya', 'HH Pandya', 'KA Pollard', 'NM Coulter-Nile', 'RD Chahar', 'TA Boult', 'JJ Bumrah']",C Shamshuddin,VA Kulkarni
1216518,,22-10-2020,2020/21,40,Rajasthan Royals,Sunrisers Hyderabad,Dubai International Cricket Stadium,Sunrisers Hyderabad,field,N,Sunrisers Hyderabad,Wickets,8.0,,MK Pandey,"['RV Uthappa', 'BA Stokes', 'SV Samson', 'JC Buttler', 'SPD Smith', 'R Parag', 'R Tewatia', 'JC Archer', 'S Gopal', 'AS Rajpoot', 'Kartik Tyagi']","['DA Warner', 'JM Bairstow', 'MK Pandey', 'V Shankar', 'PK Garg', 'Abdul Samad', 'JO Holder', 'Rashid Khan', 'Sandeep Sharma', 'T Natarajan', 'S Nadeem']",Nitin Menon,PR Reiffel
1216494,Abu Dhabi,21-10-2020,2020/21,39,Kolkata Knight Riders,Royal Challengers Bangalore,Sheikh Zayed Stadium,Kolkata Knight Riders,bat,N,Royal Challengers Bangalore,Wickets,8.0,,Mohammed Siraj,"['Shubman Gill', 'RA Tripathi', 'N Rana', 'T Banton', 'KD Karthik', 'EJG Morgan', 'PJ Cummins', 'Kuldeep Yadav', 'LH Ferguson', 'M Prasidh Krishna', 'CV Varun']","['D Padikkal', 'AJ Finch', 'Gurkeerat Singh', 'V Kohli', 'AB de Villiers', 'CH Morris', 'Washington Sundar', 'I Udana', 'Navdeep Saini', 'YS Chahal', 'Mohammed Siraj']",VK Sharma,S Ravi
1216546,,20-10-2020,2020/21,38,Delhi Capitals,Kings XI Punjab,Dubai International Cricket Stadium,Delhi Capitals,bat,N,Kings XI Punjab,Wickets,5.0,,S Dhawan,"['PP Shaw', 'S Dhawan', 'SS Iyer', 'RR Pant', 'MP Stoinis', 'SO Hetmyer', 'AR Patel', 'R Ashwin', 'K Rabada', 'DR Sams', 'TU Deshpande']","['KL Rahul', 'MA Agarwal', 'CH Gayle', 'N Pooran', 'GJ Maxwell', 'DJ Hooda', 'JDS Neesham', 'M Ashwin', 'Ravi Bishnoi', 'Mohammed Shami', 'Arshdeep Singh']",C Shamshuddin,RK Illingworth
1216533,Abu Dhabi,19-10-2020,2020/21,37,Chennai Super Kings,Rajasthan Royals,Sheikh Zayed Stadium,Chennai Super Kings,bat,N,Rajasthan Royals,Wickets,7.0,,JC Buttler,"['SM Curran', 'F du Plessis', 'SR Watson', 'AT Rayudu', 'MS Dhoni', 'RA Jadeja', 'KM Jadhav', 'PP Chawla', 'DL Chahar', 'SN Thakur', 'JR Hazlewood']","['BA Stokes', 'RV Uthappa', 'SV Samson', 'SPD Smith', 'JC Buttler', 'R Tewatia', 'R Parag', 'JC Archer', 'S Gopal', 'AS Rajpoot', 'Kartik Tyagi']",CB Gaffaney,VK Sharma
1216512,Abu Dhabi,18-10-2020,2020/21,35,Kolkata Knight Riders,Sunrisers Hyderabad,Sheikh Zayed Stadium,Sunrisers Hyderabad,field,Y,Kolkata Knight Riders,SuperOver,,,LH Ferguson,"['Shubman Gill', 'RA Tripathi', 'N Rana', 'AD Russell', 'EJG Morgan', 'KD Karthik', 'PJ Cummins', 'LH Ferguson', 'Kuldeep Yadav', 'Shivam Mavi', 'CV Varun']","['JM Bairstow', 'KS Williamson', 'PK Garg', 'DA Warner', 'MK Pandey', 'V Shankar', 'Abdul Samad', 'Rashid Khan', 'Sandeep Sharma', 'Basil Thampi', 'T Natarajan']",PG Pathak,S Ravi
1216517,,18-10-2020,2020/21,36,Mumbai Indians,Kings XI Punjab,Dubai International Cricket Stadium,Mumbai Indians,bat,Y,Kings XI Punjab,SuperOver,,,KL Rahul,"['RG Sharma', 'Q de Kock', 'SA Yadav', 'Ishan Kishan', 'KH Pandya', 'HH Pandya', 'KA Pollard', 'NM Coulter-Nile', 'RD Chahar', 'TA Boult', 'JJ Bumrah']","['KL Rahul', 'MA Agarwal', 'CH Gayle', 'N Pooran', 'GJ Maxwell', 'DJ Hooda', 'CJ Jordan', 'M Ashwin', 'Ravi Bishnoi', 'Mohammed Shami', 'Arshdeep Singh']",Nitin Menon,PR Reiffel
1216522,,17-10-2020,2020/21,33,Rajasthan Royals,Royal Challengers Bangalore,Dubai International Cricket Stadium,Rajasthan Royals,bat,N,Royal Challengers Bangalore,Wickets,7.0,,AB de Villiers,"['RV Uthappa', 'BA Stokes', 'SV Samson', 'SPD Smith', 'JC Buttler', 'R Tewatia', 'JC Archer', 'R Parag', 'S Gopal', 'JD Unadkat', 'Kartik Tyagi']","['D Padikkal', 'AJ Finch', 'V Kohli', 'AB de Villiers', 'Gurkeerat Singh', 'CH Morris', 'Washington Sundar', 'Shahbaz Ahmed', 'I Udana', 'Navdeep Saini', 'YS Chahal']",AK Chaudhary,Nitin Menon
1216509,,17-10-2020,2020/21,34,Chennai Super Kings,Delhi Capitals,Sharjah Cricket Stadium,Chennai Super Kings,bat,N,Delhi Capitals,Wickets,5.0,,S Dhawan,"['SM Curran', 'F du Plessis', 'SR Watson', 'AT Rayudu', 'MS Dhoni', 'RA Jadeja', 'KM Jadhav', 'DJ Bravo', 'DL Chahar', 'SN Thakur', 'KV Sharma']","['PP Shaw', 'S Dhawan', 'AM Rahane', 'SS Iyer', 'MP Stoinis', 'AT Carey', 'AR Patel', 'R Ashwin', 'TU Deshpande', 'K Rabada', 'A Nortje']",KN Ananthapadmanabhan,RK Illingworth
1216526,Abu Dhabi,16-10-2020,2020/21,32,Kolkata Knight Riders,Mumbai Indians,Sheikh Zayed Stadium,Kolkata Knight Riders,bat,N,Mumbai Indians,Wickets,8.0,,Q de Kock,"['RA Tripathi', 'Shubman Gill', 'N Rana', 'KD Karthik', 'EJG Morgan', 'AD Russell', 'PJ Cummins', 'CJ Green', 'M Prasidh Krishna', 'Shivam Mavi', 'CV Varun']","['RG Sharma', 'Q de Kock', 'SA Yadav', 'HH Pandya', 'Ishan Kishan', 'KA Pollard', 'KH Pandya', 'RD Chahar', 'TA Boult', 'JJ Bumrah', 'NM Coulter-Nile']",CB Gaffaney,VK Sharma
1216531,,15-10-2020,2020/21,31,Royal Challengers Bangalore,Kings XI Punjab,Sharjah Cricket Stadium,Royal Challengers Bangalore,bat,N,Kings XI Punjab,Wickets,8.0,,KL Rahul,"['AJ Finch', 'D Padikkal', 'V Kohli', 'Washington Sundar', 'S Dube', 'AB de Villiers', 'CH Morris', 'I Udana', 'Navdeep Saini', 'YS Chahal', 'Mohammed Siraj']","['KL Rahul', 'MA Agarwal', 'CH Gayle', 'N Pooran', 'GJ Maxwell', 'DJ Hooda', 'CJ Jordan', 'M Ashwin', 'Ravi Bishnoi', 'Mohammed Shami', 'Arshdeep Singh']",KN Ananthapadmanabhan,C Shamshuddin
1216543,,14-10-2020,2020/21,30,Delhi Capitals,Rajasthan Royals,Dubai International Cricket Stadium,Delhi Capitals,bat,N,Delhi Capitals,Runs,13.0,,A Nortje,"['PP Shaw', 'S Dhawan', 'AM Rahane', 'SS Iyer', 'MP Stoinis', 'AT Carey', 'AR Patel', 'R Ashwin', 'TU Deshpande', 'K Rabada', 'A Nortje']","['BA Stokes', 'JC Buttler', 'SPD Smith', 'SV Samson', 'RV Uthappa', 'R Parag', 'R Tewatia', 'JC Archer', 'S Gopal', 'JD Unadkat', 'Kartik Tyagi']",AK Chaudhary,Nitin Menon
1216528,,13-10-2020,2020/21,29,Chennai Super Kings,Sunrisers Hyderabad,Dubai International Cricket Stadium,Chennai Super Kings,bat,N,Chennai Super Kings,Runs,20.0,,RA Jadeja,"['SM Curran', 'F du Plessis', 'SR Watson', 'AT Rayudu', 'MS Dhoni', 'RA Jadeja', 'DJ Bravo', 'DL Chahar', 'PP Chawla', 'SN Thakur', 'KV Sharma']","['DA Warner', 'JM Bairstow', 'MK Pandey', 'KS Williamson', 'PK Garg', 'V Shankar', 'Rashid Khan', 'S Nadeem', 'Sandeep Sharma', 'T Natarajan', 'KK Ahmed']",AK Chaudhary,PR Reiffel
1216540,,12-10-2020,2020/21,28,Royal Challengers Bangalore,Kolkata Knight Riders,Sharjah Cricket Stadium,Royal Challengers Bangalore,bat,N,Royal Challengers Bangalore,Runs,82.0,,AB de Villiers,"['AJ Finch', 'D Padikkal', 'V Kohli', 'AB de Villiers', 'CH Morris', 'Washington Sundar', 'S Dube', 'I Udana', 'Navdeep Saini', 'YS Chahal', 'Mohammed Siraj']","['T Banton', 'Shubman Gill', 'N Rana', 'EJG Morgan', 'KD Karthik', 'AD Russell', 'RA Tripathi', 'PJ Cummins', 'KL Nagarkoti', 'CV Varun', 'M Prasidh Krishna']",RK Illingworth,K Srinivasan
1216507,,11-10-2020,2020/21,26,Sunrisers Hyderabad,Rajasthan Royals,Dubai International Cricket Stadium,Sunrisers Hyderabad,bat,N,Rajasthan Royals,Wickets,5.0,,R Tewatia,"['DA Warner', 'JM Bairstow', 'MK Pandey', 'KS Williamson', 'PK Garg', 'V Shankar', 'Abhishek Sharma', 'Rashid Khan', 'Sandeep Sharma', 'KK Ahmed', 'T Natarajan']","['BA Stokes', 'JC Buttler', 'SPD Smith', 'SV Samson', 'RV Uthappa', 'R Parag', 'R Tewatia', 'JC Archer', 'S Gopal', 'JD Unadkat', 'Kartik Tyagi']",YC Barde,PR Reiffel
1216529,Abu Dhabi,11-10-2020,2020/21,27,Delhi Capitals,Mumbai Indians,Sheikh Zayed Stadium,Delhi Capitals,bat,N,Mumbai Indians,Wickets,5.0,,Q de Kock,"['PP Shaw', 'S Dhawan', 'AM Rahane', 'SS Iyer', 'MP Stoinis', 'AT Carey', 'AR Patel', 'R Ashwin', 'HV Patel', 'K Rabada', 'A Nortje']","['RG Sharma', 'Q de Kock', 'SA Yadav', 'Ishan Kishan', 'HH Pandya', 'KA Pollard', 'KH Pandya', 'JL Pattinson', 'RD Chahar', 'TA Boult', 'JJ Bumrah']",CB Gaffaney,S Ravi
1216523,Abu Dhabi,10-10-2020,2020/21,24,Kolkata Knight Riders,Kings XI Punjab,Sheikh Zayed Stadium,Kolkata Knight Riders,bat,N,Kolkata Knight Riders,Runs,2.0,,KD Karthik,"['RA Tripathi', 'Shubman Gill', 'N Rana', 'EJG Morgan', 'KD Karthik', 'AD Russell', 'PJ Cummins', 'SP Narine', 'KL Nagarkoti', 'M Prasidh Krishna', 'CV Varun']","['KL Rahul', 'MA Agarwal', 'N Pooran', 'P Simran Singh', 'GJ Maxwell', 'Mandeep Singh', 'CJ Jordan', 'Ravi Bishnoi', 'Mohammed Shami', 'Arshdeep Singh', 'Mujeeb Ur Rahman']",UV Gandhe,CB Gaffaney
1216525,,10-10-2020,2020/21,25,Royal Challengers Bangalore,Chennai Super Kings,Dubai International Cricket Stadium,Royal Challengers Bangalore,bat,N,Royal Challengers Bangalore,Runs,37.0,,V Kohli,"['D Padikkal', 'AJ Finch', 'V Kohli', 'AB de Villiers', 'Washington Sundar', 'S Dube', 'Gurkeerat Singh', 'CH Morris', 'I Udana', 'Navdeep Saini', 'YS Chahal']","['SR Watson', 'F du Plessis', 'AT Rayudu', 'N Jagadeesan', 'MS Dhoni', 'SM Curran', 'RA Jadeja', 'DJ Bravo', 'DL Chahar', 'SN Thakur', 'KV Sharma']",AK Chaudhary,PR Reiffel
1216500,,09-10-2020,2020/21,23,Delhi Capitals,Rajasthan Royals,Sharjah Cricket Stadium,Rajasthan Royals,field,N,Delhi Capitals,Runs,46.0,,R Ashwin,"['PP Shaw', 'S Dhawan', 'SS Iyer', 'RR Pant', 'MP Stoinis', 'SO Hetmyer', 'HV Patel', 'AR Patel', 'K Rabada', 'R Ashwin', 'A Nortje']","['YBK Jaiswal', 'JC Buttler', 'SPD Smith', 'SV Samson', 'MK Lomror', 'R Tewatia', 'AJ Tye', 'JC Archer', 'S Gopal', 'Kartik Tyagi', 'VR Aaron']",KN Ananthapadmanabhan,C Shamshuddin
1216542,,08-10-2020,2020/21,22,Sunrisers Hyderabad,Kings XI Punjab,Dubai International Cricket Stadium,Sunrisers Hyderabad,bat,N,Sunrisers Hyderabad,Runs,69.0,,JM Bairstow,"['DA Warner', 'JM Bairstow', 'Abdul Samad', 'MK Pandey', 'KS Williamson', 'PK Garg', 'Abhishek Sharma', 'Rashid Khan', 'Sandeep Sharma', 'KK Ahmed', 'T Natarajan']","['KL Rahul', 'MA Agarwal', 'P Simran Singh', 'N Pooran', 'GJ Maxwell', 'Mandeep Singh', 'Mujeeb Ur Rahman', 'Ravi Bishnoi', 'Mohammed Shami', 'SS Cottrell', 'Arshdeep Singh']",AK Chaudhary,Nitin Menon
1216501,Abu Dhabi,07-10-2020,2020/21,21,Kolkata Knight Riders,Chennai Super Kings,Sheikh Zayed Stadium,Kolkata Knight Riders,bat,N,Kolkata Knight Riders,Runs,10.0,,RA Tripathi,"['RA Tripathi', 'Shubman Gill', 'N Rana', 'SP Narine', 'EJG Morgan', 'AD Russell', 'KD Karthik', 'PJ Cummins', 'KL Nagarkoti', 'Shivam Mavi', 'CV Varun']","['SR Watson', 'F du Plessis', 'AT Rayudu', 'MS Dhoni', 'SM Curran', 'KM Jadhav', 'RA Jadeja', 'DJ Bravo', 'SN Thakur', 'DL Chahar', 'KV Sharma']",KN Ananthapadmanabhan,RK Illingworth
1216511,Abu Dhabi,06-10-2020,2020/21,20,Mumbai Indians,Rajasthan Royals,Sheikh Zayed Stadium,Mumbai Indians,bat,N,Mumbai Indians,Runs,57.0,,SA Yadav,"['Q de Kock', 'RG Sharma', 'SA Yadav', 'Ishan Kishan', 'KH Pandya', 'HH Pandya', 'KA Pollard', 'JL Pattinson', 'RD Chahar', 'TA Boult', 'JJ Bumrah']","['YBK Jaiswal', 'JC Buttler', 'SPD Smith', 'SV Samson', 'MK Lomror', 'TK Curran', 'R Tewatia', 'JC Archer', 'S Gopal', 'AS Rajpoot', 'Kartik Tyagi']",VK Sharma,S Ravi
1216519,,05-10-2020,2020/21,19,Delhi Capitals,Royal Challengers Bangalore,Dubai International Cricket Stadium,Royal Challengers Bangalore,field,N,Delhi Capitals,Runs,59.0,,AR Patel,"['PP Shaw', 'S Dhawan', 'SS Iyer', 'RR Pant', 'MP Stoinis', 'SO Hetmyer', 'AR Patel', 'R Ashwin', 'K Rabada', 'A Nortje', 'HV Patel']","['D Padikkal', 'AJ Finch', 'V Kohli', 'AB de Villiers', 'MM Ali', 'Washington Sundar', 'S Dube', 'I Udana', 'Navdeep Saini', 'Mohammed Siraj', 'YS Chahal']",Nitin Menon,YC Barde
1216513,,04-10-2020,2020/21,18,Kings XI Punjab,Chennai Super Kings,Dubai International Cricket Stadium,Kings XI Punjab,bat,N,Chennai Super Kings,Wickets,10.0,,SR Watson,"['KL Rahul', 'MA Agarwal', 'Mandeep Singh', 'N Pooran', 'GJ Maxwell', 'SN Khan', 'CJ Jordan', 'Harpreet Brar', 'Ravi Bishnoi', 'Mohammed Shami', 'SS Cottrell']","['SR Watson', 'F du Plessis', 'AT Rayudu', 'KM Jadhav', 'MS Dhoni', 'RA Jadeja', 'SM Curran', 'DJ Bravo', 'PP Chawla', 'SN Thakur', 'DL Chahar']",AY Dandekar,Nitin Menon
1216538,,04-10-2020,2020/21,17,Mumbai Indians,Sunrisers Hyderabad,Sharjah Cricket Stadium,Mumbai Indians,bat,N,Mumbai Indians,Runs,34.0,,TA Boult,"['RG Sharma', 'Q de Kock', 'SA Yadav', 'Ishan Kishan', 'HH Pandya', 'KA Pollard', 'KH Pandya', 'JL Pattinson', 'RD Chahar', 'TA Boult', 'JJ Bumrah']","['DA Warner', 'JM Bairstow', 'MK Pandey', 'KS Williamson', 'PK Garg', 'Abhishek Sharma', 'Abdul Samad', 'Rashid Khan', 'Sandeep Sharma', 'S Kaul', 'T Natarajan']",KN Ananthapadmanabhan,RK Illingworth
1216514,Abu Dhabi,03-10-2020,2020/21,15,Rajasthan Royals,Royal Challengers Bangalore,Sheikh Zayed Stadium,Rajasthan Royals,bat,N,Royal Challengers Bangalore,Wickets,8.0,,YS Chahal,"['JC Buttler', 'SPD Smith', 'SV Samson', 'RV Uthappa', 'MK Lomror', 'R Parag', 'R Tewatia', 'JC Archer', 'TK Curran', 'S Gopal', 'JD Unadkat']","['D Padikkal', 'AJ Finch', 'V Kohli', 'AB de Villiers', 'S Dube', 'Gurkeerat Singh', 'Washington Sundar', 'I Udana', 'Navdeep Saini', 'YS Chahal', 'A Zampa']",CB Gaffaney,S Ravi
1216515,,03-10-2020,2020/21,16,Delhi Capitals,Kolkata Knight Riders,Sharjah Cricket Stadium,Kolkata Knight Riders,field,N,Delhi Capitals,Runs,18.0,,SS Iyer,"['PP Shaw', 'S Dhawan', 'SS Iyer', 'RR Pant', 'MP Stoinis', 'SO Hetmyer', 'R Ashwin', 'K Rabada', 'A Nortje', 'A Mishra', 'HV Patel']","['Shubman Gill', 'SP Narine', 'N Rana', 'AD Russell', 'KD Karthik', 'EJG Morgan', 'PJ Cummins', 'RA Tripathi', 'KL Nagarkoti', 'Shivam Mavi', 'CV Varun']",VA Kulkarni,RK Illingworth
1216516,,02-10-2020,2020/21,14,Sunrisers Hyderabad,Chennai Super Kings,Dubai International Cricket Stadium,Sunrisers Hyderabad,bat,N,Sunrisers Hyderabad,Runs,7.0,,PK Garg,"['DA Warner', 'JM Bairstow', 'MK Pandey', 'KS Williamson', 'PK Garg', 'Abhishek Sharma', 'Abdul Samad', 'Rashid Khan', 'B Kumar', 'T Natarajan', 'KK Ahmed']","['F du Plessis', 'SR Watson', 'AT Rayudu', 'KM Jadhav', 'MS Dhoni', 'RA Jadeja', 'SM Curran', 'DJ Bravo', 'SN Thakur', 'PP Chawla', 'DL Chahar']",AK Chaudhary,PR Reiffel
1216503,Abu Dhabi,01-10-2020,2020/21,13,Mumbai Indians,Kings XI Punjab,Sheikh Zayed Stadium,Kings XI Punjab,field,N,Mumbai Indians,Runs,48.0,,KA Pollard,"['Q de Kock', 'RG Sharma', 'SA Yadav', 'Ishan Kishan', 'KA Pollard', 'HH Pandya', 'KH Pandya', 'JL Pattinson', 'RD Chahar', 'TA Boult', 'JJ Bumrah']","['KL Rahul', 'MA Agarwal', 'KK Nair', 'N Pooran', 'GJ Maxwell', 'JDS Neesham', 'SN Khan', 'K Gowtham', 'Ravi Bishnoi', 'Mohammed Shami', 'SS Cottrell']",VK Sharma,S Ravi
1216504,,30-09-2020,2020/21,12,Kolkata Knight Riders,Rajasthan Royals,Dubai International Cricket Stadium,Rajasthan Royals,field,N,Kolkata Knight Riders,Runs,37.0,,Shivam Mavi,"['Shubman Gill', 'SP Narine', 'N Rana', 'AD Russell', 'KD Karthik', 'EJG Morgan', 'PJ Cummins', 'KL Nagarkoti', 'Shivam Mavi', 'Kuldeep Yadav', 'CV Varun']","['JC Buttler', 'SPD Smith', 'SV Samson', 'RV Uthappa', 'R Parag', 'R Tewatia', 'TK Curran', 'S Gopal', 'JC Archer', 'JD Unadkat', 'AS Rajpoot']",KN Ananthapadmanabhan,C Shamshuddin
1216532,Abu Dhabi,29-09-2020,2020/21,11,Sunrisers Hyderabad,Delhi Capitals,Sheikh Zayed Stadium,Delhi Capitals,field,N,Sunrisers Hyderabad,Runs,15.0,,Rashid Khan,"['DA Warner', 'JM Bairstow', 'MK Pandey', 'KS Williamson', 'Abdul Samad', 'Abhishek Sharma', 'PK Garg', 'Rashid Khan', 'B Kumar', 'T Natarajan', 'KK Ahmed']","['PP Shaw', 'S Dhawan', 'SS Iyer', 'RR Pant', 'SO Hetmyer', 'MP Stoinis', 'AR Patel', 'K Rabada', 'A Nortje', 'A Mishra', 'I Sharma']",VK Sharma,S Ravi
1216547,,28-09-2020,2020/21,10,Royal Challengers Bangalore,Mumbai Indians,Dubai International Cricket Stadium,Mumbai Indians,field,Y,Royal Challengers Bangalore,SuperOver,,,AB de Villiers,"['D Padikkal', 'AJ Finch', 'V Kohli', 'AB de Villiers', 'S Dube', 'Gurkeerat Singh', 'Washington Sundar', 'I Udana', 'Navdeep Saini', 'YS Chahal', 'A Zampa']","['RG Sharma', 'Q de Kock', 'SA Yadav', 'Ishan Kishan', 'HH Pandya', 'KA Pollard', 'KH Pandya', 'JL Pattinson', 'RD Chahar', 'TA Boult', 'JJ Bumrah']",Nitin Menon,PR Reiffel
1216527,,27-09-2020,2020/21,9,Kings XI Punjab,Rajasthan Royals,Sharjah Cricket Stadium,Rajasthan Royals,field,N,Rajasthan Royals,Wickets,4.0,,SV Samson,"['KL Rahul', 'MA Agarwal', 'GJ Maxwell', 'N Pooran', 'KK Nair', 'JDS Neesham', 'SN Khan', 'Mohammed Shami', 'SS Cottrell', 'Ravi Bishnoi', 'M Ashwin']","['JC Buttler', 'SPD Smith', 'SV Samson', 'R Tewatia', 'RV Uthappa', 'JC Archer', 'R Parag', 'TK Curran', 'S Gopal', 'AS Rajpoot', 'JD Unadkat']",RK Illingworth,K Srinivasan
1216545,Abu Dhabi,26-09-2020,2020/21,8,Sunrisers Hyderabad,Kolkata Knight Riders,Sheikh Zayed Stadium,Sunrisers Hyderabad,bat,N,Kolkata Knight Riders,Wickets,7.0,,Shubman Gill,"['DA Warner', 'JM Bairstow', 'MK Pandey', 'WP Saha', 'Mohammad Nabi', 'Abhishek Sharma', 'PK Garg', 'Rashid Khan', 'B Kumar', 'T Natarajan', 'KK Ahmed']","['Shubman Gill', 'SP Narine', 'N Rana', 'KD Karthik', 'EJG Morgan', 'AD Russell', 'PJ Cummins', 'Shivam Mavi', 'Kuldeep Yadav', 'KL Nagarkoti', 'CV Varun']",CB Gaffaney,VK Sharma
1216539,,25-09-2020,2020/21,7,Delhi Capitals,Chennai Super Kings,Dubai International Cricket Stadium,Chennai Super Kings,field,N,Delhi Capitals,Runs,44.0,,PP Shaw,"['PP Shaw', 'S Dhawan', 'RR Pant', 'SS Iyer', 'MP Stoinis', 'SO Hetmyer', 'AR Patel', 'A Mishra', 'K Rabada', 'A Nortje', 'Avesh Khan']","['M Vijay', 'SR Watson', 'F du Plessis', 'RD Gaikwad', 'KM Jadhav', 'MS Dhoni', 'RA Jadeja', 'SM Curran', 'PP Chawla', 'DL Chahar', 'JR Hazlewood']",KN Ananthapadmanabhan,RK Illingworth
1216510,,24-09-2020,2020/21,6,Kings XI Punjab,Royal Challengers Bangalore,Dubai International Cricket Stadium,Royal Challengers Bangalore,field,N,Kings XI Punjab,Runs,97.0,,KL Rahul,"['KL Rahul', 'MA Agarwal', 'N Pooran', 'GJ Maxwell', 'KK Nair', 'JDS Neesham', 'SN Khan', 'Mohammed Shami', 'SS Cottrell', 'Ravi Bishnoi', 'M Ashwin']","['D Padikkal', 'AJ Finch', 'JR Philippe', 'V Kohli', 'AB de Villiers', 'Washington Sundar', 'S Dube', 'UT Yadav', 'Navdeep Saini', 'DW Steyn', 'YS Chahal']",AK Chaudhary,PR Reiffel
1216508,Abu Dhabi,23-09-2020,2020/21,5,Mumbai Indians,Kolkata Knight Riders,Sheikh Zayed Stadium,Kolkata Knight Riders,field,N,Mumbai Indians,Runs,49.0,,RG Sharma,"['Q de Kock', 'RG Sharma', 'SA Yadav', 'SS Tiwary', 'HH Pandya', 'KA Pollard', 'KH Pandya', 'JL Pattinson', 'RD Chahar', 'TA Boult', 'JJ Bumrah']","['Shubman Gill', 'SP Narine', 'KD Karthik', 'N Rana', 'EJG Morgan', 'AD Russell', 'NS Naik', 'PJ Cummins', 'Shivam Mavi', 'Kuldeep Yadav', 'S Sandeep Warrier']",CB Gaffaney,S Ravi
1216496,,22-09-2020,2020/21,4,Rajasthan Royals,Chennai Super Kings,Sharjah Cricket Stadium,Chennai Super Kings,field,N,Rajasthan Royals,Runs,16.0,,SV Samson,"['YBK Jaiswal', 'SPD Smith', 'SV Samson', 'DA Miller', 'RV Uthappa', 'R Tewatia', 'R Parag', 'TK Curran', 'JC Archer', 'S Gopal', 'JD Unadkat']","['M Vijay', 'SR Watson', 'F du Plessis', 'SM Curran', 'RD Gaikwad', 'KM Jadhav', 'MS Dhoni', 'RA Jadeja', 'PP Chawla', 'DL Chahar', 'L Ngidi']",C Shamshuddin,VA Kulkarni
1216534,,21-09-2020,2020/21,3,Royal Challengers Bangalore,Sunrisers Hyderabad,Dubai International Cricket Stadium,Sunrisers Hyderabad,field,N,Royal Challengers Bangalore,Runs,10.0,,YS Chahal,"['D Padikkal', 'AJ Finch', 'V Kohli', 'AB de Villiers', 'S Dube', 'JR Philippe', 'Washington Sundar', 'UT Yadav', 'Navdeep Saini', 'DW Steyn', 'YS Chahal']","['DA Warner', 'JM Bairstow', 'MK Pandey', 'PK Garg', 'V Shankar', 'Abhishek Sharma', 'Rashid Khan', 'B Kumar', 'Sandeep Sharma', 'MR Marsh', 'T Natarajan']",AY Dandekar,Nitin Menon
1216493,,20-09-2020,2020/21,2,Delhi Capitals,Kings XI Punjab,Dubai International Cricket Stadium,Kings XI Punjab,field,Y,Delhi Capitals,SuperOver,,,MP Stoinis,"['PP Shaw', 'S Dhawan', 'SO Hetmyer', 'SS Iyer', 'RR Pant', 'MP Stoinis', 'AR Patel', 'R Ashwin', 'K Rabada', 'A Nortje', 'MM Sharma']","['KL Rahul', 'MA Agarwal', 'KK Nair', 'N Pooran', 'GJ Maxwell', 'SN Khan', 'K Gowtham', 'CJ Jordan', 'Mohammed Shami', 'SS Cottrell', 'Ravi Bishnoi']",AK Chaudhary,Nitin Menon
1216492,Abu Dhabi,19-09-2020,2020/21,1,Mumbai Indians,Chennai Super Kings,Sheikh Zayed Stadium,Chennai Super Kings,field,N,Chennai Super Kings,Wickets,5.0,,AT Rayudu,"['RG Sharma', 'Q de Kock', 'SA Yadav', 'SS Tiwary', 'HH Pandya', 'KA Pollard', 'KH Pandya', 'JL Pattinson', 'RD Chahar', 'TA Boult', 'JJ Bumrah']","['M Vijay', 'SR Watson', 'F du Plessis', 'AT Rayudu', 'RA Jadeja', 'SM Curran', 'MS Dhoni', 'KM Jadhav', 'PP Chawla', 'DL Chahar', 'L Ngidi']",CB Gaffaney,VK Sharma
1181768,Hyderabad,12-05-2019,2019,Final,Mumbai Indians,Chennai Super Kings,Rajiv Gandhi International Stadium,Mumbai Indians,bat,N,Mumbai Indians,Runs,1.0,,JJ Bumrah,"['Q de Kock', 'RG Sharma', 'SA Yadav', 'Ishan Kishan', 'KH Pandya', 'KA Pollard', 'HH Pandya', 'RD Chahar', 'MJ McClenaghan', 'JJ Bumrah', 'SL Malinga']","['F du Plessis', 'SR Watson', 'SK Raina', 'AT Rayudu', 'MS Dhoni', 'DJ Bravo', 'RA Jadeja', 'SN Thakur', 'DL Chahar', 'Harbhajan Singh', 'Imran Tahir']",IJ Gould,Nitin Menon
1181767,Visakhapatnam,10-05-2019,2019,Qualifier,Delhi Capitals,Chennai Super Kings,Dr. Y.S. Rajasekhara Reddy ACA-VDCA Cricket Stadium,Chennai Super Kings,field,N,Chennai Super Kings,Wickets,6.0,,F du Plessis,"['PP Shaw', 'S Dhawan', 'C Munro', 'SS Iyer', 'RR Pant', 'AR Patel', 'SE Rutherford', 'KMA Paul', 'A Mishra', 'TA Boult', 'I Sharma']","['F du Plessis', 'SR Watson', 'SK Raina', 'AT Rayudu', 'MS Dhoni', 'DJ Bravo', 'RA Jadeja', 'DL Chahar', 'Harbhajan Singh', 'Imran Tahir', 'SN Thakur']",BNJ Oxenford,S Ravi
1181766,Visakhapatnam,08-05-2019,2019,Eliminator,Sunrisers Hyderabad,Delhi Capitals,Dr. Y.S. Rajasekhara Reddy ACA-VDCA Cricket Stadium,Delhi Capitals,field,N,Delhi Capitals,Wickets,2.0,,RR Pant,"['WP Saha', 'MJ Guptill', 'MK Pandey', 'KS Williamson', 'V Shankar', 'Mohammad Nabi', 'DJ Hooda', 'Rashid Khan', 'B Kumar', 'Basil Thampi', 'KK Ahmed']","['PP Shaw', 'S Dhawan', 'SS Iyer', 'RR Pant', 'C Munro', 'AR Patel', 'SE Rutherford', 'KMA Paul', 'A Mishra', 'TA Boult', 'I Sharma']",BNJ Oxenford,S Ravi
1181764,Chennai,07-05-2019,2019,Qualifier,Chennai Super Kings,Mumbai Indians,MA Chidambaram Stadium,Chennai Super Kings,bat,N,Mumbai Indians,Wickets,6.0,,SA Yadav,"['F du Plessis', 'SR Watson', 'SK Raina', 'M Vijay', 'AT Rayudu', 'MS Dhoni', 'RA Jadeja', 'DJ Bravo', 'DL Chahar', 'Harbhajan Singh', 'Imran Tahir']","['RG Sharma', 'Q de Kock', 'SA Yadav', 'Ishan Kishan', 'KH Pandya', 'HH Pandya', 'KA Pollard', 'J Yadav', 'RD Chahar', 'SL Malinga', 'JJ Bumrah']",NJ Llong,Nitin Menon
1178430,Chandigarh,05-05-2019,2019,55,Chennai Super Kings,Kings XI Punjab,Punjab Cricket Association IS Bindra Stadium,Kings XI Punjab,field,N,Kings XI Punjab,Wickets,6.0,,KL Rahul,"['F du Plessis', 'SR Watson', 'SK Raina', 'MS Dhoni', 'AT Rayudu', 'KM Jadhav', 'DJ Bravo', 'RA Jadeja', 'DL Chahar', 'Harbhajan Singh', 'Imran Tahir']","['KL Rahul', 'CH Gayle', 'N Pooran', 'MA Agarwal', 'Mandeep Singh', 'SM Curran', 'R Ashwin', 'AJ Tye', 'Mohammed Shami', 'M Ashwin', 'Harpreet Brar']",C Shamshuddin,KN Ananthapadmanabhan
1178431,Mumbai,05-05-2019,2019,56,Kolkata Knight Riders,Mumbai Indians,Wankhede Stadium,Mumbai Indians,field,N,Mumbai Indians,Wickets,9.0,,HH Pandya,"['Shubman Gill', 'CA Lynn', 'RV Uthappa', 'KD Karthik', 'AD Russell', 'N Rana', 'RK Singh', 'SP Narine', 'HF Gurney', 'M Prasidh Krishna', 'S Sandeep Warrier']","['Q de Kock', 'RG Sharma', 'SA Yadav', 'Ishan Kishan', 'HH Pandya', 'KA Pollard', 'KH Pandya', 'RD Chahar', 'MJ McClenaghan', 'SL Malinga', 'JJ Bumrah']",A Nand Kishore,CK Nandan
1178429,Bengaluru,04-05-2019,2019,54,Sunrisers Hyderabad,Royal Challengers Bangalore,M.Chinnaswamy Stadium,Royal Challengers Bangalore,field,N,Royal Challengers Bangalore,Wickets,4.0,,SO Hetmyer,"['WP Saha', 'MJ Guptill', 'MK Pandey', 'KS Williamson', 'V Shankar', 'YK Pathan', 'Mohammad Nabi', 'Rashid Khan', 'B Kumar', 'KK Ahmed', 'Basil Thampi']","['PA Patel', 'V Kohli', 'AB de Villiers', 'SO Hetmyer', 'Gurkeerat Singh', 'C de Grandhomme', 'Washington Sundar', 'UT Yadav', 'K Khejroliya', 'YS Chahal', 'Navdeep Saini']",AK Chaudhary,NJ Llong
1178428,Delhi,04-05-2019,2019,53,Rajasthan Royals,Delhi Capitals,Arun Jaitley Stadium,Rajasthan Royals,bat,N,Delhi Capitals,Wickets,5.0,,A Mishra,"['AM Rahane', 'LS Livingstone', 'SV Samson', 'MK Lomror', 'S Gopal', 'R Parag', 'STR Binny', 'K Gowtham', 'IS Sodhi', 'VR Aaron', 'O Thomas']","['PP Shaw', 'S Dhawan', 'SS Iyer', 'RR Pant', 'CA Ingram', 'SE Rutherford', 'AR Patel', 'KMA Paul', 'A Mishra', 'TA Boult', 'I Sharma']",AY Dandekar,IJ Gould
1178427,Chandigarh,03-05-2019,2019,52,Kings XI Punjab,Kolkata Knight Riders,Punjab Cricket Association IS Bindra Stadium,Kolkata Knight Riders,field,N,Kolkata Knight Riders,Wickets,7.0,,Shubman Gill,"['CH Gayle', 'KL Rahul', 'MA Agarwal', 'N Pooran', 'Mandeep Singh', 'SM Curran', 'R Ashwin', 'AJ Tye', 'Mohammed Shami', 'M Ashwin', 'Arshdeep Singh']","['Shubman Gill', 'CA Lynn', 'RV Uthappa', 'AD Russell', 'KD Karthik', 'SP Narine', 'N Rana', 'RK Singh', 'PP Chawla', 'HF Gurney', 'S Sandeep Warrier']",BNJ Oxenford,C Shamshuddin
1178426,Mumbai,02-05-2019,2019,51,Mumbai Indians,Sunrisers Hyderabad,Wankhede Stadium,Mumbai Indians,bat,Y,Mumbai Indians,SuperOver,,,JJ Bumrah,"['RG Sharma', 'Q de Kock', 'SA Yadav', 'E Lewis', 'HH Pandya', 'KA Pollard', 'KH Pandya', 'BB Sran', 'RD Chahar', 'SL Malinga', 'JJ Bumrah']","['WP Saha', 'MJ Guptill', 'MK Pandey', 'KS Williamson', 'V Shankar', 'Abhishek Sharma', 'Mohammad Nabi', 'Rashid Khan', 'B Kumar', 'KK Ahmed', 'Basil Thampi']",CK Nandan,S Ravi
1178425,Chennai,01-05-2019,2019,50,Chennai Super Kings,Delhi Capitals,MA Chidambaram Stadium,Delhi Capitals,field,N,Chennai Super Kings,Runs,80.0,,MS Dhoni,"['F du Plessis', 'SR Watson', 'SK Raina', 'MS Dhoni', 'RA Jadeja', 'AT Rayudu', 'KM Jadhav', 'DJ Bravo', 'DL Chahar', 'Harbhajan Singh', 'Imran Tahir']","['PP Shaw', 'S Dhawan', 'SS Iyer', 'RR Pant', 'CA Ingram', 'AR Patel', 'SE Rutherford', 'CH Morris', 'J Suchith', 'A Mishra', 'TA Boult']",AY Dandekar,Nitin Menon
1178424,Bengaluru,30-04-2019,2019,49,Royal Challengers Bangalore,Rajasthan Royals,M.Chinnaswamy Stadium,Rajasthan Royals,field,,,NoResults,,,,"['V Kohli', 'AB de Villiers', 'MP Stoinis', 'H Klaasen', 'Gurkeerat Singh', 'PA Patel', 'P Negi', 'UT Yadav', 'Navdeep Saini', 'K Khejroliya', 'YS Chahal']","['SV Samson', 'LS Livingstone', 'AM Rahane', 'SPD Smith', 'R Parag', 'STR Binny', 'MK Lomror', 'S Gopal', 'JD Unadkat', 'VR Aaron', 'O Thomas']",NJ Llong,UV Gandhe
1178423,Hyderabad,29-04-2019,2019,48,Sunrisers Hyderabad,Kings XI Punjab,Rajiv Gandhi International Stadium,Kings XI Punjab,field,N,Sunrisers Hyderabad,Runs,45.0,,DA Warner,"['DA Warner', 'WP Saha', 'MK Pandey', 'Mohammad Nabi', 'KS Williamson', 'Rashid Khan', 'V Shankar', 'Abhishek Sharma', 'B Kumar', 'KK Ahmed', 'Sandeep Sharma']","['KL Rahul', 'CH Gayle', 'MA Agarwal', 'N Pooran', 'DA Miller', 'R Ashwin', 'P Simran Singh', 'M Ashwin', 'Mujeeb Ur Rahman', 'Mohammed Shami', 'Arshdeep Singh']",CK Nandan,S Ravi
1178422,Kolkata,28-04-2019,2019,47,Kolkata Knight Riders,Mumbai Indians,Eden Gardens,Mumbai Indians,field,N,Kolkata Knight Riders,Runs,34.0,,AD Russell,"['Shubman Gill', 'CA Lynn', 'AD Russell', 'KD Karthik', 'SP Narine', 'RV Uthappa', 'N Rana', 'RK Singh', 'PP Chawla', 'HF Gurney', 'S Sandeep Warrier']","['Q de Kock', 'RG Sharma', 'E Lewis', 'SA Yadav', 'KA Pollard', 'HH Pandya', 'KH Pandya', 'BB Sran', 'RD Chahar', 'SL Malinga', 'JJ Bumrah']",IJ Gould,Nitin Menon
1178421,Delhi,28-04-2019,2019,46,Delhi Capitals,Royal Challengers Bangalore,Arun Jaitley Stadium,Delhi Capitals,bat,N,Delhi Capitals,Runs,16.0,,S Dhawan,"['PP Shaw', 'S Dhawan', 'SS Iyer', 'RR Pant', 'CA Ingram', 'SE Rutherford', 'AR Patel', 'S Lamichhane', 'A Mishra', 'K Rabada', 'I Sharma']","['PA Patel', 'V Kohli', 'AB de Villiers', 'S Dube', 'H Klaasen', 'Gurkeerat Singh', 'MP Stoinis', 'Washington Sundar', 'UT Yadav', 'YS Chahal', 'Navdeep Saini']",BNJ Oxenford,KN Ananthapadmanabhan
1178420,Jaipur,27-04-2019,2019,45,Sunrisers Hyderabad,Rajasthan Royals,Sawai Mansingh Stadium,Rajasthan Royals,field,N,Rajasthan Royals,Wickets,7.0,,JD Unadkat,"['DA Warner', 'KS Williamson', 'MK Pandey', 'V Shankar', 'Shakib Al Hasan', 'DJ Hooda', 'WP Saha', 'Rashid Khan', 'B Kumar', 'S Kaul', 'KK Ahmed']","['AM Rahane', 'LS Livingstone', 'SV Samson', 'SPD Smith', 'AJ Turner', 'R Parag', 'STR Binny', 'S Gopal', 'JD Unadkat', 'VR Aaron', 'O Thomas']",A Nand Kishore,YC Barde
1178419,Chennai,26-04-2019,2019,44,Mumbai Indians,Chennai Super Kings,MA Chidambaram Stadium,Chennai Super Kings,field,N,Mumbai Indians,Runs,46.0,,RG Sharma,"['RG Sharma', 'Q de Kock', 'E Lewis', 'KH Pandya', 'HH Pandya', 'KA Pollard', 'SA Yadav', 'AS Roy', 'RD Chahar', 'JJ Bumrah', 'SL Malinga']","['M Vijay', 'SR Watson', 'SK Raina', 'AT Rayudu', 'KM Jadhav', 'DR Shorey', 'DJ Bravo', 'MJ Santner', 'DL Chahar', 'Harbhajan Singh', 'Imran Tahir']",AK Chaudhary,NJ Llong
1178418,Kolkata,25-04-2019,2019,43,Kolkata Knight Riders,Rajasthan Royals,Eden Gardens,Rajasthan Royals,field,N,Rajasthan Royals,Wickets,3.0,,VR Aaron,"['CA Lynn', 'Shubman Gill', 'N Rana', 'KD Karthik', 'SP Narine', 'AD Russell', 'CR Brathwaite', 'RK Singh', 'PP Chawla', 'Y Prithvi Raj', 'M Prasidh Krishna']","['AM Rahane', 'SV Samson', 'SPD Smith', 'BA Stokes', 'R Parag', 'STR Binny', 'S Gopal', 'JC Archer', 'JD Unadkat', 'VR Aaron', 'O Thomas']",AY Dandekar,IJ Gould
1178417,Bengaluru,24-04-2019,2019,42,Royal Challengers Bangalore,Kings XI Punjab,M.Chinnaswamy Stadium,Kings XI Punjab,field,N,Royal Challengers Bangalore,Runs,17.0,,AB de Villiers,"['PA Patel', 'V Kohli', 'AB de Villiers', 'MM Ali', 'AD Nath', 'MP Stoinis', 'Washington Sundar', 'UT Yadav', 'TG Southee', 'YS Chahal', 'Navdeep Saini']","['KL Rahul', 'CH Gayle', 'MA Agarwal', 'DA Miller', 'N Pooran', 'Mandeep Singh', 'R Ashwin', 'GC Viljoen', 'M Ashwin', 'AS Rajpoot', 'Mohammed Shami']",BNJ Oxenford,C Shamshuddin
1178416,Chennai,23-04-2019,2019,41,Sunrisers Hyderabad,Chennai Super Kings,MA Chidambaram Stadium,Chennai Super Kings,field,N,Chennai Super Kings,Wickets,6.0,,SR Watson,"['DA Warner', 'JM Bairstow', 'MK Pandey', 'V Shankar', 'YK Pathan', 'Shakib Al Hasan', 'DJ Hooda', 'Rashid Khan', 'B Kumar', 'KK Ahmed', 'Sandeep Sharma']","['SR Watson', 'F du Plessis', 'SK Raina', 'AT Rayudu', 'KM Jadhav', 'DJ Bravo', 'MS Dhoni', 'RA Jadeja', 'Harbhajan Singh', 'DL Chahar', 'Imran Tahir']",AK Chaudhary,NJ Llong
1178415,Jaipur,22-04-2019,2019,40,Rajasthan Royals,Delhi Capitals,Sawai Mansingh Stadium,Delhi Capitals,field,N,Delhi Capitals,Wickets,6.0,,RR Pant,"['AM Rahane', 'SV Samson', 'SPD Smith', 'BA Stokes', 'AJ Turner', 'STR Binny', 'R Parag', 'JC Archer', 'S Gopal', 'JD Unadkat', 'DS Kulkarni']","['PP Shaw', 'S Dhawan', 'SS Iyer', 'RR Pant', 'SE Rutherford', 'CA Ingram', 'AR Patel', 'CH Morris', 'A Mishra', 'K Rabada', 'I Sharma']",A Nand Kishore,S Ravi
1178413,Hyderabad,21-04-2019,2019,38,Kolkata Knight Riders,Sunrisers Hyderabad,Rajiv Gandhi International Stadium,Sunrisers Hyderabad,field,N,Sunrisers Hyderabad,Wickets,9.0,,KK Ahmed,"['CA Lynn', 'SP Narine', 'Shubman Gill', 'N Rana', 'KD Karthik', 'RK Singh', 'AD Russell', 'PP Chawla', 'Y Prithvi Raj', 'KC Cariappa', 'HF Gurney']","['DA Warner', 'JM Bairstow', 'KS Williamson', 'V Shankar', 'YK Pathan', 'DJ Hooda', 'Rashid Khan', 'B Kumar', 'S Nadeem', 'KK Ahmed', 'Sandeep Sharma']",NJ Llong,Nitin Menon
1178414,Bengaluru,21-04-2019,2019,39,Royal Challengers Bangalore,Chennai Super Kings,M.Chinnaswamy Stadium,Chennai Super Kings,field,N,Royal Challengers Bangalore,Runs,1.0,,PA Patel,"['PA Patel', 'V Kohli', 'AB de Villiers', 'AD Nath', 'MP Stoinis', 'MM Ali', 'P Negi', 'UT Yadav', 'DW Steyn', 'Navdeep Saini', 'YS Chahal']","['SR Watson', 'F du Plessis', 'SK Raina', 'AT Rayudu', 'KM Jadhav', 'MS Dhoni', 'RA Jadeja', 'DJ Bravo', 'SN Thakur', 'DL Chahar', 'Imran Tahir']",RJ Tucker,VA Kulkarni
1178412,Delhi,20-04-2019,2019,37,Kings XI Punjab,Delhi Capitals,Arun Jaitley Stadium,Delhi Capitals,field,N,Delhi Capitals,Wickets,5.0,,SS Iyer,"['KL Rahul', 'CH Gayle', 'MA Agarwal', 'DA Miller', 'Mandeep Singh', 'SM Curran', 'R Ashwin', 'Harpreet Brar', 'GC Viljoen', 'M Ashwin', 'Mohammed Shami']","['PP Shaw', 'S Dhawan', 'SS Iyer', 'RR Pant', 'CA Ingram', 'AR Patel', 'SE Rutherford', 'A Mishra', 'K Rabada', 'I Sharma', 'S Lamichhane']",C Shamshuddin,UV Gandhe
1178411,Jaipur,20-04-2019,2019,36,Mumbai Indians,Rajasthan Royals,Sawai Mansingh Stadium,Rajasthan Royals,field,N,Rajasthan Royals,Wickets,5.0,,SPD Smith,"['Q de Kock', 'RG Sharma', 'SA Yadav', 'HH Pandya', 'KA Pollard', 'BCJ Cutting', 'KH Pandya', 'RD Chahar', 'JJ Bumrah', 'SL Malinga', 'M Markande']","['AM Rahane', 'SV Samson', 'SPD Smith', 'BA Stokes', 'R Parag', 'AJ Turner', 'STR Binny', 'JC Archer', 'S Gopal', 'JD Unadkat', 'DS Kulkarni']",S Ravi,YC Barde
1178410,Kolkata,19-04-2019,2019,35,Royal Challengers Bangalore,Kolkata Knight Riders,Eden Gardens,Kolkata Knight Riders,field,N,Royal Challengers Bangalore,Runs,10.0,,V Kohli,"['PA Patel', 'V Kohli', 'AD Nath', 'MM Ali', 'MP Stoinis', 'H Klaasen', 'P Negi', 'DW Steyn', 'Mohammed Siraj', 'YS Chahal', 'Navdeep Saini']","['CA Lynn', 'SP Narine', 'Shubman Gill', 'RV Uthappa', 'N Rana', 'AD Russell', 'KD Karthik', 'PP Chawla', 'Kuldeep Yadav', 'HF Gurney', 'M Prasidh Krishna']",IJ Gould,Nitin Menon
1178409,Delhi,18-04-2019,2019,34,Mumbai Indians,Delhi Capitals,Arun Jaitley Stadium,Mumbai Indians,bat,N,Mumbai Indians,Runs,40.0,,HH Pandya,"['RG Sharma', 'Q de Kock', 'BCJ Cutting', 'SA Yadav', 'KH Pandya', 'HH Pandya', 'KA Pollard', 'RD Chahar', 'J Yadav', 'JJ Bumrah', 'SL Malinga']","['PP Shaw', 'S Dhawan', 'C Munro', 'SS Iyer', 'RR Pant', 'AR Patel', 'CH Morris', 'KMA Paul', 'K Rabada', 'A Mishra', 'I Sharma']",BNJ Oxenford,NJ Llong
1178408,Hyderabad,17-04-2019,2019,33,Chennai Super Kings,Sunrisers Hyderabad,Rajiv Gandhi International Stadium,Chennai Super Kings,bat,N,Sunrisers Hyderabad,Wickets,6.0,,DA Warner,"['SR Watson', 'F du Plessis', 'SK Raina', 'AT Rayudu', 'KM Jadhav', 'SW Billings', 'RA Jadeja', 'KV Sharma', 'Imran Tahir', 'SN Thakur', 'DL Chahar']","['DA Warner', 'JM Bairstow', 'KS Williamson', 'V Shankar', 'DJ Hooda', 'YK Pathan', 'Rashid Khan', 'B Kumar', 'Sandeep Sharma', 'S Nadeem', 'KK Ahmed']",IJ Gould,UV Gandhe
1178407,Chandigarh,16-04-2019,2019,32,Kings XI Punjab,Rajasthan Royals,Punjab Cricket Association IS Bindra Stadium,Rajasthan Royals,field,N,Kings XI Punjab,Runs,12.0,,R Ashwin,"['KL Rahul', 'CH Gayle', 'MA Agarwal', 'DA Miller', 'N Pooran', 'Mandeep Singh', 'R Ashwin', 'Mujeeb Ur Rahman', 'Mohammed Shami', 'M Ashwin', 'Arshdeep Singh']","['RA Tripathi', 'JC Buttler', 'SV Samson', 'AM Rahane', 'AJ Turner', 'JC Archer', 'STR Binny', 'S Gopal', 'JD Unadkat', 'DS Kulkarni', 'IS Sodhi']",AK Chaudhary,VA Kulkarni
1178406,Mumbai,15-04-2019,2019,31,Royal Challengers Bangalore,Mumbai Indians,Wankhede Stadium,Mumbai Indians,field,N,Mumbai Indians,Wickets,5.0,,SL Malinga,"['PA Patel', 'V Kohli', 'AB de Villiers', 'MM Ali', 'MP Stoinis', 'AD Nath', 'P Negi', 'UT Yadav', 'Mohammed Siraj', 'YS Chahal', 'Navdeep Saini']","['Q de Kock', 'RG Sharma', 'SA Yadav', 'Ishan Kishan', 'KH Pandya', 'HH Pandya', 'KA Pollard', 'JP Behrendorff', 'RD Chahar', 'JJ Bumrah', 'SL Malinga']",M Erasmus,Nitin Menon
1178404,Kolkata,14-04-2019,2019,29,Kolkata Knight Riders,Chennai Super Kings,Eden Gardens,Chennai Super Kings,field,N,Chennai Super Kings,Wickets,5.0,,Imran Tahir,"['CA Lynn', 'SP Narine', 'N Rana', 'RV Uthappa', 'KD Karthik', 'AD Russell', 'Shubman Gill', 'PP Chawla', 'Kuldeep Yadav', 'M Prasidh Krishna', 'HF Gurney']","['SR Watson', 'F du Plessis', 'SK Raina', 'AT Rayudu', 'KM Jadhav', 'MS Dhoni', 'RA Jadeja', 'MJ Santner', 'Imran Tahir', 'SN Thakur', 'DL Chahar']",CK Nandan,RJ Tucker
1178405,Hyderabad,14-04-2019,2019,30,Delhi Capitals,Sunrisers Hyderabad,Rajiv Gandhi International Stadium,Sunrisers Hyderabad,field,N,Delhi Capitals,Runs,39.0,,KMA Paul,"['PP Shaw', 'S Dhawan', 'C Munro', 'SS Iyer', 'RR Pant', 'CH Morris', 'AR Patel', 'KMA Paul', 'K Rabada', 'A Mishra', 'I Sharma']","['DA Warner', 'JM Bairstow', 'KS Williamson', 'RK Bhui', 'V Shankar', 'DJ Hooda', 'Abhishek Sharma', 'Rashid Khan', 'B Kumar', 'Sandeep Sharma', 'KK Ahmed']",AK Chaudhary,BNJ Oxenford
1178402,Mumbai,13-04-2019,2019,27,Mumbai Indians,Rajasthan Royals,Wankhede Stadium,Rajasthan Royals,field,N,Rajasthan Royals,Wickets,4.0,,JC Buttler,"['RG Sharma', 'Q de Kock', 'SA Yadav', 'KA Pollard', 'HH Pandya', 'Ishan Kishan', 'KH Pandya', 'AS Joseph', 'RD Chahar', 'JP Behrendorff', 'JJ Bumrah']","['AM Rahane', 'JC Buttler', 'SV Samson', 'SPD Smith', 'RA Tripathi', 'LS Livingstone', 'S Gopal', 'K Gowtham', 'JC Archer', 'JD Unadkat', 'DS Kulkarni']",A Nand Kishore,Nitin Menon
1178403,Chandigarh,13-04-2019,2019,28,Kings XI Punjab,Royal Challengers Bangalore,Punjab Cricket Association IS Bindra Stadium,Royal Challengers Bangalore,field,N,Royal Challengers Bangalore,Wickets,8.0,,AB de Villiers,"['KL Rahul', 'CH Gayle', 'MA Agarwal', 'SN Khan', 'SM Curran', 'Mandeep Singh', 'N Pooran', 'AJ Tye', 'R Ashwin', 'Mohammed Shami', 'M Ashwin']","['PA Patel', 'V Kohli', 'AB de Villiers', 'MP Stoinis', 'MM Ali', 'AD Nath', 'P Negi', 'UT Yadav', 'Mohammed Siraj', 'YS Chahal', 'Navdeep Saini']",S Ravi,UV Gandhe
1178401,Kolkata,12-04-2019,2019,26,Kolkata Knight Riders,Delhi Capitals,Eden Gardens,Delhi Capitals,field,N,Delhi Capitals,Wickets,7.0,,S Dhawan,"['JL Denly', 'Shubman Gill', 'RV Uthappa', 'N Rana', 'AD Russell', 'KD Karthik', 'CR Brathwaite', 'PP Chawla', 'Kuldeep Yadav', 'LH Ferguson', 'M Prasidh Krishna']","['PP Shaw', 'S Dhawan', 'SS Iyer', 'RR Pant', 'CA Ingram', 'CH Morris', 'AR Patel', 'KMA Paul', 'R Tewatia', 'K Rabada', 'I Sharma']",CK Nandan,YC Barde
1178400,Jaipur,11-04-2019,2019,25,Rajasthan Royals,Chennai Super Kings,Sawai Mansingh Stadium,Chennai Super Kings,field,N,Chennai Super Kings,Wickets,4.0,,MS Dhoni,"['AM Rahane', 'JC Buttler', 'SV Samson', 'SPD Smith', 'RA Tripathi', 'BA Stokes', 'R Parag', 'JC Archer', 'S Gopal', 'JD Unadkat', 'DS Kulkarni']","['SR Watson', 'F du Plessis', 'SK Raina', 'AT Rayudu', 'KM Jadhav', 'MS Dhoni', 'RA Jadeja', 'MJ Santner', 'DL Chahar', 'SN Thakur', 'Imran Tahir']",BNJ Oxenford,UV Gandhe
1178399,Mumbai,10-04-2019,2019,24,Kings XI Punjab,Mumbai Indians,Wankhede Stadium,Mumbai Indians,field,N,Mumbai Indians,Wickets,3.0,,KA Pollard,"['KL Rahul', 'CH Gayle', 'DA Miller', 'KK Nair', 'SM Curran', 'Mandeep Singh', 'SN Khan', 'GC Viljoen', 'R Ashwin', 'Mohammed Shami', 'AS Rajpoot']","['Q de Kock', 'SD Lad', 'SA Yadav', 'KA Pollard', 'Ishan Kishan', 'HH Pandya', 'KH Pandya', 'AS Joseph', 'RD Chahar', 'JP Behrendorff', 'JJ Bumrah']",S Ravi,YC Barde
1178398,Chennai,09-04-2019,2019,23,Kolkata Knight Riders,Chennai Super Kings,MA Chidambaram Stadium,Chennai Super Kings,field,N,Chennai Super Kings,Wickets,7.0,,DL Chahar,"['CA Lynn', 'SP Narine', 'RV Uthappa', 'N Rana', 'KD Karthik', 'Shubman Gill', 'AD Russell', 'PP Chawla', 'Kuldeep Yadav', 'M Prasidh Krishna', 'HF Gurney']","['SR Watson', 'F du Plessis', 'SK Raina', 'AT Rayudu', 'KM Jadhav', 'MS Dhoni', 'SC Kuggeleijn', 'RA Jadeja', 'Harbhajan Singh', 'DL Chahar', 'Imran Tahir']",C Shamshuddin,RJ Tucker
1178397,Chandigarh,08-04-2019,2019,22,Sunrisers Hyderabad,Kings XI Punjab,Punjab Cricket Association IS Bindra Stadium,Kings XI Punjab,field,N,Kings XI Punjab,Wickets,6.0,,KL Rahul,"['DA Warner', 'JM Bairstow', 'V Shankar', 'Mohammad Nabi', 'MK Pandey', 'DJ Hooda', 'YK Pathan', 'Rashid Khan', 'B Kumar', 'S Kaul', 'Sandeep Sharma']","['KL Rahul', 'CH Gayle', 'MA Agarwal', 'DA Miller', 'Mandeep Singh', 'SM Curran', 'SN Khan', 'R Ashwin', 'Mohammed Shami', 'Mujeeb Ur Rahman', 'AS Rajpoot']",AY Dandekar,M Erasmus
1178396,Jaipur,07-04-2019,2019,21,Rajasthan Royals,Kolkata Knight Riders,Sawai Mansingh Stadium,Kolkata Knight Riders,field,N,Kolkata Knight Riders,Wickets,8.0,,HF Gurney,"['AM Rahane', 'JC Buttler', 'SPD Smith', 'RA Tripathi', 'BA Stokes', 'P Chopra', 'K Gowtham', 'JC Archer', 'S Gopal', 'S Midhun', 'DS Kulkarni']","['CA Lynn', 'SP Narine', 'RV Uthappa', 'Shubman Gill', 'N Rana', 'KD Karthik', 'AD Russell', 'PP Chawla', 'Kuldeep Yadav', 'HF Gurney', 'M Prasidh Krishna']",AK Chaudhary,CB Gaffaney
1178395,Bengaluru,07-04-2019,2019,20,Royal Challengers Bangalore,Delhi Capitals,M.Chinnaswamy Stadium,Delhi Capitals,field,N,Delhi Capitals,Wickets,4.0,,K Rabada,"['PA Patel', 'V Kohli', 'AB de Villiers', 'MP Stoinis', 'MM Ali', 'AD Nath', 'P Negi', 'TG Southee', 'Mohammed Siraj', 'YS Chahal', 'Navdeep Saini']","['PP Shaw', 'S Dhawan', 'SS Iyer', 'CA Ingram', 'RR Pant', 'CH Morris', 'AR Patel', 'R Tewatia', 'K Rabada', 'I Sharma', 'S Lamichhane']",S Ravi,YC Barde
1178394,Hyderabad,06-04-2019,2019,19,Mumbai Indians,Sunrisers Hyderabad,Rajiv Gandhi International Stadium,Sunrisers Hyderabad,field,N,Mumbai Indians,Runs,40.0,,AS Joseph,"['RG Sharma', 'Q de Kock', 'SA Yadav', 'Ishan Kishan', 'KH Pandya', 'KA Pollard', 'HH Pandya', 'RD Chahar', 'AS Joseph', 'JP Behrendorff', 'JJ Bumrah']","['DA Warner', 'JM Bairstow', 'V Shankar', 'MK Pandey', 'DJ Hooda', 'YK Pathan', 'Mohammad Nabi', 'Rashid Khan', 'B Kumar', 'S Kaul', 'Sandeep Sharma']",AY Dandekar,Nitin Menon
1178393,Chennai,06-04-2019,2019,18,Chennai Super Kings,Kings XI Punjab,MA Chidambaram Stadium,Chennai Super Kings,bat,N,Chennai Super Kings,Runs,22.0,,Harbhajan Singh,"['SR Watson', 'F du Plessis', 'SK Raina', 'MS Dhoni', 'AT Rayudu', 'KM Jadhav', 'SC Kuggeleijn', 'RA Jadeja', 'Harbhajan Singh', 'DL Chahar', 'Imran Tahir']","['KL Rahul', 'CH Gayle', 'MA Agarwal', 'SN Khan', 'DA Miller', 'Mandeep Singh', 'SM Curran', 'R Ashwin', 'Mohammed Shami', 'AJ Tye', 'M Ashwin']",KN Ananthapadmanabhan,RJ Tucker
1175372,Bengaluru,05-04-2019,2019,17,Royal Challengers Bangalore,Kolkata Knight Riders,M.Chinnaswamy Stadium,Kolkata Knight Riders,field,N,Kolkata Knight Riders,Wickets,5.0,,AD Russell,"['PA Patel', 'V Kohli', 'AB de Villiers', 'MP Stoinis', 'MM Ali', 'AD Nath', 'P Negi', 'Navdeep Saini', 'TG Southee', 'YS Chahal', 'Mohammed Siraj']","['CA Lynn', 'SP Narine', 'RV Uthappa', 'N Rana', 'KD Karthik', 'AD Russell', 'Shubman Gill', 'PP Chawla', 'Kuldeep Yadav', 'M Prasidh Krishna', 'LH Ferguson']",AK Chaudhary,CB Gaffaney
1175371,Delhi,04-04-2019,2019,16,Delhi Capitals,Sunrisers Hyderabad,Arun Jaitley Stadium,Sunrisers Hyderabad,field,N,Sunrisers Hyderabad,Wickets,5.0,,JM Bairstow,"['PP Shaw', 'S Dhawan', 'SS Iyer', 'RR Pant', 'R Tewatia', 'CA Ingram', 'CH Morris', 'AR Patel', 'K Rabada', 'I Sharma', 'S Lamichhane']","['DA Warner', 'JM Bairstow', 'V Shankar', 'MK Pandey', 'DJ Hooda', 'YK Pathan', 'Mohammad Nabi', 'Rashid Khan', 'B Kumar', 'Sandeep Sharma', 'S Kaul']",C Shamshuddin,KN Ananthapadmanabhan
1175370,Mumbai,03-04-2019,2019,15,Mumbai Indians,Chennai Super Kings,Wankhede Stadium,Chennai Super Kings,field,N,Mumbai Indians,Runs,37.0,,HH Pandya,"['Q de Kock', 'RG Sharma', 'SA Yadav', 'Yuvraj Singh', 'KH Pandya', 'HH Pandya', 'KA Pollard', 'JP Behrendorff', 'RD Chahar', 'SL Malinga', 'JJ Bumrah']","['SR Watson', 'AT Rayudu', 'SK Raina', 'KM Jadhav', 'MS Dhoni', 'RA Jadeja', 'DJ Bravo', 'DL Chahar', 'SN Thakur', 'MM Sharma', 'Imran Tahir']",BNJ Oxenford,RJ Tucker
1175369,Jaipur,02-04-2019,2019,14,Royal Challengers Bangalore,Rajasthan Royals,Sawai Mansingh Stadium,Rajasthan Royals,field,N,Rajasthan Royals,Wickets,7.0,,S Gopal,"['V Kohli', 'PA Patel', 'AB de Villiers', 'SO Hetmyer', 'MP Stoinis', 'MM Ali', 'AD Nath', 'UT Yadav', 'Navdeep Saini', 'YS Chahal', 'Mohammed Siraj']","['AM Rahane', 'JC Buttler', 'SPD Smith', 'RA Tripathi', 'BA Stokes', 'STR Binny', 'K Gowtham', 'JC Archer', 'S Gopal', 'VR Aaron', 'DS Kulkarni']",AY Dandekar,M Erasmus
1175368,Chandigarh,01-04-2019,2019,13,Kings XI Punjab,Delhi Capitals,Punjab Cricket Association IS Bindra Stadium,Delhi Capitals,field,N,Kings XI Punjab,Runs,14.0,,SM Curran,"['KL Rahul', 'SM Curran', 'MA Agarwal', 'SN Khan', 'DA Miller', 'Mandeep Singh', 'GC Viljoen', 'R Ashwin', 'M Ashwin', 'Mohammed Shami', 'Mujeeb Ur Rahman']","['PP Shaw', 'S Dhawan', 'SS Iyer', 'RR Pant', 'CA Ingram', 'CH Morris', 'GH Vihari', 'HV Patel', 'K Rabada', 'Avesh Khan', 'S Lamichhane']",AK Chaudhary,CB Gaffaney
1175366,Hyderabad,31-03-2019,2019,11,Sunrisers Hyderabad,Royal Challengers Bangalore,Rajiv Gandhi International Stadium,Royal Challengers Bangalore,field,N,Sunrisers Hyderabad,Runs,118.0,,JM Bairstow,"['JM Bairstow', 'DA Warner', 'V Shankar', 'YK Pathan', 'MK Pandey', 'DJ Hooda', 'Mohammad Nabi', 'Rashid Khan', 'B Kumar', 'Sandeep Sharma', 'S Kaul']","['PA Patel', 'SO Hetmyer', 'V Kohli', 'AB de Villiers', 'MM Ali', 'S Dube', 'C de Grandhomme', 'P Ray Barman', 'UT Yadav', 'Mohammed Siraj', 'YS Chahal']",KN Ananthapadmanabhan,S Ravi
1175367,Chennai,31-03-2019,2019,12,Chennai Super Kings,Rajasthan Royals,MA Chidambaram Stadium,Rajasthan Royals,field,N,Chennai Super Kings,Runs,8.0,,MS Dhoni,"['AT Rayudu', 'SR Watson', 'SK Raina', 'KM Jadhav', 'MS Dhoni', 'DJ Bravo', 'RA Jadeja', 'DL Chahar', 'SN Thakur', 'MJ Santner', 'Imran Tahir']","['AM Rahane', 'JC Buttler', 'SV Samson', 'RA Tripathi', 'SPD Smith', 'BA Stokes', 'K Gowtham', 'JC Archer', 'S Gopal', 'JD Unadkat', 'DS Kulkarni']",CK Nandan,YC Barde
1175365,Delhi,30-03-2019,2019,10,Kolkata Knight Riders,Delhi Capitals,Arun Jaitley Stadium,Delhi Capitals,field,Y,Delhi Capitals,SuperOver,,,PP Shaw,"['NS Naik', 'CA Lynn', 'RV Uthappa', 'N Rana', 'KD Karthik', 'Shubman Gill', 'AD Russell', 'PP Chawla', 'Kuldeep Yadav', 'M Prasidh Krishna', 'LH Ferguson']","['PP Shaw', 'S Dhawan', 'SS Iyer', 'RR Pant', 'CA Ingram', 'GH Vihari', 'HV Patel', 'CH Morris', 'A Mishra', 'S Lamichhane', 'K Rabada']",AY Dandekar,Nitin Menon
1175364,Chandigarh,30-03-2019,2019,9,Mumbai Indians,Kings XI Punjab,Punjab Cricket Association IS Bindra Stadium,Kings XI Punjab,field,N,Kings XI Punjab,Wickets,8.0,,MA Agarwal,"['RG Sharma', 'Q de Kock', 'SA Yadav', 'Yuvraj Singh', 'KA Pollard', 'HH Pandya', 'KH Pandya', 'MJ McClenaghan', 'M Markande', 'SL Malinga', 'JJ Bumrah']","['KL Rahul', 'CH Gayle', 'MA Agarwal', 'DA Miller', 'SN Khan', 'Mandeep Singh', 'R Ashwin', 'GC Viljoen', 'M Ashwin', 'Mohammed Shami', 'AJ Tye']",CB Gaffaney,VA Kulkarni
1175363,Hyderabad,29-03-2019,2019,8,Rajasthan Royals,Sunrisers Hyderabad,Rajiv Gandhi International Stadium,Rajasthan Royals,bat,N,Sunrisers Hyderabad,Wickets,5.0,,Rashid Khan,"['AM Rahane', 'JC Buttler', 'SV Samson', 'BA Stokes', 'SPD Smith', 'RA Tripathi', 'K Gowtham', 'JC Archer', 'JD Unadkat', 'S Gopal', 'DS Kulkarni']","['DA Warner', 'JM Bairstow', 'KS Williamson', 'V Shankar', 'MK Pandey', 'YK Pathan', 'Rashid Khan', 'B Kumar', 'Sandeep Sharma', 'S Kaul', 'S Nadeem']",BNJ Oxenford,C Shamshuddin
1175362,Bengaluru,28-03-2019,2019,7,Mumbai Indians,Royal Challengers Bangalore,M.Chinnaswamy Stadium,Royal Challengers Bangalore,field,N,Mumbai Indians,Runs,6.0,,JJ Bumrah,"['Q de Kock', 'RG Sharma', 'SA Yadav', 'Yuvraj Singh', 'KA Pollard', 'KH Pandya', 'HH Pandya', 'MJ McClenaghan', 'M Markande', 'JJ Bumrah', 'SL Malinga']","['PA Patel', 'MM Ali', 'V Kohli', 'AB de Villiers', 'SO Hetmyer', 'C de Grandhomme', 'S Dube', 'Navdeep Saini', 'YS Chahal', 'UT Yadav', 'Mohammed Siraj']",CK Nandan,S Ravi
1175361,Kolkata,27-03-2019,2019,6,Kolkata Knight Riders,Kings XI Punjab,Eden Gardens,Kings XI Punjab,field,N,Kolkata Knight Riders,Runs,28.0,,AD Russell,"['CA Lynn', 'SP Narine', 'RV Uthappa', 'N Rana', 'AD Russell', 'KD Karthik', 'Shubman Gill', 'PP Chawla', 'Kuldeep Yadav', 'M Prasidh Krishna', 'LH Ferguson']","['KL Rahul', 'CH Gayle', 'MA Agarwal', 'SN Khan', 'DA Miller', 'Mandeep Singh', 'R Ashwin', 'GC Viljoen', 'CV Varun', 'Mohammed Shami', 'AJ Tye']",AK Chaudhary,VA Kulkarni
1175360,Delhi,26-03-2019,2019,5,Delhi Capitals,Chennai Super Kings,Arun Jaitley Stadium,Delhi Capitals,bat,N,Chennai Super Kings,Wickets,6.0,,SR Watson,"['PP Shaw', 'S Dhawan', 'SS Iyer', 'RR Pant', 'CA Ingram', 'KMA Paul', 'AR Patel', 'R Tewatia', 'K Rabada', 'I Sharma', 'A Mishra']","['SR Watson', 'AT Rayudu', 'SK Raina', 'KM Jadhav', 'MS Dhoni', 'DJ Bravo', 'RA Jadeja', 'DL Chahar', 'SN Thakur', 'Harbhajan Singh', 'Imran Tahir']",M Erasmus,Nitin Menon
1175359,Jaipur,25-03-2019,2019,4,Kings XI Punjab,Rajasthan Royals,Sawai Mansingh Stadium,Rajasthan Royals,field,N,Kings XI Punjab,Runs,14.0,,CH Gayle,"['KL Rahul', 'CH Gayle', 'MA Agarwal', 'SN Khan', 'N Pooran', 'Mandeep Singh', 'SM Curran', 'R Ashwin', 'Mohammed Shami', 'Mujeeb Ur Rahman', 'AS Rajpoot']","['AM Rahane', 'JC Buttler', 'SV Samson', 'SPD Smith', 'BA Stokes', 'RA Tripathi', 'K Gowtham', 'JC Archer', 'JD Unadkat', 'S Gopal', 'DS Kulkarni']",C Shamshuddin,KN Ananthapadmanabhan
1175358,Mumbai,24-03-2019,2019,3,Delhi Capitals,Mumbai Indians,Wankhede Stadium,Mumbai Indians,field,N,Delhi Capitals,Runs,37.0,,RR Pant,"['PP Shaw', 'S Dhawan', 'SS Iyer', 'CA Ingram', 'RR Pant', 'KMA Paul', 'AR Patel', 'R Tewatia', 'K Rabada', 'TA Boult', 'I Sharma']","['RG Sharma', 'Q de Kock', 'SA Yadav', 'Yuvraj Singh', 'KA Pollard', 'HH Pandya', 'KH Pandya', 'BCJ Cutting', 'MJ McClenaghan', 'Rasikh Salam', 'JJ Bumrah']",S Ravi,YC Barde
1175357,Kolkata,24-03-2019,2019,2,Sunrisers Hyderabad,Kolkata Knight Riders,Eden Gardens,Kolkata Knight Riders,field,N,Kolkata Knight Riders,Wickets,6.0,,AD Russell,"['DA Warner', 'JM Bairstow', 'V Shankar', 'YK Pathan', 'MK Pandey', 'DJ Hooda', 'Shakib Al Hasan', 'Rashid Khan', 'B Kumar', 'Sandeep Sharma', 'S Kaul']","['CA Lynn', 'N Rana', 'RV Uthappa', 'KD Karthik', 'AD Russell', 'Shubman Gill', 'SP Narine', 'PP Chawla', 'Kuldeep Yadav', 'LH Ferguson', 'M Prasidh Krishna']",AK Chaudhary,CB Gaffaney
1175356,Chennai,23-03-2019,2019,1,Royal Challengers Bangalore,Chennai Super Kings,MA Chidambaram Stadium,Chennai Super Kings,field,N,Chennai Super Kings,Wickets,7.0,,Harbhajan Singh,"['V Kohli', 'PA Patel', 'MM Ali', 'AB de Villiers', 'SO Hetmyer', 'S Dube', 'C de Grandhomme', 'Navdeep Saini', 'YS Chahal', 'UT Yadav', 'Mohammed Siraj']","['SR Watson', 'AT Rayudu', 'SK Raina', 'KM Jadhav', 'RA Jadeja', 'MS Dhoni', 'DJ Bravo', 'DL Chahar', 'SN Thakur', 'Harbhajan Singh', 'Imran Tahir']",AY Dandekar,BNJ Oxenford
1136620,Mumbai,27-05-2018,2018,Final,Sunrisers Hyderabad,Chennai Super Kings,Wankhede Stadium,Chennai Super Kings,field,N,Chennai Super Kings,Wickets,8.0,,SR Watson,"['SP Goswami', 'S Dhawan', 'KS Williamson', 'Shakib Al Hasan', 'YK Pathan', 'DJ Hooda', 'CR Brathwaite', 'Rashid Khan', 'B Kumar', 'S Kaul', 'Sandeep Sharma']","['SR Watson', 'F du Plessis', 'SK Raina', 'AT Rayudu', 'MS Dhoni', 'DJ Bravo', 'RA Jadeja', 'DL Chahar', 'KV Sharma', 'SN Thakur', 'L Ngidi']",M Erasmus,S Ravi
1136619,Kolkata,25-05-2018,2018,Qualifier,Sunrisers Hyderabad,Kolkata Knight Riders,Eden Gardens,Kolkata Knight Riders,field,N,Sunrisers Hyderabad,Runs,14.0,,Rashid Khan,"['WP Saha', 'S Dhawan', 'KS Williamson', 'Shakib Al Hasan', 'DJ Hooda', 'YK Pathan', 'CR Brathwaite', 'Rashid Khan', 'B Kumar', 'S Kaul', 'KK Ahmed']","['CA Lynn', 'SP Narine', 'N Rana', 'RV Uthappa', 'KD Karthik', 'Shubman Gill', 'AD Russell', 'PP Chawla', 'Shivam Mavi', 'Kuldeep Yadav', 'M Prasidh Krishna']",HDPK Dharmasena,Nitin Menon
1136618,Kolkata,23-05-2018,2018,Eliminator,Kolkata Knight Riders,Rajasthan Royals,Eden Gardens,Rajasthan Royals,field,N,Kolkata Knight Riders,Runs,25.0,,AD Russell,"['SP Narine', 'CA Lynn', 'RV Uthappa', 'N Rana', 'KD Karthik', 'Shubman Gill', 'AD Russell', 'JPR Scantlebury-Searles', 'PP Chawla', 'Kuldeep Yadav', 'M Prasidh Krishna']","['AM Rahane', 'RA Tripathi', 'SV Samson', 'H Klaasen', 'STR Binny', 'K Gowtham', 'JC Archer', 'S Gopal', 'IS Sodhi', 'JD Unadkat', 'B Laughlin']",AK Chaudhary,Nitin Menon
1136617,Mumbai,22-05-2018,2018,Qualifier,Sunrisers Hyderabad,Chennai Super Kings,Wankhede Stadium,Chennai Super Kings,field,N,Chennai Super Kings,Wickets,2.0,,F du Plessis,"['S Dhawan', 'SP Goswami', 'KS Williamson', 'MK Pandey', 'Shakib Al Hasan', 'YK Pathan', 'CR Brathwaite', 'B Kumar', 'Rashid Khan', 'S Kaul', 'Sandeep Sharma']","['SR Watson', 'F du Plessis', 'SK Raina', 'AT Rayudu', 'MS Dhoni', 'DJ Bravo', 'RA Jadeja', 'DL Chahar', 'Harbhajan Singh', 'SN Thakur', 'L Ngidi']",C Shamshuddin,M Erasmus
1136616,Pune,20-05-2018,2018,56,Kings XI Punjab,Chennai Super Kings,Maharashtra Cricket Association Stadium,Chennai Super Kings,field,N,Chennai Super Kings,Wickets,5.0,,L Ngidi,"['KL Rahul', 'CH Gayle', 'AJ Finch', 'MK Tiwary', 'DA Miller', 'KK Nair', 'AR Patel', 'R Ashwin', 'AJ Tye', 'MM Sharma', 'AS Rajpoot']","['AT Rayudu', 'F du Plessis', 'SK Raina', 'SW Billings', 'Harbhajan Singh', 'DL Chahar', 'MS Dhoni', 'DJ Bravo', 'RA Jadeja', 'SN Thakur', 'L Ngidi']",Nitin Menon,YC Barde
1136615,Delhi,20-05-2018,2018,55,Delhi Daredevils,Mumbai Indians,Arun Jaitley Stadium,Delhi Daredevils,bat,N,Delhi Daredevils,Runs,11.0,,A Mishra,"['PP Shaw', 'GJ Maxwell', 'SS Iyer', 'RR Pant', 'V Shankar', 'Abhishek Sharma', 'HV Patel', 'A Mishra', 'S Lamichhane', 'TA Boult', 'LE Plunkett']","['SA Yadav', 'E Lewis', 'Ishan Kishan', 'KA Pollard', 'RG Sharma', 'KH Pandya', 'HH Pandya', 'BCJ Cutting', 'M Markande', 'JJ Bumrah', 'Mustafizur Rahman']",HDPK Dharmasena,CK Nandan
1136614,Hyderabad,19-05-2018,2018,54,Sunrisers Hyderabad,Kolkata Knight Riders,Rajiv Gandhi International Stadium,Sunrisers Hyderabad,bat,N,Kolkata Knight Riders,Wickets,5.0,,CA Lynn,"['S Dhawan', 'SP Goswami', 'KS Williamson', 'MK Pandey', 'YK Pathan', 'CR Brathwaite', 'Shakib Al Hasan', 'Rashid Khan', 'B Kumar', 'S Kaul', 'Sandeep Sharma']","['CA Lynn', 'SP Narine', 'RV Uthappa', 'KD Karthik', 'AD Russell', 'N Rana', 'Shubman Gill', 'PP Chawla', 'JPR Scantlebury-Searles', 'Kuldeep Yadav', 'M Prasidh Krishna']",AK Chaudhary,S Ravi
1136613,Jaipur,19-05-2018,2018,53,Rajasthan Royals,Royal Challengers Bangalore,Sawai Mansingh Stadium,Rajasthan Royals,bat,N,Rajasthan Royals,Runs,30.0,,S Gopal,"['RA Tripathi', 'JC Archer', 'AM Rahane', 'SV Samson', 'H Klaasen', 'K Gowtham', 'STR Binny', 'S Gopal', 'IS Sodhi', 'JD Unadkat', 'B Laughlin']","['V Kohli', 'PA Patel', 'AB de Villiers', 'MM Ali', 'Mandeep Singh', 'C de Grandhomme', 'SN Khan', 'TG Southee', 'UT Yadav', 'Mohammed Siraj', 'YS Chahal']",BNJ Oxenford,VK Sharma
1136612,Delhi,18-05-2018,2018,52,Delhi Daredevils,Chennai Super Kings,Arun Jaitley Stadium,Chennai Super Kings,field,N,Delhi Daredevils,Runs,34.0,,HV Patel,"['PP Shaw', 'SS Iyer', 'RR Pant', 'GJ Maxwell', 'V Shankar', 'Abhishek Sharma', 'HV Patel', 'A Mishra', 'S Lamichhane', 'TA Boult', 'Avesh Khan']","['SR Watson', 'AT Rayudu', 'SK Raina', 'MS Dhoni', 'SW Billings', 'RA Jadeja', 'DJ Bravo', 'DL Chahar', 'Harbhajan Singh', 'SN Thakur', 'L Ngidi']",HDPK Dharmasena,VA Kulkarni
1136611,Bengaluru,17-05-2018,2018,51,Royal Challengers Bangalore,Sunrisers Hyderabad,M.Chinnaswamy Stadium,Sunrisers Hyderabad,field,N,Royal Challengers Bangalore,Runs,14.0,,AB de Villiers,"['PA Patel', 'V Kohli', 'AB de Villiers', 'MM Ali', 'C de Grandhomme', 'Mandeep Singh', 'SN Khan', 'TG Southee', 'UT Yadav', 'Mohammed Siraj', 'YS Chahal']","['S Dhawan', 'AD Hales', 'KS Williamson', 'MK Pandey', 'DJ Hooda', 'Shakib Al Hasan', 'SP Goswami', 'Rashid Khan', 'S Kaul', 'Sandeep Sharma', 'Basil Thampi']",AY Dandekar,S Ravi
1136610,Mumbai,16-05-2018,2018,50,Mumbai Indians,Kings XI Punjab,Wankhede Stadium,Kings XI Punjab,field,N,Mumbai Indians,Runs,3.0,,JJ Bumrah,"['SA Yadav', 'E Lewis', 'Ishan Kishan', 'RG Sharma', 'KH Pandya', 'KA Pollard', 'HH Pandya', 'BCJ Cutting', 'MJ McClenaghan', 'M Markande', 'JJ Bumrah']","['KL Rahul', 'CH Gayle', 'AJ Finch', 'MP Stoinis', 'AR Patel', 'Yuvraj Singh', 'MK Tiwary', 'R Ashwin', 'AJ Tye', 'MM Sharma', 'AS Rajpoot']",M Erasmus,Nitin Menon
1136609,Kolkata,15-05-2018,2018,49,Rajasthan Royals,Kolkata Knight Riders,Eden Gardens,Kolkata Knight Riders,field,N,Kolkata Knight Riders,Wickets,6.0,,Kuldeep Yadav,"['RA Tripathi', 'JC Buttler', 'AM Rahane', 'SV Samson', 'BA Stokes', 'STR Binny', 'K Gowtham', 'JD Unadkat', 'IS Sodhi', 'JC Archer', 'Anureet Singh']","['SP Narine', 'CA Lynn', 'RV Uthappa', 'N Rana', 'KD Karthik', 'AD Russell', 'Shubman Gill', 'Shivam Mavi', 'JPR Scantlebury-Searles', 'Kuldeep Yadav', 'M Prasidh Krishna']",AK Chaudhary,HDPK Dharmasena
1136608,Indore,14-05-2018,2018,48,Kings XI Punjab,Royal Challengers Bangalore,Holkar Cricket Stadium,Royal Challengers Bangalore,field,N,Royal Challengers Bangalore,Wickets,10.0,,UT Yadav,"['KL Rahul', 'CH Gayle', 'KK Nair', 'AJ Finch', 'MP Stoinis', 'MA Agarwal', 'AR Patel', 'R Ashwin', 'AJ Tye', 'MM Sharma', 'AS Rajpoot']","['V Kohli', 'PA Patel', 'MM Ali', 'AB de Villiers', 'Mandeep Singh', 'SN Khan', 'C de Grandhomme', 'TG Southee', 'UT Yadav', 'Mohammed Siraj', 'YS Chahal']",BNJ Oxenford,VK Sharma
1136607,Mumbai,13-05-2018,2018,47,Mumbai Indians,Rajasthan Royals,Wankhede Stadium,Rajasthan Royals,field,N,Rajasthan Royals,Wickets,7.0,,JC Buttler,"['SA Yadav', 'E Lewis', 'RG Sharma', 'Ishan Kishan', 'HH Pandya', 'KH Pandya', 'BCJ Cutting', 'JP Duminy', 'MJ McClenaghan', 'M Markande', 'JJ Bumrah']","['DJM Short', 'JC Buttler', 'AM Rahane', 'SV Samson', 'BA Stokes', 'STR Binny', 'JC Archer', 'K Gowtham', 'S Gopal', 'JD Unadkat', 'DS Kulkarni']",Nitin Menon,S Ravi
1136606,Pune,13-05-2018,2018,46,Sunrisers Hyderabad,Chennai Super Kings,Maharashtra Cricket Association Stadium,Chennai Super Kings,field,N,Chennai Super Kings,Wickets,8.0,,AT Rayudu,"['S Dhawan', 'AD Hales', 'KS Williamson', 'MK Pandey', 'DJ Hooda', 'Shakib Al Hasan', 'SP Goswami', 'Rashid Khan', 'B Kumar', 'S Kaul', 'Sandeep Sharma']","['SR Watson', 'AT Rayudu', 'SK Raina', 'MS Dhoni', 'SW Billings', 'DJ Bravo', 'RA Jadeja', 'DJ Willey', 'Harbhajan Singh', 'DL Chahar', 'SN Thakur']",M Erasmus,YC Barde
1136605,Delhi,12-05-2018,2018,45,Delhi Daredevils,Royal Challengers Bangalore,Arun Jaitley Stadium,Royal Challengers Bangalore,field,N,Royal Challengers Bangalore,Wickets,5.0,,AB de Villiers,"['PP Shaw', 'JJ Roy', 'SS Iyer', 'RR Pant', 'V Shankar', 'Abhishek Sharma', 'HV Patel', 'A Mishra', 'S Lamichhane', 'CJ Dala', 'TA Boult']","['PA Patel', 'MM Ali', 'V Kohli', 'AB de Villiers', 'Mandeep Singh', 'SN Khan', 'C de Grandhomme', 'TG Southee', 'UT Yadav', 'Mohammed Siraj', 'YS Chahal']",KN Ananthapadmanabhan,HDPK Dharmasena
1136604,Indore,12-05-2018,2018,44,Kolkata Knight Riders,Kings XI Punjab,Holkar Cricket Stadium,Kings XI Punjab,field,N,Kolkata Knight Riders,Runs,31.0,,SP Narine,"['CA Lynn', 'SP Narine', 'RV Uthappa', 'AD Russell', 'KD Karthik', 'N Rana', 'Shubman Gill', 'JPR Scantlebury-Searles', 'PP Chawla', 'Kuldeep Yadav', 'M Prasidh Krishna']","['KL Rahul', 'CH Gayle', 'MA Agarwal', 'KK Nair', 'AJ Finch', 'AR Patel', 'R Ashwin', 'AJ Tye', 'BB Sran', 'MM Sharma', 'Mujeeb Ur Rahman']",CK Nandan,VK Sharma
1136603,Jaipur,11-05-2018,2018,43,Chennai Super Kings,Rajasthan Royals,Sawai Mansingh Stadium,Chennai Super Kings,bat,N,Rajasthan Royals,Wickets,4.0,,JC Buttler,"['SR Watson', 'AT Rayudu', 'SK Raina', 'MS Dhoni', 'SW Billings', 'DJ Bravo', 'RA Jadeja', 'DJ Willey', 'Harbhajan Singh', 'SN Thakur', 'KV Sharma']","['JC Buttler', 'BA Stokes', 'AM Rahane', 'SV Samson', 'P Chopra', 'STR Binny', 'K Gowtham', 'JC Archer', 'Ankit Sharma', 'JD Unadkat', 'IS Sodhi']",M Erasmus,YC Barde
1136602,Delhi,10-05-2018,2018,42,Delhi Daredevils,Sunrisers Hyderabad,Arun Jaitley Stadium,Delhi Daredevils,bat,N,Sunrisers Hyderabad,Wickets,9.0,,S Dhawan,"['PP Shaw', 'JJ Roy', 'SS Iyer', 'RR Pant', 'HV Patel', 'GJ Maxwell', 'V Shankar', 'LE Plunkett', 'S Nadeem', 'A Mishra', 'TA Boult']","['AD Hales', 'S Dhawan', 'KS Williamson', 'MK Pandey', 'Shakib Al Hasan', 'YK Pathan', 'SP Goswami', 'Rashid Khan', 'B Kumar', 'S Kaul', 'Sandeep Sharma']",AY Dandekar,C Shamshuddin
1136601,Kolkata,09-05-2018,2018,41,Mumbai Indians,Kolkata Knight Riders,Eden Gardens,Kolkata Knight Riders,field,N,Mumbai Indians,Runs,102.0,,Ishan Kishan,"['SA Yadav', 'E Lewis', 'RG Sharma', 'Ishan Kishan', 'HH Pandya', 'BCJ Cutting', 'KH Pandya', 'JP Duminy', 'MJ McClenaghan', 'M Markande', 'JJ Bumrah']","['SP Narine', 'CA Lynn', 'RV Uthappa', 'N Rana', 'AD Russell', 'KD Karthik', 'RK Singh', 'TK Curran', 'PP Chawla', 'Kuldeep Yadav', 'M Prasidh Krishna']",KN Ananthapadmanabhan,AK Chaudhary
1136600,Jaipur,08-05-2018,2018,40,Rajasthan Royals,Kings XI Punjab,Sawai Mansingh Stadium,Rajasthan Royals,bat,N,Rajasthan Royals,Runs,15.0,,JC Buttler,"['AM Rahane', 'JC Buttler', 'K Gowtham', 'SV Samson', 'BA Stokes', 'STR Binny', 'MK Lomror', 'JC Archer', 'JD Unadkat', 'IS Sodhi', 'Anureet Singh']","['KL Rahul', 'CH Gayle', 'R Ashwin', 'KK Nair', 'AD Nath', 'MK Tiwary', 'AR Patel', 'MP Stoinis', 'AJ Tye', 'MM Sharma', 'Mujeeb Ur Rahman']",M Erasmus,Nitin Menon
1136599,Hyderabad,07-05-2018,2018,39,Sunrisers Hyderabad,Royal Challengers Bangalore,Rajiv Gandhi International Stadium,Royal Challengers Bangalore,field,N,Sunrisers Hyderabad,Runs,5.0,,KS Williamson,"['AD Hales', 'S Dhawan', 'KS Williamson', 'MK Pandey', 'Shakib Al Hasan', 'YK Pathan', 'WP Saha', 'Rashid Khan', 'B Kumar', 'S Kaul', 'Sandeep Sharma']","['M Vohra', 'PA Patel', 'V Kohli', 'AB de Villiers', 'MM Ali', 'Mandeep Singh', 'C de Grandhomme', 'TG Southee', 'UT Yadav', 'Mohammed Siraj', 'YS Chahal']",BNJ Oxenford,VK Sharma
1136598,Indore,06-05-2018,2018,38,Rajasthan Royals,Kings XI Punjab,Holkar Cricket Stadium,Kings XI Punjab,field,N,Kings XI Punjab,Wickets,6.0,,Mujeeb Ur Rahman,"['JC Buttler', 'DJM Short', 'AM Rahane', 'SV Samson', 'BA Stokes', 'RA Tripathi', 'JC Archer', 'K Gowtham', 'S Gopal', 'JD Unadkat', 'Anureet Singh']","['KL Rahul', 'CH Gayle', 'MA Agarwal', 'KK Nair', 'AR Patel', 'MP Stoinis', 'MK Tiwary', 'R Ashwin', 'Mujeeb Ur Rahman', 'AS Rajpoot', 'AJ Tye']",C Shamshuddin,S Ravi
1136597,Mumbai,06-05-2018,2018,37,Mumbai Indians,Kolkata Knight Riders,Wankhede Stadium,Kolkata Knight Riders,field,N,Mumbai Indians,Runs,13.0,,HH Pandya,"['SA Yadav', 'E Lewis', 'RG Sharma', 'HH Pandya', 'KH Pandya', 'JP Duminy', 'Ishan Kishan', 'BCJ Cutting', 'MJ McClenaghan', 'M Markande', 'JJ Bumrah']","['CA Lynn', 'Shubman Gill', 'RV Uthappa', 'N Rana', 'KD Karthik', 'AD Russell', 'SP Narine', 'PP Chawla', 'MG Johnson', 'M Prasidh Krishna', 'Kuldeep Yadav']",A Deshmukh,HDPK Dharmasena
1136596,Hyderabad,05-05-2018,2018,36,Delhi Daredevils,Sunrisers Hyderabad,Rajiv Gandhi International Stadium,Delhi Daredevils,bat,N,Sunrisers Hyderabad,Wickets,7.0,,Rashid Khan,"['PP Shaw', 'GJ Maxwell', 'SS Iyer', 'RR Pant', 'NV Ojha', 'V Shankar', 'DT Christian', 'LE Plunkett', 'A Mishra', 'Avesh Khan', 'TA Boult']","['AD Hales', 'S Dhawan', 'KS Williamson', 'MK Pandey', 'YK Pathan', 'Shakib Al Hasan', 'WP Saha', 'B Kumar', 'Rashid Khan', 'S Kaul', 'Sandeep Sharma']",BNJ Oxenford,CK Nandan
1136595,Pune,05-05-2018,2018,35,Royal Challengers Bangalore,Chennai Super Kings,Maharashtra Cricket Association Stadium,Chennai Super Kings,field,N,Chennai Super Kings,Wickets,6.0,,RA Jadeja,"['PA Patel', 'BB McCullum', 'V Kohli', 'AB de Villiers', 'Mandeep Singh', 'C de Grandhomme', 'M Ashwin', 'TG Southee', 'UT Yadav', 'Mohammed Siraj', 'YS Chahal']","['SR Watson', 'AT Rayudu', 'SK Raina', 'DR Shorey', 'MS Dhoni', 'DJ Bravo', 'RA Jadeja', 'DJ Willey', 'Harbhajan Singh', 'L Ngidi', 'SN Thakur']",Nitin Menon,YC Barde
1136594,Indore,04-05-2018,2018,34,Kings XI Punjab,Mumbai Indians,Holkar Cricket Stadium,Mumbai Indians,field,N,Mumbai Indians,Wickets,6.0,,SA Yadav,"['KL Rahul', 'CH Gayle', 'Yuvraj Singh', 'KK Nair', 'AR Patel', 'MP Stoinis', 'MA Agarwal', 'R Ashwin', 'AJ Tye', 'Mujeeb Ur Rahman', 'AS Rajpoot']","['SA Yadav', 'E Lewis', 'Ishan Kishan', 'HH Pandya', 'RG Sharma', 'KH Pandya', 'JP Duminy', 'BCJ Cutting', 'MJ McClenaghan', 'M Markande', 'JJ Bumrah']",AY Dandekar,S Ravi
1136593,Kolkata,03-05-2018,2018,33,Chennai Super Kings,Kolkata Knight Riders,Eden Gardens,Kolkata Knight Riders,field,N,Kolkata Knight Riders,Wickets,6.0,,SP Narine,"['SR Watson', 'F du Plessis', 'SK Raina', 'AT Rayudu', 'MS Dhoni', 'RA Jadeja', 'KV Sharma', 'DJ Bravo', 'Harbhajan Singh', 'KM Asif', 'L Ngidi']","['CA Lynn', 'SP Narine', 'RV Uthappa', 'Shubman Gill', 'RK Singh', 'KD Karthik', 'AD Russell', 'Shivam Mavi', 'PP Chawla', 'MG Johnson', 'Kuldeep Yadav']",A Deshmukh,HDPK Dharmasena
1136592,Delhi,02-05-2018,2018,32,Delhi Daredevils,Rajasthan Royals,Arun Jaitley Stadium,Rajasthan Royals,field,N,Delhi Daredevils,Runs,4.0,D/L,RR Pant,"['PP Shaw', 'C Munro', 'SS Iyer', 'RR Pant', 'GJ Maxwell', 'V Shankar', 'LE Plunkett', 'A Mishra', 'S Nadeem', 'Avesh Khan', 'TA Boult']","['DJM Short', 'JC Buttler', 'SV Samson', 'BA Stokes', 'RA Tripathi', 'K Gowtham', 'JC Archer', 'AM Rahane', 'JD Unadkat', 'DS Kulkarni', 'S Gopal']",CK Nandan,VK Sharma
1136591,Bengaluru,01-05-2018,2018,31,Royal Challengers Bangalore,Mumbai Indians,M.Chinnaswamy Stadium,Mumbai Indians,field,N,Royal Challengers Bangalore,Runs,14.0,,TG Southee,"['M Vohra', 'Q de Kock', 'BB McCullum', 'V Kohli', 'Mandeep Singh', 'C de Grandhomme', 'Washington Sundar', 'TG Southee', 'UT Yadav', 'YS Chahal', 'Mohammed Siraj']","['SA Yadav', 'Ishan Kishan', 'JP Duminy', 'RG Sharma', 'KA Pollard', 'HH Pandya', 'KH Pandya', 'BCJ Cutting', 'MJ McClenaghan', 'M Markande', 'JJ Bumrah']",M Erasmus,Nitin Menon
1136590,Pune,30-04-2018,2018,30,Chennai Super Kings,Delhi Daredevils,Maharashtra Cricket Association Stadium,Delhi Daredevils,field,N,Chennai Super Kings,Runs,13.0,,SR Watson,"['SR Watson', 'F du Plessis', 'SK Raina', 'AT Rayudu', 'MS Dhoni', 'RA Jadeja', 'DJ Bravo', 'KV Sharma', 'Harbhajan Singh', 'KM Asif', 'L Ngidi']","['PP Shaw', 'C Munro', 'SS Iyer', 'RR Pant', 'GJ Maxwell', 'V Shankar', 'R Tewatia', 'LE Plunkett', 'A Mishra', 'Avesh Khan', 'TA Boult']",AY Dandekar,C Shamshuddin
1136588,Jaipur,29-04-2018,2018,28,Sunrisers Hyderabad,Rajasthan Royals,Sawai Mansingh Stadium,Sunrisers Hyderabad,bat,N,Sunrisers Hyderabad,Runs,11.0,,KS Williamson,"['AD Hales', 'S Dhawan', 'KS Williamson', 'MK Pandey', 'Shakib Al Hasan', 'YK Pathan', 'WP Saha', 'Rashid Khan', 'Basil Thampi', 'Sandeep Sharma', 'S Kaul']","['AM Rahane', 'RA Tripathi', 'SV Samson', 'BA Stokes', 'JC Buttler', 'MK Lomror', 'K Gowtham', 'JC Archer', 'DS Kulkarni', 'IS Sodhi', 'JD Unadkat']",BNJ Oxenford,A Nand Kishore
1136589,Bengaluru,29-04-2018,2018,29,Royal Challengers Bangalore,Kolkata Knight Riders,M.Chinnaswamy Stadium,Kolkata Knight Riders,field,N,Kolkata Knight Riders,Wickets,6.0,,CA Lynn,"['Q de Kock', 'BB McCullum', 'V Kohli', 'M Vohra', 'Mandeep Singh', 'C de Grandhomme', 'M Ashwin', 'TG Southee', 'UT Yadav', 'YS Chahal', 'Mohammed Siraj']","['CA Lynn', 'SP Narine', 'RV Uthappa', 'N Rana', 'AD Russell', 'KD Karthik', 'Shubman Gill', 'Shivam Mavi', 'PP Chawla', 'MG Johnson', 'Kuldeep Yadav']",AK Chaudhary,NJ Llong
1136587,Pune,28-04-2018,2018,27,Chennai Super Kings,Mumbai Indians,Maharashtra Cricket Association Stadium,Mumbai Indians,field,N,Mumbai Indians,Wickets,8.0,,RG Sharma,"['SR Watson', 'AT Rayudu', 'SK Raina', 'MS Dhoni', 'DJ Bravo', 'SW Billings', 'RA Jadeja', 'Harbhajan Singh', 'DL Chahar', 'SN Thakur', 'Imran Tahir']","['SA Yadav', 'E Lewis', 'RG Sharma', 'HH Pandya', 'Ishan Kishan', 'JP Duminy', 'KH Pandya', 'BCJ Cutting', 'MJ McClenaghan', 'M Markande', 'JJ Bumrah']",CB Gaffaney,Nitin Menon
1136586,Delhi,27-04-2018,2018,26,Delhi Daredevils,Kolkata Knight Riders,Arun Jaitley Stadium,Kolkata Knight Riders,field,N,Delhi Daredevils,Runs,55.0,,SS Iyer,"['PP Shaw', 'C Munro', 'SS Iyer', 'RR Pant', 'GJ Maxwell', 'V Shankar', 'R Tewatia', 'LE Plunkett', 'A Mishra', 'Avesh Khan', 'TA Boult']","['CA Lynn', 'SP Narine', 'RV Uthappa', 'N Rana', 'KD Karthik', 'Shubman Gill', 'AD Russell', 'Shivam Mavi', 'PP Chawla', 'MG Johnson', 'Kuldeep Yadav']",C Shamshuddin,S Ravi
1136585,Hyderabad,26-04-2018,2018,25,Sunrisers Hyderabad,Kings XI Punjab,Rajiv Gandhi International Stadium,Kings XI Punjab,field,N,Sunrisers Hyderabad,Runs,13.0,,AS Rajpoot,"['S Dhawan', 'KS Williamson', 'WP Saha', 'MK Pandey', 'Shakib Al Hasan', 'YK Pathan', 'Mohammad Nabi', 'Rashid Khan', 'Basil Thampi', 'S Kaul', 'Sandeep Sharma']","['KL Rahul', 'CH Gayle', 'MA Agarwal', 'KK Nair', 'AJ Finch', 'MK Tiwary', 'R Ashwin', 'AJ Tye', 'BB Sran', 'AS Rajpoot', 'Mujeeb Ur Rahman']",CK Nandan,YC Barde
1136584,Bengaluru,25-04-2018,2018,24,Royal Challengers Bangalore,Chennai Super Kings,M.Chinnaswamy Stadium,Chennai Super Kings,field,N,Chennai Super Kings,Wickets,5.0,,MS Dhoni,"['Q de Kock', 'V Kohli', 'AB de Villiers', 'CJ Anderson', 'Mandeep Singh', 'C de Grandhomme', 'P Negi', 'Washington Sundar', 'UT Yadav', 'Mohammed Siraj', 'YS Chahal']","['SR Watson', 'AT Rayudu', 'SK Raina', 'SW Billings', 'RA Jadeja', 'MS Dhoni', 'DJ Bravo', 'Harbhajan Singh', 'DL Chahar', 'SN Thakur', 'Imran Tahir']",NJ Llong,VK Sharma
1136583,Mumbai,24-04-2018,2018,23,Sunrisers Hyderabad,Mumbai Indians,Wankhede Stadium,Mumbai Indians,field,N,Sunrisers Hyderabad,Runs,31.0,,Rashid Khan,"['S Dhawan', 'KS Williamson', 'WP Saha', 'MK Pandey', 'Shakib Al Hasan', 'YK Pathan', 'Mohammad Nabi', 'Rashid Khan', 'Basil Thampi', 'S Kaul', 'Sandeep Sharma']","['SA Yadav', 'E Lewis', 'Ishan Kishan', 'RG Sharma', 'KH Pandya', 'KA Pollard', 'HH Pandya', 'MJ McClenaghan', 'M Markande', 'JJ Bumrah', 'Mustafizur Rahman']",C Shamshuddin,S Ravi
1136582,Delhi,23-04-2018,2018,22,Kings XI Punjab,Delhi Daredevils,Arun Jaitley Stadium,Delhi Daredevils,field,N,Kings XI Punjab,Runs,4.0,,AS Rajpoot,"['KL Rahul', 'AJ Finch', 'MA Agarwal', 'KK Nair', 'Yuvraj Singh', 'DA Miller', 'R Ashwin', 'AJ Tye', 'BB Sran', 'AS Rajpoot', 'Mujeeb Ur Rahman']","['PP Shaw', 'G Gambhir', 'GJ Maxwell', 'SS Iyer', 'RR Pant', 'DT Christian', 'R Tewatia', 'LE Plunkett', 'A Mishra', 'Avesh Khan', 'TA Boult']",A Nand Kishore,CK Nandan
1136581,Jaipur,22-04-2018,2018,21,Mumbai Indians,Rajasthan Royals,Sawai Mansingh Stadium,Mumbai Indians,bat,N,Rajasthan Royals,Wickets,3.0,,JC Archer,"['SA Yadav', 'E Lewis', 'Ishan Kishan', 'KA Pollard', 'RG Sharma', 'KH Pandya', 'HH Pandya', 'MJ McClenaghan', 'M Markande', 'JJ Bumrah', 'Mustafizur Rahman']","['AM Rahane', 'RA Tripathi', 'SV Samson', 'BA Stokes', 'JC Buttler', 'H Klaasen', 'JC Archer', 'K Gowtham', 'JD Unadkat', 'DS Kulkarni', 'S Gopal']",KN Ananthapadmanabhan,RJ Tucker
1136580,Hyderabad,22-04-2018,2018,20,Chennai Super Kings,Sunrisers Hyderabad,Rajiv Gandhi International Stadium,Sunrisers Hyderabad,field,N,Chennai Super Kings,Runs,4.0,,AT Rayudu,"['SR Watson', 'F du Plessis', 'SK Raina', 'AT Rayudu', 'MS Dhoni', 'SW Billings', 'DJ Bravo', 'RA Jadeja', 'DL Chahar', 'KV Sharma', 'SN Thakur']","['RK Bhui', 'KS Williamson', 'MK Pandey', 'DJ Hooda', 'Shakib Al Hasan', 'YK Pathan', 'WP Saha', 'Rashid Khan', 'B Kumar', 'B Stanlake', 'S Kaul']",AK Chaudhary,VA Kulkarni
1136579,Bengaluru,21-04-2018,2018,19,Delhi Daredevils,Royal Challengers Bangalore,M.Chinnaswamy Stadium,Royal Challengers Bangalore,field,N,Royal Challengers Bangalore,Wickets,6.0,,AB de Villiers,"['JJ Roy', 'G Gambhir', 'SS Iyer', 'RR Pant', 'GJ Maxwell', 'R Tewatia', 'CH Morris', 'V Shankar', 'S Nadeem', 'HV Patel', 'TA Boult']","['Q de Kock', 'M Vohra', 'V Kohli', 'AB de Villiers', 'CJ Anderson', 'Mandeep Singh', 'Washington Sundar', 'CR Woakes', 'UT Yadav', 'Mohammed Siraj', 'YS Chahal']",CB Gaffaney,CK Nandan
1136578,Kolkata,21-04-2018,2018,18,Kolkata Knight Riders,Kings XI Punjab,Eden Gardens,Kings XI Punjab,field,N,Kings XI Punjab,Wickets,9.0,D/L,KL Rahul,"['CA Lynn', 'SP Narine', 'RV Uthappa', 'N Rana', 'KD Karthik', 'AD Russell', 'Shubman Gill', 'TK Curran', 'PP Chawla', 'Shivam Mavi', 'Kuldeep Yadav']","['KL Rahul', 'CH Gayle', 'MA Agarwal', 'KK Nair', 'AJ Finch', 'Yuvraj Singh', 'R Ashwin', 'AJ Tye', 'BB Sran', 'Mujeeb Ur Rahman', 'AS Rajpoot']",A Deshmukh,C Shamshuddin
1136577,Pune,20-04-2018,2018,17,Chennai Super Kings,Rajasthan Royals,Maharashtra Cricket Association Stadium,Rajasthan Royals,field,N,Chennai Super Kings,Runs,64.0,,SR Watson,"['SR Watson', 'AT Rayudu', 'SK Raina', 'MS Dhoni', 'SW Billings', 'DJ Bravo', 'RA Jadeja', 'DL Chahar', 'KV Sharma', 'SN Thakur', 'Imran Tahir']","['AM Rahane', 'H Klaasen', 'SV Samson', 'BA Stokes', 'JC Buttler', 'RA Tripathi', 'STR Binny', 'K Gowtham', 'S Gopal', 'JD Unadkat', 'B Laughlin']",KN Ananthapadmanabhan,Nitin Menon
1136576,Chandigarh,19-04-2018,2018,16,Kings XI Punjab,Sunrisers Hyderabad,Punjab Cricket Association IS Bindra Stadium,Kings XI Punjab,bat,N,Kings XI Punjab,Runs,15.0,,CH Gayle,"['KL Rahul', 'CH Gayle', 'MA Agarwal', 'KK Nair', 'AJ Finch', 'Yuvraj Singh', 'R Ashwin', 'AJ Tye', 'BB Sran', 'MM Sharma', 'Mujeeb Ur Rahman']","['WP Saha', 'S Dhawan', 'KS Williamson', 'YK Pathan', 'MK Pandey', 'DJ Hooda', 'Shakib Al Hasan', 'CJ Jordan', 'B Kumar', 'Rashid Khan', 'S Kaul']",AK Chaudhary,NJ Llong
1136575,Jaipur,18-04-2018,2018,15,Rajasthan Royals,Kolkata Knight Riders,Sawai Mansingh Stadium,Kolkata Knight Riders,field,N,Kolkata Knight Riders,Wickets,7.0,,N Rana,"['AM Rahane', 'DJM Short', 'SV Samson', 'RA Tripathi', 'BA Stokes', 'JC Buttler', 'K Gowtham', 'S Gopal', 'DS Kulkarni', 'JD Unadkat', 'B Laughlin']","['SP Narine', 'CA Lynn', 'RV Uthappa', 'N Rana', 'KD Karthik', 'AD Russell', 'Shubman Gill', 'TK Curran', 'PP Chawla', 'Shivam Mavi', 'Kuldeep Yadav']",A Deshmukh,S Ravi
1136574,Mumbai,17-04-2018,2018,14,Mumbai Indians,Royal Challengers Bangalore,Wankhede Stadium,Royal Challengers Bangalore,field,N,Mumbai Indians,Runs,46.0,,RG Sharma,"['SA Yadav', 'E Lewis', 'Ishan Kishan', 'RG Sharma', 'KH Pandya', 'KA Pollard', 'HH Pandya', 'MJ McClenaghan', 'M Markande', 'JJ Bumrah', 'Mustafizur Rahman']","['V Kohli', 'Q de Kock', 'AB de Villiers', 'Mandeep Singh', 'CJ Anderson', 'Washington Sundar', 'SN Khan', 'CR Woakes', 'UT Yadav', 'Mohammed Siraj', 'YS Chahal']",Nitin Menon,RJ Tucker
1136573,Kolkata,16-04-2018,2018,13,Kolkata Knight Riders,Delhi Daredevils,Eden Gardens,Delhi Daredevils,field,N,Kolkata Knight Riders,Runs,71.0,,N Rana,"['CA Lynn', 'SP Narine', 'RV Uthappa', 'N Rana', 'KD Karthik', 'AD Russell', 'Shubman Gill', 'TK Curran', 'PP Chawla', 'Shivam Mavi', 'Kuldeep Yadav']","['G Gambhir', 'JJ Roy', 'SS Iyer', 'RR Pant', 'GJ Maxwell', 'R Tewatia', 'V Shankar', 'CH Morris', 'Mohammed Shami', 'S Nadeem', 'TA Boult']",AK Chaudhary,A Nand Kishore
1136572,Chandigarh,15-04-2018,2018,12,Kings XI Punjab,Chennai Super Kings,Punjab Cricket Association IS Bindra Stadium,Chennai Super Kings,field,N,Kings XI Punjab,Runs,4.0,,CH Gayle,"['KL Rahul', 'CH Gayle', 'MA Agarwal', 'Yuvraj Singh', 'AJ Finch', 'KK Nair', 'R Ashwin', 'AJ Tye', 'BB Sran', 'MM Sharma', 'Mujeeb Ur Rahman']","['SR Watson', 'M Vijay', 'AT Rayudu', 'SW Billings', 'MS Dhoni', 'RA Jadeja', 'DJ Bravo', 'DL Chahar', 'Harbhajan Singh', 'SN Thakur', 'Imran Tahir']",CK Nandan,VA Kulkarni
1136571,Bengaluru,15-04-2018,2018,11,Rajasthan Royals,Royal Challengers Bangalore,M.Chinnaswamy Stadium,Royal Challengers Bangalore,field,N,Rajasthan Royals,Runs,19.0,,SV Samson,"['AM Rahane', 'DJM Short', 'SV Samson', 'BA Stokes', 'JC Buttler', 'RA Tripathi', 'K Gowtham', 'S Gopal', 'DS Kulkarni', 'JD Unadkat', 'B Laughlin']","['BB McCullum', 'Q de Kock', 'V Kohli', 'AB de Villiers', 'Mandeep Singh', 'P Negi', 'Washington Sundar', 'CR Woakes', 'UT Yadav', 'K Khejroliya', 'YS Chahal']",C Shamshuddin,S Ravi
1136570,Kolkata,14-04-2018,2018,10,Kolkata Knight Riders,Sunrisers Hyderabad,Eden Gardens,Sunrisers Hyderabad,field,N,Sunrisers Hyderabad,Wickets,5.0,,B Stanlake,"['RV Uthappa', 'CA Lynn', 'N Rana', 'SP Narine', 'KD Karthik', 'AD Russell', 'Shubman Gill', 'Shivam Mavi', 'MG Johnson', 'PP Chawla', 'Kuldeep Yadav']","['WP Saha', 'S Dhawan', 'KS Williamson', 'MK Pandey', 'Shakib Al Hasan', 'DJ Hooda', 'YK Pathan', 'B Kumar', 'Rashid Khan', 'S Kaul', 'B Stanlake']",AK Chaudhary,A Nand Kishore
1136569,Mumbai,14-04-2018,2018,9,Mumbai Indians,Delhi Daredevils,Wankhede Stadium,Delhi Daredevils,field,N,Delhi Daredevils,Wickets,7.0,,JJ Roy,"['SA Yadav', 'E Lewis', 'Ishan Kishan', 'RG Sharma', 'KA Pollard', 'KH Pandya', 'HH Pandya', 'A Dananjaya', 'M Markande', 'JJ Bumrah', 'Mustafizur Rahman']","['JJ Roy', 'G Gambhir', 'RR Pant', 'GJ Maxwell', 'SS Iyer', 'V Shankar', 'DT Christian', 'R Tewatia', 'S Nadeem', 'Mohammed Shami', 'TA Boult']",KN Ananthapadmanabhan,Nitin Menon
1136568,Bengaluru,13-04-2018,2018,8,Kings XI Punjab,Royal Challengers Bangalore,M.Chinnaswamy Stadium,Royal Challengers Bangalore,field,N,Royal Challengers Bangalore,Wickets,4.0,,UT Yadav,"['KL Rahul', 'MA Agarwal', 'AJ Finch', 'Yuvraj Singh', 'KK Nair', 'MP Stoinis', 'AR Patel', 'R Ashwin', 'AJ Tye', 'MM Sharma', 'Mujeeb Ur Rahman']","['Q de Kock', 'BB McCullum', 'V Kohli', 'AB de Villiers', 'SN Khan', 'Mandeep Singh', 'CR Woakes', 'Washington Sundar', 'UT Yadav', 'K Khejroliya', 'YS Chahal']",A Deshmukh,S Ravi
1136567,Hyderabad,12-04-2018,2018,7,Mumbai Indians,Sunrisers Hyderabad,Rajiv Gandhi International Stadium,Sunrisers Hyderabad,field,N,Sunrisers Hyderabad,Wickets,1.0,,Rashid Khan,"['RG Sharma', 'E Lewis', 'Ishan Kishan', 'SA Yadav', 'KH Pandya', 'KA Pollard', 'BCJ Cutting', 'PJ Sangwan', 'M Markande', 'JJ Bumrah', 'Mustafizur Rahman']","['WP Saha', 'S Dhawan', 'KS Williamson', 'MK Pandey', 'Shakib Al Hasan', 'DJ Hooda', 'YK Pathan', 'Rashid Khan', 'S Kaul', 'Sandeep Sharma', 'B Stanlake']",CK Nandan,NJ Llong
1136566,Jaipur,11-04-2018,2018,6,Rajasthan Royals,Delhi Daredevils,Sawai Mansingh Stadium,Delhi Daredevils,field,N,Rajasthan Royals,Runs,10.0,D/L,SV Samson,"['AM Rahane', 'DJM Short', 'BA Stokes', 'SV Samson', 'JC Buttler', 'RA Tripathi', 'K Gowtham', 'S Gopal', 'DS Kulkarni', 'JD Unadkat', 'B Laughlin']","['GJ Maxwell', 'C Munro', 'RR Pant', 'CH Morris', 'V Shankar', 'SS Iyer', 'G Gambhir', 'R Tewatia', 'S Nadeem', 'TA Boult', 'Mohammed Shami']",KN Ananthapadmanabhan,Nitin Menon
1136565,Chennai,10-04-2018,2018,5,Kolkata Knight Riders,Chennai Super Kings,MA Chidambaram Stadium,Chennai Super Kings,field,N,Chennai Super Kings,Wickets,5.0,,SW Billings,"['CA Lynn', 'SP Narine', 'RV Uthappa', 'N Rana', 'KD Karthik', 'RK Singh', 'AD Russell', 'TK Curran', 'R Vinay Kumar', 'Kuldeep Yadav', 'PP Chawla']","['SR Watson', 'AT Rayudu', 'SK Raina', 'MS Dhoni', 'SW Billings', 'RA Jadeja', 'DJ Bravo', 'DL Chahar', 'Harbhajan Singh', 'SN Thakur', 'Imran Tahir']",AK Chaudhary,CB Gaffaney
1136564,Hyderabad,09-04-2018,2018,4,Rajasthan Royals,Sunrisers Hyderabad,Rajiv Gandhi International Stadium,Sunrisers Hyderabad,field,N,Sunrisers Hyderabad,Wickets,9.0,,S Dhawan,"['AM Rahane', 'DJM Short', 'SV Samson', 'BA Stokes', 'RA Tripathi', 'JC Buttler', 'K Gowtham', 'S Gopal', 'DS Kulkarni', 'JD Unadkat', 'B Laughlin']","['WP Saha', 'S Dhawan', 'KS Williamson', 'MK Pandey', 'DJ Hooda', 'YK Pathan', 'Shakib Al Hasan', 'Rashid Khan', 'B Kumar', 'B Stanlake', 'S Kaul']",NJ Llong,VA Kulkarni
1136562,Chandigarh,08-04-2018,2018,2,Delhi Daredevils,Kings XI Punjab,Punjab Cricket Association IS Bindra Stadium,Kings XI Punjab,field,N,Kings XI Punjab,Wickets,6.0,,KL Rahul,"['C Munro', 'G Gambhir', 'SS Iyer', 'V Shankar', 'RR Pant', 'R Tewatia', 'CH Morris', 'DT Christian', 'A Mishra', 'TA Boult', 'Mohammed Shami']","['KL Rahul', 'MA Agarwal', 'Yuvraj Singh', 'KK Nair', 'DA Miller', 'MP Stoinis', 'AR Patel', 'R Ashwin', 'AJ Tye', 'MM Sharma', 'Mujeeb Ur Rahman']",KN Ananthapadmanabhan,RJ Tucker
1136563,Kolkata,08-04-2018,2018,3,Royal Challengers Bangalore,Kolkata Knight Riders,Eden Gardens,Kolkata Knight Riders,field,N,Kolkata Knight Riders,Wickets,4.0,,SP Narine,"['BB McCullum', 'Q de Kock', 'V Kohli', 'AB de Villiers', 'SN Khan', 'Mandeep Singh', 'CR Woakes', 'Washington Sundar', 'UT Yadav', 'K Khejroliya', 'YS Chahal']","['SP Narine', 'CA Lynn', 'RV Uthappa', 'N Rana', 'KD Karthik', 'RK Singh', 'AD Russell', 'R Vinay Kumar', 'PP Chawla', 'MG Johnson', 'Kuldeep Yadav']",A Deshmukh,C Shamshuddin
1136561,Mumbai,07-04-2018,2018,1,Mumbai Indians,Chennai Super Kings,Wankhede Stadium,Chennai Super Kings,field,N,Chennai Super Kings,Wickets,1.0,,DJ Bravo,"['RG Sharma', 'E Lewis', 'Ishan Kishan', 'SA Yadav', 'HH Pandya', 'KH Pandya', 'KA Pollard', 'JJ Bumrah', 'MJ McClenaghan', 'Mustafizur Rahman', 'M Markande']","['SR Watson', 'AT Rayudu', 'SK Raina', 'KM Jadhav', 'MS Dhoni', 'RA Jadeja', 'DJ Bravo', 'DL Chahar', 'Harbhajan Singh', 'MA Wood', 'Imran Tahir']",CB Gaffaney,A Nand Kishore
1082650,Hyderabad,21-05-2017,2017,Final,Mumbai Indians,Rising Pune Supergiant,"Rajiv Gandhi International Stadium, Uppal",Mumbai Indians,bat,N,Mumbai Indians,Runs,1.0,,KH Pandya,"['LMP Simmons', 'PA Patel', 'AT Rayudu', 'RG Sharma', 'KH Pandya', 'KA Pollard', 'HH Pandya', 'KV Sharma', 'MG Johnson', 'JJ Bumrah', 'SL Malinga']","['AM Rahane', 'RA Tripathi', 'SPD Smith', 'MS Dhoni', 'MK Tiwary', 'DT Christian', 'Washington Sundar', 'LH Ferguson', 'A Zampa', 'SN Thakur', 'JD Unadkat']",NJ Llong,S Ravi
1082649,Bangalore,19-05-2017,2017,Qualifier 2,Mumbai Indians,Kolkata Knight Riders,M Chinnaswamy Stadium,Mumbai Indians,field,N,Mumbai Indians,Wickets,6.0,,KV Sharma,"['LMP Simmons', 'PA Patel', 'AT Rayudu', 'RG Sharma', 'KH Pandya', 'KA Pollard', 'HH Pandya', 'MG Johnson', 'KV Sharma', 'JJ Bumrah', 'SL Malinga']","['CA Lynn', 'SP Narine', 'G Gambhir', 'RV Uthappa', 'IR Jaggi', 'C de Grandhomme', 'SA Yadav', 'PP Chawla', 'NM Coulter-Nile', 'UT Yadav', 'AS Rajpoot']",NJ Llong,Nitin Menon
1082648,Bangalore,17-05-2017,2017,Eliminator,Sunrisers Hyderabad,Kolkata Knight Riders,M Chinnaswamy Stadium,Kolkata Knight Riders,field,N,Kolkata Knight Riders,Wickets,7.0,D/L,NM Coulter-Nile,"['DA Warner', 'S Dhawan', 'KS Williamson', 'Yuvraj Singh', 'V Shankar', 'NV Ojha', 'CJ Jordan', 'Bipul Sharma', 'B Kumar', 'Rashid Khan', 'S Kaul']","['RV Uthappa', 'CA Lynn', 'YK Pathan', 'G Gambhir', 'IR Jaggi', 'SA Yadav', 'SP Narine', 'PP Chawla', 'UT Yadav', 'NM Coulter-Nile', 'TA Boult']",AK Chaudhary,Nitin Menon
1082647,Mumbai,16-05-2017,2017,Qualifier 1,Mumbai Indians,Rising Pune Supergiant,Wankhede Stadium,Mumbai Indians,field,N,Rising Pune Supergiant,Runs,20.0,,Washington Sundar,"['LMP Simmons', 'PA Patel', 'RG Sharma', 'AT Rayudu', 'KA Pollard', 'HH Pandya', 'KH Pandya', 'MJ McClenaghan', 'KV Sharma', 'JJ Bumrah', 'SL Malinga']","['AM Rahane', 'RA Tripathi', 'SPD Smith', 'MK Tiwary', 'MS Dhoni', 'DT Christian', 'Washington Sundar', 'LH Ferguson', 'A Zampa', 'SN Thakur', 'JD Unadkat']",S Ravi,C Shamshuddin
1082646,Delhi,14-05-2017,2017,56,Delhi Daredevils,Royal Challengers Bangalore,Feroz Shah Kotla,Royal Challengers Bangalore,bat,N,Royal Challengers Bangalore,Runs,10.0,,HV Patel,"['SV Samson', 'KK Nair', 'SS Iyer', 'RR Pant', 'MN Samuels', 'CJ Anderson', 'PJ Cummins', 'A Mishra', 'Mohammed Shami', 'S Nadeem', 'Z Khan']","['CH Gayle', 'Vishnu Vinod', 'V Kohli', 'TM Head', 'KM Jadhav', 'Sachin Baby', 'SR Watson', 'P Negi', 'HV Patel', 'Avesh Khan', 'YS Chahal']",CK Nandan,C Shamshuddin
1082645,Pune,14-05-2017,2017,55,Rising Pune Supergiant,Kings XI Punjab,Maharashtra Cricket Association Stadium,Rising Pune Supergiant,field,N,Rising Pune Supergiant,Wickets,9.0,,JD Unadkat,"['AM Rahane', 'RA Tripathi', 'SPD Smith', 'BA Stokes', 'MK Tiwary', 'MS Dhoni', 'DT Christian', 'Washington Sundar', 'SN Thakur', 'JD Unadkat', 'A Zampa']","['MJ Guptill', 'WP Saha', 'SE Marsh', 'EJG Morgan', 'R Tewatia', 'GJ Maxwell', 'AR Patel', 'Swapnil Singh', 'MM Sharma', 'I Sharma', 'Sandeep Sharma']",AY Dandekar,A Deshmukh
1082644,Kolkata,13-05-2017,2017,54,Kolkata Knight Riders,Mumbai Indians,Eden Gardens,Kolkata Knight Riders,field,N,Mumbai Indians,Runs,9.0,,AT Rayudu,"['SP Narine', 'CA Lynn', 'G Gambhir', 'RV Uthappa', 'MK Pandey', 'YK Pathan', 'C de Grandhomme', 'Kuldeep Yadav', 'UT Yadav', 'TA Boult', 'AS Rajpoot']","['SS Tiwary', 'LMP Simmons', 'RG Sharma', 'AT Rayudu', 'KA Pollard', 'HH Pandya', 'KH Pandya', 'KV Sharma', 'MG Johnson', 'R Vinay Kumar', 'TG Southee']",A Nand Kishore,S Ravi
1082643,Kanpur,13-05-2017,2017,53,Gujarat Lions,Sunrisers Hyderabad,Green Park,Sunrisers Hyderabad,field,N,Sunrisers Hyderabad,Wickets,8.0,,Mohammed Siraj,"['DR Smith', 'Ishan Kishan', 'SK Raina', 'KD Karthik', 'AJ Finch', 'RA Jadeja', 'JP Faulkner', 'PJ Sangwan', 'Ankit Soni', 'P Kumar', 'MM Patel']","['DA Warner', 'S Dhawan', 'MC Henriques', 'V Shankar', 'DJ Hooda', 'Mohammad Nabi', 'NV Ojha', 'B Kumar', 'Rashid Khan', 'S Kaul', 'Mohammed Siraj']",AK Chaudhary,Nitin Menon
1082642,Delhi,12-05-2017,2017,52,Delhi Daredevils,Rising Pune Supergiant,Feroz Shah Kotla,Delhi Daredevils,bat,N,Delhi Daredevils,Runs,7.0,,KK Nair,"['SV Samson', 'KK Nair', 'SS Iyer', 'RR Pant', 'MN Samuels', 'CJ Anderson', 'PJ Cummins', 'A Mishra', 'Mohammed Shami', 'S Nadeem', 'Z Khan']","['AM Rahane', 'RA Tripathi', 'SPD Smith', 'MK Tiwary', 'BA Stokes', 'MS Dhoni', 'DT Christian', 'Washington Sundar', 'SN Thakur', 'JD Unadkat', 'A Zampa']",KN Ananthapadmanabhan,CK Nandan
1082641,Mumbai,11-05-2017,2017,51,Mumbai Indians,Kings XI Punjab,Wankhede Stadium,Mumbai Indians,field,N,Kings XI Punjab,Runs,7.0,,WP Saha,"['LMP Simmons', 'PA Patel', 'N Rana', 'RG Sharma', 'KA Pollard', 'HH Pandya', 'KV Sharma', 'Harbhajan Singh', 'MJ McClenaghan', 'JJ Bumrah', 'SL Malinga']","['MJ Guptill', 'WP Saha', 'GJ Maxwell', 'SE Marsh', 'AR Patel', 'M Vohra', 'R Tewatia', 'MM Sharma', 'Sandeep Sharma', 'I Sharma', 'MJ Henry']",A Deshmukh,A Nand Kishore
1082640,Kanpur,10-05-2017,2017,50,Gujarat Lions,Delhi Daredevils,Green Park,Delhi Daredevils,field,N,Delhi Daredevils,Wickets,2.0,,SS Iyer,"['DR Smith', 'Ishan Kishan', 'SK Raina', 'KD Karthik', 'AJ Finch', 'RA Jadeja', 'JP Faulkner', 'DS Kulkarni', 'PJ Sangwan', 'Basil Thampi', 'Ankit Soni']","['SV Samson', 'KK Nair', 'RR Pant', 'SS Iyer', 'MN Samuels', 'CJ Anderson', 'CR Brathwaite', 'PJ Cummins', 'Mohammed Shami', 'A Mishra', 'Z Khan']",YC Barde,AK Chaudhary
1082639,Chandigarh,09-05-2017,2017,49,Kings XI Punjab,Kolkata Knight Riders,"Punjab Cricket Association IS Bindra Stadium, Mohali",Kolkata Knight Riders,field,N,Kings XI Punjab,Runs,14.0,,MM Sharma,"['MJ Guptill', 'M Vohra', 'SE Marsh', 'WP Saha', 'GJ Maxwell', 'AR Patel', 'Swapnil Singh', 'R Tewatia', 'MJ Henry', 'MM Sharma', 'Sandeep Sharma']","['SP Narine', 'CA Lynn', 'G Gambhir', 'RV Uthappa', 'MK Pandey', 'C de Grandhomme', 'YK Pathan', 'CR Woakes', 'UT Yadav', 'Kuldeep Yadav', 'AS Rajpoot']",A Nand Kishore,S Ravi
1082638,Hyderabad,08-05-2017,2017,48,Sunrisers Hyderabad,Mumbai Indians,"Rajiv Gandhi International Stadium, Uppal",Mumbai Indians,bat,N,Sunrisers Hyderabad,Wickets,7.0,,S Dhawan,"['DA Warner', 'S Dhawan', 'MC Henriques', 'Yuvraj Singh', 'V Shankar', 'Mohammad Nabi', 'NV Ojha', 'B Kumar', 'Rashid Khan', 'S Kaul', 'Mohammed Siraj']","['LMP Simmons', 'PA Patel', 'N Rana', 'RG Sharma', 'HH Pandya', 'KA Pollard', 'KV Sharma', 'Harbhajan Singh', 'MJ McClenaghan', 'JJ Bumrah', 'SL Malinga']",KN Ananthapadmanabhan,M Erasmus
1082636,Bangalore,07-05-2017,2017,46,Royal Challengers Bangalore,Kolkata Knight Riders,M Chinnaswamy Stadium,Kolkata Knight Riders,field,N,Kolkata Knight Riders,Wickets,6.0,,SP Narine,"['CH Gayle', 'Mandeep Singh', 'V Kohli', 'AB de Villiers', 'TM Head', 'KM Jadhav', 'P Negi', 'S Aravind', 'S Badree', 'A Choudhary', 'YS Chahal']","['CA Lynn', 'SP Narine', 'C de Grandhomme', 'G Gambhir', 'MK Pandey', 'YK Pathan', 'SP Jackson', 'CR Woakes', 'UT Yadav', 'PP Chawla', 'AS Rajpoot']",AY Dandekar,C Shamshuddin
1082637,Chandigarh,07-05-2017,2017,47,Kings XI Punjab,Gujarat Lions,"Punjab Cricket Association IS Bindra Stadium, Mohali",Gujarat Lions,field,N,Gujarat Lions,Wickets,6.0,,DR Smith,"['MJ Guptill', 'HM Amla', 'SE Marsh', 'GJ Maxwell', 'AR Patel', 'WP Saha', 'Gurkeerat Singh', 'MM Sharma', 'Sandeep Sharma', 'VR Aaron', 'T Natarajan']","['DR Smith', 'Ishan Kishan', 'SK Raina', 'KD Karthik', 'AJ Finch', 'RA Jadeja', 'JP Faulkner', 'DS Kulkarni', 'PJ Sangwan', 'Basil Thampi', 'Ankit Soni']",A Nand Kishore,VK Sharma
1082635,Delhi,06-05-2017,2017,45,Delhi Daredevils,Mumbai Indians,Feroz Shah Kotla,Delhi Daredevils,field,N,Mumbai Indians,Runs,146.0,,LMP Simmons,"['SV Samson', 'KK Nair', 'SS Iyer', 'RR Pant', 'CJ Anderson', 'MN Samuels', 'PJ Cummins', 'K Rabada', 'A Mishra', 'Mohammed Shami', 'Z Khan']","['LMP Simmons', 'PA Patel', 'KA Pollard', 'RG Sharma', 'HH Pandya', 'N Rana', 'KV Sharma', 'Harbhajan Singh', 'MJ McClenaghan', 'SL Malinga', 'JJ Bumrah']",Nitin Menon,CK Nandan
1082634,Hyderabad,06-05-2017,2017,44,Sunrisers Hyderabad,Rising Pune Supergiant,"Rajiv Gandhi International Stadium, Uppal",Sunrisers Hyderabad,field,N,Rising Pune Supergiant,Runs,12.0,,JD Unadkat,"['DA Warner', 'S Dhawan', 'KS Williamson', 'Yuvraj Singh', 'MC Henriques', 'NV Ojha', 'Bipul Sharma', 'Rashid Khan', 'B Kumar', 'S Kaul', 'A Nehra']","['AM Rahane', 'RA Tripathi', 'SPD Smith', 'BA Stokes', 'MS Dhoni', 'DT Christian', 'MK Tiwary', 'Washington Sundar', 'SN Thakur', 'JD Unadkat', 'Imran Tahir']",KN Ananthapadmanabhan,AK Chaudhary
1082633,Bangalore,05-05-2017,2017,43,Royal Challengers Bangalore,Kings XI Punjab,M Chinnaswamy Stadium,Royal Challengers Bangalore,field,N,Kings XI Punjab,Runs,19.0,,Sandeep Sharma,"['Mandeep Singh', 'CH Gayle', 'V Kohli', 'AB de Villiers', 'KM Jadhav', 'SR Watson', 'P Negi', 'S Aravind', 'S Badree', 'A Choudhary', 'YS Chahal']","['HM Amla', 'MJ Guptill', 'SE Marsh', 'M Vohra', 'WP Saha', 'GJ Maxwell', 'AR Patel', 'MM Sharma', 'VR Aaron', 'Sandeep Sharma', 'T Natarajan']",CB Gaffaney,C Shamshuddin
1082632,Delhi,04-05-2017,2017,42,Delhi Daredevils,Gujarat Lions,Feroz Shah Kotla,Delhi Daredevils,field,N,Delhi Daredevils,Wickets,7.0,,RR Pant,"['SV Samson', 'KK Nair', 'RR Pant', 'SS Iyer', 'CJ Anderson', 'MN Samuels', 'PJ Cummins', 'K Rabada', 'S Nadeem', 'A Mishra', 'Mohammed Shami']","['DR Smith', 'BB McCullum', 'SK Raina', 'KD Karthik', 'AJ Finch', 'Ishan Kishan', 'RA Jadeja', 'JP Faulkner', 'PJ Sangwan', 'Basil Thampi', 'Ankit Soni']",M Erasmus,Nitin Menon
1082631,Kolkata,03-05-2017,2017,41,Kolkata Knight Riders,Rising Pune Supergiant,Eden Gardens,Rising Pune Supergiant,field,N,Rising Pune Supergiant,Wickets,4.0,,RA Tripathi,"['SP Narine', 'G Gambhir', 'SP Jackson', 'MK Pandey', 'YK Pathan', 'C de Grandhomme', 'SA Yadav', 'CR Woakes', 'NM Coulter-Nile', 'UT Yadav', 'Kuldeep Yadav']","['AM Rahane', 'RA Tripathi', 'SPD Smith', 'MK Tiwary', 'BA Stokes', 'MS Dhoni', 'DT Christian', 'Washington Sundar', 'SN Thakur', 'JD Unadkat', 'Imran Tahir']",KN Ananthapadmanabhan,A Nand Kishore
1082630,Delhi,02-05-2017,2017,40,Delhi Daredevils,Sunrisers Hyderabad,Feroz Shah Kotla,Delhi Daredevils,field,N,Delhi Daredevils,Wickets,6.0,,Mohammed Shami,"['SV Samson', 'KK Nair', 'RR Pant', 'SS Iyer', 'CJ Anderson', 'CH Morris', 'AD Mathews', 'J Yadav', 'K Rabada', 'A Mishra', 'Mohammed Shami']","['DA Warner', 'S Dhawan', 'KS Williamson', 'Yuvraj Singh', 'MC Henriques', 'DJ Hooda', 'NV Ojha', 'B Kumar', 'Rashid Khan', 'S Kaul', 'Mohammed Siraj']",YC Barde,Nitin Menon
1082629,Pune,01-05-2017,2017,39,Rising Pune Supergiant,Gujarat Lions,Maharashtra Cricket Association Stadium,Rising Pune Supergiant,field,N,Rising Pune Supergiant,Wickets,5.0,,BA Stokes,"['AM Rahane', 'RA Tripathi', 'SPD Smith', 'MK Tiwary', 'BA Stokes', 'MS Dhoni', 'DT Christian', 'Washington Sundar', 'JD Unadkat', 'SN Thakur', 'Imran Tahir']","['Ishan Kishan', 'BB McCullum', 'SK Raina', 'AJ Finch', 'DR Smith', 'KD Karthik', 'RA Jadeja', 'JP Faulkner', 'PJ Sangwan', 'Basil Thampi', 'Ankit Soni']",M Erasmus,C Shamshuddin
1082628,Mumbai,01-05-2017,2017,38,Mumbai Indians,Royal Challengers Bangalore,Wankhede Stadium,Royal Challengers Bangalore,bat,N,Mumbai Indians,Wickets,5.0,,RG Sharma,"['PA Patel', 'JC Buttler', 'N Rana', 'RG Sharma', 'KA Pollard', 'KH Pandya', 'KV Sharma', 'HH Pandya', 'MJ McClenaghan', 'SL Malinga', 'JJ Bumrah']","['V Kohli', 'Mandeep Singh', 'TM Head', 'AB de Villiers', 'KM Jadhav', 'SR Watson', 'P Negi', 'AF Milne', 'S Aravind', 'A Choudhary', 'YS Chahal']",AK Chaudhary,CB Gaffaney
1082627,Hyderabad,30-04-2017,2017,37,Sunrisers Hyderabad,Kolkata Knight Riders,"Rajiv Gandhi International Stadium, Uppal",Kolkata Knight Riders,field,N,Sunrisers Hyderabad,Runs,48.0,,DA Warner,"['DA Warner', 'S Dhawan', 'KS Williamson', 'Yuvraj Singh', 'MC Henriques', 'NV Ojha', 'Bipul Sharma', 'B Kumar', 'Rashid Khan', 'S Kaul', 'Mohammed Siraj']","['SP Narine', 'G Gambhir', 'RV Uthappa', 'MK Pandey', 'YK Pathan', 'SP Jackson', 'C de Grandhomme', 'CR Woakes', 'NM Coulter-Nile', 'UT Yadav', 'Kuldeep Yadav']",AY Dandekar,S Ravi
1082626,Chandigarh,30-04-2017,2017,36,Kings XI Punjab,Delhi Daredevils,"Punjab Cricket Association IS Bindra Stadium, Mohali",Kings XI Punjab,field,N,Kings XI Punjab,Wickets,10.0,,Sandeep Sharma,"['MJ Guptill', 'HM Amla', 'M Vohra', 'SE Marsh', 'GJ Maxwell', 'WP Saha', 'AR Patel', 'MM Sharma', 'VR Aaron', 'Sandeep Sharma', 'T Natarajan']","['SV Samson', 'SW Billings', 'KK Nair', 'SS Iyer', 'RR Pant', 'CJ Anderson', 'CH Morris', 'K Rabada', 'A Mishra', 'Mohammed Shami', 'S Nadeem']",YC Barde,CK Nandan
1082625,Rajkot,29-04-2017,2017,35,Gujarat Lions,Mumbai Indians,Saurashtra Cricket Association Stadium,Gujarat Lions,bat,Y,Mumbai Indians,SuperOver,,,KH Pandya,"['Ishan Kishan', 'BB McCullum', 'SK Raina', 'AJ Finch', 'KD Karthik', 'RA Jadeja', 'JP Faulkner', 'IK Pathan', 'AJ Tye', 'Basil Thampi', 'Ankit Soni']","['PA Patel', 'JC Buttler', 'N Rana', 'RG Sharma', 'KA Pollard', 'KH Pandya', 'HH Pandya', 'Harbhajan Singh', 'MJ McClenaghan', 'JJ Bumrah', 'SL Malinga']",AK Chaudhary,CB Gaffaney
1082624,Pune,29-04-2017,2017,34,Rising Pune Supergiant,Royal Challengers Bangalore,Maharashtra Cricket Association Stadium,Royal Challengers Bangalore,field,N,Rising Pune Supergiant,Runs,61.0,,LH Ferguson,"['AM Rahane', 'RA Tripathi', 'SPD Smith', 'MK Tiwary', 'MS Dhoni', 'DT Christian', 'Washington Sundar', 'LH Ferguson', 'JD Unadkat', 'DL Chahar', 'Imran Tahir']","['TM Head', 'V Kohli', 'AB de Villiers', 'KM Jadhav', 'Sachin Baby', 'STR Binny', 'P Negi', 'AF Milne', 'S Badree', 'S Aravind', 'YS Chahal']",KN Ananthapadmanabhan,M Erasmus
1082622,Kolkata,28-04-2017,2017,32,Kolkata Knight Riders,Delhi Daredevils,Eden Gardens,Kolkata Knight Riders,field,N,Kolkata Knight Riders,Wickets,7.0,,G Gambhir,"['SP Narine', 'G Gambhir', 'RV Uthappa', 'MK Pandey', 'SP Jackson', 'YK Pathan', 'C de Grandhomme', 'CR Woakes', 'NM Coulter-Nile', 'UT Yadav', 'Kuldeep Yadav']","['SV Samson', 'KK Nair', 'SS Iyer', 'RR Pant', 'CH Morris', 'CJ Anderson', 'AR Bawne', 'PJ Cummins', 'K Rabada', 'A Mishra', 'Z Khan']",NJ Llong,S Ravi
1082623,Chandigarh,28-04-2017,2017,33,Kings XI Punjab,Sunrisers Hyderabad,"Punjab Cricket Association IS Bindra Stadium, Mohali",Kings XI Punjab,field,N,Sunrisers Hyderabad,Runs,26.0,,Rashid Khan,"['MJ Guptill', 'M Vohra', 'SE Marsh', 'GJ Maxwell', 'EJG Morgan', 'WP Saha', 'AR Patel', 'Anureet Singh', 'MM Sharma', 'I Sharma', 'KC Cariappa']","['DA Warner', 'S Dhawan', 'KS Williamson', 'Yuvraj Singh', 'MC Henriques', 'DJ Hooda', 'NV Ojha', 'B Kumar', 'A Nehra', 'S Kaul', 'Rashid Khan']",Nitin Menon,CK Nandan
1082621,Bangalore,27-04-2017,2017,31,Royal Challengers Bangalore,Gujarat Lions,M Chinnaswamy Stadium,Gujarat Lions,field,N,Gujarat Lions,Wickets,7.0,,AJ Tye,"['CH Gayle', 'V Kohli', 'AB de Villiers', 'TM Head', 'KM Jadhav', 'Mandeep Singh', 'P Negi', 'S Badree', 'S Aravind', 'A Choudhary', 'YS Chahal']","['Ishan Kishan', 'BB McCullum', 'SK Raina', 'AJ Finch', 'RA Jadeja', 'KD Karthik', 'JP Faulkner', 'AJ Tye', 'Basil Thampi', 'NB Singh', 'Ankit Soni']",AK Chaudhary,C Shamshuddin
1082620,Pune,26-04-2017,2017,30,Rising Pune Supergiant,Kolkata Knight Riders,Maharashtra Cricket Association Stadium,Kolkata Knight Riders,field,N,Kolkata Knight Riders,Wickets,7.0,,RV Uthappa,"['AM Rahane', 'RA Tripathi', 'SPD Smith', 'MS Dhoni', 'MK Tiwary', 'DT Christian', 'F du Plessis', 'Washington Sundar', 'SN Thakur', 'JD Unadkat', 'Imran Tahir']","['SP Narine', 'G Gambhir', 'RV Uthappa', 'DM Bravo', 'MK Pandey', 'YK Pathan', 'C de Grandhomme', 'CR Woakes', 'PP Chawla', 'Kuldeep Yadav', 'UT Yadav']",AY Dandekar,NJ Llong
1082618,Mumbai,24-04-2017,2017,28,Mumbai Indians,Rising Pune Supergiant,Wankhede Stadium,Mumbai Indians,field,N,Rising Pune Supergiant,Runs,3.0,,BA Stokes,"['PA Patel', 'JC Buttler', 'N Rana', 'RG Sharma', 'KV Sharma', 'KA Pollard', 'HH Pandya', 'Harbhajan Singh', 'MJ McClenaghan', 'MG Johnson', 'JJ Bumrah']","['AM Rahane', 'RA Tripathi', 'SPD Smith', 'MS Dhoni', 'BA Stokes', 'MK Tiwary', 'DT Christian', 'Washington Sundar', 'SN Thakur', 'JD Unadkat', 'Imran Tahir']",A Nand Kishore,S Ravi
1082617,Kolkata,23-04-2017,2017,27,Kolkata Knight Riders,Royal Challengers Bangalore,Eden Gardens,Royal Challengers Bangalore,field,N,Kolkata Knight Riders,Runs,82.0,,NM Coulter-Nile,"['SP Narine', 'G Gambhir', 'RV Uthappa', 'MK Pandey', 'YK Pathan', 'SA Yadav', 'C de Grandhomme', 'CR Woakes', 'NM Coulter-Nile', 'UT Yadav', 'Kuldeep Yadav']","['CH Gayle', 'V Kohli', 'Mandeep Singh', 'AB de Villiers', 'KM Jadhav', 'STR Binny', 'P Negi', 'S Badree', 'TS Mills', 'S Aravind', 'YS Chahal']",CB Gaffaney,CK Nandan
1082616,Rajkot,23-04-2017,2017,26,Gujarat Lions,Kings XI Punjab,Saurashtra Cricket Association Stadium,Gujarat Lions,field,N,Kings XI Punjab,Runs,26.0,,HM Amla,"['BB McCullum', 'AJ Finch', 'SK Raina', 'KD Karthik', 'RA Jadeja', 'DR Smith', 'AD Nath', 'AJ Tye', 'Basil Thampi', 'SS Agarwal', 'NB Singh']","['M Vohra', 'HM Amla', 'SE Marsh', 'GJ Maxwell', 'MP Stoinis', 'AR Patel', 'WP Saha', 'MM Sharma', 'KC Cariappa', 'T Natarajan', 'Sandeep Sharma']",AK Chaudhary,M Erasmus
1082615,Pune,22-04-2017,2017,24,Rising Pune Supergiant,Sunrisers Hyderabad,Maharashtra Cricket Association Stadium,Rising Pune Supergiant,field,N,Rising Pune Supergiant,Wickets,6.0,,MS Dhoni,"['AM Rahane', 'RA Tripathi', 'SPD Smith', 'MS Dhoni', 'BA Stokes', 'MK Tiwary', 'DT Christian', 'Washington Sundar', 'SN Thakur', 'JD Unadkat', 'Imran Tahir']","['DA Warner', 'S Dhawan', 'KS Williamson', 'MC Henriques', 'DJ Hooda', 'NV Ojha', 'Bipul Sharma', 'B Kumar', 'Rashid Khan', 'Mohammed Siraj', 'S Kaul']",AY Dandekar,A Deshmukh
1082614,Mumbai,22-04-2017,2017,25,Mumbai Indians,Delhi Daredevils,Wankhede Stadium,Delhi Daredevils,field,N,Mumbai Indians,Runs,14.0,,MJ McClenaghan,"['PA Patel', 'JC Buttler', 'N Rana', 'RG Sharma', 'KA Pollard', 'KH Pandya', 'HH Pandya', 'Harbhajan Singh', 'MJ McClenaghan', 'MG Johnson', 'JJ Bumrah']","['SV Samson', 'AP Tare', 'KK Nair', 'SS Iyer', 'CJ Anderson', 'RR Pant', 'K Rabada', 'CH Morris', 'PJ Cummins', 'A Mishra', 'Z Khan']",A Nand Kishore,S Ravi
1082613,Kolkata,21-04-2017,2017,23,Kolkata Knight Riders,Gujarat Lions,Eden Gardens,Gujarat Lions,field,N,Gujarat Lions,Wickets,4.0,,SK Raina,"['SP Narine', 'G Gambhir', 'RV Uthappa', 'MK Pandey', 'YK Pathan', 'SA Yadav', 'Shakib Al Hasan', 'CR Woakes', 'NM Coulter-Nile', 'Kuldeep Yadav', 'UT Yadav']","['AJ Finch', 'BB McCullum', 'SK Raina', 'KD Karthik', 'Ishan Kishan', 'DR Smith', 'RA Jadeja', 'JP Faulkner', 'P Kumar', 'Basil Thampi', 'DS Kulkarni']",CB Gaffaney,Nitin Menon
1082612,Indore,20-04-2017,2017,22,Kings XI Punjab,Mumbai Indians,Holkar Cricket Stadium,Mumbai Indians,field,N,Mumbai Indians,Wickets,8.0,,JC Buttler,"['HM Amla', 'SE Marsh', 'WP Saha', 'GJ Maxwell', 'MP Stoinis', 'AR Patel', 'Gurkeerat Singh', 'Swapnil Singh', 'MM Sharma', 'Sandeep Sharma', 'I Sharma']","['PA Patel', 'JC Buttler', 'N Rana', 'HH Pandya', 'RG Sharma', 'KA Pollard', 'KH Pandya', 'Harbhajan Singh', 'MJ McClenaghan', 'SL Malinga', 'JJ Bumrah']",M Erasmus,C Shamshuddin
1082611,Hyderabad,19-04-2017,2017,21,Sunrisers Hyderabad,Delhi Daredevils,"Rajiv Gandhi International Stadium, Uppal",Sunrisers Hyderabad,bat,N,Sunrisers Hyderabad,Runs,15.0,,KS Williamson,"['DA Warner', 'S Dhawan', 'KS Williamson', 'Yuvraj Singh', 'MC Henriques', 'DJ Hooda', 'NV Ojha', 'B Kumar', 'Rashid Khan', 'Mohammed Siraj', 'S Kaul']","['SV Samson', 'SW Billings', 'KK Nair', 'RR Pant', 'SS Iyer', 'AD Mathews', 'CH Morris', 'J Yadav', 'PJ Cummins', 'A Mishra', 'Z Khan']",CB Gaffaney,NJ Llong
1082610,Rajkot,18-04-2017,2017,20,Gujarat Lions,Royal Challengers Bangalore,Saurashtra Cricket Association Stadium,Gujarat Lions,field,N,Royal Challengers Bangalore,Runs,21.0,,CH Gayle,"['DR Smith', 'BB McCullum', 'SK Raina', 'AJ Finch', 'KD Karthik', 'RA Jadeja', 'Ishan Kishan', 'AJ Tye', 'Basil Thampi', 'DS Kulkarni', 'S Kaushik']","['CH Gayle', 'V Kohli', 'TM Head', 'KM Jadhav', 'SR Watson', 'Mandeep Singh', 'STR Binny', 'P Negi', 'AF Milne', 'S Aravind', 'YS Chahal']",S Ravi,VK Sharma
1082608,Delhi,17-04-2017,2017,18,Delhi Daredevils,Kolkata Knight Riders,Feroz Shah Kotla,Delhi Daredevils,bat,N,Kolkata Knight Riders,Wickets,4.0,,NM Coulter-Nile,"['SV Samson', 'SW Billings', 'KK Nair', 'SS Iyer', 'RR Pant', 'AD Mathews', 'CH Morris', 'PJ Cummins', 'Mohammed Shami', 'A Mishra', 'Z Khan']","['G Gambhir', 'C de Grandhomme', 'RV Uthappa', 'MK Pandey', 'YK Pathan', 'SA Yadav', 'CR Woakes', 'SP Narine', 'NM Coulter-Nile', 'Kuldeep Yadav', 'UT Yadav']",Nitin Menon,CK Nandan
1082609,Hyderabad,17-04-2017,2017,19,Sunrisers Hyderabad,Kings XI Punjab,"Rajiv Gandhi International Stadium, Uppal",Kings XI Punjab,field,N,Sunrisers Hyderabad,Runs,5.0,,B Kumar,"['DA Warner', 'S Dhawan', 'MC Henriques', 'Yuvraj Singh', 'NV Ojha', 'DJ Hooda', 'Mohammad Nabi', 'Rashid Khan', 'B Kumar', 'BB Sran', 'S Kaul']","['HM Amla', 'M Vohra', 'GJ Maxwell', 'EJG Morgan', 'DA Miller', 'WP Saha', 'AR Patel', 'MM Sharma', 'KC Cariappa', 'I Sharma', 'Sandeep Sharma']",AY Dandekar,A Deshmukh
1082607,Bangalore,16-04-2017,2017,17,Royal Challengers Bangalore,Rising Pune Supergiant,M Chinnaswamy Stadium,Royal Challengers Bangalore,field,N,Rising Pune Supergiant,Runs,27.0,,BA Stokes,"['V Kohli', 'Mandeep Singh', 'AB de Villiers', 'KM Jadhav', 'SR Watson', 'STR Binny', 'P Negi', 'AF Milne', 'S Badree', 'S Aravind', 'YS Chahal']","['AM Rahane', 'RA Tripathi', 'SPD Smith', 'MS Dhoni', 'BA Stokes', 'DT Christian', 'MK Tiwary', 'SN Thakur', 'JD Unadkat', 'RD Chahar', 'Imran Tahir']",KN Ananthapadmanabhan,C Shamshuddin
1082606,Mumbai,16-04-2017,2017,16,Mumbai Indians,Gujarat Lions,Wankhede Stadium,Mumbai Indians,field,N,Mumbai Indians,Wickets,6.0,,N Rana,"['PA Patel', 'JC Buttler', 'N Rana', 'RG Sharma', 'KA Pollard', 'HH Pandya', 'KH Pandya', 'Harbhajan Singh', 'MJ McClenaghan', 'SL Malinga', 'JJ Bumrah']","['DR Smith', 'BB McCullum', 'SK Raina', 'Ishan Kishan', 'KD Karthik', 'JJ Roy', 'RA Jadeja', 'P Kumar', 'Basil Thampi', 'AJ Tye', 'MM Patel']",A Nand Kishore,S Ravi
1082605,Delhi,15-04-2017,2017,15,Delhi Daredevils,Kings XI Punjab,Feroz Shah Kotla,Delhi Daredevils,bat,N,Delhi Daredevils,Runs,51.0,,CJ Anderson,"['SV Samson', 'SW Billings', 'KK Nair', 'SS Iyer', 'RR Pant', 'CJ Anderson', 'CH Morris', 'PJ Cummins', 'A Mishra', 'Z Khan', 'S Nadeem']","['M Vohra', 'HM Amla', 'WP Saha', 'EJG Morgan', 'DA Miller', 'GJ Maxwell', 'AR Patel', 'MM Sharma', 'KC Cariappa', 'Sandeep Sharma', 'VR Aaron']",YC Barde,Nitin Menon
1082604,Kolkata,15-04-2017,2017,14,Kolkata Knight Riders,Sunrisers Hyderabad,Eden Gardens,Sunrisers Hyderabad,field,N,Kolkata Knight Riders,Runs,17.0,,RV Uthappa,"['SP Narine', 'G Gambhir', 'RV Uthappa', 'MK Pandey', 'YK Pathan', 'SA Yadav', 'C de Grandhomme', 'CR Woakes', 'Kuldeep Yadav', 'UT Yadav', 'TA Boult']","['DA Warner', 'S Dhawan', 'MC Henriques', 'Yuvraj Singh', 'DJ Hooda', 'BCJ Cutting', 'NV Ojha', 'Bipul Sharma', 'B Kumar', 'Rashid Khan', 'A Nehra']",AY Dandekar,NJ Llong
1082603,Rajkot,14-04-2017,2017,13,Gujarat Lions,Rising Pune Supergiant,Saurashtra Cricket Association Stadium,Gujarat Lions,field,N,Gujarat Lions,Wickets,7.0,,AJ Tye,"['DR Smith', 'BB McCullum', 'SK Raina', 'KD Karthik', 'AJ Finch', 'Ishan Kishan', 'RA Jadeja', 'P Kumar', 'Basil Thampi', 'AJ Tye', 'SB Jakati']","['AM Rahane', 'RA Tripathi', 'SPD Smith', 'BA Stokes', 'MK Tiwary', 'MS Dhoni', 'Ankit Sharma', 'SN Thakur', 'LH Ferguson', 'RD Chahar', 'Imran Tahir']",A Nand Kishore,S Ravi
1082602,Bangalore,14-04-2017,2017,12,Royal Challengers Bangalore,Mumbai Indians,M Chinnaswamy Stadium,Mumbai Indians,field,N,Mumbai Indians,Wickets,4.0,,KA Pollard,"['CH Gayle', 'V Kohli', 'AB de Villiers', 'KM Jadhav', 'P Negi', 'Mandeep Singh', 'STR Binny', 'TS Mills', 'S Aravind', 'YS Chahal', 'S Badree']","['PA Patel', 'JC Buttler', 'RG Sharma', 'MJ McClenaghan', 'N Rana', 'KA Pollard', 'KH Pandya', 'HH Pandya', 'Harbhajan Singh', 'JJ Bumrah', 'TG Southee']",KN Ananthapadmanabhan,AK Chaudhary
1082601,Kolkata,13-04-2017,2017,11,Kolkata Knight Riders,Kings XI Punjab,Eden Gardens,Kolkata Knight Riders,field,N,Kolkata Knight Riders,Wickets,8.0,,SP Narine,"['SP Narine', 'G Gambhir', 'RV Uthappa', 'MK Pandey', 'YK Pathan', 'SA Yadav', 'CR Woakes', 'C de Grandhomme', 'PP Chawla', 'UT Yadav', 'TA Boult']","['HM Amla', 'M Vohra', 'MP Stoinis', 'GJ Maxwell', 'DA Miller', 'WP Saha', 'AR Patel', 'MM Sharma', 'VR Aaron', 'Sandeep Sharma', 'I Sharma']",A Deshmukh,NJ Llong
1082600,Mumbai,12-04-2017,2017,10,Mumbai Indians,Sunrisers Hyderabad,Wankhede Stadium,Mumbai Indians,field,N,Mumbai Indians,Wickets,4.0,,JJ Bumrah,"['PA Patel', 'JC Buttler', 'RG Sharma', 'N Rana', 'KA Pollard', 'KH Pandya', 'HH Pandya', 'Harbhajan Singh', 'MJ McClenaghan', 'SL Malinga', 'JJ Bumrah']","['S Dhawan', 'DA Warner', 'DJ Hooda', 'Yuvraj Singh', 'BCJ Cutting', 'NV Ojha', 'V Shankar', 'Rashid Khan', 'B Kumar', 'A Nehra', 'Mustafizur Rahman']",Nitin Menon,CK Nandan
1082599,Pune,11-04-2017,2017,9,Rising Pune Supergiant,Delhi Daredevils,Maharashtra Cricket Association Stadium,Rising Pune Supergiant,field,N,Delhi Daredevils,Runs,97.0,,SV Samson,"['AM Rahane', 'MA Agarwal', 'F du Plessis', 'RA Tripathi', 'BA Stokes', 'MS Dhoni', 'R Bhatia', 'DL Chahar', 'A Zampa', 'AB Dinda', 'Imran Tahir']","['AP Tare', 'SW Billings', 'SV Samson', 'RR Pant', 'CJ Anderson', 'CH Morris', 'KK Nair', 'PJ Cummins', 'A Mishra', 'Z Khan', 'S Nadeem']",AY Dandekar,S Ravi
1082598,Indore,10-04-2017,2017,8,Kings XI Punjab,Royal Challengers Bangalore,Holkar Cricket Stadium,Royal Challengers Bangalore,bat,N,Kings XI Punjab,Wickets,8.0,,AR Patel,"['M Vohra', 'HM Amla', 'AR Patel', 'GJ Maxwell', 'WP Saha', 'DA Miller', 'MP Stoinis', 'MM Sharma', 'Sandeep Sharma', 'VR Aaron', 'T Natarajan']","['SR Watson', 'Vishnu Vinod', 'AB de Villiers', 'KM Jadhav', 'Mandeep Singh', 'STR Binny', 'P Negi', 'Iqbal Abdulla', 'TS Mills', 'B Stanlake', 'YS Chahal']",AK Chaudhary,C Shamshuddin
1082597,Mumbai,09-04-2017,2017,7,Mumbai Indians,Kolkata Knight Riders,Wankhede Stadium,Mumbai Indians,field,N,Mumbai Indians,Wickets,4.0,,N Rana,"['PA Patel', 'JC Buttler', 'N Rana', 'RG Sharma', 'KH Pandya', 'KA Pollard', 'HH Pandya', 'Harbhajan Singh', 'MJ McClenaghan', 'SL Malinga', 'JJ Bumrah']","['G Gambhir', 'CA Lynn', 'RV Uthappa', 'MK Pandey', 'YK Pathan', 'SA Yadav', 'CR Woakes', 'SP Narine', 'Kuldeep Yadav', 'AS Rajpoot', 'TA Boult']",Nitin Menon,CK Nandan
1082596,Hyderabad,09-04-2017,2017,6,Sunrisers Hyderabad,Gujarat Lions,"Rajiv Gandhi International Stadium, Uppal",Sunrisers Hyderabad,field,N,Sunrisers Hyderabad,Wickets,9.0,,Rashid Khan,"['DA Warner', 'S Dhawan', 'MC Henriques', 'Yuvraj Singh', 'DJ Hooda', 'BCJ Cutting', 'NV Ojha', 'Bipul Sharma', 'B Kumar', 'A Nehra', 'Rashid Khan']","['JJ Roy', 'BB McCullum', 'SK Raina', 'AJ Finch', 'KD Karthik', 'DR Smith', 'DS Kulkarni', 'P Kumar', 'Basil Thampi', 'Tejas Baroka', 'S Kaushik']",A Deshmukh,NJ Llong
1082595,Bengaluru,08-04-2017,2017,5,Royal Challengers Bangalore,Delhi Daredevils,M.Chinnaswamy Stadium,Royal Challengers Bangalore,bat,N,Royal Challengers Bangalore,Runs,15.0,,KM Jadhav,"['CH Gayle', 'SR Watson', 'Mandeep Singh', 'KM Jadhav', 'STR Binny', 'Vishnu Vinod', 'P Negi', 'Iqbal Abdulla', 'TS Mills', 'YS Chahal', 'B Stanlake']","['AP Tare', 'SW Billings', 'KK Nair', 'SV Samson', 'RR Pant', 'CH Morris', 'CR Brathwaite', 'PJ Cummins', 'A Mishra', 'S Nadeem', 'Z Khan']",S Ravi,VK Sharma
1082594,Indore,08-04-2017,2017,4,Kings XI Punjab,Rising Pune Supergiant,Holkar Cricket Stadium,Kings XI Punjab,field,N,Kings XI Punjab,Wickets,6.0,,GJ Maxwell,"['HM Amla', 'M Vohra', 'WP Saha', 'AR Patel', 'GJ Maxwell', 'DA Miller', 'MP Stoinis', 'Swapnil Singh', 'MM Sharma', 'Sandeep Sharma', 'T Natarajan']","['AM Rahane', 'MA Agarwal', 'SPD Smith', 'BA Stokes', 'MS Dhoni', 'MK Tiwary', 'DT Christian', 'R Bhatia', 'RD Chahar', 'Imran Tahir', 'AB Dinda']",AK Chaudhary,C Shamshuddin
1082593,Rajkot,07-04-2017,2017,3,Gujarat Lions,Kolkata Knight Riders,Saurashtra Cricket Association Stadium,Kolkata Knight Riders,field,N,Kolkata Knight Riders,Wickets,10.0,,CA Lynn,"['JJ Roy', 'BB McCullum', 'SK Raina', 'AJ Finch', 'KD Karthik', 'DR Smith', 'MS Gony', 'P Kumar', 'SB Jakati', 'DS Kulkarni', 'S Kaushik']","['G Gambhir', 'CA Lynn', 'RV Uthappa', 'MK Pandey', 'YK Pathan', 'SA Yadav', 'CR Woakes', 'PP Chawla', 'Kuldeep Yadav', 'SP Narine', 'TA Boult']",Nitin Menon,CK Nandan
1082592,Pune,06-04-2017,2017,2,Rising Pune Supergiant,Mumbai Indians,Maharashtra Cricket Association Stadium,Rising Pune Supergiant,field,N,Rising Pune Supergiant,Wickets,7.0,,SPD Smith,"['AM Rahane', 'MA Agarwal', 'SPD Smith', 'BA Stokes', 'MS Dhoni', 'MK Tiwary', 'R Bhatia', 'DL Chahar', 'A Zampa', 'AB Dinda', 'Imran Tahir']","['PA Patel', 'JC Buttler', 'RG Sharma', 'N Rana', 'AT Rayudu', 'KH Pandya', 'KA Pollard', 'HH Pandya', 'TG Southee', 'MJ McClenaghan', 'JJ Bumrah']",A Nand Kishore,S Ravi
1082591,Hyderabad,05-04-2017,2017,1,Sunrisers Hyderabad,Royal Challengers Bangalore,"Rajiv Gandhi International Stadium, Uppal",Royal Challengers Bangalore,field,N,Sunrisers Hyderabad,Runs,35.0,,Yuvraj Singh,"['DA Warner', 'S Dhawan', 'MC Henriques', 'Yuvraj Singh', 'DJ Hooda', 'BCJ Cutting', 'NV Ojha', 'Bipul Sharma', 'B Kumar', 'A Nehra', 'Rashid Khan']","['CH Gayle', 'Mandeep Singh', 'TM Head', 'KM Jadhav', 'SR Watson', 'Sachin Baby', 'STR Binny', 'S Aravind', 'TS Mills', 'YS Chahal', 'A Choudhary']",AY Dandekar,NJ Llong
981019,Bangalore,29-05-2016,2016,Final,Royal Challengers Bangalore,Sunrisers Hyderabad,M Chinnaswamy Stadium,Sunrisers Hyderabad,bat,N,Sunrisers Hyderabad,Runs,8.0,,BCJ Cutting,"['CH Gayle', 'V Kohli', 'AB de Villiers', 'KL Rahul', 'SR Watson', 'Sachin Baby', 'STR Binny', 'CJ Jordan', 'Iqbal Abdulla', 'S Aravind', 'YS Chahal']","['DA Warner', 'S Dhawan', 'MC Henriques', 'Yuvraj Singh', 'DJ Hooda', 'BCJ Cutting', 'NV Ojha', 'Bipul Sharma', 'B Kumar', 'BB Sran', 'Mustafizur Rahman']",HDPK Dharmasena,BNJ Oxenford
981017,Delhi,27-05-2016,2016,Qualifier 2,Gujarat Lions,Sunrisers Hyderabad,Feroz Shah Kotla,Sunrisers Hyderabad,field,N,Sunrisers Hyderabad,Wickets,4.0,,DA Warner,"['ER Dwivedi', 'BB McCullum', 'SK Raina', 'KD Karthik', 'AJ Finch', 'DR Smith', 'RA Jadeja', 'DJ Bravo', 'DS Kulkarni', 'P Kumar', 'S Kaushik']","['DA Warner', 'S Dhawan', 'MC Henriques', 'Yuvraj Singh', 'DJ Hooda', 'BCJ Cutting', 'NV Ojha', 'Bipul Sharma', 'B Kumar', 'BB Sran', 'TA Boult']",M Erasmus,CK Nandan
981015,Delhi,25-05-2016,2016,Elimination Final,Sunrisers Hyderabad,Kolkata Knight Riders,Feroz Shah Kotla,Kolkata Knight Riders,field,N,Sunrisers Hyderabad,Runs,22.0,,MC Henriques,"['DA Warner', 'S Dhawan', 'MC Henriques', 'Yuvraj Singh', 'DJ Hooda', 'BCJ Cutting', 'NV Ojha', 'B Kumar', 'Bipul Sharma', 'BB Sran', 'Mustafizur Rahman']","['RV Uthappa', 'G Gambhir', 'C Munro', 'MK Pandey', 'YK Pathan', 'SA Yadav', 'R Sathish', 'JO Holder', 'SP Narine', 'M Morkel', 'Kuldeep Yadav']",M Erasmus,C Shamshuddin
981013,Bangalore,24-05-2016,2016,Qualifier 1,Gujarat Lions,Royal Challengers Bangalore,M Chinnaswamy Stadium,Royal Challengers Bangalore,field,N,Royal Challengers Bangalore,Wickets,4.0,,AB de Villiers,"['AJ Finch', 'BB McCullum', 'SK Raina', 'KD Karthik', 'DR Smith', 'RA Jadeja', 'DJ Bravo', 'ER Dwivedi', 'P Kumar', 'DS Kulkarni', 'SB Jakati']","['CH Gayle', 'V Kohli', 'AB de Villiers', 'KL Rahul', 'SR Watson', 'Sachin Baby', 'STR Binny', 'Iqbal Abdulla', 'CJ Jordan', 'S Aravind', 'YS Chahal']",AK Chaudhary,HDPK Dharmasena
981011,Raipur,22-05-2016,2016,56,Delhi Daredevils,Royal Challengers Bangalore,Shaheed Veer Narayan Singh International Stadium,Royal Challengers Bangalore,field,N,Royal Challengers Bangalore,Wickets,6.0,,V Kohli,"['Q de Kock', 'RR Pant', 'KK Nair', 'SV Samson', 'SW Billings', 'P Negi', 'CR Brathwaite', 'CH Morris', 'J Yadav', 'A Mishra', 'Z Khan']","['CH Gayle', 'V Kohli', 'AB de Villiers', 'KL Rahul', 'SR Watson', 'STR Binny', 'Sachin Baby', 'CJ Jordan', 'Iqbal Abdulla', 'S Aravind', 'YS Chahal']",A Nand Kishore,BNJ Oxenford
981009,Kolkata,22-05-2016,2016,55,Kolkata Knight Riders,Sunrisers Hyderabad,Eden Gardens,Sunrisers Hyderabad,field,N,Kolkata Knight Riders,Runs,22.0,,YK Pathan,"['RV Uthappa', 'G Gambhir', 'C Munro', 'MK Pandey', 'YK Pathan', 'JO Holder', 'Shakib Al Hasan', 'SA Yadav', 'AS Rajpoot', 'SP Narine', 'Kuldeep Yadav']","['S Dhawan', 'DA Warner', 'NV Ojha', 'Yuvraj Singh', 'KS Williamson', 'DJ Hooda', 'MC Henriques', 'KV Sharma', 'B Kumar', 'BB Sran', 'Mustafizur Rahman']",KN Ananthapadmanabhan,M Erasmus
981007,Kanpur,21-05-2016,2016,54,Gujarat Lions,Mumbai Indians,Green Park,Gujarat Lions,field,N,Gujarat Lions,Wickets,6.0,,SK Raina,"['AJ Finch', 'BB McCullum', 'SK Raina', 'KD Karthik', 'DR Smith', 'RA Jadeja', 'DJ Bravo', 'ER Dwivedi', 'SB Jakati', 'P Kumar', 'DS Kulkarni']","['RG Sharma', 'MJ Guptill', 'N Rana', 'KH Pandya', 'JC Buttler', 'KA Pollard', 'HH Pandya', 'Harbhajan Singh', 'R Vinay Kumar', 'MJ McClenaghan', 'JJ Bumrah']",AK Chaudhary,CK Nandan
981005,Visakhapatnam,21-05-2016,2016,53,Rising Pune Supergiants,Kings XI Punjab,Dr. Y.S. Rajasekhara Reddy ACA-VDCA Cricket Stadium,Kings XI Punjab,bat,N,Rising Pune Supergiants,Wickets,4.0,,MS Dhoni,"['AM Rahane', 'UT Khawaja', 'GJ Bailey', 'SS Tiwary', 'MS Dhoni', 'IK Pathan', 'NLTC Perera', 'R Ashwin', 'A Zampa', 'AB Dinda', 'DL Chahar']","['HM Amla', 'M Vijay', 'WP Saha', 'Gurkeerat Singh', 'DA Miller', 'F Behardien', 'AR Patel', 'R Dhawan', 'KJ Abbott', 'MM Sharma', 'Sandeep Sharma']",HDPK Dharmasena,Nitin Menon
981003,Raipur,20-05-2016,2016,52,Delhi Daredevils,Sunrisers Hyderabad,Shaheed Veer Narayan Singh International Stadium,Delhi Daredevils,field,N,Delhi Daredevils,Wickets,6.0,,KK Nair,"['Q de Kock', 'RR Pant', 'KK Nair', 'JP Duminy', 'CR Brathwaite', 'SV Samson', 'P Negi', 'A Mishra', 'Z Khan', 'J Yadav', 'NM Coulter-Nile']","['DA Warner', 'S Dhawan', 'DJ Hooda', 'Yuvraj Singh', 'MC Henriques', 'EJG Morgan', 'NV Ojha', 'B Kumar', 'KV Sharma', 'Mustafizur Rahman', 'BB Sran']",A Nand Kishore,BNJ Oxenford
981001,Kanpur,19-05-2016,2016,51,Gujarat Lions,Kolkata Knight Riders,Green Park,Gujarat Lions,field,N,Gujarat Lions,Wickets,6.0,,DR Smith,"['DR Smith', 'BB McCullum', 'SK Raina', 'KD Karthik', 'AJ Finch', 'RA Jadeja', 'DJ Bravo', 'ER Dwivedi', 'P Kumar', 'SB Jakati', 'DS Kulkarni']","['RV Uthappa', 'G Gambhir', 'MK Pandey', 'PP Chawla', 'YK Pathan', 'Shakib Al Hasan', 'SA Yadav', 'JO Holder', 'SP Narine', 'M Morkel', 'AS Rajpoot']",AK Chaudhary,CK Nandan
980999,Bangalore,18-05-2016,2016,50,Royal Challengers Bangalore,Kings XI Punjab,M Chinnaswamy Stadium,Kings XI Punjab,field,N,Royal Challengers Bangalore,Runs,82.0,D/L,V Kohli,"['CH Gayle', 'V Kohli', 'AB de Villiers', 'KL Rahul', 'SR Watson', 'Sachin Baby', 'STR Binny', 'CJ Jordan', 'S Aravind', 'VR Aaron', 'YS Chahal']","['M Vijay', 'HM Amla', 'WP Saha', 'DA Miller', 'Gurkeerat Singh', 'AR Patel', 'F Behardien', 'KJ Abbott', 'MM Sharma', 'KC Cariappa', 'Sandeep Sharma']",KN Ananthapadmanabhan,M Erasmus
980997,Visakhapatnam,17-05-2016,2016,49,Rising Pune Supergiants,Delhi Daredevils,Dr. Y.S. Rajasekhara Reddy ACA-VDCA Cricket Stadium,Rising Pune Supergiants,field,N,Rising Pune Supergiants,Runs,19.0,D/L,AB Dinda,"['AM Rahane', 'UT Khawaja', 'GJ Bailey', 'SS Tiwary', 'IK Pathan', 'MS Dhoni', 'NLTC Perera', 'R Ashwin', 'A Zampa', 'AB Dinda', 'DL Chahar']","['Q de Kock', 'SS Iyer', 'KK Nair', 'SV Samson', 'RR Pant', 'JP Duminy', 'CH Morris', 'NM Coulter-Nile', 'A Mishra', 'Z Khan', 'Mohammed Shami']",Nitin Menon,C Shamshuddin
980995,Kolkata,16-05-2016,2016,48,Kolkata Knight Riders,Royal Challengers Bangalore,Eden Gardens,Royal Challengers Bangalore,field,N,Royal Challengers Bangalore,Wickets,9.0,,V Kohli,"['RV Uthappa', 'G Gambhir', 'MK Pandey', 'YK Pathan', 'AD Russell', 'SA Yadav', 'Shakib Al Hasan', 'PP Chawla', 'SP Narine', 'AS Rajpoot', 'M Morkel']","['CH Gayle', 'V Kohli', 'AB de Villiers', 'SR Watson', 'KL Rahul', 'Sachin Baby', 'STR Binny', 'CJ Jordan', 'S Aravind', 'Iqbal Abdulla', 'YS Chahal']",CB Gaffaney,A Nand Kishore
980991,Chandigarh,15-05-2016,2016,46,Kings XI Punjab,Sunrisers Hyderabad,"Punjab Cricket Association IS Bindra Stadium, Mohali",Kings XI Punjab,bat,N,Sunrisers Hyderabad,Wickets,7.0,,HM Amla,"['HM Amla', 'M Vijay', 'WP Saha', 'Gurkeerat Singh', 'DA Miller', 'GJ Maxwell', 'MP Stoinis', 'AR Patel', 'MM Sharma', 'Sandeep Sharma', 'Anureet Singh']","['DA Warner', 'S Dhawan', 'DJ Hooda', 'Yuvraj Singh', 'BCJ Cutting', 'MC Henriques', 'NV Ojha', 'KV Sharma', 'B Kumar', 'A Nehra', 'Mustafizur Rahman']",KN Ananthapadmanabhan,M Erasmus
980993,Visakhapatnam,15-05-2016,2016,47,Mumbai Indians,Delhi Daredevils,Dr. Y.S. Rajasekhara Reddy ACA-VDCA Cricket Stadium,Delhi Daredevils,field,N,Mumbai Indians,Runs,80.0,,KH Pandya,"['RG Sharma', 'MJ Guptill', 'KH Pandya', 'KA Pollard', 'JC Buttler', 'AT Rayudu', 'N Rana', 'Harbhajan Singh', 'R Vinay Kumar', 'MJ McClenaghan', 'JJ Bumrah']","['MA Agarwal', 'Q de Kock', 'KK Nair', 'SV Samson', 'RR Pant', 'JP Duminy', 'CH Morris', 'A Mishra', 'S Nadeem', 'Imran Tahir', 'Z Khan']",Nitin Menon,CK Nandan
980987,Bangalore,14-05-2016,2016,44,Royal Challengers Bangalore,Gujarat Lions,M Chinnaswamy Stadium,Gujarat Lions,field,N,Royal Challengers Bangalore,Runs,144.0,,AB de Villiers,"['CH Gayle', 'V Kohli', 'AB de Villiers', 'SR Watson', 'KL Rahul', 'Sachin Baby', 'STR Binny', 'CJ Jordan', 'S Aravind', 'VR Aaron', 'YS Chahal']","['DR Smith', 'BB McCullum', 'RA Jadeja', 'KD Karthik', 'AJ Finch', 'DJ Bravo', 'AD Nath', 'P Kumar', 'DS Kulkarni', 'PV Tambe', 'S Kaushik']",AY Dandekar,VK Sharma
980989,Kolkata,14-05-2016,2016,45,Kolkata Knight Riders,Rising Pune Supergiants,Eden Gardens,Rising Pune Supergiants,bat,N,Kolkata Knight Riders,Wickets,8.0,D/L,YK Pathan,"['RV Uthappa', 'G Gambhir', 'MK Pandey', 'YK Pathan', 'Shakib Al Hasan', 'SA Yadav', 'AD Russell', 'PP Chawla', 'SP Narine', 'AS Rajpoot', 'M Morkel']","['AM Rahane', 'UT Khawaja', 'GJ Bailey', 'SS Tiwary', 'IK Pathan', 'MS Dhoni', 'NLTC Perera', 'R Ashwin', 'A Zampa', 'M Ashwin', 'AB Dinda']",A Nand Kishore,BNJ Oxenford
980985,Visakhapatnam,13-05-2016,2016,43,Mumbai Indians,Kings XI Punjab,Dr. Y.S. Rajasekhara Reddy ACA-VDCA Cricket Stadium,Mumbai Indians,bat,N,Kings XI Punjab,Wickets,7.0,,MP Stoinis,"['RG Sharma', 'UBT Chand', 'AT Rayudu', 'N Rana', 'JC Buttler', 'KA Pollard', 'KH Pandya', 'Harbhajan Singh', 'TG Southee', 'MJ McClenaghan', 'JJ Bumrah']","['M Vijay', 'HM Amla', 'WP Saha', 'GJ Maxwell', 'Gurkeerat Singh', 'DA Miller', 'MP Stoinis', 'AR Patel', 'MM Sharma', 'Sandeep Sharma', 'KC Cariappa']",HDPK Dharmasena,CK Nandan
980983,Hyderabad,12-05-2016,2016,42,Sunrisers Hyderabad,Delhi Daredevils,"Rajiv Gandhi International Stadium, Uppal",Delhi Daredevils,field,N,Delhi Daredevils,Wickets,7.0,,CH Morris,"['DA Warner', 'S Dhawan', 'KS Williamson', 'Yuvraj Singh', 'MC Henriques', 'DJ Hooda', 'NV Ojha', 'B Kumar', 'BB Sran', 'A Nehra', 'Mustafizur Rahman']","['Q de Kock', 'MA Agarwal', 'KK Nair', 'SV Samson', 'RR Pant', 'JP Duminy', 'J Yadav', 'CH Morris', 'A Mishra', 'NM Coulter-Nile', 'Mohammed Shami']",K Bharatan,M Erasmus
980981,Bangalore,11-05-2016,2016,41,Royal Challengers Bangalore,Mumbai Indians,M Chinnaswamy Stadium,Mumbai Indians,field,N,Mumbai Indians,Wickets,6.0,,KH Pandya,"['V Kohli', 'CH Gayle', 'AB de Villiers', 'KL Rahul', 'SR Watson', 'Sachin Baby', 'STR Binny', 'CJ Jordan', 'S Aravind', 'VR Aaron', 'YS Chahal']","['RG Sharma', 'PA Patel', 'AT Rayudu', 'N Rana', 'KA Pollard', 'JC Buttler', 'KH Pandya', 'Harbhajan Singh', 'TG Southee', 'MJ McClenaghan', 'JJ Bumrah']",AY Dandekar,C Shamshuddin
980979,Visakhapatnam,10-05-2016,2016,40,Rising Pune Supergiants,Sunrisers Hyderabad,Dr. Y.S. Rajasekhara Reddy ACA-VDCA Cricket Stadium,Sunrisers Hyderabad,bat,N,Sunrisers Hyderabad,Runs,4.0,,A Zampa,"['AM Rahane', 'UT Khawaja', 'GJ Bailey', 'R Ashwin', 'SS Tiwary', 'MS Dhoni', 'NLTC Perera', 'R Bhatia', 'A Zampa', 'AB Dinda', 'RP Singh']","['DA Warner', 'S Dhawan', 'KS Williamson', 'Yuvraj Singh', 'MC Henriques', 'DJ Hooda', 'NV Ojha', 'B Kumar', 'BB Sran', 'A Nehra', 'Mustafizur Rahman']",CB Gaffaney,VK Sharma
980977,Chandigarh,09-05-2016,2016,39,Kings XI Punjab,Royal Challengers Bangalore,"Punjab Cricket Association IS Bindra Stadium, Mohali",Kings XI Punjab,field,N,Royal Challengers Bangalore,Runs,1.0,,SR Watson,"['HM Amla', 'M Vijay', 'WP Saha', 'DA Miller', 'MP Stoinis', 'F Behardien', 'AR Patel', 'MM Sharma', 'Anureet Singh', 'Sandeep Sharma', 'KC Cariappa']","['V Kohli', 'KL Rahul', 'AB de Villiers', 'SR Watson', 'Sachin Baby', 'TM Head', 'STR Binny', 'CJ Jordan', 'Iqbal Abdulla', 'VR Aaron', 'YS Chahal']",AK Chaudhary,HDPK Dharmasena
980975,Kolkata,08-05-2016,2016,38,Kolkata Knight Riders,Gujarat Lions,Eden Gardens,Gujarat Lions,field,N,Gujarat Lions,Wickets,5.0,,P Kumar,"['RV Uthappa', 'G Gambhir', 'MK Pandey', 'SA Yadav', 'Shakib Al Hasan', 'YK Pathan', 'AD Russell', 'GB Hogg', 'PP Chawla', 'M Morkel', 'UT Yadav']","['DR Smith', 'BB McCullum', 'SK Raina', 'KD Karthik', 'AJ Finch', 'RA Jadeja', 'DJ Bravo', 'P Kumar', 'DS Kulkarni', 'S Kaushik', 'PV Tambe']",M Erasmus,RJ Tucker
980973,Visakhapatnam,08-05-2016,2016,37,Mumbai Indians,Sunrisers Hyderabad,Dr. Y.S. Rajasekhara Reddy ACA-VDCA Cricket Stadium,Mumbai Indians,field,N,Sunrisers Hyderabad,Runs,85.0,,A Nehra,"['RG Sharma', 'PA Patel', 'AT Rayudu', 'KH Pandya', 'JC Buttler', 'KA Pollard', 'HH Pandya', 'Harbhajan Singh', 'TG Southee', 'MJ McClenaghan', 'JJ Bumrah']","['DA Warner', 'S Dhawan', 'KS Williamson', 'Yuvraj Singh', 'MC Henriques', 'DJ Hooda', 'NV Ojha', 'B Kumar', 'BB Sran', 'A Nehra', 'Mustafizur Rahman']",S Ravi,C Shamshuddin
980971,Chandigarh,07-05-2016,2016,36,Kings XI Punjab,Delhi Daredevils,"Punjab Cricket Association IS Bindra Stadium, Mohali",Delhi Daredevils,field,N,Kings XI Punjab,Runs,9.0,,MP Stoinis,"['M Vijay', 'MP Stoinis', 'HM Amla', 'WP Saha', 'GJ Maxwell', 'DA Miller', 'AR Patel', 'Gurkeerat Singh', 'MM Sharma', 'Sandeep Sharma', 'KC Cariappa']","['Q de Kock', 'SV Samson', 'KK Nair', 'SW Billings', 'CR Brathwaite', 'CH Morris', 'RR Pant', 'A Mishra', 'Mohammed Shami', 'Z Khan', 'S Nadeem']",HDPK Dharmasena,CK Nandan
980969,Bangalore,07-05-2016,2016,35,Royal Challengers Bangalore,Rising Pune Supergiants,M Chinnaswamy Stadium,Royal Challengers Bangalore,field,N,Royal Challengers Bangalore,Wickets,7.0,,V Kohli,"['V Kohli', 'KL Rahul', 'AB de Villiers', 'SR Watson', 'TM Head', 'Sachin Baby', 'STR Binny', 'Parvez Rasool', 'CJ Jordan', 'VR Aaron', 'YS Chahal']","['AM Rahane', 'UT Khawaja', 'SS Tiwary', 'MS Dhoni', 'NLTC Perera', 'GJ Bailey', 'R Bhatia', 'R Ashwin', 'A Zampa', 'AB Dinda', 'RP Singh']",CB Gaffaney,BNJ Oxenford
980967,Hyderabad,06-05-2016,2016,34,Sunrisers Hyderabad,Gujarat Lions,"Rajiv Gandhi International Stadium, Uppal",Sunrisers Hyderabad,field,N,Sunrisers Hyderabad,Wickets,5.0,,B Kumar,"['DA Warner', 'S Dhawan', 'KS Williamson', 'MC Henriques', 'Yuvraj Singh', 'DJ Hooda', 'NV Ojha', 'B Kumar', 'BB Sran', 'A Nehra', 'Mustafizur Rahman']","['DR Smith', 'BB McCullum', 'SK Raina', 'KD Karthik', 'AJ Finch', 'DJ Bravo', 'RA Jadeja', 'P Kumar', 'PJ Sangwan', 'DS Kulkarni', 'S Kaushik']",M Erasmus,S Ravi
980965,Delhi,05-05-2016,2016,33,Delhi Daredevils,Rising Pune Supergiants,Feroz Shah Kotla,Rising Pune Supergiants,field,N,Rising Pune Supergiants,Wickets,7.0,,AM Rahane,"['RR Pant', 'SV Samson', 'KK Nair', 'JP Duminy', 'SW Billings', 'CR Brathwaite', 'P Negi', 'J Yadav', 'Mohammed Shami', 'A Mishra', 'Imran Tahir']","['AM Rahane', 'UT Khawaja', 'SS Tiwary', 'MS Dhoni', 'NLTC Perera', 'GJ Bailey', 'R Bhatia', 'SM Boland', 'R Ashwin', 'AB Dinda', 'M Ashwin']",C Shamshuddin,RJ Tucker
980963,Kolkata,04-05-2016,2016,32,Kolkata Knight Riders,Kings XI Punjab,Eden Gardens,Kings XI Punjab,field,N,Kolkata Knight Riders,Runs,7.0,,AD Russell,"['RV Uthappa', 'G Gambhir', 'YK Pathan', 'AD Russell', 'MK Pandey', 'SA Yadav', 'Shakib Al Hasan', 'GB Hogg', 'PP Chawla', 'M Morkel', 'UT Yadav']","['M Vijay', 'MP Stoinis', 'M Vohra', 'WP Saha', 'GJ Maxwell', 'DA Miller', 'Gurkeerat Singh', 'AR Patel', 'Swapnil Singh', 'MM Sharma', 'Sandeep Sharma']",AK Chaudhary,HDPK Dharmasena
980961,Rajkot,03-05-2016,2016,31,Gujarat Lions,Delhi Daredevils,Saurashtra Cricket Association Stadium,Delhi Daredevils,field,N,Delhi Daredevils,Wickets,8.0,,RR Pant,"['DR Smith', 'BB McCullum', 'AJ Finch', 'SK Raina', 'KD Karthik', 'RA Jadeja', 'JP Faulkner', 'Ishan Kishan', 'P Kumar', 'DS Kulkarni', 'S Kaushik']","['Q de Kock', 'RR Pant', 'SV Samson', 'JP Duminy', 'KK Nair', 'SW Billings', 'CH Morris', 'A Mishra', 'Mohammed Shami', 'Z Khan', 'S Nadeem']",CB Gaffaney,BNJ Oxenford
980959,Bangalore,02-05-2016,2016,30,Royal Challengers Bangalore,Kolkata Knight Riders,M Chinnaswamy Stadium,Kolkata Knight Riders,field,N,Kolkata Knight Riders,Wickets,5.0,,AD Russell,"['KL Rahul', 'CH Gayle', 'V Kohli', 'AB de Villiers', 'SR Watson', 'Sachin Baby', 'STR Binny', 'VR Aaron', 'S Aravind', 'YS Chahal', 'T Shamsi']","['RV Uthappa', 'G Gambhir', 'CA Lynn', 'MK Pandey', 'YK Pathan', 'AD Russell', 'SA Yadav', 'PP Chawla', 'UT Yadav', 'SP Narine', 'M Morkel']",M Erasmus,S Ravi
980955,Rajkot,01-05-2016,2016,28,Gujarat Lions,Kings XI Punjab,Saurashtra Cricket Association Stadium,Gujarat Lions,field,N,Kings XI Punjab,Runs,23.0,,AR Patel,"['DR Smith', 'BB McCullum', 'SK Raina', 'KD Karthik', 'RA Jadeja', 'DJ Bravo', 'Ishan Kishan', 'JP Faulkner', 'P Kumar', 'DS Kulkarni', 'S Kaushik']","['M Vijay', 'MP Stoinis', 'SE Marsh', 'GJ Maxwell', 'Gurkeerat Singh', 'DA Miller', 'WP Saha', 'AR Patel', 'MM Sharma', 'KC Cariappa', 'Sandeep Sharma']",BNJ Oxenford,VK Sharma
980957,Pune,01-05-2016,2016,29,Rising Pune Supergiants,Mumbai Indians,Maharashtra Cricket Association Stadium,Mumbai Indians,field,N,Mumbai Indians,Wickets,8.0,,RG Sharma,"['AM Rahane', 'SS Tiwary', 'SPD Smith', 'PSP Handscomb', 'MS Dhoni', 'NLTC Perera', 'R Bhatia', 'SM Boland', 'R Ashwin', 'AB Dinda', 'M Ashwin']","['RG Sharma', 'PA Patel', 'AT Rayudu', 'JC Buttler', 'KH Pandya', 'KA Pollard', 'HH Pandya', 'Harbhajan Singh', 'JJ Bumrah', 'TG Southee', 'MJ McClenaghan']",AY Dandekar,RJ Tucker
980951,Delhi,30-04-2016,2016,26,Delhi Daredevils,Kolkata Knight Riders,Feroz Shah Kotla,Kolkata Knight Riders,field,N,Delhi Daredevils,Runs,27.0,,CR Brathwaite,"['Q de Kock', 'SS Iyer', 'SV Samson', 'KK Nair', 'SW Billings', 'CH Morris', 'CR Brathwaite', 'RR Pant', 'Mohammed Shami', 'A Mishra', 'Z Khan']","['RV Uthappa', 'G Gambhir', 'PP Chawla', 'YK Pathan', 'SA Yadav', 'R Sathish', 'AD Russell', 'JO Holder', 'UT Yadav', 'SP Narine', 'GB Hogg']",KN Ananthapadmanabhan,M Erasmus
980953,Hyderabad,30-04-2016,2016,27,Sunrisers Hyderabad,Royal Challengers Bangalore,"Rajiv Gandhi International Stadium, Uppal",Royal Challengers Bangalore,field,N,Sunrisers Hyderabad,Runs,15.0,,DA Warner,"['DA Warner', 'S Dhawan', 'KS Williamson', 'MC Henriques', 'NV Ojha', 'DJ Hooda', 'A Ashish Reddy', 'BB Sran', 'B Kumar', 'A Nehra', 'Mustafizur Rahman']","['V Kohli', 'KL Rahul', 'AB de Villiers', 'SR Watson', 'Sachin Baby', 'KM Jadhav', 'Parvez Rasool', 'VR Aaron', 'HV Patel', 'KW Richardson', 'T Shamsi']",AK Chaudhary,HDPK Dharmasena
980949,Pune,29-04-2016,2016,25,Rising Pune Supergiants,Gujarat Lions,Maharashtra Cricket Association Stadium,Gujarat Lions,field,N,Gujarat Lions,Wickets,3.0,,DR Smith,"['AM Rahane', 'SS Tiwary', 'SPD Smith', 'MS Dhoni', 'NLTC Perera', 'JA Morkel', 'R Bhatia', 'PSP Handscomb', 'R Ashwin', 'M Ashwin', 'AB Dinda']","['DR Smith', 'BB McCullum', 'SK Raina', 'KD Karthik', 'DJ Bravo', 'RA Jadeja', 'JP Faulkner', 'Ishan Kishan', 'P Kumar', 'DS Kulkarni', 'S Kaushik']",CB Gaffaney,BNJ Oxenford
980947,Mumbai,28-04-2016,2016,24,Mumbai Indians,Kolkata Knight Riders,Wankhede Stadium,Mumbai Indians,field,N,Mumbai Indians,Wickets,6.0,,RG Sharma,"['RG Sharma', 'PA Patel', 'AT Rayudu', 'KH Pandya', 'JC Buttler', 'KA Pollard', 'HH Pandya', 'Harbhajan Singh', 'JJ Bumrah', 'TG Southee', 'MJ McClenaghan']","['RV Uthappa', 'G Gambhir', 'Shakib Al Hasan', 'SA Yadav', 'AD Russell', 'CA Lynn', 'YK Pathan', 'R Sathish', 'UT Yadav', 'SP Narine', 'JD Unadkat']",Nitin Menon,RJ Tucker
980945,Delhi,27-04-2016,2016,23,Delhi Daredevils,Gujarat Lions,Feroz Shah Kotla,Delhi Daredevils,field,N,Gujarat Lions,Runs,1.0,,CH Morris,"['Q de Kock', 'SV Samson', 'KK Nair', 'JP Duminy', 'RR Pant', 'CH Morris', 'P Negi', 'A Mishra', 'Z Khan', 'S Nadeem', 'Imran Tahir']","['DR Smith', 'BB McCullum', 'SK Raina', 'KD Karthik', 'RA Jadeja', 'Ishan Kishan', 'DJ Bravo', 'JP Faulkner', 'P Kumar', 'DS Kulkarni', 'PV Tambe']",M Erasmus,S Ravi
980943,Hyderabad,26-04-2016,2016,22,Sunrisers Hyderabad,Rising Pune Supergiants,"Rajiv Gandhi International Stadium, Uppal",Rising Pune Supergiants,field,N,Rising Pune Supergiants,Runs,34.0,D/L,AB Dinda,"['DA Warner', 'S Dhawan', 'AP Tare', 'EJG Morgan', 'DJ Hooda', 'MC Henriques', 'NV Ojha', 'Bipul Sharma', 'B Kumar', 'A Nehra', 'Mustafizur Rahman']","['AM Rahane', 'F du Plessis', 'SPD Smith', 'MS Dhoni', 'SS Tiwary', 'NLTC Perera', 'MR Marsh', 'R Bhatia', 'R Ashwin', 'M Ashwin', 'AB Dinda']",AY Dandekar,CK Nandan
980941,Chandigarh,25-04-2016,2016,21,Kings XI Punjab,Mumbai Indians,"Punjab Cricket Association IS Bindra Stadium, Mohali",Kings XI Punjab,field,N,Mumbai Indians,Runs,25.0,,PA Patel,"['M Vijay', 'M Vohra', 'SE Marsh', 'GJ Maxwell', 'DA Miller', 'NS Naik', 'AR Patel', 'MG Johnson', 'MM Sharma', 'P Sahu', 'Sandeep Sharma']","['RG Sharma', 'PA Patel', 'AT Rayudu', 'JC Buttler', 'KA Pollard', 'HH Pandya', 'KH Pandya', 'Harbhajan Singh', 'TG Southee', 'MJ McClenaghan', 'JJ Bumrah']",Nitin Menon,RJ Tucker
980939,Pune,24-04-2016,2016,20,Rising Pune Supergiants,Kolkata Knight Riders,Maharashtra Cricket Association Stadium,Kolkata Knight Riders,field,N,Kolkata Knight Riders,Wickets,2.0,,SA Yadav,"['AM Rahane', 'F du Plessis', 'SPD Smith', 'NLTC Perera', 'JA Morkel', 'MS Dhoni', 'R Bhatia', 'SS Tiwary', 'R Ashwin', 'Ankit Sharma', 'M Ashwin']","['RV Uthappa', 'G Gambhir', 'SA Yadav', 'Shakib Al Hasan', 'YK Pathan', 'AD Russell', 'R Sathish', 'PP Chawla', 'UT Yadav', 'SP Narine', 'M Morkel']",CB Gaffaney,A Nand Kishore
980937,Rajkot,24-04-2016,2016,19,Gujarat Lions,Royal Challengers Bangalore,Saurashtra Cricket Association Stadium,Royal Challengers Bangalore,bat,N,Gujarat Lions,Wickets,6.0,,V Kohli,"['DR Smith', 'BB McCullum', 'SK Raina', 'KD Karthik', 'RA Jadeja', 'DJ Bravo', 'AJ Finch', 'P Kumar', 'DS Kulkarni', 'SB Jakati', 'PV Tambe']","['V Kohli', 'SR Watson', 'AB de Villiers', 'KL Rahul', 'SN Khan', 'KM Jadhav', 'STR Binny', 'Iqbal Abdulla', 'YS Chahal', 'KW Richardson', 'T Shamsi']",K Bharatan,BNJ Oxenford
980935,Hyderabad,23-04-2016,2016,18,Sunrisers Hyderabad,Kings XI Punjab,"Rajiv Gandhi International Stadium, Uppal",Sunrisers Hyderabad,field,N,Sunrisers Hyderabad,Wickets,5.0,,Mustafizur Rahman,"['DA Warner', 'S Dhawan', 'AP Tare', 'EJG Morgan', 'DJ Hooda', 'MC Henriques', 'NV Ojha', 'Bipul Sharma', 'B Kumar', 'BB Sran', 'Mustafizur Rahman']","['M Vijay', 'M Vohra', 'SE Marsh', 'DA Miller', 'GJ Maxwell', 'NS Naik', 'AR Patel', 'R Dhawan', 'MM Sharma', 'KJ Abbott', 'Sandeep Sharma']",AK Chaudhary,CK Nandan
980933,Delhi,23-04-2016,2016,17,Delhi Daredevils,Mumbai Indians,Feroz Shah Kotla,Mumbai Indians,field,N,Delhi Daredevils,Runs,10.0,,SV Samson,"['Q de Kock', 'SS Iyer', 'SV Samson', 'KK Nair', 'JP Duminy', 'P Negi', 'CH Morris', 'Z Khan', 'A Mishra', 'Mohammed Shami', 'Imran Tahir']","['RG Sharma', 'PA Patel', 'AT Rayudu', 'KH Pandya', 'JC Buttler', 'KA Pollard', 'HH Pandya', 'Harbhajan Singh', 'TG Southee', 'MJ McClenaghan', 'JJ Bumrah']",S Ravi,C Shamshuddin
980931,Pune,22-04-2016,2016,16,Rising Pune Supergiants,Royal Challengers Bangalore,Maharashtra Cricket Association Stadium,Rising Pune Supergiants,field,N,Royal Challengers Bangalore,Runs,13.0,,AB de Villiers,"['AM Rahane', 'F du Plessis', 'KP Pietersen', 'SPD Smith', 'MS Dhoni', 'NLTC Perera', 'R Bhatia', 'R Ashwin', 'Ankit Sharma', 'M Ashwin', 'I Sharma']","['V Kohli', 'KL Rahul', 'AB de Villiers', 'SR Watson', 'SN Khan', 'Mandeep Singh', 'STR Binny', 'HV Patel', 'KW Richardson', 'T Shamsi', 'Iqbal Abdulla']",CB Gaffaney,VK Sharma
980929,Rajkot,21-04-2016,2016,15,Gujarat Lions,Sunrisers Hyderabad,Saurashtra Cricket Association Stadium,Sunrisers Hyderabad,field,N,Sunrisers Hyderabad,Wickets,10.0,,B Kumar,"['AJ Finch', 'BB McCullum', 'SK Raina', 'KD Karthik', 'DJ Bravo', 'RA Jadeja', 'AD Nath', 'DW Steyn', 'P Kumar', 'DS Kulkarni', 'PV Tambe']","['DA Warner', 'S Dhawan', 'MC Henriques', 'EJG Morgan', 'DJ Hooda', 'AP Tare', 'NV Ojha', 'B Kumar', 'Mustafizur Rahman', 'Bipul Sharma', 'BB Sran']",K Bharatan,HDPK Dharmasena
980927,Mumbai,20-04-2016,2016,14,Mumbai Indians,Royal Challengers Bangalore,Wankhede Stadium,Mumbai Indians,field,N,Mumbai Indians,Wickets,6.0,,RG Sharma,"['RG Sharma', 'PA Patel', 'AT Rayudu', 'JC Buttler', 'KA Pollard', 'HH Pandya', 'KH Pandya', 'Harbhajan Singh', 'JJ Bumrah', 'MJ McClenaghan', 'TG Southee']","['V Kohli', 'KL Rahul', 'AB de Villiers', 'SR Watson', 'TM Head', 'SN Khan', 'STR Binny', 'HV Patel', 'KW Richardson', 'Iqbal Abdulla', 'VR Aaron']",AK Chaudhary,CK Nandan
980925,Chandigarh,19-04-2016,2016,13,Kings XI Punjab,Kolkata Knight Riders,"Punjab Cricket Association IS Bindra Stadium, Mohali",Kolkata Knight Riders,field,N,Kolkata Knight Riders,Wickets,6.0,,RV Uthappa,"['M Vijay', 'M Vohra', 'SE Marsh', 'WP Saha', 'DA Miller', 'GJ Maxwell', 'AR Patel', 'MM Sharma', 'P Sahu', 'KJ Abbott', 'Sandeep Sharma']","['RV Uthappa', 'G Gambhir', 'MK Pandey', 'Shakib Al Hasan', 'SA Yadav', 'YK Pathan', 'AD Russell', 'PP Chawla', 'SP Narine', 'M Morkel', 'UT Yadav']",S Ravi,C Shamshuddin
980923,Hyderabad,18-04-2016,2016,12,Sunrisers Hyderabad,Mumbai Indians,"Rajiv Gandhi International Stadium, Uppal",Sunrisers Hyderabad,field,N,Sunrisers Hyderabad,Wickets,7.0,,DA Warner,"['DA Warner', 'S Dhawan', 'MC Henriques', 'EJG Morgan', 'DJ Hooda', 'NV Ojha', 'Bipul Sharma', 'A Ashish Reddy', 'B Kumar', 'Mustafizur Rahman', 'BB Sran']","['MJ Guptill', 'PA Patel', 'AT Rayudu', 'RG Sharma', 'JC Buttler', 'KH Pandya', 'HH Pandya', 'Harbhajan Singh', 'TG Southee', 'MJ McClenaghan', 'JJ Bumrah']",HDPK Dharmasena,VK Sharma
980921,Bangalore,17-04-2016,2016,11,Royal Challengers Bangalore,Delhi Daredevils,M Chinnaswamy Stadium,Delhi Daredevils,field,N,Delhi Daredevils,Wickets,7.0,,Q de Kock,"['CH Gayle', 'V Kohli', 'AB de Villiers', 'SR Watson', 'SN Khan', 'KM Jadhav', 'D Wiese', 'Parvez Rasool', 'HV Patel', 'YS Chahal', 'S Aravind']","['Q de Kock', 'SS Iyer', 'SV Samson', 'KK Nair', 'JP Duminy', 'CR Brathwaite', 'CH Morris', 'P Negi', 'Z Khan', 'A Mishra', 'Mohammed Shami']",VA Kulkarni,A Nand Kishore
980919,Chandigarh,17-04-2016,2016,10,Kings XI Punjab,Rising Pune Supergiants,"Punjab Cricket Association IS Bindra Stadium, Mohali",Rising Pune Supergiants,bat,N,Kings XI Punjab,Wickets,6.0,,M Vohra,"['M Vijay', 'M Vohra', 'SE Marsh', 'DA Miller', 'GJ Maxwell', 'WP Saha', 'AR Patel', 'MM Sharma', 'KJ Abbott', 'P Sahu', 'Sandeep Sharma']","['AM Rahane', 'F du Plessis', 'KP Pietersen', 'NLTC Perera', 'SPD Smith', 'MS Dhoni', 'IK Pathan', 'R Ashwin', 'I Sharma', 'Ankit Sharma', 'M Ashwin']",S Ravi,C Shamshuddin
980917,Mumbai,16-04-2016,2016,9,Mumbai Indians,Gujarat Lions,Wankhede Stadium,Gujarat Lions,field,N,Gujarat Lions,Wickets,3.0,,AJ Finch,"['RG Sharma', 'PA Patel', 'HH Pandya', 'JC Buttler', 'KA Pollard', 'AT Rayudu', 'Harbhajan Singh', 'KH Pandya', 'TG Southee', 'MJ McClenaghan', 'JJ Bumrah']","['AJ Finch', 'BB McCullum', 'SK Raina', 'KD Karthik', 'DJ Bravo', 'AD Nath', 'JP Faulkner', 'P Kumar', 'DS Kulkarni', 'SB Jakati', 'PV Tambe']",HDPK Dharmasena,VK Sharma
980915,Hyderabad,16-04-2016,2016,8,Sunrisers Hyderabad,Kolkata Knight Riders,"Rajiv Gandhi International Stadium, Uppal",Sunrisers Hyderabad,bat,N,Kolkata Knight Riders,Wickets,8.0,,G Gambhir,"['DA Warner', 'S Dhawan', 'MC Henriques', 'EJG Morgan', 'DJ Hooda', 'NV Ojha', 'A Ashish Reddy', 'KV Sharma', 'B Kumar', 'Mustafizur Rahman', 'BB Sran']","['RV Uthappa', 'G Gambhir', 'AD Russell', 'MK Pandey', 'Shakib Al Hasan', 'YK Pathan', 'SA Yadav', 'PP Chawla', 'SP Narine', 'M Morkel', 'UT Yadav']",AK Chaudhary,CK Nandan
980913,Delhi,15-04-2016,2016,7,Delhi Daredevils,Kings XI Punjab,Feroz Shah Kotla,Delhi Daredevils,field,N,Delhi Daredevils,Wickets,8.0,,A Mishra,"['Q de Kock', 'SS Iyer', 'SV Samson', 'P Negi', 'KK Nair', 'JP Duminy', 'CR Brathwaite', 'J Yadav', 'CH Morris', 'Z Khan', 'A Mishra']","['M Vijay', 'M Vohra', 'SE Marsh', 'DA Miller', 'GJ Maxwell', 'AR Patel', 'WP Saha', 'MG Johnson', 'MM Sharma', 'P Sahu', 'Sandeep Sharma']",S Ravi,C Shamshuddin
980911,Rajkot,14-04-2016,2016,6,Gujarat Lions,Rising Pune Supergiants,Saurashtra Cricket Association Stadium,Rising Pune Supergiants,bat,N,Gujarat Lions,Wickets,7.0,,AJ Finch,"['AJ Finch', 'BB McCullum', 'SK Raina', 'DJ Bravo', 'RA Jadeja', 'KD Karthik', 'AD Nath', 'JP Faulkner', 'P Kumar', 'SB Jakati', 'PV Tambe']","['AM Rahane', 'F du Plessis', 'KP Pietersen', 'SPD Smith', 'MS Dhoni', 'MR Marsh', 'R Bhatia', 'R Ashwin', 'I Sharma', 'RP Singh', 'M Ashwin']",VA Kulkarni,CK Nandan
980909,Kolkata,13-04-2016,2016,5,Kolkata Knight Riders,Mumbai Indians,Eden Gardens,Mumbai Indians,field,N,Mumbai Indians,Wickets,6.0,,RG Sharma,"['RV Uthappa', 'G Gambhir', 'MK Pandey', 'AD Russell', 'YK Pathan', 'C Munro', 'SA Yadav', 'PP Chawla', 'JW Hastings', 'Kuldeep Yadav', 'GB Hogg']","['RG Sharma', 'PA Patel', 'HH Pandya', 'MJ McClenaghan', 'JC Buttler', 'KA Pollard', 'AT Rayudu', 'Harbhajan Singh', 'J Suchith', 'TG Southee', 'JJ Bumrah']",Nitin Menon,S Ravi
980907,Bangalore,12-04-2016,2016,4,Royal Challengers Bangalore,Sunrisers Hyderabad,M Chinnaswamy Stadium,Sunrisers Hyderabad,field,N,Royal Challengers Bangalore,Runs,45.0,,AB de Villiers,"['CH Gayle', 'V Kohli', 'AB de Villiers', 'SR Watson', 'SN Khan', 'KM Jadhav', 'STR Binny', 'Parvez Rasool', 'HV Patel', 'AF Milne', 'YS Chahal']","['DA Warner', 'S Dhawan', 'MC Henriques', 'NV Ojha', 'DJ Hooda', 'EJG Morgan', 'A Ashish Reddy', 'KV Sharma', 'A Nehra', 'B Kumar', 'Mustafizur Rahman']",HDPK Dharmasena,VK Sharma
980905,Chandigarh,11-04-2016,2016,3,Kings XI Punjab,Gujarat Lions,"Punjab Cricket Association IS Bindra Stadium, Mohali",Gujarat Lions,field,N,Gujarat Lions,Wickets,5.0,,AJ Finch,"['M Vijay', 'M Vohra', 'DA Miller', 'GJ Maxwell', 'WP Saha', 'MP Stoinis', 'AR Patel', 'MG Johnson', 'P Sahu', 'MM Sharma', 'Sandeep Sharma']","['AJ Finch', 'BB McCullum', 'SK Raina', 'KD Karthik', 'RA Jadeja', 'Ishan Kishan', 'DJ Bravo', 'JP Faulkner', 'P Kumar', 'PJ Sangwan', 'S Ladda']",AK Chaudhary,VA Kulkarni
980903,Kolkata,10-04-2016,2016,2,Kolkata Knight Riders,Delhi Daredevils,Eden Gardens,Kolkata Knight Riders,field,N,Kolkata Knight Riders,Wickets,9.0,,AD Russell,"['RV Uthappa', 'G Gambhir', 'MK Pandey', 'C Munro', 'SA Yadav', 'YK Pathan', 'AD Russell', 'PP Chawla', 'JW Hastings', 'GB Hogg', 'UT Yadav']","['MA Agarwal', 'Q de Kock', 'SS Iyer', 'KK Nair', 'SV Samson', 'P Negi', 'CR Brathwaite', 'CH Morris', 'NM Coulter-Nile', 'A Mishra', 'Z Khan']",S Ravi,C Shamshuddin
980901,Mumbai,09-04-2016,2016,1,Mumbai Indians,Rising Pune Supergiants,Wankhede Stadium,Mumbai Indians,bat,N,Rising Pune Supergiants,Wickets,9.0,,AM Rahane,"['LMP Simmons', 'RG Sharma', 'HH Pandya', 'JC Buttler', 'AT Rayudu', 'KA Pollard', 'S Gopal', 'Harbhajan Singh', 'R Vinay Kumar', 'MJ McClenaghan', 'JJ Bumrah']","['AM Rahane', 'F du Plessis', 'KP Pietersen', 'MS Dhoni', 'SPD Smith', 'R Bhatia', 'MR Marsh', 'R Ashwin', 'I Sharma', 'M Ashwin', 'RP Singh']",HDPK Dharmasena,CK Nandan
829823,Kolkata,24-05-2015,2015,Final,Mumbai Indians,Chennai Super Kings,Eden Gardens,Chennai Super Kings,field,N,Mumbai Indians,Runs,41.0,,RG Sharma,"['LMP Simmons', 'PA Patel', 'RG Sharma', 'KA Pollard', 'AT Rayudu', 'HH Pandya', 'Harbhajan Singh', 'J Suchith', 'MJ McClenaghan', 'R Vinay Kumar', 'SL Malinga']","['DR Smith', 'MEK Hussey', 'SK Raina', 'MS Dhoni', 'DJ Bravo', 'P Negi', 'F du Plessis', 'RA Jadeja', 'R Ashwin', 'MM Sharma', 'A Nehra']",HDPK Dharmasena,RK Illingworth
829821,Ranchi,22-05-2015,2015,Qualifier 2,Chennai Super Kings,Royal Challengers Bangalore,JSCA International Stadium Complex,Chennai Super Kings,field,N,Chennai Super Kings,Wickets,3.0,,A Nehra,"['DR Smith', 'MEK Hussey', 'F du Plessis', 'SK Raina', 'MS Dhoni', 'P Negi', 'DJ Bravo', 'RA Jadeja', 'R Ashwin', 'MM Sharma', 'A Nehra']","['CH Gayle', 'V Kohli', 'AB de Villiers', 'Mandeep Singh', 'KD Karthik', 'SN Khan', 'D Wiese', 'HV Patel', 'MA Starc', 'S Aravind', 'YS Chahal']",AK Chaudhary,CB Gaffaney
829819,Pune,20-05-2015,2015,Eliminator,Royal Challengers Bangalore,Rajasthan Royals,Maharashtra Cricket Association Stadium,Royal Challengers Bangalore,bat,N,Royal Challengers Bangalore,Runs,71.0,,AB de Villiers,"['CH Gayle', 'V Kohli', 'AB de Villiers', 'Mandeep Singh', 'KD Karthik', 'SN Khan', 'D Wiese', 'MA Starc', 'HV Patel', 'YS Chahal', 'S Aravind']","['AM Rahane', 'SR Watson', 'SV Samson', 'SPD Smith', 'KK Nair', 'DJ Hooda', 'JP Faulkner', 'STR Binny', 'CH Morris', 'Ankit Sharma', 'DS Kulkarni']",AK Chaudhary,C Shamshuddin
829817,Mumbai,19-05-2015,2015,Qualifier 1,Chennai Super Kings,Mumbai Indians,Wankhede Stadium,Mumbai Indians,bat,N,Mumbai Indians,Runs,25.0,,KA Pollard,"['DR Smith', 'MEK Hussey', 'F du Plessis', 'SK Raina', 'MS Dhoni', 'DJ Bravo', 'RA Jadeja', 'P Negi', 'R Ashwin', 'MM Sharma', 'A Nehra']","['LMP Simmons', 'PA Patel', 'RG Sharma', 'KA Pollard', 'HH Pandya', 'AT Rayudu', 'Harbhajan Singh', 'J Suchith', 'MJ McClenaghan', 'R Vinay Kumar', 'SL Malinga']",HDPK Dharmasena,RK Illingworth
829813,Bangalore,17-05-2015,2015,55,Royal Challengers Bangalore,Delhi Daredevils,M Chinnaswamy Stadium,Royal Challengers Bangalore,field,,,NoResults,,,,"['V Kohli', 'CH Gayle', 'AB de Villiers', 'Mandeep Singh', 'KD Karthik', 'SN Khan', 'D Wiese', 'MA Starc', 'HV Patel', 'YS Chahal', 'AB Dinda']","['Q de Kock', 'SS Iyer', 'JP Duminy', 'Yuvraj Singh', 'KM Jadhav', 'AD Mathews', 'SS Tiwary', 'J Yadav', 'S Nadeem', 'GS Sandhu', 'Z Khan']",HDPK Dharmasena,K Srinivasan
829815,Hyderabad,17-05-2015,2015,56,Sunrisers Hyderabad,Mumbai Indians,"Rajiv Gandhi International Stadium, Uppal",Sunrisers Hyderabad,bat,N,Mumbai Indians,Wickets,9.0,,MJ McClenaghan,"['DA Warner', 'S Dhawan', 'MC Henriques', 'EJG Morgan', 'KL Rahul', 'NV Ojha', 'KV Sharma', 'A Ashish Reddy', 'B Kumar', 'P Kumar', 'DW Steyn']","['LMP Simmons', 'PA Patel', 'RG Sharma', 'AT Rayudu', 'KA Pollard', 'HH Pandya', 'Harbhajan Singh', 'J Suchith', 'MJ McClenaghan', 'R Vinay Kumar', 'SL Malinga']",CB Gaffaney,K Srinath
829811,Mumbai,16-05-2015,2015,54,Rajasthan Royals,Kolkata Knight Riders,Brabourne Stadium,Rajasthan Royals,bat,N,Rajasthan Royals,Runs,9.0,,SR Watson,"['AM Rahane', 'SR Watson', 'SPD Smith', 'SV Samson', 'JP Faulkner', 'KK Nair', 'CH Morris', 'DJ Hooda', 'STR Binny', 'DS Kulkarni', 'BB Sran']","['RV Uthappa', 'G Gambhir', 'MK Pandey', 'YK Pathan', 'AD Russell', 'SA Yadav', 'Shakib Al Hasan', 'Azhar Mahmood', 'PP Chawla', 'UT Yadav', 'M Morkel']",RM Deshpande,RK Illingworth
829809,Chandigarh,16-05-2015,2015,53,Kings XI Punjab,Chennai Super Kings,"Punjab Cricket Association Stadium, Mohali",Kings XI Punjab,bat,N,Chennai Super Kings,Wickets,7.0,,P Negi,"['WP Saha', 'M Vohra', 'GJ Bailey', 'GJ Maxwell', 'Gurkeerat Singh', 'DA Miller', 'AR Patel', 'R Dhawan', 'BE Hendricks', 'Anureet Singh', 'Sandeep Sharma']","['MEK Hussey', 'BB McCullum', 'F du Plessis', 'SK Raina', 'MS Dhoni', 'DJ Bravo', 'P Negi', 'RA Jadeja', 'R Ashwin', 'A Nehra', 'IC Pandey']",CK Nandan,C Shamshuddin
829807,Hyderabad,15-05-2015,2015,52,Sunrisers Hyderabad,Royal Challengers Bangalore,"Rajiv Gandhi International Stadium, Uppal",Sunrisers Hyderabad,bat,N,Royal Challengers Bangalore,Wickets,6.0,D/L,V Kohli,"['DA Warner', 'S Dhawan', 'MC Henriques', 'EJG Morgan', 'NV Ojha', 'KL Rahul', 'Bipul Sharma', 'KV Sharma', 'B Kumar', 'P Kumar', 'DW Steyn']","['CH Gayle', 'V Kohli', 'AB de Villiers', 'Mandeep Singh', 'KD Karthik', 'SN Khan', 'D Wiese', 'MA Starc', 'HV Patel', 'YS Chahal', 'AB Dinda']",AK Chaudhary,HDPK Dharmasena
829805,Mumbai,14-05-2015,2015,51,Mumbai Indians,Kolkata Knight Riders,Wankhede Stadium,Kolkata Knight Riders,field,N,Mumbai Indians,Runs,5.0,,HH Pandya,"['LMP Simmons', 'PA Patel', 'RG Sharma', 'AT Rayudu', 'KA Pollard', 'HH Pandya', 'Harbhajan Singh', 'J Suchith', 'MJ McClenaghan', 'R Vinay Kumar', 'SL Malinga']","['RV Uthappa', 'G Gambhir', 'MK Pandey', 'YK Pathan', 'Shakib Al Hasan', 'AD Russell', 'SA Yadav', 'PP Chawla', 'UT Yadav', 'M Morkel', 'SP Narine']",RK Illingworth,VA Kulkarni
829803,Chandigarh,13-05-2015,2015,50,Kings XI Punjab,Royal Challengers Bangalore,"Punjab Cricket Association Stadium, Mohali",Royal Challengers Bangalore,field,N,Kings XI Punjab,Runs,22.0,,AR Patel,"['WP Saha', 'M Vohra', 'GJ Maxwell', 'DA Miller', 'GJ Bailey', 'AR Patel', 'Gurkeerat Singh', 'R Dhawan', 'BE Hendricks', 'Anureet Singh', 'Sandeep Sharma']","['CH Gayle', 'V Kohli', 'AB de Villiers', 'Mandeep Singh', 'KD Karthik', 'SN Khan', 'D Wiese', 'HV Patel', 'MA Starc', 'YS Chahal', 'S Aravind']",JD Cloete,C Shamshuddin
829801,Raipur,12-05-2015,2015,49,Delhi Daredevils,Chennai Super Kings,Shaheed Veer Narayan Singh International Stadium,Chennai Super Kings,bat,N,Delhi Daredevils,Wickets,6.0,,Z Khan,"['Q de Kock', 'SS Iyer', 'JP Duminy', 'Yuvraj Singh', 'JA Morkel', 'KM Jadhav', 'SS Tiwary', 'J Yadav', 'GS Sandhu', 'Z Khan', 'S Nadeem']","['DR Smith', 'BB McCullum', 'SK Raina', 'F du Plessis', 'MS Dhoni', 'DJ Bravo', 'P Negi', 'RA Jadeja', 'R Ashwin', 'MM Sharma', 'IC Pandey']",RK Illingworth,VA Kulkarni
829799,Hyderabad,11-05-2015,2015,48,Sunrisers Hyderabad,Kings XI Punjab,"Rajiv Gandhi International Stadium, Uppal",Sunrisers Hyderabad,bat,N,Sunrisers Hyderabad,Runs,5.0,,DA Warner,"['DA Warner', 'S Dhawan', 'MC Henriques', 'EJG Morgan', 'NV Ojha', 'KL Rahul', 'KV Sharma', 'Bipul Sharma', 'B Kumar', 'TA Boult', 'I Sharma']","['M Vijay', 'M Vohra', 'WP Saha', 'GJ Maxwell', 'DA Miller', 'GJ Bailey', 'Gurkeerat Singh', 'AR Patel', 'BE Hendricks', 'Anureet Singh', 'Sandeep Sharma']",AK Chaudhary,HDPK Dharmasena
829797,Chennai,10-05-2015,2015,47,Chennai Super Kings,Rajasthan Royals,"MA Chidambaram Stadium, Chepauk",Chennai Super Kings,bat,N,Chennai Super Kings,Runs,12.0,,RA Jadeja,"['DR Smith', 'BB McCullum', 'SK Raina', 'F du Plessis', 'P Negi', 'MS Dhoni', 'DJ Bravo', 'RA Jadeja', 'R Ashwin', 'MM Sharma', 'A Nehra']","['AM Rahane', 'SR Watson', 'SPD Smith', 'KK Nair', 'DJ Hooda', 'SV Samson', 'JP Faulkner', 'CH Morris', 'R Bhatia', 'Ankit Sharma', 'PV Tambe']",M Erasmus,CK Nandan
829795,Mumbai,10-05-2015,2015,46,Mumbai Indians,Royal Challengers Bangalore,Wankhede Stadium,Royal Challengers Bangalore,bat,N,Royal Challengers Bangalore,Runs,39.0,,AB de Villiers,"['PA Patel', 'LMP Simmons', 'RG Sharma', 'KA Pollard', 'HH Pandya', 'AT Rayudu', 'Harbhajan Singh', 'J Suchith', 'MJ McClenaghan', 'SL Malinga', 'JJ Bumrah']","['CH Gayle', 'V Kohli', 'AB de Villiers', 'KD Karthik', 'SN Khan', 'Mandeep Singh', 'D Wiese', 'MA Starc', 'HV Patel', 'YS Chahal', 'S Aravind']",JD Cloete,C Shamshuddin
829793,Raipur,09-05-2015,2015,45,Delhi Daredevils,Sunrisers Hyderabad,Shaheed Veer Narayan Singh International Stadium,Sunrisers Hyderabad,bat,N,Sunrisers Hyderabad,Runs,6.0,,MC Henriques,"['Q de Kock', 'SS Iyer', 'JP Duminy', 'Yuvraj Singh', 'KM Jadhav', 'SS Tiwary', 'JA Morkel', 'J Yadav', 'NM Coulter-Nile', 'A Mishra', 'Z Khan']","['S Dhawan', 'DA Warner', 'MC Henriques', 'EJG Morgan', 'KV Sharma', 'RS Bopara', 'NV Ojha', 'Parvez Rasool', 'P Kumar', 'B Kumar', 'I Sharma']",VA Kulkarni,S Ravi
829791,Kolkata,09-05-2015,2015,44,Kolkata Knight Riders,Kings XI Punjab,Eden Gardens,Kings XI Punjab,bat,N,Kolkata Knight Riders,Wickets,1.0,,AD Russell,"['RV Uthappa', 'G Gambhir', 'MK Pandey', 'SA Yadav', 'YK Pathan', 'AD Russell', 'J Botha', 'PP Chawla', 'GB Hogg', 'UT Yadav', 'SP Narine']","['M Vijay', 'M Vohra', 'WP Saha', 'GJ Maxwell', 'DA Miller', 'Gurkeerat Singh', 'GJ Bailey', 'AR Patel', 'BE Hendricks', 'Anureet Singh', 'Sandeep Sharma']",AK Chaudhary,HDPK Dharmasena
829789,Chennai,08-05-2015,2015,43,Chennai Super Kings,Mumbai Indians,"MA Chidambaram Stadium, Chepauk",Chennai Super Kings,bat,N,Mumbai Indians,Wickets,6.0,,HH Pandya,"['DR Smith', 'BB McCullum', 'SK Raina', 'F du Plessis', 'MS Dhoni', 'P Negi', 'RA Jadeja', 'DJ Bravo', 'R Ashwin', 'MM Sharma', 'A Nehra']","['LMP Simmons', 'PA Patel', 'RG Sharma', 'KA Pollard', 'AT Rayudu', 'HH Pandya', 'Harbhajan Singh', 'J Suchith', 'R Vinay Kumar', 'MJ McClenaghan', 'M de Lange']",CB Gaffaney,CK Nandan
829787,Mumbai,07-05-2015,2015,41,Rajasthan Royals,Sunrisers Hyderabad,Brabourne Stadium,Rajasthan Royals,field,N,Sunrisers Hyderabad,Runs,7.0,,EJG Morgan,"['AM Rahane', 'SR Watson', 'SPD Smith', 'KK Nair', 'DJ Hooda', 'JP Faulkner', 'SV Samson', 'STR Binny', 'CH Morris', 'DS Kulkarni', 'PV Tambe']","['S Dhawan', 'DA Warner', 'MC Henriques', 'EJG Morgan', 'RS Bopara', 'NV Ojha', 'GH Vihari', 'KV Sharma', 'P Kumar', 'B Kumar', 'I Sharma']",JD Cloete,C Shamshuddin
829761,Kolkata,07-05-2015,2015,42,Kolkata Knight Riders,Delhi Daredevils,Eden Gardens,Kolkata Knight Riders,bat,N,Kolkata Knight Riders,Runs,13.0,,PP Chawla,"['RV Uthappa', 'G Gambhir', 'MK Pandey', 'PP Chawla', 'YK Pathan', 'AD Russell', 'SA Yadav', 'J Botha', 'GB Hogg', 'UT Yadav', 'SP Narine']","['MK Tiwary', 'SS Iyer', 'JP Duminy', 'KM Jadhav', 'Yuvraj Singh', 'AD Mathews', 'SS Tiwary', 'JA Morkel', 'A Mishra', 'Imran Tahir', 'Z Khan']",AK Chaudhary,M Erasmus
829785,Bangalore,06-05-2015,2015,40,Royal Challengers Bangalore,Kings XI Punjab,M Chinnaswamy Stadium,Kings XI Punjab,field,N,Royal Challengers Bangalore,Runs,138.0,,CH Gayle,"['CH Gayle', 'V Kohli', 'AB de Villiers', 'KD Karthik', 'SN Khan', 'Mandeep Singh', 'D Wiese', 'MA Starc', 'HV Patel', 'YS Chahal', 'S Aravind']","['M Vijay', 'M Vohra', 'WP Saha', 'GJ Maxwell', 'DA Miller', 'GJ Bailey', 'AR Patel', 'MG Johnson', 'Anureet Singh', 'Karanveer Singh', 'Sandeep Sharma']",RK Illingworth,VA Kulkarni
829783,Mumbai,05-05-2015,2015,39,Mumbai Indians,Delhi Daredevils,Wankhede Stadium,Delhi Daredevils,bat,N,Mumbai Indians,Wickets,5.0,,Harbhajan Singh,"['LMP Simmons', 'PA Patel', 'HH Pandya', 'RG Sharma', 'Harbhajan Singh', 'AT Rayudu', 'KA Pollard', 'J Suchith', 'R Vinay Kumar', 'MJ McClenaghan', 'SL Malinga']","['MA Agarwal', 'SS Iyer', 'JP Duminy', 'KM Jadhav', 'Yuvraj Singh', 'AD Mathews', 'SS Tiwary', 'NM Coulter-Nile', 'A Mishra', 'Imran Tahir', 'Z Khan']",HDPK Dharmasena,CB Gaffaney
829781,Kolkata,04-05-2015,2015,38,Kolkata Knight Riders,Sunrisers Hyderabad,Eden Gardens,Sunrisers Hyderabad,field,N,Kolkata Knight Riders,Runs,35.0,,UT Yadav,"['RV Uthappa', 'G Gambhir', 'MK Pandey', 'AD Russell', 'RN ten Doeschate', 'YK Pathan', 'J Botha', 'SA Yadav', 'PP Chawla', 'GB Hogg', 'UT Yadav']","['DA Warner', 'S Dhawan', 'NV Ojha', 'MC Henriques', 'EJG Morgan', 'GH Vihari', 'Bipul Sharma', 'KV Sharma', 'P Kumar', 'B Kumar', 'DW Steyn']",AK Chaudhary,M Erasmus
829779,Chennai,04-05-2015,2015,37,Chennai Super Kings,Royal Challengers Bangalore,"MA Chidambaram Stadium, Chepauk",Chennai Super Kings,bat,N,Chennai Super Kings,Runs,24.0,,SK Raina,"['DR Smith', 'BB McCullum', 'SK Raina', 'F du Plessis', 'MS Dhoni', 'RA Jadeja', 'P Negi', 'DJ Bravo', 'MM Sharma', 'A Nehra', 'IC Pandey']","['NJ Maddinson', 'V Kohli', 'AB de Villiers', 'Mandeep Singh', 'KD Karthik', 'SN Khan', 'D Wiese', 'HV Patel', 'MA Starc', 'Iqbal Abdulla', 'YS Chahal']",C Shamshuddin,K Srinath
829775,Chandigarh,03-05-2015,2015,35,Kings XI Punjab,Mumbai Indians,"Punjab Cricket Association Stadium, Mohali",Mumbai Indians,bat,N,Mumbai Indians,Runs,23.0,,LMP Simmons,"['M Vijay', 'V Sehwag', 'GJ Maxwell', 'DA Miller', 'GJ Bailey', 'WP Saha', 'AR Patel', 'MG Johnson', 'Anureet Singh', 'Sandeep Sharma', 'Karanveer Singh']","['LMP Simmons', 'PA Patel', 'RG Sharma', 'KA Pollard', 'AT Rayudu', 'UBT Chand', 'Harbhajan Singh', 'J Suchith', 'R Vinay Kumar', 'MJ McClenaghan', 'SL Malinga']",RK Illingworth,VA Kulkarni
829777,Mumbai,03-05-2015,2015,36,Rajasthan Royals,Delhi Daredevils,Brabourne Stadium,Delhi Daredevils,field,N,Rajasthan Royals,Runs,14.0,,AM Rahane,"['AM Rahane', 'SR Watson', 'KK Nair', 'JP Faulkner', 'SPD Smith', 'SV Samson', 'STR Binny', 'DJ Hooda', 'TG Southee', 'DS Kulkarni', 'R Bhatia']","['MA Agarwal', 'SS Iyer', 'JP Duminy', 'Yuvraj Singh', 'AD Mathews', 'KM Jadhav', 'SS Tiwary', 'NM Coulter-Nile', 'A Mishra', 'Z Khan', 'GS Sandhu']",HDPK Dharmasena,CB Gaffaney
829771,Bangalore,02-05-2015,2015,33,Royal Challengers Bangalore,Kolkata Knight Riders,M Chinnaswamy Stadium,Royal Challengers Bangalore,field,N,Royal Challengers Bangalore,Wickets,7.0,,Mandeep Singh,"['CH Gayle', 'V Kohli', 'AB de Villiers', 'Mandeep Singh', 'D Wiese', 'KD Karthik', 'SN Khan', 'HV Patel', 'MA Starc', 'VR Aaron', 'YS Chahal']","['RV Uthappa', 'G Gambhir', 'AD Russell', 'RN ten Doeschate', 'YK Pathan', 'SA Yadav', 'MK Pandey', 'PJ Cummins', 'PP Chawla', 'GB Hogg', 'UT Yadav']",JD Cloete,PG Pathak
829773,Hyderabad,02-05-2015,2015,34,Sunrisers Hyderabad,Chennai Super Kings,"Rajiv Gandhi International Stadium, Uppal",Chennai Super Kings,field,N,Sunrisers Hyderabad,Runs,22.0,,DA Warner,"['DA Warner', 'S Dhawan', 'MC Henriques', 'EJG Morgan', 'NV Ojha', 'A Ashish Reddy', 'GH Vihari', 'KV Sharma', 'B Kumar', 'P Kumar', 'TA Boult']","['DR Smith', 'BB McCullum', 'SK Raina', 'F du Plessis', 'MS Dhoni', 'P Negi', 'DJ Bravo', 'RA Jadeja', 'MM Sharma', 'A Nehra', 'RG More']",AK Chaudhary,K Srinivasan
829769,Mumbai,01-05-2015,2015,32,Mumbai Indians,Rajasthan Royals,Wankhede Stadium,Rajasthan Royals,field,N,Mumbai Indians,Runs,8.0,,AT Rayudu,"['LMP Simmons', 'PA Patel', 'UBT Chand', 'RG Sharma', 'AT Rayudu', 'KA Pollard', 'Harbhajan Singh', 'J Suchith', 'R Vinay Kumar', 'MJ McClenaghan', 'SL Malinga']","['AM Rahane', 'SR Watson', 'SV Samson', 'SPD Smith', 'KK Nair', 'STR Binny', 'DJ Hooda', 'TG Southee', 'J Theron', 'DS Kulkarni', 'Ankit Sharma']",HDPK Dharmasena,CK Nandan
829767,Delhi,01-05-2015,2015,31,Delhi Daredevils,Kings XI Punjab,Feroz Shah Kotla,Delhi Daredevils,field,N,Delhi Daredevils,Wickets,9.0,,NM Coulter-Nile,"['MA Agarwal', 'SS Iyer', 'SS Tiwary', 'JP Duminy', 'Yuvraj Singh', 'AD Mathews', 'KM Jadhav', 'NM Coulter-Nile', 'A Mishra', 'Z Khan', 'Imran Tahir']","['V Sehwag', 'M Vohra', 'SE Marsh', 'WP Saha', 'DA Miller', 'GJ Bailey', 'NLTC Perera', 'AR Patel', 'SN Thakur', 'Anureet Singh', 'Sandeep Sharma']",RK Illingworth,S Ravi
829723,Kolkata,30-04-2015,2015,30,Kolkata Knight Riders,Chennai Super Kings,Eden Gardens,Kolkata Knight Riders,field,N,Kolkata Knight Riders,Wickets,7.0,,AD Russell,"['RV Uthappa', 'G Gambhir', 'MK Pandey', 'SA Yadav', 'AD Russell', 'RN ten Doeschate', 'YK Pathan', 'PJ Cummins', 'PP Chawla', 'GB Hogg', 'UT Yadav']","['DR Smith', 'BB McCullum', 'SK Raina', 'F du Plessis', 'DJ Bravo', 'MS Dhoni', 'RA Jadeja', 'P Negi', 'MM Sharma', 'A Nehra', 'RG More']",AK Chaudhary,M Erasmus
829763,Bangalore,29-04-2015,2015,29,Royal Challengers Bangalore,Rajasthan Royals,M Chinnaswamy Stadium,Rajasthan Royals,field,,,NoResults,,,,"['CH Gayle', 'V Kohli', 'AB de Villiers', 'Mandeep Singh', 'KD Karthik', 'SN Khan', 'D Wiese', 'HV Patel', 'MA Starc', 'VR Aaron', 'YS Chahal']","['AM Rahane', 'SR Watson', 'SPD Smith', 'KK Nair', 'SV Samson', 'STR Binny', 'DJ Hooda', 'JP Faulkner', 'PV Tambe', 'DS Kulkarni', 'TG Southee']",JD Cloete,PG Pathak
829765,Chennai,28-04-2015,2015,28,Chennai Super Kings,Kolkata Knight Riders,"MA Chidambaram Stadium, Chepauk",Kolkata Knight Riders,field,N,Chennai Super Kings,Runs,2.0,,DJ Bravo,"['DR Smith', 'BB McCullum', 'SK Raina', 'F du Plessis', 'MS Dhoni', 'DJ Bravo', 'RA Jadeja', 'R Ashwin', 'MM Sharma', 'IC Pandey', 'A Nehra']","['RV Uthappa', 'G Gambhir', 'MK Pandey', 'SA Yadav', 'YK Pathan', 'RN ten Doeschate', 'AD Russell', 'PJ Cummins', 'PP Chawla', 'UT Yadav', 'GB Hogg']",RM Deshpande,VA Kulkarni
829759,Chandigarh,27-04-2015,2015,27,Kings XI Punjab,Sunrisers Hyderabad,"Punjab Cricket Association Stadium, Mohali",Kings XI Punjab,field,N,Sunrisers Hyderabad,Runs,20.0,,TA Boult,"['M Vijay', 'M Vohra', 'SE Marsh', 'GJ Bailey', 'DA Miller', 'WP Saha', 'AR Patel', 'R Dhawan', 'MG Johnson', 'Anureet Singh', 'Sandeep Sharma']","['DA Warner', 'S Dhawan', 'GH Vihari', 'MC Henriques', 'NV Ojha', 'RS Bopara', 'A Ashish Reddy', 'KV Sharma', 'P Kumar', 'B Kumar', 'TA Boult']",HDPK Dharmasena,CB Gaffaney
829757,Delhi,26-04-2015,2015,26,Delhi Daredevils,Royal Challengers Bangalore,Feroz Shah Kotla,Royal Challengers Bangalore,field,N,Royal Challengers Bangalore,Wickets,10.0,,VR Aaron,"['MA Agarwal', 'SS Iyer', 'JP Duminy', 'Yuvraj Singh', 'AD Mathews', 'KM Jadhav', 'NM Coulter-Nile', 'A Mishra', 'S Nadeem', 'Imran Tahir', 'DJ Muthuswami']","['CH Gayle', 'V Kohli', 'AB de Villiers', 'Mandeep Singh', 'KD Karthik', 'SN Khan', 'D Wiese', 'HV Patel', 'MA Starc', 'Iqbal Abdulla', 'VR Aaron']",M Erasmus,S Ravi
829753,Chennai,25-04-2015,2015,24,Chennai Super Kings,Kings XI Punjab,"MA Chidambaram Stadium, Chepauk",Chennai Super Kings,bat,N,Chennai Super Kings,Runs,97.0,,BB McCullum,"['DR Smith', 'BB McCullum', 'SK Raina', 'MS Dhoni', 'RA Jadeja', 'F du Plessis', 'DJ Bravo', 'R Ashwin', 'MM Sharma', 'IC Pandey', 'A Nehra']","['M Vijay', 'V Sehwag', 'SE Marsh', 'GJ Bailey', 'DA Miller', 'WP Saha', 'AR Patel', 'MG Johnson', 'Anureet Singh', 'Karanveer Singh', 'Sandeep Sharma']",JD Cloete,C Shamshuddin
829751,Mumbai,25-04-2015,2015,23,Mumbai Indians,Sunrisers Hyderabad,Wankhede Stadium,Mumbai Indians,bat,N,Mumbai Indians,Runs,20.0,,SL Malinga,"['LMP Simmons', 'PA Patel', 'UBT Chand', 'RG Sharma', 'KA Pollard', 'AT Rayudu', 'Harbhajan Singh', 'J Suchith', 'R Vinay Kumar', 'MJ McClenaghan', 'SL Malinga']","['S Dhawan', 'DA Warner', 'KL Rahul', 'NV Ojha', 'RS Bopara', 'GH Vihari', 'KV Sharma', 'P Kumar', 'DW Steyn', 'B Kumar', 'TA Boult']",HDPK Dharmasena,CB Gaffaney
829749,Ahmedabad,24-04-2015,2015,22,Rajasthan Royals,Royal Challengers Bangalore,"Sardar Patel Stadium, Motera",Royal Challengers Bangalore,field,N,Royal Challengers Bangalore,Wickets,9.0,,MA Starc,"['AM Rahane', 'SR Watson', 'SPD Smith', 'KK Nair', 'DJ Hooda', 'SV Samson', 'STR Binny', 'JP Faulkner', 'CH Morris', 'DS Kulkarni', 'PV Tambe']","['CH Gayle', 'V Kohli', 'AB de Villiers', 'Mandeep Singh', 'KD Karthik', 'SN Khan', 'D Wiese', 'HV Patel', 'MA Starc', 'Iqbal Abdulla', 'YS Chahal']",M Erasmus,S Ravi
829747,Delhi,23-04-2015,2015,21,Delhi Daredevils,Mumbai Indians,Feroz Shah Kotla,Mumbai Indians,field,N,Delhi Daredevils,Runs,37.0,,SS Iyer,"['MA Agarwal', 'SS Iyer', 'JP Duminy', 'AD Mathews', 'Yuvraj Singh', 'KM Jadhav', 'NM Coulter-Nile', 'A Mishra', 'S Nadeem', 'Imran Tahir', 'DJ Muthuswami']","['LMP Simmons', 'PA Patel', 'UBT Chand', 'RG Sharma', 'KA Pollard', 'AT Rayudu', 'HH Pandya', 'Harbhajan Singh', 'MJ McClenaghan', 'SL Malinga', 'JJ Bumrah']",SD Fry,CK Nandan
829743,Visakhapatnam,22-04-2015,2015,19,Sunrisers Hyderabad,Kolkata Knight Riders,Dr. Y.S. Rajasekhara Reddy ACA-VDCA Cricket Stadium,Kolkata Knight Riders,field,N,Sunrisers Hyderabad,Runs,16.0,D/L,DA Warner,"['S Dhawan', 'DA Warner', 'RS Bopara', 'NV Ojha', 'MC Henriques', 'KL Rahul', 'KV Sharma', 'Bipul Sharma', 'P Kumar', 'B Kumar', 'DW Steyn']","['RV Uthappa', 'G Gambhir', 'MK Pandey', 'AD Russell', 'YK Pathan', 'SA Yadav', 'J Botha', 'PP Chawla', 'SP Narine', 'M Morkel', 'UT Yadav']",RK Illingworth,VA Kulkarni
829745,Bangalore,22-04-2015,2015,20,Royal Challengers Bangalore,Chennai Super Kings,M Chinnaswamy Stadium,Royal Challengers Bangalore,field,N,Chennai Super Kings,Runs,27.0,,SK Raina,"['MS Bisla', 'RR Rossouw', 'V Kohli', 'KD Karthik', 'AB de Villiers', 'SN Khan', 'D Wiese', 'HV Patel', 'MA Starc', 'Iqbal Abdulla', 'YS Chahal']","['DR Smith', 'BB McCullum', 'SK Raina', 'MS Dhoni', 'RA Jadeja', 'F du Plessis', 'DJ Bravo', 'R Ashwin', 'MM Sharma', 'A Nehra', 'IC Pandey']",JD Cloete,C Shamshuddin
829741,Ahmedabad,21-04-2015,2015,18,Rajasthan Royals,Kings XI Punjab,"Sardar Patel Stadium, Motera",Kings XI Punjab,field,Y,Kings XI Punjab,SuperOver,,,SE Marsh,"['AM Rahane', 'SR Watson', 'DJ Hooda', 'SPD Smith', 'KK Nair', 'JP Faulkner', 'STR Binny', 'SV Samson', 'CH Morris', 'R Tewatia', 'PV Tambe']","['M Vijay', 'V Sehwag', 'SE Marsh', 'GJ Maxwell', 'DA Miller', 'WP Saha', 'AR Patel', 'MG Johnson', 'Anureet Singh', 'Shivam Sharma', 'Sandeep Sharma']",M Erasmus,S Ravi
829739,Delhi,20-04-2015,2015,17,Delhi Daredevils,Kolkata Knight Riders,Feroz Shah Kotla,Kolkata Knight Riders,field,N,Kolkata Knight Riders,Wickets,6.0,,UT Yadav,"['MA Agarwal', 'SS Iyer', 'JP Duminy', 'MK Tiwary', 'Yuvraj Singh', 'AD Mathews', 'KM Jadhav', 'NM Coulter-Nile', 'A Mishra', 'Imran Tahir', 'DJ Muthuswami']","['RV Uthappa', 'G Gambhir', 'MK Pandey', 'SA Yadav', 'YK Pathan', 'RN ten Doeschate', 'AD Russell', 'PP Chawla', 'SP Narine', 'M Morkel', 'UT Yadav']",SD Fry,CB Gaffaney
829735,Ahmedabad,19-04-2015,2015,15,Rajasthan Royals,Chennai Super Kings,"Sardar Patel Stadium, Motera",Chennai Super Kings,bat,N,Rajasthan Royals,Wickets,8.0,,AM Rahane,"['AM Rahane', 'SR Watson', 'SPD Smith', 'KK Nair', 'SV Samson', 'STR Binny', 'DJ Hooda', 'JP Faulkner', 'CH Morris', 'PV Tambe', 'Ankit Sharma']","['DR Smith', 'BB McCullum', 'SK Raina', 'F du Plessis', 'DJ Bravo', 'MS Dhoni', 'RA Jadeja', 'R Ashwin', 'MM Sharma', 'IC Pandey', 'A Nehra']",AK Chaudhary,M Erasmus
829737,Bangalore,19-04-2015,2015,16,Royal Challengers Bangalore,Mumbai Indians,M Chinnaswamy Stadium,Royal Challengers Bangalore,field,N,Mumbai Indians,Runs,18.0,,Harbhajan Singh,"['CH Gayle', 'MS Bisla', 'V Kohli', 'KD Karthik', 'AB de Villiers', 'RR Rossouw', 'D Wiese', 'Iqbal Abdulla', 'AN Ahmed', 'VR Aaron', 'YS Chahal']","['LMP Simmons', 'PA Patel', 'UBT Chand', 'RG Sharma', 'KA Pollard', 'AT Rayudu', 'Harbhajan Singh', 'HH Pandya', 'JJ Bumrah', 'MJ McClenaghan', 'SL Malinga']",RK Illingworth,VA Kulkarni
829731,Visakhapatnam,18-04-2015,2015,13,Sunrisers Hyderabad,Delhi Daredevils,Dr. Y.S. Rajasekhara Reddy ACA-VDCA Cricket Stadium,Delhi Daredevils,bat,N,Delhi Daredevils,Runs,4.0,,JP Duminy,"['DA Warner', 'S Dhawan', 'RS Bopara', 'KL Rahul', 'NV Ojha', 'EJG Morgan', 'A Ashish Reddy', 'KV Sharma', 'P Kumar', 'B Kumar', 'DW Steyn']","['MA Agarwal', 'SS Iyer', 'JP Duminy', 'Yuvraj Singh', 'AD Mathews', 'KM Jadhav', 'MK Tiwary', 'NM Coulter-Nile', 'A Mishra', 'Imran Tahir', 'DJ Muthuswami']",PG Pathak,S Ravi
829733,Pune,18-04-2015,2015,14,Kings XI Punjab,Kolkata Knight Riders,Maharashtra Cricket Association Stadium,Kolkata Knight Riders,field,N,Kolkata Knight Riders,Wickets,4.0,,AD Russell,"['M Vijay', 'V Sehwag', 'WP Saha', 'GJ Maxwell', 'GJ Bailey', 'NLTC Perera', 'Gurkeerat Singh', 'AR Patel', 'MG Johnson', 'Anureet Singh', 'Sandeep Sharma']","['RV Uthappa', 'G Gambhir', 'MK Pandey', 'SA Yadav', 'YK Pathan', 'RN ten Doeschate', 'AD Russell', 'PP Chawla', 'SP Narine', 'M Morkel', 'UT Yadav']",SD Fry,CK Nandan
829729,Mumbai,17-04-2015,2015,12,Mumbai Indians,Chennai Super Kings,Wankhede Stadium,Mumbai Indians,bat,N,Chennai Super Kings,Wickets,6.0,,A Nehra,"['LMP Simmons', 'PA Patel', 'CJ Anderson', 'RG Sharma', 'Harbhajan Singh', 'KA Pollard', 'AT Rayudu', 'J Suchith', 'R Vinay Kumar', 'SL Malinga', 'P Suyal']","['DR Smith', 'BB McCullum', 'SK Raina', 'F du Plessis', 'MS Dhoni', 'DJ Bravo', 'RA Jadeja', 'R Ashwin', 'MM Sharma', 'IC Pandey', 'A Nehra']",AK Chaudhary,M Erasmus
829727,Visakhapatnam,16-04-2015,2015,11,Sunrisers Hyderabad,Rajasthan Royals,Dr. Y.S. Rajasekhara Reddy ACA-VDCA Cricket Stadium,Rajasthan Royals,field,N,Rajasthan Royals,Wickets,6.0,,AM Rahane,"['DA Warner', 'S Dhawan', 'KL Rahul', 'NV Ojha', 'EJG Morgan', 'RS Bopara', 'A Ashish Reddy', 'KV Sharma', 'P Kumar', 'B Kumar', 'TA Boult']","['AM Rahane', 'SV Samson', 'SPD Smith', 'KK Nair', 'STR Binny', 'JP Faulkner', 'DJ Hooda', 'CH Morris', 'TG Southee', 'DS Kulkarni', 'PV Tambe']",PG Pathak,S Ravi
829725,Pune,15-04-2015,2015,10,Kings XI Punjab,Delhi Daredevils,Maharashtra Cricket Association Stadium,Kings XI Punjab,bat,N,Delhi Daredevils,Wickets,5.0,,MA Agarwal,"['M Vijay', 'V Sehwag', 'WP Saha', 'DA Miller', 'GJ Maxwell', 'GJ Bailey', 'AR Patel', 'R Dhawan', 'MG Johnson', 'Anureet Singh', 'Sandeep Sharma']","['MA Agarwal', 'SS Iyer', 'JP Duminy', 'Yuvraj Singh', 'AD Mathews', 'KM Jadhav', 'MK Tiwary', 'NM Coulter-Nile', 'A Mishra', 'Imran Tahir', 'DJ Muthuswami']",CB Gaffaney,K Srinath
829721,Ahmedabad,14-04-2015,2015,9,Rajasthan Royals,Mumbai Indians,"Sardar Patel Stadium, Motera",Mumbai Indians,bat,N,Rajasthan Royals,Wickets,7.0,,SPD Smith,"['AM Rahane', 'SV Samson', 'SPD Smith', 'DJ Hooda', 'JP Faulkner', 'KK Nair', 'STR Binny', 'CH Morris', 'TG Southee', 'DS Kulkarni', 'PV Tambe']","['AJ Finch', 'PA Patel', 'UBT Chand', 'RG Sharma', 'CJ Anderson', 'KA Pollard', 'J Suchith', 'S Gopal', 'SL Malinga', 'R Vinay Kumar', 'P Suyal']",AK Chaudhary,SD Fry
829719,Bangalore,13-04-2015,2015,8,Royal Challengers Bangalore,Sunrisers Hyderabad,M Chinnaswamy Stadium,Sunrisers Hyderabad,field,N,Sunrisers Hyderabad,Wickets,8.0,,DA Warner,"['CH Gayle', 'V Kohli', 'KD Karthik', 'AB de Villiers', 'Mandeep Singh', 'DJG Sammy', 'SA Abbott', 'HV Patel', 'AN Ahmed', 'VR Aaron', 'YS Chahal']","['DA Warner', 'S Dhawan', 'KS Williamson', 'KL Rahul', 'NV Ojha', 'RS Bopara', 'A Ashish Reddy', 'KV Sharma', 'P Kumar', 'B Kumar', 'TA Boult']",RM Deshpande,RK Illingworth
829717,Mumbai,12-04-2015,2015,7,Mumbai Indians,Kings XI Punjab,Wankhede Stadium,Mumbai Indians,field,N,Kings XI Punjab,Runs,18.0,,GJ Bailey,"['RG Sharma', 'AJ Finch', 'AP Tare', 'AT Rayudu', 'CJ Anderson', 'KA Pollard', 'J Suchith', 'Harbhajan Singh', 'R Vinay Kumar', 'SL Malinga', 'P Suyal']","['M Vijay', 'V Sehwag', 'GJ Maxwell', 'DA Miller', 'GJ Bailey', 'R Dhawan', 'MG Johnson', 'WP Saha', 'AR Patel', 'Anureet Singh', 'Sandeep Sharma']",AK Chaudhary,K Srinivasan
829715,Delhi,12-04-2015,2015,6,Delhi Daredevils,Rajasthan Royals,Feroz Shah Kotla,Rajasthan Royals,field,N,Rajasthan Royals,Wickets,3.0,,DJ Hooda,"['MA Agarwal', 'SS Iyer', 'JP Duminy', 'Yuvraj Singh', 'AD Mathews', 'MK Tiwary', 'KM Jadhav', 'NM Coulter-Nile', 'A Mishra', 'Imran Tahir', 'JD Unadkat']","['AM Rahane', 'SV Samson', 'SPD Smith', 'KK Nair', 'STR Binny', 'DJ Hooda', 'JP Faulkner', 'CH Morris', 'TG Southee', 'DS Kulkarni', 'PV Tambe']",SD Fry,CB Gaffaney
829713,Kolkata,11-04-2015,2015,5,Kolkata Knight Riders,Royal Challengers Bangalore,Eden Gardens,Royal Challengers Bangalore,field,N,Royal Challengers Bangalore,Wickets,3.0,,CH Gayle,"['RV Uthappa', 'G Gambhir', 'MK Pandey', 'SA Yadav', 'YK Pathan', 'AD Russell', 'Shakib Al Hasan', 'PP Chawla', 'SP Narine', 'KC Cariappa', 'M Morkel']","['CH Gayle', 'V Kohli', 'KD Karthik', 'Mandeep Singh', 'AB de Villiers', 'DJG Sammy', 'SA Abbott', 'HV Patel', 'AN Ahmed', 'YS Chahal', 'VR Aaron']",S Ravi,C Shamshuddin
829711,Chennai,11-04-2015,2015,4,Chennai Super Kings,Sunrisers Hyderabad,"MA Chidambaram Stadium, Chepauk",Chennai Super Kings,bat,N,Chennai Super Kings,Runs,45.0,,BB McCullum,"['DR Smith', 'BB McCullum', 'SK Raina', 'MS Dhoni', 'RA Jadeja', 'DJ Bravo', 'F du Plessis', 'R Ashwin', 'MM Sharma', 'IC Pandey', 'A Nehra']","['DA Warner', 'S Dhawan', 'KL Rahul', 'NV Ojha', 'RS Bopara', 'KS Williamson', 'KV Sharma', 'Parvez Rasool', 'B Kumar', 'I Sharma', 'TA Boult']",RK Illingworth,VA Kulkarni
829709,Pune,10-04-2015,2015,3,Kings XI Punjab,Rajasthan Royals,Maharashtra Cricket Association Stadium,Kings XI Punjab,field,N,Rajasthan Royals,Runs,26.0,,JP Faulkner,"['V Sehwag', 'M Vijay', 'WP Saha', 'GJ Maxwell', 'AR Patel', 'DA Miller', 'GJ Bailey', 'MG Johnson', 'Anureet Singh', 'Karanveer Singh', 'Sandeep Sharma']","['AM Rahane', 'SV Samson', 'SPD Smith', 'KK Nair', 'STR Binny', 'DJ Hooda', 'JP Faulkner', 'CH Morris', 'TG Southee', 'DS Kulkarni', 'PV Tambe']",SD Fry,CB Gaffaney
829707,Chennai,09-04-2015,2015,2,Chennai Super Kings,Delhi Daredevils,"MA Chidambaram Stadium, Chepauk",Delhi Daredevils,field,N,Chennai Super Kings,Runs,1.0,,A Nehra,"['DR Smith', 'BB McCullum', 'SK Raina', 'F du Plessis', 'RA Jadeja', 'MS Dhoni', 'DJ Bravo', 'R Ashwin', 'MM Sharma', 'IC Pandey', 'A Nehra']","['MA Agarwal', 'CM Gautam', 'JA Morkel', 'SS Iyer', 'KM Jadhav', 'Yuvraj Singh', 'JP Duminy', 'NM Coulter-Nile', 'A Mishra', 'Imran Tahir', 'DJ Muthuswami']",RK Illingworth,VA Kulkarni
829705,Kolkata,08-04-2015,2015,1,Kolkata Knight Riders,Mumbai Indians,Eden Gardens,Kolkata Knight Riders,field,N,Kolkata Knight Riders,Wickets,7.0,,M Morkel,"['RV Uthappa', 'G Gambhir', 'MK Pandey', 'SA Yadav', 'YK Pathan', 'Shakib Al Hasan', 'AD Russell', 'PP Chawla', 'SP Narine', 'UT Yadav', 'M Morkel']","['RG Sharma', 'AJ Finch', 'AP Tare', 'AT Rayudu', 'CJ Anderson', 'KA Pollard', 'Harbhajan Singh', 'SL Malinga', 'R Vinay Kumar', 'JJ Bumrah', 'PP Ojha']",S Ravi,C Shamshuddin
734049,Bangalore,01-06-2014,2014,Final,Kolkata Knight Riders,Kings XI Punjab,M Chinnaswamy Stadium,Kolkata Knight Riders,field,N,Kolkata Knight Riders,Wickets,3.0,,MK Pandey,"['RV Uthappa', 'G Gambhir', 'MK Pandey', 'YK Pathan', 'Shakib Al Hasan', 'RN ten Doeschate', 'SA Yadav', 'PP Chawla', 'SP Narine', 'M Morkel', 'UT Yadav']","['V Sehwag', 'M Vohra', 'GJ Bailey', 'WP Saha', 'GJ Maxwell', 'DA Miller', 'AR Patel', 'MG Johnson', 'L Balaji', 'Karanveer Singh', 'P Awana']",HDPK Dharmasena,BNJ Oxenford
734047,Mumbai,30-05-2014,2014,Qualifier 2,Chennai Super Kings,Kings XI Punjab,Wankhede Stadium,Chennai Super Kings,field,N,Kings XI Punjab,Runs,24.0,,V Sehwag,"['DR Smith', 'F du Plessis', 'SK Raina', 'BB McCullum', 'RA Jadeja', 'DJ Hussey', 'MS Dhoni', 'R Ashwin', 'MM Sharma', 'IC Pandey', 'A Nehra']","['V Sehwag', 'M Vohra', 'GJ Maxwell', 'DA Miller', 'GJ Bailey', 'WP Saha', 'MG Johnson', 'AR Patel', 'Karanveer Singh', 'Sandeep Sharma', 'P Awana']",HDPK Dharmasena,RJ Tucker
734045,Mumbai,28-05-2014,2014,Eliminator,Chennai Super Kings,Mumbai Indians,Brabourne Stadium,Chennai Super Kings,field,N,Chennai Super Kings,Wickets,7.0,,SK Raina,"['DR Smith', 'F du Plessis', 'SK Raina', 'BB McCullum', 'DJ Hussey', 'MS Dhoni', 'RA Jadeja', 'R Ashwin', 'MM Sharma', 'IC Pandey', 'A Nehra']","['LMP Simmons', 'MEK Hussey', 'CJ Anderson', 'RG Sharma', 'KA Pollard', 'AT Rayudu', 'AP Tare', 'Harbhajan Singh', 'P Kumar', 'PP Ojha', 'JJ Bumrah']",VA Kulkarni,BNJ Oxenford
734043,Kolkata,27-05-2014,2014,Qualifier 1,Kings XI Punjab,Kolkata Knight Riders,Eden Gardens,Kings XI Punjab,field,N,Kolkata Knight Riders,Runs,28.0,,UT Yadav,"['V Sehwag', 'M Vohra', 'WP Saha', 'GJ Maxwell', 'DA Miller', 'AR Patel', 'GJ Bailey', 'R Dhawan', 'MG Johnson', 'Karanveer Singh', 'P Awana']","['RV Uthappa', 'G Gambhir', 'MK Pandey', 'Shakib Al Hasan', 'YK Pathan', 'RN ten Doeschate', 'SA Yadav', 'PP Chawla', 'SP Narine', 'M Morkel', 'UT Yadav']",NJ Llong,S Ravi
734041,Mumbai,25-05-2014,2014,56,Mumbai Indians,Rajasthan Royals,Wankhede Stadium,Mumbai Indians,field,N,Mumbai Indians,Wickets,5.0,,CJ Anderson,"['LMP Simmons', 'MEK Hussey', 'CJ Anderson', 'KA Pollard', 'RG Sharma', 'AT Rayudu', 'AP Tare', 'Harbhajan Singh', 'S Gopal', 'PP Ojha', 'JJ Bumrah']","['SR Watson', 'SV Samson', 'KK Nair', 'BJ Hodge', 'JP Faulkner', 'KK Cooper', 'AM Rahane', 'AM Nayar', 'Ankit Sharma', 'PV Tambe', 'DS Kulkarni']",K Srinath,RJ Tucker
734039,Chandigarh,25-05-2014,2014,55,Kings XI Punjab,Delhi Daredevils,"Punjab Cricket Association Stadium, Mohali",Kings XI Punjab,field,N,Kings XI Punjab,Wickets,7.0,,M Vohra,"['V Sehwag', 'M Vohra', 'GJ Maxwell', 'DA Miller', 'GJ Bailey', 'WP Saha', 'AR Patel', 'MG Johnson', 'R Dhawan', 'Karanveer Singh', 'P Awana']","['KP Pietersen', 'MA Agarwal', 'KD Karthik', 'KM Jadhav', 'MK Tiwary', 'JP Duminy', 'JDS Neesham', 'S Nadeem', 'Mohammed Shami', 'Imran Tahir', 'JD Unadkat']",HDPK Dharmasena,VA Kulkarni
734035,Bangalore,24-05-2014,2014,53,Royal Challengers Bangalore,Chennai Super Kings,M Chinnaswamy Stadium,Chennai Super Kings,field,N,Chennai Super Kings,Wickets,8.0,,MS Dhoni,"['RR Rossouw', 'YV Takawale', 'VH Zol', 'V Kohli', 'Yuvraj Singh', 'AB de Villiers', 'S Rana', 'MA Starc', 'YS Chahal', 'R Rampaul', 'SB Jakati']","['DR Smith', 'F du Plessis', 'SK Raina', 'MS Dhoni', 'DJ Hussey', 'RA Jadeja', 'M Manhas', 'R Ashwin', 'MM Sharma', 'S Badree', 'A Nehra']",AK Chaudhary,NJ Llong
734037,Kolkata,24-05-2014,2014,54,Kolkata Knight Riders,Sunrisers Hyderabad,Eden Gardens,Kolkata Knight Riders,field,N,Kolkata Knight Riders,Wickets,4.0,,YK Pathan,"['RV Uthappa', 'G Gambhir', 'MK Pandey', 'YK Pathan', 'RN ten Doeschate', 'Shakib Al Hasan', 'SA Yadav', 'R Vinay Kumar', 'M Morkel', 'UT Yadav', 'SP Narine']","['DA Warner', 'S Dhawan', 'NV Ojha', 'Y Venugopal Rao', 'DJG Sammy', 'S Anirudha', 'JO Holder', 'KV Sharma', 'Parvez Rasool', 'DW Steyn', 'B Kumar']",RM Deshpande,BNJ Oxenford
734031,Mumbai,23-05-2014,2014,51,Mumbai Indians,Delhi Daredevils,Wankhede Stadium,Delhi Daredevils,field,N,Mumbai Indians,Runs,15.0,,MEK Hussey,"['LMP Simmons', 'MEK Hussey', 'RG Sharma', 'KA Pollard', 'AT Rayudu', 'AP Tare', 'Harbhajan Singh', 'S Gopal', 'M de Lange', 'PP Ojha', 'JJ Bumrah']","['M Vijay', 'KP Pietersen', 'KD Karthik', 'MK Tiwary', 'JP Duminy', 'KM Jadhav', 'WD Parnell', 'S Nadeem', 'JD Unadkat', 'S Kaul', 'Imran Tahir']",S Ravi,RJ Tucker
734033,Chandigarh,23-05-2014,2014,52,Kings XI Punjab,Rajasthan Royals,"Punjab Cricket Association Stadium, Mohali",Rajasthan Royals,field,N,Kings XI Punjab,Runs,16.0,,SE Marsh,"['V Sehwag', 'M Vohra', 'SE Marsh', 'WP Saha', 'DA Miller', 'GJ Bailey', 'AR Patel', 'R Dhawan', 'Karanveer Singh', 'BE Hendricks', 'L Balaji']","['AM Rahane', 'KK Nair', 'SV Samson', 'SR Watson', 'STR Binny', 'R Tewatia', 'BJ Hodge', 'JP Faulkner', 'KK Cooper', 'VS Malik', 'PV Tambe']",HDPK Dharmasena,PG Pathak
734027,Kolkata,22-05-2014,2014,49,Kolkata Knight Riders,Royal Challengers Bangalore,Eden Gardens,Royal Challengers Bangalore,field,N,Kolkata Knight Riders,Runs,30.0,,RV Uthappa,"['RV Uthappa', 'G Gambhir', 'MK Pandey', 'YK Pathan', 'Shakib Al Hasan', 'RN ten Doeschate', 'SA Yadav', 'R Vinay Kumar', 'M Morkel', 'UT Yadav', 'SP Narine']","['CH Gayle', 'YV Takawale', 'V Kohli', 'Yuvraj Singh', 'AB de Villiers', 'S Rana', 'MA Starc', 'AN Ahmed', 'AB Dinda', 'YS Chahal', 'M Muralitharan']",AK Chaudhary,CK Nandan
734029,Ranchi,22-05-2014,2014,50,Chennai Super Kings,Sunrisers Hyderabad,JSCA International Stadium Complex,Sunrisers Hyderabad,field,N,Sunrisers Hyderabad,Wickets,6.0,,DA Warner,"['DR Smith', 'F du Plessis', 'SK Raina', 'DJ Hussey', 'MS Dhoni', 'RA Jadeja', 'M Manhas', 'R Ashwin', 'JW Hastings', 'MM Sharma', 'P Negi']","['DA Warner', 'S Dhawan', 'NV Ojha', 'AJ Finch', 'DJG Sammy', 'Y Venugopal Rao', 'IK Pathan', 'KV Sharma', 'Parvez Rasool', 'DW Steyn', 'B Kumar']",BNJ Oxenford,C Shamshuddin
734025,Chandigarh,21-05-2014,2014,48,Kings XI Punjab,Mumbai Indians,"Punjab Cricket Association Stadium, Mohali",Mumbai Indians,field,N,Mumbai Indians,Wickets,7.0,,LMP Simmons,"['V Sehwag', 'M Vohra', 'SE Marsh', 'GJ Maxwell', 'GJ Bailey', 'WP Saha', 'AR Patel', 'R Dhawan', 'BE Hendricks', 'Shivam Sharma', 'Sandeep Sharma']","['LMP Simmons', 'MEK Hussey', 'AT Rayudu', 'RG Sharma', 'KA Pollard', 'AP Tare', 'JJ Bumrah', 'K Santokie', 'P Kumar', 'PP Ojha', 'S Gopal']",HDPK Dharmasena,VA Kulkarni
734023,Kolkata,20-05-2014,2014,47,Kolkata Knight Riders,Chennai Super Kings,Eden Gardens,Kolkata Knight Riders,field,N,Kolkata Knight Riders,Wickets,8.0,,RV Uthappa,"['RV Uthappa', 'G Gambhir', 'MK Pandey', 'Shakib Al Hasan', 'YK Pathan', 'RN ten Doeschate', 'SA Yadav', 'PP Chawla', 'PJ Cummins', 'UT Yadav', 'SP Narine']","['DR Smith', 'BB McCullum', 'SK Raina', 'F du Plessis', 'MS Dhoni', 'RA Jadeja', 'M Manhas', 'R Ashwin', 'IC Pandey', 'MM Sharma', 'BW Hilfenhaus']",RM Deshpande,C Shamshuddin
734021,Hyderabad,20-05-2014,2014,46,Sunrisers Hyderabad,Royal Challengers Bangalore,"Rajiv Gandhi International Stadium, Uppal",Royal Challengers Bangalore,bat,N,Sunrisers Hyderabad,Wickets,7.0,,DA Warner,"['S Dhawan', 'DA Warner', 'NV Ojha', 'AJ Finch', 'DJG Sammy', 'Y Venugopal Rao', 'IK Pathan', 'KV Sharma', 'Parvez Rasool', 'DW Steyn', 'B Kumar']","['CH Gayle', 'PA Patel', 'V Kohli', 'Yuvraj Singh', 'AB de Villiers', 'S Rana', 'MA Starc', 'M Muralitharan', 'YS Chahal', 'AN Ahmed', 'VR Aaron']",AK Chaudhary,NJ Llong
734019,Delhi,19-05-2014,2014,45,Delhi Daredevils,Kings XI Punjab,Feroz Shah Kotla,Kings XI Punjab,field,N,Kings XI Punjab,Wickets,4.0,,AR Patel,"['M Vijay', 'KP Pietersen', 'KD Karthik', 'JP Duminy', 'KM Jadhav', 'MA Agarwal', 'MK Tiwary', 'WD Parnell', 'Mohammed Shami', 'Imran Tahir', 'JD Unadkat']","['V Sehwag', 'M Vohra', 'GJ Maxwell', 'DA Miller', 'WP Saha', 'AR Patel', 'GJ Bailey', 'R Dhawan', 'BE Hendricks', 'Shivam Sharma', 'Sandeep Sharma']",HDPK Dharmasena,PG Pathak
734017,Ahmedabad,19-05-2014,2014,44,Rajasthan Royals,Mumbai Indians,"Sardar Patel Stadium, Motera",Mumbai Indians,bat,N,Mumbai Indians,Runs,25.0,,MEK Hussey,"['KK Nair', 'UBT Chand', 'SR Watson', 'SV Samson', 'KK Cooper', 'Ankit Sharma', 'STR Binny', 'BJ Hodge', 'JP Faulkner', 'R Bhatia', 'DS Kulkarni']","['MEK Hussey', 'LMP Simmons', 'KA Pollard', 'RG Sharma', 'AT Rayudu', 'AP Tare', 'Harbhajan Singh', 'JJ Bumrah', 'K Santokie', 'PP Ojha', 'S Gopal']",S Ravi,RJ Tucker
734013,Ranchi,18-05-2014,2014,42,Chennai Super Kings,Royal Challengers Bangalore,JSCA International Stadium Complex,Chennai Super Kings,bat,N,Royal Challengers Bangalore,Wickets,5.0,,AB de Villiers,"['DR Smith', 'BB McCullum', 'SK Raina', 'DJ Hussey', 'MS Dhoni', 'RA Jadeja', 'M Manhas', 'R Ashwin', 'IC Pandey', 'MM Sharma', 'S Badree']","['CH Gayle', 'PA Patel', 'V Kohli', 'AB de Villiers', 'Yuvraj Singh', 'S Rana', 'AN Ahmed', 'MA Starc', 'M Muralitharan', 'YS Chahal', 'VR Aaron']",BNJ Oxenford,C Shamshuddin
734015,Hyderabad,18-05-2014,2014,43,Sunrisers Hyderabad,Kolkata Knight Riders,"Rajiv Gandhi International Stadium, Uppal",Sunrisers Hyderabad,bat,N,Kolkata Knight Riders,Wickets,7.0,,UT Yadav,"['AJ Finch', 'S Dhawan', 'NV Ojha', 'DA Warner', 'KL Rahul', 'IK Pathan', 'DJG Sammy', 'KV Sharma', 'DW Steyn', 'A Mishra', 'B Kumar']","['RV Uthappa', 'G Gambhir', 'MK Pandey', 'YK Pathan', 'RN ten Doeschate', 'Shakib Al Hasan', 'SA Yadav', 'PP Chawla', 'M Morkel', 'UT Yadav', 'SP Narine']",NJ Llong,CK Nandan
734011,Ahmedabad,15-05-2014,2014,41,Rajasthan Royals,Delhi Daredevils,"Sardar Patel Stadium, Motera",Delhi Daredevils,field,N,Rajasthan Royals,Runs,62.0,,AM Rahane,"['AM Rahane', 'KK Nair', 'KK Cooper', 'SV Samson', 'STR Binny', 'BCJ Cutting', 'JP Faulkner', 'SPD Smith', 'R Bhatia', 'DS Kulkarni', 'PV Tambe']","['KP Pietersen', 'MA Agarwal', 'KD Karthik', 'JP Duminy', 'MK Tiwary', 'LRPL Taylor', 'KM Jadhav', 'S Nadeem', 'Imran Tahir', 'R Shukla', 'S Kaul']",S Ravi,RJ Tucker
734009,Cuttack,14-05-2014,2014,40,Kolkata Knight Riders,Mumbai Indians,Barabati Stadium,Kolkata Knight Riders,field,N,Kolkata Knight Riders,Wickets,6.0,,RV Uthappa,"['RV Uthappa', 'G Gambhir', 'MK Pandey', 'YK Pathan', 'Shakib Al Hasan', 'RN ten Doeschate', 'SA Yadav', 'PP Chawla', 'M Morkel', 'UT Yadav', 'SP Narine']","['LMP Simmons', 'CM Gautam', 'AT Rayudu', 'RG Sharma', 'CJ Anderson', 'KA Pollard', 'AP Tare', 'Harbhajan Singh', 'SL Malinga', 'JJ Bumrah', 'PP Ojha']",AK Chaudhary,NJ Llong
734007,Hyderabad,14-05-2014,2014,39,Sunrisers Hyderabad,Kings XI Punjab,"Rajiv Gandhi International Stadium, Uppal",Kings XI Punjab,field,N,Kings XI Punjab,Wickets,6.0,,WP Saha,"['AJ Finch', 'S Dhawan', 'NV Ojha', 'DA Warner', 'MC Henriques', 'IK Pathan', 'KV Sharma', 'KL Rahul', 'DW Steyn', 'A Mishra', 'B Kumar']","['V Sehwag', 'M Vohra', 'WP Saha', 'GJ Maxwell', 'DA Miller', 'GJ Bailey', 'AR Patel', 'MG Johnson', 'Shivam Sharma', 'R Dhawan', 'Sandeep Sharma']",VA Kulkarni,PG Pathak
734005,Bangalore,13-05-2014,2014,38,Royal Challengers Bangalore,Delhi Daredevils,M Chinnaswamy Stadium,Delhi Daredevils,field,N,Royal Challengers Bangalore,Runs,16.0,,Yuvraj Singh,"['CH Gayle', 'PA Patel', 'V Kohli', 'AB de Villiers', 'Yuvraj Singh', 'S Rana', 'VH Zol', 'MA Starc', 'M Muralitharan', 'YS Chahal', 'AN Ahmed']","['Q de Kock', 'M Vijay', 'MA Agarwal', 'KP Pietersen', 'JP Duminy', 'KD Karthik', 'KM Jadhav', 'R Shukla', 'Mohammed Shami', 'Imran Tahir', 'S Kaul']",K Srinath,RJ Tucker
734003,Ranchi,13-05-2014,2014,37,Chennai Super Kings,Rajasthan Royals,JSCA International Stadium Complex,Rajasthan Royals,bat,N,Chennai Super Kings,Wickets,5.0,,RA Jadeja,"['DR Smith', 'BB McCullum', 'SK Raina', 'F du Plessis', 'R Ashwin', 'MS Dhoni', 'RA Jadeja', 'V Shankar', 'IC Pandey', 'MM Sharma', 'S Badree']","['Ankit Sharma', 'SR Watson', 'AM Rahane', 'KK Nair', 'STR Binny', 'SPD Smith', 'JP Faulkner', 'DH Yagnik', 'R Bhatia', 'KK Cooper', 'PV Tambe']",BNJ Oxenford,C Shamshuddin
734001,Hyderabad,12-05-2014,2014,36,Sunrisers Hyderabad,Mumbai Indians,"Rajiv Gandhi International Stadium, Uppal",Sunrisers Hyderabad,bat,N,Mumbai Indians,Wickets,7.0,,AT Rayudu,"['AJ Finch', 'S Dhawan', 'KL Rahul', 'DA Warner', 'NV Ojha', 'MC Henriques', 'IK Pathan', 'KV Sharma', 'DW Steyn', 'A Mishra', 'B Kumar']","['LMP Simmons', 'CM Gautam', 'AT Rayudu', 'RG Sharma', 'KA Pollard', 'CJ Anderson', 'AP Tare', 'Harbhajan Singh', 'SL Malinga', 'JJ Bumrah', 'PP Ojha']",HDPK Dharmasena,VA Kulkarni
733997,Cuttack,11-05-2014,2014,34,Kings XI Punjab,Kolkata Knight Riders,Barabati Stadium,Kolkata Knight Riders,field,N,Kolkata Knight Riders,Wickets,9.0,,G Gambhir,"['V Sehwag', 'Mandeep Singh', 'WP Saha', 'GJ Maxwell', 'DA Miller', 'GJ Bailey', 'R Dhawan', 'MG Johnson', 'AR Patel', 'P Awana', 'Sandeep Sharma']","['RV Uthappa', 'G Gambhir', 'MK Pandey', 'JH Kallis', 'RN ten Doeschate', 'YK Pathan', 'SA Yadav', 'PP Chawla', 'M Morkel', 'UT Yadav', 'SP Narine']",NJ Llong,CK Nandan
733999,Bangalore,11-05-2014,2014,35,Royal Challengers Bangalore,Rajasthan Royals,M Chinnaswamy Stadium,Royal Challengers Bangalore,bat,N,Rajasthan Royals,Wickets,5.0,,JP Faulkner,"['V Kohli', 'CH Gayle', 'VH Zol', 'AB de Villiers', 'Yuvraj Singh', 'JA Morkel', 'PA Patel', 'MA Starc', 'VR Aaron', 'YS Chahal', 'AB Dinda']","['AM Rahane', 'KK Nair', 'SR Watson', 'STR Binny', 'SV Samson', 'SPD Smith', 'JP Faulkner', 'R Bhatia', 'KW Richardson', 'PV Tambe', 'R Tewatia']",S Ravi,RJ Tucker
733995,Mumbai,10-05-2014,2014,33,Mumbai Indians,Chennai Super Kings,Wankhede Stadium,Chennai Super Kings,field,N,Chennai Super Kings,Wickets,4.0,,DR Smith,"['LMP Simmons', 'CM Gautam', 'AT Rayudu', 'RG Sharma', 'KA Pollard', 'CJ Anderson', 'AP Tare', 'Harbhajan Singh', 'SL Malinga', 'JJ Bumrah', 'P Kumar']","['DR Smith', 'BB McCullum', 'SK Raina', 'F du Plessis', 'MS Dhoni', 'RA Jadeja', 'M Manhas', 'R Ashwin', 'IC Pandey', 'MM Sharma', 'S Badree']",HDPK Dharmasena,VA Kulkarni
733993,Delhi,10-05-2014,2014,32,Delhi Daredevils,Sunrisers Hyderabad,Feroz Shah Kotla,Sunrisers Hyderabad,field,N,Sunrisers Hyderabad,Wickets,8.0,D/L,DW Steyn,"['Q de Kock', 'KP Pietersen', 'MA Agarwal', 'KD Karthik', 'LR Shukla', 'JP Duminy', 'KM Jadhav', 'R Shukla', 'Mohammed Shami', 'Imran Tahir', 'S Kaul']","['AJ Finch', 'S Dhawan', 'DA Warner', 'NV Ojha', 'KL Rahul', 'MC Henriques', 'IK Pathan', 'KV Sharma', 'DW Steyn', 'A Mishra', 'B Kumar']",RM Deshpande,BNJ Oxenford
733991,Bangalore,09-05-2014,2014,31,Royal Challengers Bangalore,Kings XI Punjab,M Chinnaswamy Stadium,Royal Challengers Bangalore,field,N,Kings XI Punjab,Runs,32.0,,Sandeep Sharma,"['CH Gayle', 'PA Patel', 'V Kohli', 'S Rana', 'AB de Villiers', 'Yuvraj Singh', 'JA Morkel', 'MA Starc', 'HV Patel', 'VR Aaron', 'YS Chahal']","['V Sehwag', 'Mandeep Singh', 'GJ Maxwell', 'DA Miller', 'GJ Bailey', 'WP Saha', 'MG Johnson', 'AR Patel', 'Shivam Sharma', 'L Balaji', 'Sandeep Sharma']",S Ravi,K Srinath
733989,Ahmedabad,08-05-2014,2014,30,Rajasthan Royals,Sunrisers Hyderabad,"Sardar Patel Stadium, Motera",Rajasthan Royals,field,N,Sunrisers Hyderabad,Runs,32.0,,B Kumar,"['AM Rahane', 'KK Nair', 'SV Samson', 'SR Watson', 'STR Binny', 'SPD Smith', 'R Bhatia', 'JP Faulkner', 'KW Richardson', 'DS Kulkarni', 'PV Tambe']","['S Dhawan', 'AJ Finch', 'KL Rahul', 'NV Ojha', 'DA Warner', 'MC Henriques', 'IK Pathan', 'KV Sharma', 'DW Steyn', 'A Mishra', 'B Kumar']",AK Chaudhary,NJ Llong
733985,Delhi,07-05-2014,2014,28,Delhi Daredevils,Kolkata Knight Riders,Feroz Shah Kotla,Delhi Daredevils,bat,N,Kolkata Knight Riders,Wickets,8.0,,G Gambhir,"['Q de Kock', 'M Vijay', 'KP Pietersen', 'KD Karthik', 'JP Duminy', 'LR Shukla', 'KM Jadhav', 'WD Parnell', 'S Nadeem', 'Mohammed Shami', 'S Kaul']","['RV Uthappa', 'G Gambhir', 'MK Pandey', 'JH Kallis', 'Shakib Al Hasan', 'YK Pathan', 'RN ten Doeschate', 'SA Yadav', 'R Vinay Kumar', 'SP Narine', 'UT Yadav']",BNJ Oxenford,C Shamshuddin
733987,Cuttack,07-05-2014,2014,29,Kings XI Punjab,Chennai Super Kings,Barabati Stadium,Chennai Super Kings,field,N,Kings XI Punjab,Runs,44.0,,GJ Maxwell,"['V Sehwag', 'Mandeep Singh', 'GJ Maxwell', 'DA Miller', 'GJ Bailey', 'MG Johnson', 'WP Saha', 'R Dhawan', 'AR Patel', 'M Kartik', 'Sandeep Sharma']","['DR Smith', 'BB McCullum', 'SK Raina', 'RA Jadeja', 'F du Plessis', 'MS Dhoni', 'M Manhas', 'R Ashwin', 'BW Hilfenhaus', 'IC Pandey', 'MM Sharma']",HDPK Dharmasena,PG Pathak
733983,Mumbai,06-05-2014,2014,27,Mumbai Indians,Royal Challengers Bangalore,Wankhede Stadium,Royal Challengers Bangalore,field,N,Mumbai Indians,Runs,19.0,,RG Sharma,"['BR Dunk', 'CM Gautam', 'AT Rayudu', 'RG Sharma', 'CJ Anderson', 'KA Pollard', 'AP Tare', 'Harbhajan Singh', 'JJ Bumrah', 'SL Malinga', 'P Suyal']","['CH Gayle', 'PA Patel', 'V Kohli', 'AB de Villiers', 'Yuvraj Singh', 'RR Rossouw', 'MA Starc', 'HV Patel', 'VR Aaron', 'AB Dinda', 'YS Chahal']",S Ravi,K Srinath
733981,Delhi,05-05-2014,2014,26,Delhi Daredevils,Chennai Super Kings,Feroz Shah Kotla,Chennai Super Kings,field,N,Chennai Super Kings,Wickets,8.0,,DR Smith,"['Q de Kock', 'M Vijay', 'KP Pietersen', 'KD Karthik', 'LR Shukla', 'JP Duminy', 'KM Jadhav', 'WD Parnell', 'S Nadeem', 'Mohammed Shami', 'JD Unadkat']","['DR Smith', 'BB McCullum', 'SK Raina', 'MS Dhoni', 'F du Plessis', 'M Manhas', 'RA Jadeja', 'R Ashwin', 'BW Hilfenhaus', 'IC Pandey', 'MM Sharma']",RM Deshpande,BNJ Oxenford
733979,Ahmedabad,05-05-2014,2014,25,Rajasthan Royals,Kolkata Knight Riders,"Sardar Patel Stadium, Motera",Kolkata Knight Riders,field,N,Rajasthan Royals,Runs,10.0,,PV Tambe,"['AM Rahane', 'KK Nair', 'SV Samson', 'SR Watson', 'STR Binny', 'SPD Smith', 'JP Faulkner', 'R Bhatia', 'TG Southee', 'PV Tambe', 'R Tewatia']","['RV Uthappa', 'G Gambhir', 'AD Russell', 'MK Pandey', 'Shakib Al Hasan', 'YK Pathan', 'RN ten Doeschate', 'SA Yadav', 'R Vinay Kumar', 'SP Narine', 'UT Yadav']",NJ Llong,CK Nandan
733977,Bangalore,04-05-2014,2014,24,Royal Challengers Bangalore,Sunrisers Hyderabad,M Chinnaswamy Stadium,Royal Challengers Bangalore,field,N,Royal Challengers Bangalore,Wickets,4.0,,AB de Villiers,"['CH Gayle', 'PA Patel', 'V Kohli', 'RR Rossouw', 'AB de Villiers', 'Yuvraj Singh', 'MA Starc', 'HV Patel', 'AB Dinda', 'VR Aaron', 'YS Chahal']","['AJ Finch', 'S Dhawan', 'KL Rahul', 'DA Warner', 'DJG Sammy', 'NV Ojha', 'IK Pathan', 'KV Sharma', 'DW Steyn', 'B Kumar', 'I Sharma']",HDPK Dharmasena,VA Kulkarni
733975,Delhi,03-05-2014,2014,23,Delhi Daredevils,Rajasthan Royals,Feroz Shah Kotla,Rajasthan Royals,field,N,Rajasthan Royals,Wickets,7.0,,KK Nair,"['Q de Kock', 'M Vijay', 'KP Pietersen', 'KD Karthik', 'JP Duminy', 'KM Jadhav', 'WD Parnell', 'S Nadeem', 'Mohammed Shami', 'JD Unadkat', 'R Sharma']","['AM Rahane', 'KK Nair', 'SV Samson', 'R Bhatia', 'SR Watson', 'STR Binny', 'SPD Smith', 'JP Faulkner', 'DS Kulkarni', 'KW Richardson', 'PV Tambe']",SS Hazare,S Ravi
733973,Mumbai,03-05-2014,2014,22,Mumbai Indians,Kings XI Punjab,Wankhede Stadium,Kings XI Punjab,bat,N,Mumbai Indians,Wickets,5.0,,CJ Anderson,"['BR Dunk', 'CM Gautam', 'AT Rayudu', 'RG Sharma', 'CJ Anderson', 'KA Pollard', 'AP Tare', 'Harbhajan Singh', 'JJ Bumrah', 'Z Khan', 'SL Malinga']","['CA Pujara', 'V Sehwag', 'WP Saha', 'GJ Maxwell', 'GJ Bailey', 'DA Miller', 'MG Johnson', 'R Dhawan', 'AR Patel', 'L Balaji', 'Sandeep Sharma']",BNJ Oxenford,C Shamshuddin
733971,Ranchi,02-05-2014,2014,21,Chennai Super Kings,Kolkata Knight Riders,JSCA International Stadium Complex,Chennai Super Kings,bat,N,Chennai Super Kings,Runs,34.0,,RA Jadeja,"['DR Smith', 'BB McCullum', 'SK Raina', 'MS Dhoni', 'RA Jadeja', 'F du Plessis', 'M Manhas', 'R Ashwin', 'BW Hilfenhaus', 'IC Pandey', 'MM Sharma']","['RV Uthappa', 'G Gambhir', 'JH Kallis', 'MK Pandey', 'Shakib Al Hasan', 'SA Yadav', 'YK Pathan', 'AD Russell', 'PP Chawla', 'R Vinay Kumar', 'SP Narine']",AK Chaudhary,NJ Llong
729317,,30-04-2014,2014,20,Mumbai Indians,Sunrisers Hyderabad,Dubai International Cricket Stadium,Mumbai Indians,field,N,Sunrisers Hyderabad,Runs,15.0,,B Kumar,"['BR Dunk', 'RG Sharma', 'CJ Anderson', 'AT Rayudu', 'KA Pollard', 'AP Tare', 'Harbhajan Singh', 'CM Gautam', 'Z Khan', 'PP Ojha', 'SL Malinga']","['AJ Finch', 'S Dhawan', 'KL Rahul', 'DA Warner', 'DJG Sammy', 'NV Ojha', 'IK Pathan', 'KV Sharma', 'DW Steyn', 'A Mishra', 'B Kumar']",HDPK Dharmasena,M Erasmus
729315,Abu Dhabi,29-04-2014,2014,19,Kolkata Knight Riders,Rajasthan Royals,Sheikh Zayed Stadium,Rajasthan Royals,bat,Y,Rajasthan Royals,SuperOver,,,JP Faulkner,"['G Gambhir', 'MS Bisla', 'JH Kallis', 'MK Pandey', 'SA Yadav', 'Shakib Al Hasan', 'RV Uthappa', 'R Vinay Kumar', 'PP Chawla', 'SP Narine', 'M Morkel']","['AM Rahane', 'KK Nair', 'SV Samson', 'SR Watson', 'STR Binny', 'SPD Smith', 'JP Faulkner', 'R Bhatia', 'KW Richardson', 'PV Tambe', 'Iqbal Abdulla']",Aleem Dar,AK Chaudhary
729313,,28-04-2014,2014,18,Kings XI Punjab,Royal Challengers Bangalore,Dubai International Cricket Stadium,Kings XI Punjab,field,N,Kings XI Punjab,Wickets,5.0,,Sandeep Sharma,"['CA Pujara', 'V Sehwag', 'WP Saha', 'GJ Maxwell', 'DA Miller', 'GJ Bailey', 'R Dhawan', 'MG Johnson', 'AR Patel', 'L Balaji', 'Sandeep Sharma']","['CH Gayle', 'PA Patel', 'V Kohli', 'YV Takawale', 'AB de Villiers', 'Yuvraj Singh', 'JA Morkel', 'MA Starc', 'VR Aaron', 'AB Dinda', 'YS Chahal']",BF Bowden,S Ravi
729311,,27-04-2014,2014,17,Sunrisers Hyderabad,Chennai Super Kings,Sharjah Cricket Stadium,Sunrisers Hyderabad,bat,N,Chennai Super Kings,Wickets,5.0,,DR Smith,"['AJ Finch', 'S Dhawan', 'DA Warner', 'KL Rahul', 'Y Venugopal Rao', 'DJG Sammy', 'KV Sharma', 'DW Steyn', 'A Mishra', 'B Kumar', 'I Sharma']","['DR Smith', 'BB McCullum', 'SK Raina', 'MS Dhoni', 'F du Plessis', 'RA Jadeja', 'M Manhas', 'R Ashwin', 'BW Hilfenhaus', 'IC Pandey', 'MM Sharma']",AK Chaudhary,VA Kulkarni
729309,,27-04-2014,2014,16,Delhi Daredevils,Mumbai Indians,Sharjah Cricket Stadium,Mumbai Indians,bat,N,Delhi Daredevils,Wickets,6.0,,M Vijay,"['Q de Kock', 'M Vijay', 'JP Duminy', 'KP Pietersen', 'KD Karthik', 'KM Jadhav', 'LR Shukla', 'WD Parnell', 'S Nadeem', 'Mohammed Shami', 'JD Unadkat']","['RG Sharma', 'AP Tare', 'CJ Anderson', 'AT Rayudu', 'MEK Hussey', 'KA Pollard', 'CM Gautam', 'Harbhajan Singh', 'Z Khan', 'PP Ojha', 'SL Malinga']",Aleem Dar,VA Kulkarni
729307,Abu Dhabi,26-04-2014,2014,15,Kolkata Knight Riders,Kings XI Punjab,Sheikh Zayed Stadium,Kolkata Knight Riders,field,N,Kings XI Punjab,Runs,23.0,,Sandeep Sharma,"['MK Pandey', 'JH Kallis', 'G Gambhir', 'CA Lynn', 'RV Uthappa', 'YK Pathan', 'SA Yadav', 'PP Chawla', 'SP Narine', 'UT Yadav', 'M Morkel']","['CA Pujara', 'V Sehwag', 'WP Saha', 'GJ Maxwell', 'DA Miller', 'GJ Bailey', 'R Dhawan', 'AR Patel', 'MG Johnson', 'L Balaji', 'Sandeep Sharma']",HDPK Dharmasena,RK Illingworth
729305,Abu Dhabi,26-04-2014,2014,14,Rajasthan Royals,Royal Challengers Bangalore,Sheikh Zayed Stadium,Rajasthan Royals,field,N,Rajasthan Royals,Wickets,6.0,,PV Tambe,"['AM Rahane', 'KK Nair', 'SV Samson', 'AM Nayar', 'SR Watson', 'STR Binny', 'SPD Smith', 'R Bhatia', 'KW Richardson', 'PV Tambe', 'TG Southee']","['PA Patel', 'YV Takawale', 'V Kohli', 'Yuvraj Singh', 'AB de Villiers', 'S Rana', 'JA Morkel', 'MA Starc', 'R Rampaul', 'AB Dinda', 'YS Chahal']",HDPK Dharmasena,C Shamshuddin
729301,,25-04-2014,2014,12,Sunrisers Hyderabad,Delhi Daredevils,Dubai International Cricket Stadium,Sunrisers Hyderabad,bat,N,Sunrisers Hyderabad,Runs,4.0,,AJ Finch,"['S Dhawan', 'AJ Finch', 'DA Warner', 'KL Rahul', 'DJG Sammy', 'Y Venugopal Rao', 'KV Sharma', 'NV Ojha', 'DW Steyn', 'A Mishra', 'B Kumar']","['Q de Kock', 'M Vijay', 'KP Pietersen', 'KD Karthik', 'JP Duminy', 'MK Tiwary', 'LR Shukla', 'WD Parnell', 'S Nadeem', 'Mohammed Shami', 'JD Unadkat']",M Erasmus,S Ravi
729303,,25-04-2014,2014,13,Chennai Super Kings,Mumbai Indians,Dubai International Cricket Stadium,Mumbai Indians,bat,N,Chennai Super Kings,Wickets,7.0,,MM Sharma,"['DR Smith', 'BB McCullum', 'SK Raina', 'F du Plessis', 'MS Dhoni', 'M Manhas', 'RA Jadeja', 'R Ashwin', 'BW Hilfenhaus', 'IC Pandey', 'MM Sharma']","['MEK Hussey', 'AP Tare', 'CJ Anderson', 'RG Sharma', 'KA Pollard', 'AT Rayudu', 'CM Gautam', 'Harbhajan Singh', 'Z Khan', 'PP Ojha', 'SL Malinga']",BF Bowden,M Erasmus
729299,,24-04-2014,2014,11,Royal Challengers Bangalore,Kolkata Knight Riders,Sharjah Cricket Stadium,Royal Challengers Bangalore,field,N,Kolkata Knight Riders,Runs,2.0,,CA Lynn,"['PA Patel', 'YV Takawale', 'V Kohli', 'Yuvraj Singh', 'AB de Villiers', 'JA Morkel', 'MA Starc', 'AB Dinda', 'YS Chahal', 'VR Aaron', 'M Muralitharan']","['JH Kallis', 'G Gambhir', 'MK Pandey', 'CA Lynn', 'YK Pathan', 'RV Uthappa', 'SA Yadav', 'R Vinay Kumar', 'SP Narine', 'M Morkel', 'UT Yadav']",Aleem Dar,VA Kulkarni
729297,,23-04-2014,2014,10,Rajasthan Royals,Chennai Super Kings,Dubai International Cricket Stadium,Rajasthan Royals,field,N,Chennai Super Kings,Runs,7.0,,RA Jadeja,"['AM Nayar', 'AM Rahane', 'SV Samson', 'SR Watson', 'STR Binny', 'SPD Smith', 'R Bhatia', 'JP Faulkner', 'TG Southee', 'DS Kulkarni', 'PV Tambe']","['DR Smith', 'BB McCullum', 'SK Raina', 'F du Plessis', 'MS Dhoni', 'RA Jadeja', 'M Manhas', 'R Ashwin', 'BW Hilfenhaus', 'IC Pandey', 'MM Sharma']",HDPK Dharmasena,RK Illingworth
729295,,22-04-2014,2014,9,Kings XI Punjab,Sunrisers Hyderabad,Sharjah Cricket Stadium,Sunrisers Hyderabad,field,N,Kings XI Punjab,Runs,72.0,,GJ Maxwell,"['CA Pujara', 'V Sehwag', 'GJ Maxwell', 'DA Miller', 'GJ Bailey', 'MG Johnson', 'AR Patel', 'WP Saha', 'L Balaji', 'R Dhawan', 'Sandeep Sharma']","['AJ Finch', 'S Dhawan', 'DA Warner', 'KL Rahul', 'Y Venugopal Rao', 'IK Pathan', 'DJG Sammy', 'KV Sharma', 'DW Steyn', 'A Mishra', 'B Kumar']",M Erasmus,S Ravi
729293,Abu Dhabi,21-04-2014,2014,8,Chennai Super Kings,Delhi Daredevils,Sheikh Zayed Stadium,Chennai Super Kings,bat,N,Chennai Super Kings,Runs,93.0,,SK Raina,"['DR Smith', 'BB McCullum', 'SK Raina', 'F du Plessis', 'MS Dhoni', 'RA Jadeja', 'M Manhas', 'R Ashwin', 'BW Hilfenhaus', 'MM Sharma', 'IC Pandey']","['MA Agarwal', 'M Vijay', 'KD Karthik', 'MK Tiwary', 'JP Duminy', 'LRPL Taylor', 'JDS Neesham', 'S Nadeem', 'Mohammed Shami', 'JD Unadkat', 'NM Coulter-Nile']",RK Illingworth,C Shamshuddin
729291,,20-04-2014,2014,7,Rajasthan Royals,Kings XI Punjab,Sharjah Cricket Stadium,Kings XI Punjab,field,N,Kings XI Punjab,Wickets,7.0,,GJ Maxwell,"['AM Nayar', 'AM Rahane', 'SV Samson', 'SR Watson', 'STR Binny', 'SPD Smith', 'JP Faulkner', 'R Bhatia', 'KW Richardson', 'DS Kulkarni', 'PV Tambe']","['CA Pujara', 'V Sehwag', 'WP Saha', 'GJ Maxwell', 'DA Miller', 'GJ Bailey', 'MG Johnson', 'M Kartik', 'AR Patel', 'P Awana', 'L Balaji']",BF Bowden,M Erasmus
729289,,19-04-2014,2014,6,Kolkata Knight Riders,Delhi Daredevils,Dubai International Cricket Stadium,Kolkata Knight Riders,bat,N,Delhi Daredevils,Wickets,4.0,,JP Duminy,"['JH Kallis', 'G Gambhir', 'MK Pandey', 'RV Uthappa', 'Shakib Al Hasan', 'YK Pathan', 'SA Yadav', 'PP Chawla', 'R Vinay Kumar', 'SP Narine', 'M Morkel']","['M Vijay', 'MA Agarwal', 'KD Karthik', 'LRPL Taylor', 'JP Duminy', 'MK Tiwary', 'JDS Neesham', 'NM Coulter-Nile', 'S Nadeem', 'Mohammed Shami', 'JD Unadkat']",Aleem Dar,VA Kulkarni
729287,,19-04-2014,2014,5,Royal Challengers Bangalore,Mumbai Indians,Dubai International Cricket Stadium,Royal Challengers Bangalore,field,N,Royal Challengers Bangalore,Wickets,7.0,,PA Patel,"['NJ Maddinson', 'PA Patel', 'V Kohli', 'Yuvraj Singh', 'AB de Villiers', 'JA Morkel', 'S Rana', 'AB Dinda', 'MA Starc', 'YS Chahal', 'VR Aaron']","['MEK Hussey', 'AP Tare', 'AT Rayudu', 'RG Sharma', 'KA Pollard', 'CJ Anderson', 'Harbhajan Singh', 'Z Khan', 'SL Malinga', 'PP Ojha', 'JJ Bumrah']",Aleem Dar,AK Chaudhary
729285,Abu Dhabi,18-04-2014,2014,4,Sunrisers Hyderabad,Rajasthan Royals,Sheikh Zayed Stadium,Rajasthan Royals,field,N,Rajasthan Royals,Wickets,4.0,,AM Rahane,"['AJ Finch', 'S Dhawan', 'DA Warner', 'KL Rahul', 'DJG Sammy', 'Y Venugopal Rao', 'KV Sharma', 'DW Steyn', 'A Mishra', 'B Kumar', 'I Sharma']","['AM Nayar', 'AM Rahane', 'SV Samson', 'SR Watson', 'STR Binny', 'BJ Hodge', 'R Bhatia', 'JP Faulkner', 'KW Richardson', 'DS Kulkarni', 'PV Tambe']",BF Bowden,RK Illingworth
729283,Abu Dhabi,18-04-2014,2014,3,Chennai Super Kings,Kings XI Punjab,Sheikh Zayed Stadium,Chennai Super Kings,bat,N,Kings XI Punjab,Wickets,6.0,,GJ Maxwell,"['DR Smith', 'BB McCullum', 'SK Raina', 'MS Dhoni', 'DJ Bravo', 'F du Plessis', 'RA Jadeja', 'R Ashwin', 'P Negi', 'A Nehra', 'MM Sharma']","['CA Pujara', 'V Sehwag', 'GJ Maxwell', 'AR Patel', 'DA Miller', 'GJ Bailey', 'WP Saha', 'MG Johnson', 'R Dhawan', 'P Awana', 'L Balaji']",RK Illingworth,C Shamshuddin
729281,,17-04-2014,2014,2,Delhi Daredevils,Royal Challengers Bangalore,Sharjah Cricket Stadium,Royal Challengers Bangalore,field,N,Royal Challengers Bangalore,Wickets,8.0,,YS Chahal,"['MA Agarwal', 'M Vijay', 'KD Karthik', 'MK Tiwary', 'JP Duminy', 'LRPL Taylor', 'JDS Neesham', 'WD Parnell', 'S Nadeem', 'R Sharma', 'Mohammed Shami']","['PA Patel', 'NJ Maddinson', 'V Kohli', 'Yuvraj Singh', 'AB de Villiers', 'JA Morkel', 'S Rana', 'AB Dinda', 'MA Starc', 'YS Chahal', 'VR Aaron']",Aleem Dar,S Ravi
729279,Abu Dhabi,16-04-2014,2014,1,Mumbai Indians,Kolkata Knight Riders,Sheikh Zayed Stadium,Kolkata Knight Riders,bat,N,Kolkata Knight Riders,Runs,41.0,,JH Kallis,"['MEK Hussey', 'AP Tare', 'AT Rayudu', 'RG Sharma', 'KA Pollard', 'CJ Anderson', 'Harbhajan Singh', 'CM Gautam', 'SL Malinga', 'Z Khan', 'PP Ojha']","['G Gambhir', 'JH Kallis', 'MK Pandey', 'RV Uthappa', 'YK Pathan', 'Shakib Al Hasan', 'SA Yadav', 'PP Chawla', 'R Vinay Kumar', 'SP Narine', 'M Morkel']",M Erasmus,RK Illingworth
598073,Kolkata,26-05-2013,2013,Final,Chennai Super Kings,Mumbai Indians,Eden Gardens,Mumbai Indians,bat,N,Mumbai Indians,Runs,23.0,,KA Pollard,"['MEK Hussey', 'M Vijay', 'SK Raina', 'S Badrinath', 'DJ Bravo', 'RA Jadeja', 'MS Dhoni', 'JA Morkel', 'CH Morris', 'R Ashwin', 'MM Sharma']","['DR Smith', 'AP Tare', 'KD Karthik', 'RG Sharma', 'AT Rayudu', 'KA Pollard', 'Harbhajan Singh', 'R Dhawan', 'MG Johnson', 'SL Malinga', 'PP Ojha']",HDPK Dharmasena,SJA Taufel
598072,Kolkata,24-05-2013,2013,Qualifier 2,Mumbai Indians,Rajasthan Royals,Eden Gardens,Rajasthan Royals,bat,N,Mumbai Indians,Wickets,4.0,,Harbhajan Singh,"['DR Smith', 'AP Tare', 'KD Karthik', 'RG Sharma', 'KA Pollard', 'AT Rayudu', 'Harbhajan Singh', 'R Dhawan', 'MG Johnson', 'SL Malinga', 'PP Ojha']","['R Dravid', 'AM Rahane', 'SR Watson', 'SV Samson', 'STR Binny', 'BJ Hodge', 'KK Cooper', 'DH Yagnik', 'JP Faulkner', 'VS Malik', 'SK Trivedi']",C Shamshuddin,SJA Taufel
598071,Delhi,22-05-2013,2013,Eliminator,Rajasthan Royals,Sunrisers Hyderabad,Feroz Shah Kotla,Sunrisers Hyderabad,bat,N,Rajasthan Royals,Wickets,4.0,,BJ Hodge,"['R Dravid', 'AM Rahane', 'SR Watson', 'DH Yagnik', 'STR Binny', 'SV Samson', 'BJ Hodge', 'JP Faulkner', 'KK Cooper', 'VS Malik', 'SK Trivedi']","['PA Patel', 'S Dhawan', 'GH Vihari', 'CL White', 'DJG Sammy', 'NLTC Perera', 'BB Samantray', 'KV Sharma', 'DW Steyn', 'A Mishra', 'I Sharma']",S Ravi,RJ Tucker
598070,Delhi,21-05-2013,2013,Qualifier 1,Chennai Super Kings,Mumbai Indians,Feroz Shah Kotla,Chennai Super Kings,bat,N,Chennai Super Kings,Runs,48.0,,MEK Hussey,"['MEK Hussey', 'M Vijay', 'SK Raina', 'MS Dhoni', 'RA Jadeja', 'S Badrinath', 'DJ Bravo', 'JA Morkel', 'CH Morris', 'R Ashwin', 'MM Sharma']","['DR Smith', 'AP Tare', 'KD Karthik', 'RG Sharma', 'KA Pollard', 'AT Rayudu', 'Harbhajan Singh', 'MG Johnson', 'SL Malinga', 'PP Ojha', 'MM Patel']",NJ Llong,RJ Tucker
598069,Hyderabad,19-05-2013,2013,72,Sunrisers Hyderabad,Kolkata Knight Riders,"Rajiv Gandhi International Stadium, Uppal",Kolkata Knight Riders,bat,N,Sunrisers Hyderabad,Wickets,5.0,,PA Patel,"['PA Patel', 'S Dhawan', 'GH Vihari', 'CL White', 'NLTC Perera', 'DJG Sammy', 'BB Samantray', 'KV Sharma', 'A Mishra', 'DW Steyn', 'Anand Rajan']","['MS Bisla', 'G Gambhir', 'JH Kallis', 'EJG Morgan', 'YK Pathan', 'RN ten Doeschate', 'P Dogra', 'SP Narine', 'Iqbal Abdulla', 'PJ Sangwan', 'Mohammed Shami']",Asad Rauf,S Asnani
598067,Pune,19-05-2013,2013,71,Pune Warriors,Delhi Daredevils,Subrata Roy Sahara Stadium,Pune Warriors,bat,N,Pune Warriors,Runs,38.0,,LJ Wright,"['RV Uthappa', 'AJ Finch', 'MK Pandey', 'Yuvraj Singh', 'AD Mathews', 'LJ Wright', 'RV Gomez', 'WD Parnell', 'B Kumar', 'AG Murtaza', 'AB Dinda']","['DPMD Jayawardene', 'DA Warner', 'B Chipli', 'V Sehwag', 'BJ Rohrer', 'IK Pathan', 'CM Gautam', 'M Morkel', 'UT Yadav', 'S Nadeem', 'S Kaul']",NJ Llong,SJA Taufel
598068,Bangalore,18-05-2013,2013,70,Royal Challengers Bangalore,Chennai Super Kings,M Chinnaswamy Stadium,Chennai Super Kings,field,N,Royal Challengers Bangalore,Runs,24.0,,V Kohli,"['V Kohli', 'CH Gayle', 'AB de Villiers', 'MC Henriques', 'RP Singh', 'KL Rahul', 'SS Tiwary', 'R Vinay Kumar', 'Z Khan', 'R Rampaul', 'JD Unadkat']","['MEK Hussey', 'M Vijay', 'SK Raina', 'DJ Bravo', 'MS Dhoni', 'RA Jadeja', 'S Badrinath', 'CH Morris', 'R Ashwin', 'JO Holder', 'MM Sharma']",C Shamshuddin,RJ Tucker
598066,Dharamsala,18-05-2013,2013,69,Kings XI Punjab,Mumbai Indians,Himachal Pradesh Cricket Association Stadium,Mumbai Indians,field,N,Kings XI Punjab,Runs,50.0,,Azhar Mahmood,"['AC Gilchrist', 'Mandeep Singh', 'Azhar Mahmood', 'SE Marsh', 'DA Miller', 'M Vohra', 'Gurkeerat Singh', 'PP Chawla', 'P Kumar', 'P Awana', 'Sandeep Sharma']","['GJ Maxwell', 'AP Tare', 'AT Rayudu', 'RG Sharma', 'KD Karthik', 'KA Pollard', 'R Dhawan', 'Harbhajan Singh', 'NM Coulter-Nile', 'SL Malinga', 'DS Kulkarni']",HDPK Dharmasena,CK Nandan
598065,Hyderabad,17-05-2013,2013,68,Sunrisers Hyderabad,Rajasthan Royals,"Rajiv Gandhi International Stadium, Uppal",Sunrisers Hyderabad,bat,N,Sunrisers Hyderabad,Runs,23.0,,A Mishra,"['PA Patel', 'S Dhawan', 'GH Vihari', 'CL White', 'BB Samantray', 'DJG Sammy', 'NLTC Perera', 'DW Steyn', 'KV Sharma', 'A Mishra', 'I Sharma']","['R Dravid', 'AM Rahane', 'SR Watson', 'SV Samson', 'STR Binny', 'BJ Hodge', 'Sachin Baby', 'JP Faulkner', 'KK Cooper', 'PV Tambe', 'SK Trivedi']",Asad Rauf,AK Chaudhary
598028,Dharamsala,16-05-2013,2013,67,Kings XI Punjab,Delhi Daredevils,Himachal Pradesh Cricket Association Stadium,Delhi Daredevils,field,N,Kings XI Punjab,Runs,7.0,,DA Miller,"['AC Gilchrist', 'SE Marsh', 'Azhar Mahmood', 'DA Miller', 'R Sathish', 'PP Chawla', 'Mandeep Singh', 'M Vohra', 'P Kumar', 'P Awana', 'Sandeep Sharma']","['DPMD Jayawardene', 'UBT Chand', 'IK Pathan', 'DA Warner', 'V Sehwag', 'BJ Rohrer', 'CM Gautam', 'M Morkel', 'S Kaul', 'UT Yadav', 'A Nehra']",HDPK Dharmasena,S Ravi
598063,Mumbai,15-05-2013,2013,66,Mumbai Indians,Rajasthan Royals,Wankhede Stadium,Rajasthan Royals,field,N,Mumbai Indians,Runs,14.0,,AP Tare,"['GJ Maxwell', 'AP Tare', 'KD Karthik', 'RG Sharma', 'KA Pollard', 'AT Rayudu', 'Harbhajan Singh', 'MG Johnson', 'SL Malinga', 'DS Kulkarni', 'PP Ojha']","['R Dravid', 'AM Rahane', 'JP Faulkner', 'SV Samson', 'SR Watson', 'STR Binny', 'DH Yagnik', 'BJ Hodge', 'KK Cooper', 'AA Chavan', 'PV Tambe']",Asad Rauf,S Asnani
598061,Ranchi,15-05-2013,2013,65,Kolkata Knight Riders,Pune Warriors,JSCA International Stadium Complex,Kolkata Knight Riders,field,N,Pune Warriors,Runs,7.0,,MK Pandey,"['G Gambhir', 'MS Bisla', 'JH Kallis', 'YK Pathan', 'RN ten Doeschate', 'MK Tiwary', 'DB Das', 'R Bhatia', 'SMSM Senanayake', 'SP Narine', 'L Balaji']","['RV Uthappa', 'AJ Finch', 'MK Pandey', 'Yuvraj Singh', 'LJ Wright', 'AD Mathews', 'RV Gomez', 'WD Parnell', 'B Kumar', 'AG Murtaza', 'IC Pandey']",NJ Llong,K Srinath
598062,Chennai,14-05-2013,2013,64,Chennai Super Kings,Delhi Daredevils,"MA Chidambaram Stadium, Chepauk",Chennai Super Kings,bat,N,Chennai Super Kings,Runs,33.0,,MS Dhoni,"['MEK Hussey', 'M Vijay', 'SK Raina', 'MS Dhoni', 'RA Jadeja', 'DJ Bravo', 'S Badrinath', 'JA Morkel', 'R Ashwin', 'JO Holder', 'MM Sharma']","['V Sehwag', 'UBT Chand', 'J Botha', 'DA Warner', 'KM Jadhav', 'BJ Rohrer', 'RE van der Merwe', 'IK Pathan', 'UT Yadav', 'A Nehra', 'S Kaul']",C Shamshuddin,RJ Tucker
598045,Bangalore,14-05-2013,2013,63,Royal Challengers Bangalore,Kings XI Punjab,M Chinnaswamy Stadium,Kings XI Punjab,field,N,Kings XI Punjab,Wickets,7.0,,AC Gilchrist,"['CA Pujara', 'CH Gayle', 'V Kohli', 'AB de Villiers', 'MC Henriques', 'KL Rahul', 'KB Arun Karthik', 'R Vinay Kumar', 'Z Khan', 'M Muralitharan', 'JD Unadkat']","['AC Gilchrist', 'SE Marsh', 'Azhar Mahmood', 'DA Miller', 'R Sathish', 'Mandeep Singh', 'M Vohra', 'PP Chawla', 'MS Gony', 'P Awana', 'Sandeep Sharma']",HDPK Dharmasena,S Ravi
598060,Mumbai,13-05-2013,2013,62,Mumbai Indians,Sunrisers Hyderabad,Wankhede Stadium,Sunrisers Hyderabad,bat,N,Mumbai Indians,Wickets,7.0,,KA Pollard,"['DR Smith', 'SR Tendulkar', 'KD Karthik', 'RG Sharma', 'AT Rayudu', 'KA Pollard', 'Harbhajan Singh', 'MG Johnson', 'DS Kulkarni', 'SL Malinga', 'PP Ojha']","['PA Patel', 'S Dhawan', 'GH Vihari', 'CL White', 'NLTC Perera', 'DJG Sammy', 'BB Samantray', 'KV Sharma', 'A Mishra', 'DW Steyn', 'I Sharma']",AK Chaudhary,SJA Taufel
598058,Jaipur,12-05-2013,2013,61,Rajasthan Royals,Chennai Super Kings,Sawai Mansingh Stadium,Rajasthan Royals,field,N,Rajasthan Royals,Wickets,5.0,,SR Watson,"['R Dravid', 'AM Rahane', 'JP Faulkner', 'SV Samson', 'SR Watson', 'STR Binny', 'BJ Hodge', 'DH Yagnik', 'SK Trivedi', 'KK Cooper', 'VS Malik']","['MEK Hussey', 'M Vijay', 'SK Raina', 'MS Dhoni', 'RA Jadeja', 'DJ Bravo', 'S Badrinath', 'CH Morris', 'R Ashwin', 'JO Holder', 'MM Sharma']",HDPK Dharmasena,CK Nandan
598057,Ranchi,12-05-2013,2013,60,Kolkata Knight Riders,Royal Challengers Bangalore,JSCA International Stadium Complex,Kolkata Knight Riders,field,N,Kolkata Knight Riders,Wickets,5.0,,JH Kallis,"['MS Bisla', 'G Gambhir', 'JH Kallis', 'YK Pathan', 'MK Tiwary', 'RN ten Doeschate', 'R Bhatia', 'DB Das', 'SMSM Senanayake', 'SP Narine', 'L Balaji']","['CA Pujara', 'CH Gayle', 'V Kohli', 'AB de Villiers', 'MC Henriques', 'SS Tiwary', 'R Vinay Kumar', 'R Rampaul', 'A Mithun', 'M Kartik', 'JD Unadkat']",NJ Llong,K Srinath
598056,Chandigarh,11-05-2013,2013,59,Kings XI Punjab,Sunrisers Hyderabad,"Punjab Cricket Association Stadium, Mohali",Kings XI Punjab,field,N,Sunrisers Hyderabad,Runs,30.0,,PA Patel,"['AC Gilchrist', 'Mandeep Singh', 'SE Marsh', 'LA Pomersbach', 'DA Miller', 'R Sathish', 'PP Chawla', 'P Kumar', 'Harmeet Singh', 'P Awana', 'Sandeep Sharma']","['PA Patel', 'S Dhawan', 'GH Vihari', 'CL White', 'BB Samantray', 'DJG Sammy', 'KV Sharma', 'NLTC Perera', 'DW Steyn', 'A Mishra', 'I Sharma']",S Das,RJ Tucker
598055,Pune,11-05-2013,2013,58,Pune Warriors,Mumbai Indians,Subrata Roy Sahara Stadium,Pune Warriors,bat,N,Mumbai Indians,Wickets,5.0,,MG Johnson,"['RV Uthappa', 'AJ Finch', 'MK Pandey', 'Yuvraj Singh', 'AD Mathews', 'AM Nayar', 'KW Richardson', 'Parvez Rasool', 'B Kumar', 'AB Dinda', 'BAW Mendis']","['DR Smith', 'SR Tendulkar', 'KD Karthik', 'RG Sharma', 'AT Rayudu', 'GJ Maxwell', 'Harbhajan Singh', 'MG Johnson', 'SL Malinga', 'PP Ojha', 'AN Ahmed']",Asad Rauf,AK Chaudhary
598054,Delhi,10-05-2013,2013,57,Delhi Daredevils,Royal Challengers Bangalore,Feroz Shah Kotla,Delhi Daredevils,field,N,Royal Challengers Bangalore,Runs,4.0,,JD Unadkat,"['DPMD Jayawardene', 'V Sehwag', 'UBT Chand', 'DA Warner', 'BJ Rohrer', 'KM Jadhav', 'IK Pathan', 'M Morkel', 'UT Yadav', 'S Nadeem', 'S Kaul']","['CA Pujara', 'CH Gayle', 'V Kohli', 'MC Henriques', 'AB de Villiers', 'SS Tiwary', 'J Syed Mohammad', 'R Vinay Kumar', 'R Rampaul', 'M Kartik', 'JD Unadkat']",NJ Llong,K Srinath
598053,Pune,09-05-2013,2013,56,Pune Warriors,Kolkata Knight Riders,Subrata Roy Sahara Stadium,Kolkata Knight Riders,bat,N,Kolkata Knight Riders,Runs,46.0,,G Gambhir,"['RV Uthappa', 'AJ Finch', 'Yuvraj Singh', 'UA Birla', 'AD Mathews', 'MR Marsh', 'M Rawat', 'WD Parnell', 'B Kumar', 'Parvez Rasool', 'K Upadhyay']","['MS Bisla', 'G Gambhir', 'JH Kallis', 'EJG Morgan', 'RN ten Doeschate', 'YK Pathan', 'MK Tiwary', 'R Bhatia', 'Iqbal Abdulla', 'SP Narine', 'L Balaji']",Asad Rauf,S Asnani
598052,Chandigarh,09-05-2013,2013,55,Kings XI Punjab,Rajasthan Royals,"Punjab Cricket Association Stadium, Mohali",Rajasthan Royals,field,N,Rajasthan Royals,Wickets,8.0,,KK Cooper,"['Mandeep Singh', 'AC Gilchrist', 'SE Marsh', 'DJ Hussey', 'DA Miller', 'MS Gony', 'R Sathish', 'PP Chawla', 'Bipul Sharma', 'P Kumar', 'P Awana']","['R Dravid', 'AM Rahane', 'SR Watson', 'SV Samson', 'BJ Hodge', 'DH Yagnik', 'KK Cooper', 'JP Faulkner', 'A Chandila', 'S Sreesanth', 'SK Trivedi']",HDPK Dharmasena,S Ravi
598051,Hyderabad,08-05-2013,2013,54,Sunrisers Hyderabad,Chennai Super Kings,"Rajiv Gandhi International Stadium, Uppal",Sunrisers Hyderabad,field,N,Chennai Super Kings,Runs,77.0,,SK Raina,"['PA Patel', 'S Dhawan', 'KC Sangakkara', 'GH Vihari', 'DJG Sammy', 'NLTC Perera', 'KV Sharma', 'A Mishra', 'DW Steyn', 'I Sharma', 'A Ashish Reddy']","['MEK Hussey', 'M Vijay', 'SK Raina', 'MS Dhoni', 'RA Jadeja', 'S Badrinath', 'DJ Bravo', 'CH Morris', 'R Ashwin', 'JO Holder', 'MM Sharma']",S Das,NJ Llong
598049,Jaipur,07-05-2013,2013,52,Rajasthan Royals,Delhi Daredevils,Sawai Mansingh Stadium,Delhi Daredevils,bat,N,Rajasthan Royals,Wickets,9.0,,AM Rahane,"['R Dravid', 'AM Rahane', 'SR Watson', 'SV Samson', 'STR Binny', 'BJ Hodge', 'Sachin Baby', 'JP Faulkner', 'SK Trivedi', 'PV Tambe', 'SW Tait']","['DPMD Jayawardene', 'V Sehwag', 'CM Gautam', 'DA Warner', 'BJ Rohrer', 'KM Jadhav', 'AB Agarkar', 'M Morkel', 'UT Yadav', 'P Negi', 'S Kaul']",Aleem Dar,RJ Tucker
598050,Mumbai,07-05-2013,2013,53,Mumbai Indians,Kolkata Knight Riders,Wankhede Stadium,Mumbai Indians,bat,N,Mumbai Indians,Runs,65.0,,SR Tendulkar,"['DR Smith', 'SR Tendulkar', 'KD Karthik', 'RG Sharma', 'KA Pollard', 'AT Rayudu', 'Harbhajan Singh', 'MG Johnson', 'SL Malinga', 'PP Ojha', 'AN Ahmed']","['MS Bisla', 'G Gambhir', 'JH Kallis', 'YK Pathan', 'EJG Morgan', 'DB Das', 'R McLaren', 'R Bhatia', 'Iqbal Abdulla', 'SP Narine', 'L Balaji']",HDPK Dharmasena,S Ravi
598064,Chandigarh,06-05-2013,2013,51,Kings XI Punjab,Royal Challengers Bangalore,"Punjab Cricket Association Stadium, Mohali",Kings XI Punjab,field,N,Kings XI Punjab,Wickets,6.0,,DA Miller,"['Mandeep Singh', 'SE Marsh', 'Gurkeerat Singh', 'DJ Hussey', 'DA Miller', 'R Sathish', 'MG Neser', 'PP Chawla', 'P Kumar', 'MS Gony', 'P Awana']","['CA Pujara', 'CH Gayle', 'V Kohli', 'AB de Villiers', 'MC Henriques', 'SS Tiwary', 'KB Arun Karthik', 'R Vinay Kumar', 'R Rampaul', 'M Kartik', 'RP Singh']",VA Kulkarni,NJ Llong
598047,Jaipur,05-05-2013,2013,50,Rajasthan Royals,Pune Warriors,Sawai Mansingh Stadium,Pune Warriors,bat,N,Rajasthan Royals,Wickets,5.0,,AM Rahane,"['R Dravid', 'AM Rahane', 'SR Watson', 'BJ Hodge', 'STR Binny', 'SV Samson', 'JP Faulkner', 'Sachin Baby', 'KK Cooper', 'A Chandila', 'SK Trivedi']","['RV Uthappa', 'AJ Finch', 'Yuvraj Singh', 'MR Marsh', 'AD Mathews', 'M Rawat', 'UA Birla', 'B Kumar', 'WD Parnell', 'K Upadhyay', 'R Sharma']",C Shamshuddin,RJ Tucker
598046,Mumbai,05-05-2013,2013,49,Mumbai Indians,Chennai Super Kings,Wankhede Stadium,Mumbai Indians,bat,N,Mumbai Indians,Runs,60.0,,MG Johnson,"['DR Smith', 'SR Tendulkar', 'KD Karthik', 'KA Pollard', 'RG Sharma', 'AT Rayudu', 'Harbhajan Singh', 'MG Johnson', 'SL Malinga', 'PP Ojha', 'P Suyal']","['MEK Hussey', 'M Vijay', 'SK Raina', 'S Badrinath', 'DJ Bravo', 'R Ashwin', 'MS Dhoni', 'RA Jadeja', 'CH Morris', 'MM Sharma', 'B Laughlin']",HDPK Dharmasena,CK Nandan
598044,Hyderabad,04-05-2013,2013,48,Sunrisers Hyderabad,Delhi Daredevils,"Rajiv Gandhi International Stadium, Uppal",Delhi Daredevils,bat,N,Sunrisers Hyderabad,Wickets,6.0,,DJG Sammy,"['PA Patel', 'S Dhawan', 'A Ashish Reddy', 'DJG Sammy', 'KC Sangakkara', 'GH Vihari', 'NLTC Perera', 'KV Sharma', 'A Mishra', 'DW Steyn', 'I Sharma']","['DPMD Jayawardene', 'V Sehwag', 'UBT Chand', 'DA Warner', 'BMAJ Mendis', 'KM Jadhav', 'IK Pathan', 'J Botha', 'S Nadeem', 'A Nehra', 'UT Yadav']",Asad Rauf,S Asnani
598043,Kolkata,03-05-2013,2013,47,Kolkata Knight Riders,Rajasthan Royals,Eden Gardens,Rajasthan Royals,bat,N,Kolkata Knight Riders,Wickets,8.0,,YK Pathan,"['G Gambhir', 'MS Bisla', 'JH Kallis', 'YK Pathan', 'EJG Morgan', 'DB Das', 'R Bhatia', 'S Narwal', 'SMSM Senanayake', 'Iqbal Abdulla', 'SP Narine']","['SR Watson', 'AM Rahane', 'JP Faulkner', 'SV Samson', 'DH Yagnik', 'OA Shah', 'STR Binny', 'R Dravid', 'AA Chavan', 'GB Hogg', 'SK Trivedi']",HDPK Dharmasena,CK Nandan
598042,Pune,02-05-2013,2013,46,Pune Warriors,Royal Challengers Bangalore,Subrata Roy Sahara Stadium,Royal Challengers Bangalore,bat,N,Royal Challengers Bangalore,Runs,17.0,,AB de Villiers,"['RV Uthappa', 'AJ Finch', 'TL Suman', 'Yuvraj Singh', 'SPD Smith', 'AD Mathews', 'AM Nayar', 'B Kumar', 'BAW Mendis', 'AB Dinda', 'R Sharma']","['SS Tiwary', 'CH Gayle', 'V Kohli', 'AB de Villiers', 'MC Henriques', 'KL Rahul', 'KB Arun Karthik', 'R Vinay Kumar', 'M Kartik', 'M Muralitharan', 'RP Singh']",Aleem Dar,C Shamshuddin
598041,Chennai,02-05-2013,2013,45,Chennai Super Kings,Kings XI Punjab,"MA Chidambaram Stadium, Chepauk",Chennai Super Kings,bat,N,Chennai Super Kings,Runs,15.0,,SK Raina,"['WP Saha', 'MEK Hussey', 'SK Raina', 'MS Dhoni', 'JA Morkel', 'RA Jadeja', 'S Badrinath', 'DJ Bravo', 'CH Morris', 'R Ashwin', 'MM Sharma']","['LA Pomersbach', 'Mandeep Singh', 'SE Marsh', 'DJ Hussey', 'DA Miller', 'Gurkeerat Singh', 'R Sathish', 'MS Gony', 'PP Chawla', 'P Kumar', 'P Awana']",M Erasmus,VA Kulkarni
598040,Raipur,01-05-2013,2013,44,Delhi Daredevils,Kolkata Knight Riders,Shaheed Veer Narayan Singh International Stadium,Kolkata Knight Riders,bat,N,Delhi Daredevils,Wickets,7.0,,DA Warner,"['DPMD Jayawardene', 'V Sehwag', 'UBT Chand', 'DA Warner', 'BJ Rohrer', 'KM Jadhav', 'IK Pathan', 'S Nadeem', 'M Morkel', 'UT Yadav', 'A Nehra']","['MS Bisla', 'G Gambhir', 'YK Pathan', 'JH Kallis', 'EJG Morgan', 'DB Das', 'R Bhatia', 'S Narwal', 'B Lee', 'SP Narine', 'L Balaji']",HDPK Dharmasena,CK Nandan
598039,Hyderabad,01-05-2013,2013,43,Sunrisers Hyderabad,Mumbai Indians,"Rajiv Gandhi International Stadium, Uppal",Mumbai Indians,bat,N,Sunrisers Hyderabad,Wickets,7.0,,I Sharma,"['PA Reddy', 'S Dhawan', 'KC Sangakkara', 'GH Vihari', 'DJG Sammy', 'NLTC Perera', 'A Ashish Reddy', 'KV Sharma', 'A Mishra', 'DW Steyn', 'I Sharma']","['DR Smith', 'SR Tendulkar', 'KD Karthik', 'RG Sharma', 'KA Pollard', 'AT Rayudu', 'Harbhajan Singh', 'MG Johnson', 'SL Malinga', 'DS Kulkarni', 'PP Ojha']",Asad Rauf,S Asnani
598038,Pune,30-04-2013,2013,42,Pune Warriors,Chennai Super Kings,Subrata Roy Sahara Stadium,Chennai Super Kings,bat,N,Chennai Super Kings,Runs,37.0,,MS Dhoni,"['RV Uthappa', 'AJ Finch', 'TL Suman', 'Yuvraj Singh', 'SPD Smith', 'LJ Wright', 'AM Nayar', 'KW Richardson', 'B Kumar', 'R Sharma', 'AB Dinda']","['MEK Hussey', 'WP Saha', 'SK Raina', 'S Badrinath', 'MS Dhoni', 'RA Jadeja', 'DJ Bravo', 'JA Morkel', 'CH Morris', 'R Ashwin', 'MM Sharma']",S Das,SJA Taufel
598037,Mumbai,29-04-2013,2013,41,Mumbai Indians,Kings XI Punjab,Wankhede Stadium,Mumbai Indians,bat,N,Mumbai Indians,Runs,4.0,,RG Sharma,"['DR Smith', 'SR Tendulkar', 'KD Karthik', 'RG Sharma', 'KA Pollard', 'AT Rayudu', 'Harbhajan Singh', 'MG Johnson', 'SL Malinga', 'DS Kulkarni', 'PP Ojha']","['Mandeep Singh', 'SE Marsh', 'M Vohra', 'DJ Hussey', 'DA Miller', 'Gurkeerat Singh', 'Azhar Mahmood', 'MS Gony', 'PP Chawla', 'P Kumar', 'P Awana']",Asad Rauf,AK Chaudhary
598036,Jaipur,29-04-2013,2013,40,Rajasthan Royals,Royal Challengers Bangalore,Sawai Mansingh Stadium,Rajasthan Royals,field,N,Rajasthan Royals,Wickets,4.0,,SV Samson,"['R Dravid', 'AM Rahane', 'SV Samson', 'SR Watson', 'BJ Hodge', 'STR Binny', 'OA Shah', 'JP Faulkner', 'A Chandila', 'SK Trivedi', 'S Sreesanth']","['A Mukund', 'CH Gayle', 'V Kohli', 'AB de Villiers', 'MC Henriques', 'SS Tiwary', 'R Rampaul', 'R Vinay Kumar', 'M Kartik', 'RP Singh', 'JD Unadkat']",M Erasmus,K Srinath
598034,Chennai,28-04-2013,2013,38,Chennai Super Kings,Kolkata Knight Riders,"MA Chidambaram Stadium, Chepauk",Kolkata Knight Riders,field,N,Chennai Super Kings,Runs,14.0,,MEK Hussey,"['WP Saha', 'MEK Hussey', 'SK Raina', 'MS Dhoni', 'RA Jadeja', 'S Badrinath', 'DJ Bravo', 'CH Morris', 'R Ashwin', 'DP Nannes', 'MM Sharma']","['MS Bisla', 'G Gambhir', 'BB McCullum', 'JH Kallis', 'EJG Morgan', 'YK Pathan', 'DB Das', 'R Bhatia', 'SP Narine', 'Mohammed Shami', 'L Balaji']",Aleem Dar,SJA Taufel
598035,Raipur,28-04-2013,2013,39,Delhi Daredevils,Pune Warriors,Shaheed Veer Narayan Singh International Stadium,Pune Warriors,field,N,Delhi Daredevils,Runs,15.0,,DA Warner,"['DPMD Jayawardene', 'V Sehwag', 'UBT Chand', 'DA Warner', 'BJ Rohrer', 'KM Jadhav', 'IK Pathan', 'S Nadeem', 'M Morkel', 'A Nehra', 'UT Yadav']","['RV Uthappa', 'AJ Finch', 'Yuvraj Singh', 'LJ Wright', 'SPD Smith', 'M Manhas', 'AM Nayar', 'B Kumar', 'AB Dinda', 'R Sharma', 'KW Richardson']",CK Nandan,S Ravi
598033,Mumbai,27-04-2013,2013,37,Mumbai Indians,Royal Challengers Bangalore,Wankhede Stadium,Mumbai Indians,bat,N,Mumbai Indians,Runs,58.0,,DR Smith,"['DR Smith', 'SR Tendulkar', 'KD Karthik', 'RG Sharma', 'KA Pollard', 'AT Rayudu', 'Harbhajan Singh', 'MG Johnson', 'SL Malinga', 'DS Kulkarni', 'PP Ojha']","['CH Gayle', 'TM Dilshan', 'V Kohli', 'AB de Villiers', 'SS Tiwary', 'KB Arun Karthik', 'J Syed Mohammad', 'R Rampaul', 'R Vinay Kumar', 'RP Singh', 'JD Unadkat']",Asad Rauf,S Asnani
598032,Jaipur,27-04-2013,2013,36,Rajasthan Royals,Sunrisers Hyderabad,Sawai Mansingh Stadium,Sunrisers Hyderabad,bat,N,Rajasthan Royals,Wickets,8.0,,JP Faulkner,"['R Dravid', 'AM Rahane', 'SR Watson', 'STR Binny', 'BJ Hodge', 'DH Yagnik', 'Sachin Baby', 'JP Faulkner', 'KK Cooper', 'A Chandila', 'SK Trivedi']","['PA Reddy', 'S Dhawan', 'KC Sangakkara', 'GH Vihari', 'KV Sharma', 'NLTC Perera', 'DJG Sammy', 'A Mishra', 'A Ashish Reddy', 'DW Steyn', 'I Sharma']",VA Kulkarni,K Srinath
598031,Kolkata,26-04-2013,2013,35,Kolkata Knight Riders,Kings XI Punjab,Eden Gardens,Kings XI Punjab,bat,N,Kolkata Knight Riders,Wickets,6.0,,JH Kallis,"['MS Bisla', 'G Gambhir', 'YK Pathan', 'JH Kallis', 'EJG Morgan', 'SMSM Senanayake', 'DB Das', 'R Bhatia', 'SP Narine', 'S Ladda', 'L Balaji']","['AC Gilchrist', 'Mandeep Singh', 'M Vohra', 'DJ Hussey', 'DA Miller', 'Gurkeerat Singh', 'Azhar Mahmood', 'PP Chawla', 'P Kumar', 'Harmeet Singh', 'BA Bhatt']",CK Nandan,S Ravi
598030,Chennai,25-04-2013,2013,34,Chennai Super Kings,Sunrisers Hyderabad,"MA Chidambaram Stadium, Chepauk",Sunrisers Hyderabad,bat,N,Chennai Super Kings,Wickets,5.0,,MS Dhoni,"['MEK Hussey', 'M Vijay', 'SK Raina', 'MS Dhoni', 'DJ Bravo', 'RA Jadeja', 'CH Morris', 'S Badrinath', 'R Ashwin', 'JO Holder', 'MM Sharma']","['Q de Kock', 'S Dhawan', 'GH Vihari', 'CL White', 'A Mishra', 'X Thalaivan Sargunam', 'DJG Sammy', 'A Ashish Reddy', 'KV Sharma', 'DW Steyn', 'I Sharma']",Aleem Dar,S Das
598029,Kolkata,24-04-2013,2013,33,Kolkata Knight Riders,Mumbai Indians,Eden Gardens,Kolkata Knight Riders,bat,N,Mumbai Indians,Wickets,5.0,,DR Smith,"['YK Pathan', 'G Gambhir', 'JH Kallis', 'MK Tiwary', 'EJG Morgan', 'DB Das', 'R Bhatia', 'Iqbal Abdulla', 'SMSM Senanayake', 'SP Narine', 'L Balaji']","['DR Smith', 'SR Tendulkar', 'KD Karthik', 'RG Sharma', 'KA Pollard', 'AT Rayudu', 'Harbhajan Singh', 'MG Johnson', 'YS Chahal', 'PP Ojha', 'SL Malinga']",HDPK Dharmasena,S Ravi
598059,Delhi,23-04-2013,2013,32,Delhi Daredevils,Kings XI Punjab,Feroz Shah Kotla,Kings XI Punjab,field,N,Kings XI Punjab,Wickets,5.0,,Harmeet Singh,"['DPMD Jayawardene', 'V Sehwag', 'RE van der Merwe', 'DA Warner', 'MC Juneja', 'KM Jadhav', 'J Botha', 'IK Pathan', 'AB Agarkar', 'A Nehra', 'UT Yadav']","['AC Gilchrist', 'Mandeep Singh', 'LA Pomersbach', 'DA Miller', 'M Vohra', 'DJ Hussey', 'PP Chawla', 'P Kumar', 'Harmeet Singh', 'BA Bhatt', 'P Awana']",VA Kulkarni,K Srinath
598027,Bangalore,23-04-2013,2013,31,Royal Challengers Bangalore,Pune Warriors,M Chinnaswamy Stadium,Pune Warriors,field,N,Royal Challengers Bangalore,Runs,130.0,,CH Gayle,"['CH Gayle', 'TM Dilshan', 'V Kohli', 'AB de Villiers', 'SS Tiwary', 'R Rampaul', 'KB Arun Karthik', 'R Vinay Kumar', 'M Kartik', 'RP Singh', 'JD Unadkat']","['RV Uthappa', 'AJ Finch', 'Yuvraj Singh', 'LJ Wright', 'SPD Smith', 'MR Marsh', 'M Manhas', 'B Kumar', 'AG Murtaza', 'IC Pandey', 'AB Dinda']",Aleem Dar,C Shamshuddin
598026,Chennai,22-04-2013,2013,30,Chennai Super Kings,Rajasthan Royals,"MA Chidambaram Stadium, Chepauk",Rajasthan Royals,bat,N,Chennai Super Kings,Wickets,5.0,,MEK Hussey,"['M Vijay', 'MEK Hussey', 'SK Raina', 'MS Dhoni', 'RA Jadeja', 'DJ Bravo', 'CH Morris', 'S Badrinath', 'R Ashwin', 'JO Holder', 'MM Sharma']","['SR Watson', 'AM Rahane', 'DH Yagnik', 'R Dravid', 'STR Binny', 'BJ Hodge', 'JP Faulkner', 'KK Cooper', 'R Shukla', 'A Chandila', 'SK Trivedi']",S Asnani,AK Chaudhary
598025,Chandigarh,21-04-2013,2013,29,Kings XI Punjab,Pune Warriors,"Punjab Cricket Association Stadium, Mohali",Kings XI Punjab,field,N,Kings XI Punjab,Wickets,7.0,,DA Miller,"['AC Gilchrist', 'Mandeep Singh', 'Azhar Mahmood', 'M Vohra', 'DA Miller', 'DJ Hussey', 'Gurkeerat Singh', 'PP Chawla', 'MS Gony', 'P Kumar', 'P Awana']","['RV Uthappa', 'AJ Finch', 'Yuvraj Singh', 'SPD Smith', 'LJ Wright', 'AM Nayar', 'M Manhas', 'B Kumar', 'R Sharma', 'AB Dinda', 'BAW Mendis']",M Erasmus,K Srinath
598024,Delhi,21-04-2013,2013,28,Delhi Daredevils,Mumbai Indians,Feroz Shah Kotla,Mumbai Indians,bat,N,Delhi Daredevils,Wickets,9.0,,V Sehwag,"['DPMD Jayawardene', 'V Sehwag', 'DA Warner', 'Y Venugopal Rao', 'KM Jadhav', 'RE van der Merwe', 'IK Pathan', 'AD Russell', 'AB Agarkar', 'S Nadeem', 'UT Yadav']","['DR Smith', 'SR Tendulkar', 'KD Karthik', 'RG Sharma', 'KA Pollard', 'AT Rayudu', 'RT Ponting', 'Harbhajan Singh', 'JJ Bumrah', 'MM Patel', 'SL Malinga']",HDPK Dharmasena,S Ravi
598023,Bangalore,20-04-2013,2013,27,Royal Challengers Bangalore,Rajasthan Royals,M Chinnaswamy Stadium,Royal Challengers Bangalore,field,N,Royal Challengers Bangalore,Wickets,7.0,,R Vinay Kumar,"['TM Dilshan', 'CH Gayle', 'V Kohli', 'AB de Villiers', 'SS Tiwary', 'KB Arun Karthik', 'R Rampaul', 'R Vinay Kumar', 'M Kartik', 'RP Singh', 'JD Unadkat']","['SR Watson', 'AM Rahane', 'R Dravid', 'STR Binny', 'BJ Hodge', 'DH Yagnik', 'JP Faulkner', 'A Chandila', 'S Sreesanth', 'SW Tait', 'SK Trivedi']",Aleem Dar,C Shamshuddin
598022,Kolkata,20-04-2013,2013,26,Kolkata Knight Riders,Chennai Super Kings,Eden Gardens,Kolkata Knight Riders,bat,N,Chennai Super Kings,Wickets,4.0,,RA Jadeja,"['G Gambhir', 'YK Pathan', 'JH Kallis', 'EJG Morgan', 'MK Tiwary', 'DB Das', 'R Bhatia', 'LR Shukla', 'SMSM Senanayake', 'SP Narine', 'L Balaji']","['MEK Hussey', 'R Ashwin', 'M Vijay', 'SK Raina', 'MS Dhoni', 'S Badrinath', 'RA Jadeja', 'DJ Bravo', 'JA Morkel', 'CH Morris', 'MM Sharma']",Asad Rauf,AK Chaudhary
598021,Hyderabad,19-04-2013,2013,25,Sunrisers Hyderabad,Kings XI Punjab,"Rajiv Gandhi International Stadium, Uppal",Kings XI Punjab,bat,N,Sunrisers Hyderabad,Wickets,5.0,,GH Vihari,"['Q de Kock', 'PA Reddy', 'GH Vihari', 'CL White', 'BB Samantray', 'NLTC Perera', 'A Ashish Reddy', 'KV Sharma', 'A Mishra', 'DW Steyn', 'I Sharma']","['Mandeep Singh', 'AC Gilchrist', 'PC Valthaty', 'DJ Hussey', 'PP Chawla', 'Gurkeerat Singh', 'Azhar Mahmood', 'MS Gony', 'M Vohra', 'AD Mascarenhas', 'P Kumar']",HDPK Dharmasena,CK Nandan
598020,Delhi,18-04-2013,2013,24,Delhi Daredevils,Chennai Super Kings,Feroz Shah Kotla,Chennai Super Kings,bat,N,Chennai Super Kings,Runs,86.0,,MEK Hussey,"['DA Warner', 'V Sehwag', 'MC Juneja', 'DPMD Jayawardene', 'BMAJ Mendis', 'KM Jadhav', 'IK Pathan', 'AB Agarkar', 'M Morkel', 'S Nadeem', 'UT Yadav']","['MEK Hussey', 'M Vijay', 'SK Raina', 'MS Dhoni', 'DJ Bravo', 'S Badrinath', 'RA Jadeja', 'JA Morkel', 'CH Morris', 'R Ashwin', 'MM Sharma']",M Erasmus,VA Kulkarni
598019,Jaipur,17-04-2013,2013,23,Rajasthan Royals,Mumbai Indians,Sawai Mansingh Stadium,Rajasthan Royals,bat,N,Rajasthan Royals,Runs,87.0,,AM Rahane,"['SR Watson', 'AM Rahane', 'DH Yagnik', 'STR Binny', 'BJ Hodge', 'R Dravid', 'JP Faulkner', 'KK Cooper', 'AA Chavan', 'A Chandila', 'SK Trivedi']","['SR Tendulkar', 'RT Ponting', 'KD Karthik', 'RG Sharma', 'KA Pollard', 'AT Rayudu', 'R Dhawan', 'Harbhajan Singh', 'MG Johnson', 'SL Malinga', 'PP Ojha']",Aleem Dar,C Shamshuddin
598018,Pune,17-04-2013,2013,22,Pune Warriors,Sunrisers Hyderabad,Maharashtra Cricket Association Stadium,Pune Warriors,field,N,Sunrisers Hyderabad,Runs,11.0,,A Mishra,"['RV Uthappa', 'AJ Finch', 'TL Suman', 'SPD Smith', 'AD Mathews', 'MR Marsh', 'AM Nayar', 'MK Pandey', 'B Kumar', 'R Sharma', 'AB Dinda']","['PA Patel', 'Q de Kock', 'GH Vihari', 'CL White', 'BB Samantray', 'KV Sharma', 'NLTC Perera', 'A Mishra', 'A Ashish Reddy', 'DW Steyn', 'I Sharma']",Asad Rauf,AK Chaudhary
598016,Chandigarh,16-04-2013,2013,20,Kings XI Punjab,Kolkata Knight Riders,"Punjab Cricket Association Stadium, Mohali",Kolkata Knight Riders,field,N,Kings XI Punjab,Runs,4.0,,MS Gony,"['AC Gilchrist', 'Mandeep Singh', 'M Vohra', 'DJ Hussey', 'DA Miller', 'Azhar Mahmood', 'Gurkeerat Singh', 'MS Gony', 'PP Chawla', 'P Kumar', 'P Awana']","['MS Bisla', 'G Gambhir', 'JH Kallis', 'EJG Morgan', 'MK Tiwary', 'YK Pathan', 'DB Das', 'R Bhatia', 'SMSM Senanayake', 'SP Narine', 'L Balaji']",CK Nandan,SJA Taufel
598017,Bangalore,16-04-2013,2013,21,Royal Challengers Bangalore,Delhi Daredevils,M Chinnaswamy Stadium,Royal Challengers Bangalore,field,Y,Royal Challengers Bangalore,SuperOver,,,V Kohli,"['CH Gayle', 'KL Rahul', 'V Kohli', 'AB de Villiers', 'AB McDonald', 'KB Arun Karthik', 'J Syed Mohammad', 'R Vinay Kumar', 'R Rampaul', 'RP Singh', 'JD Unadkat']","['DA Warner', 'V Sehwag', 'MC Juneja', 'DPMD Jayawardene', 'BJ Rohrer', 'KM Jadhav', 'IK Pathan', 'M Morkel', 'S Nadeem', 'A Nehra', 'UT Yadav']",M Erasmus,VA Kulkarni
598015,Chennai,15-04-2013,2013,19,Chennai Super Kings,Pune Warriors,"MA Chidambaram Stadium, Chepauk",Pune Warriors,bat,N,Pune Warriors,Runs,24.0,,SPD Smith,"['S Anirudha', 'M Vijay', 'SK Raina', 'S Badrinath', 'RA Jadeja', 'MS Dhoni', 'DJ Bravo', 'JA Morkel', 'CH Morris', 'R Ashwin', 'DP Nannes']","['RV Uthappa', 'AJ Finch', 'LRPL Taylor', 'SPD Smith', 'MR Marsh', 'MK Pandey', 'AM Nayar', 'TL Suman', 'B Kumar', 'R Sharma', 'AB Dinda']",Asad Rauf,AK Chaudhary
598014,Jaipur,14-04-2013,2013,18,Rajasthan Royals,Kings XI Punjab,Sawai Mansingh Stadium,Rajasthan Royals,field,N,Rajasthan Royals,Wickets,6.0,,JP Faulkner,"['SR Watson', 'AM Rahane', 'R Dravid', 'STR Binny', 'BJ Hodge', 'SV Samson', 'JP Faulkner', 'KK Cooper', 'SK Trivedi', 'A Chandila', 'S Sreesanth']","['Mandeep Singh', 'AC Gilchrist', 'M Vohra', 'DJ Hussey', 'Gurkeerat Singh', 'R Sathish', 'Azhar Mahmood', 'PP Chawla', 'RJ Harris', 'P Kumar', 'P Awana']",Aleem Dar,C Shamshuddin
598013,Kolkata,14-04-2013,2013,17,Kolkata Knight Riders,Sunrisers Hyderabad,Eden Gardens,Kolkata Knight Riders,bat,N,Kolkata Knight Riders,Runs,48.0,,G Gambhir,"['MS Bisla', 'G Gambhir', 'JH Kallis', 'EJG Morgan', 'YK Pathan', 'MK Tiwary', 'R Bhatia', 'LR Shukla', 'SMSM Senanayake', 'SP Narine', 'L Balaji']","['PA Patel', 'CL White', 'KC Sangakkara', 'DB Ravi Teja', 'NLTC Perera', 'A Ashish Reddy', 'KV Sharma', 'GH Vihari', 'A Mishra', 'DW Steyn', 'I Sharma']",M Erasmus,VA Kulkarni
598012,Chennai,13-04-2013,2013,16,Chennai Super Kings,Royal Challengers Bangalore,"MA Chidambaram Stadium, Chepauk",Chennai Super Kings,field,N,Chennai Super Kings,Wickets,4.0,,RA Jadeja,"['MEK Hussey', 'M Vijay', 'SK Raina', 'S Badrinath', 'MS Dhoni', 'RA Jadeja', 'DJ Bravo', 'CH Morris', 'R Ashwin', 'DP Nannes', 'MM Sharma']","['CH Gayle', 'MA Agarwal', 'V Kohli', 'AB de Villiers', 'DT Christian', 'R Rampaul', 'KB Arun Karthik', 'J Syed Mohammad', 'R Vinay Kumar', 'M Kartik', 'RP Singh']",Asad Rauf,AK Chaudhary
598011,Mumbai,13-04-2013,2013,15,Mumbai Indians,Pune Warriors,Wankhede Stadium,Mumbai Indians,bat,N,Mumbai Indians,Runs,41.0,,RG Sharma,"['RT Ponting', 'SR Tendulkar', 'KD Karthik', 'RG Sharma', 'KA Pollard', 'AT Rayudu', 'Harbhajan Singh', 'R Dhawan', 'MG Johnson', 'PP Ojha', 'SL Malinga']","['AJ Finch', 'RV Uthappa', 'LRPL Taylor', 'Yuvraj Singh', 'TL Suman', 'AD Mathews', 'MR Marsh', 'AM Nayar', 'B Kumar', 'R Sharma', 'AB Dinda']",S Ravi,SJA Taufel
598010,Delhi,12-04-2013,2013,14,Delhi Daredevils,Sunrisers Hyderabad,Feroz Shah Kotla,Delhi Daredevils,bat,N,Sunrisers Hyderabad,Wickets,3.0,,A Mishra,"['DA Warner', 'V Sehwag', 'DPMD Jayawardene', 'MC Juneja', 'J Botha', 'IK Pathan', 'KM Jadhav', 'M Morkel', 'S Nadeem', 'UT Yadav', 'S Kaul']","['PA Reddy', 'PA Patel', 'KC Sangakkara', 'GH Vihari', 'CL White', 'NLTC Perera', 'A Ashish Reddy', 'A Mishra', 'DW Steyn', 'I Sharma', 'Anand Rajan']",Aleem Dar,Subroto Das
598009,Pune,11-04-2013,2013,13,Pune Warriors,Rajasthan Royals,Subrata Roy Sahara Stadium,Rajasthan Royals,bat,N,Pune Warriors,Wickets,7.0,,AJ Finch,"['RV Uthappa', 'AJ Finch', 'LRPL Taylor', 'Yuvraj Singh', 'AD Mathews', 'TL Suman', 'AM Nayar', 'MR Marsh', 'B Kumar', 'R Sharma', 'AB Dinda']","['MDKJ Perera', 'AM Rahane', 'R Dravid', 'STR Binny', 'BJ Hodge', 'DH Yagnik', 'JP Faulkner', 'KK Cooper', 'S Sreesanth', 'Harmeet Singh', 'SK Trivedi']",M Erasmus,K Srinath
598008,Bangalore,11-04-2013,2013,12,Royal Challengers Bangalore,Kolkata Knight Riders,M Chinnaswamy Stadium,Royal Challengers Bangalore,field,N,Royal Challengers Bangalore,Wickets,8.0,,CH Gayle,"['CH Gayle', 'MA Agarwal', 'V Kohli', 'AB de Villiers', 'MC Henriques', 'KB Arun Karthik', 'KL Rahul', 'R Vinay Kumar', 'RP Singh', 'JD Unadkat', 'M Muralitharan']","['MS Bisla', 'G Gambhir', 'JH Kallis', 'YK Pathan', 'MK Tiwary', 'EJG Morgan', 'R Bhatia', 'R McLaren', 'PJ Sangwan', 'SP Narine', 'L Balaji']",Asad Rauf,AK Chaudhary
598007,Chandigarh,10-04-2013,2013,11,Kings XI Punjab,Chennai Super Kings,"Punjab Cricket Association Stadium, Mohali",Chennai Super Kings,field,N,Chennai Super Kings,Wickets,10.0,,MEK Hussey,"['Mandeep Singh', 'AC Gilchrist', 'M Vohra', 'DJ Hussey', 'Gurkeerat Singh', 'Azhar Mahmood', 'R Sathish', 'PP Chawla', 'RJ Harris', 'P Kumar', 'P Awana']","['M Vijay', 'MEK Hussey', 'SK Raina', 'S Badrinath', 'MS Dhoni', 'RA Jadeja', 'DJ Bravo', 'R Ashwin', 'DP Nannes', 'CH Morris', 'AS Rajpoot']",Aleem Dar,C Shamshuddin
598048,Bangalore,09-04-2013,2013,9,Royal Challengers Bangalore,Sunrisers Hyderabad,M Chinnaswamy Stadium,Sunrisers Hyderabad,bat,N,Royal Challengers Bangalore,Wickets,7.0,,V Kohli,"['MA Agarwal', 'CH Gayle', 'V Kohli', 'AB de Villiers', 'MC Henriques', 'KB Arun Karthik', 'R Vinay Kumar', 'M Kartik', 'JD Unadkat', 'RP Singh', 'M Muralitharan']","['PA Reddy', 'PA Patel', 'KC Sangakkara', 'CL White', 'NLTC Perera', 'A Ashish Reddy', 'GH Vihari', 'BB Samantray', 'A Mishra', 'DW Steyn', 'I Sharma']",S Ravi,SJA Taufel
598006,Mumbai,09-04-2013,2013,10,Mumbai Indians,Delhi Daredevils,Wankhede Stadium,Mumbai Indians,bat,N,Mumbai Indians,Runs,44.0,,KD Karthik,"['RT Ponting', 'SR Tendulkar', 'KD Karthik', 'RG Sharma', 'KA Pollard', 'AT Rayudu', 'Harbhajan Singh', 'R Dhawan', 'MG Johnson', 'PP Ojha', 'SL Malinga']","['UBT Chand', 'DA Warner', 'DPMD Jayawardene', 'MC Juneja', 'BMAJ Mendis', 'IK Pathan', 'KM Jadhav', 'S Nadeem', 'M Morkel', 'A Nehra', 'UT Yadav']",M Erasmus,VA Kulkarni
598005,Jaipur,08-04-2013,2013,8,Rajasthan Royals,Kolkata Knight Riders,Sawai Mansingh Stadium,Kolkata Knight Riders,field,N,Rajasthan Royals,Runs,19.0,,SK Trivedi,"['SR Watson', 'AM Rahane', 'R Dravid', 'STR Binny', 'BJ Hodge', 'KK Cooper', 'DH Yagnik', 'S Sreesanth', 'SK Trivedi', 'SW Tait', 'R Shukla']","['MS Bisla', 'G Gambhir', 'JH Kallis', 'MK Tiwary', 'EJG Morgan', 'YK Pathan', 'LR Shukla', 'R Bhatia', 'B Lee', 'Mohammed Shami', 'SP Narine']",Aleem Dar,S Das
598004,Hyderabad,07-04-2013,2013,7,Sunrisers Hyderabad,Royal Challengers Bangalore,"Rajiv Gandhi International Stadium, Uppal",Royal Challengers Bangalore,bat,Y,Sunrisers Hyderabad,SuperOver,,,GH Vihari,"['PA Reddy', 'PA Patel', 'CL White', 'GH Vihari', 'KC Sangakkara', 'NLTC Perera', 'A Mishra', 'A Ashish Reddy', 'DW Steyn', 'Ankit Sharma', 'I Sharma']","['CH Gayle', 'TM Dilshan', 'V Kohli', 'KK Nair', 'MC Henriques', 'MA Agarwal', 'KB Arun Karthik', 'R Vinay Kumar', 'M Kartik', 'JD Unadkat', 'M Muralitharan']",AK Chaudhary,S Ravi
598003,Pune,07-04-2013,2013,6,Pune Warriors,Kings XI Punjab,Subrata Roy Sahara Stadium,Pune Warriors,bat,N,Kings XI Punjab,Wickets,8.0,,M Vohra,"['RV Uthappa', 'MK Pandey', 'TL Suman', 'MN Samuels', 'LRPL Taylor', 'AD Mathews', 'AM Nayar', 'MR Marsh', 'B Kumar', 'R Sharma', 'AB Dinda']","['AC Gilchrist', 'Mandeep Singh', 'M Vohra', 'DJ Hussey', 'Azhar Mahmood', 'Gurkeerat Singh', 'R Sathish', 'PP Chawla', 'P Awana', 'P Kumar', 'RJ Harris']",S Asnani,SJA Taufel
598002,Chennai,06-04-2013,2013,5,Chennai Super Kings,Mumbai Indians,"MA Chidambaram Stadium, Chepauk",Mumbai Indians,bat,N,Mumbai Indians,Runs,9.0,,KA Pollard,"['MEK Hussey', 'M Vijay', 'SK Raina', 'DJ Bravo', 'S Badrinath', 'MS Dhoni', 'RA Jadeja', 'R Ashwin', 'B Laughlin', 'AS Rajpoot', 'DP Nannes']","['RT Ponting', 'SR Tendulkar', 'KD Karthik', 'RG Sharma', 'AT Rayudu', 'KA Pollard', 'DR Smith', 'Harbhajan Singh', 'MG Johnson', 'MM Patel', 'PP Ojha']",M Erasmus,VA Kulkarni
598001,Delhi,06-04-2013,2013,4,Delhi Daredevils,Rajasthan Royals,Feroz Shah Kotla,Rajasthan Royals,bat,N,Rajasthan Royals,Runs,5.0,,R Dravid,"['DA Warner', 'UBT Chand', 'DPMD Jayawardene', 'MC Juneja', 'AD Russell', 'J Botha', 'IK Pathan', 'NV Ojha', 'A Nehra', 'S Nadeem', 'UT Yadav']","['MDKJ Perera', 'AM Rahane', 'R Dravid', 'STR Binny', 'BJ Hodge', 'KK Cooper', 'AL Menaria', 'S Sreesanth', 'R Shukla', 'SK Trivedi', 'S Badree']",S Das,C Shamshuddin
598000,Hyderabad,05-04-2013,2013,3,Sunrisers Hyderabad,Pune Warriors,"Rajiv Gandhi International Stadium, Uppal",Pune Warriors,field,N,Sunrisers Hyderabad,Runs,22.0,,A Mishra,"['PA Reddy', 'PA Patel', 'KC Sangakkara', 'CL White', 'NLTC Perera', 'GH Vihari', 'A Ashish Reddy', 'DB Ravi Teja', 'A Mishra', 'DW Steyn', 'I Sharma']","['RV Uthappa', 'MK Pandey', 'MN Samuels', 'Yuvraj Singh', 'LRPL Taylor', 'AM Nayar', 'AD Mathews', 'MR Marsh', 'B Kumar', 'R Sharma', 'AB Dinda']",S Ravi,SJA Taufel
597999,Bangalore,04-04-2013,2013,2,Royal Challengers Bangalore,Mumbai Indians,M Chinnaswamy Stadium,Mumbai Indians,field,N,Royal Challengers Bangalore,Runs,2.0,,CH Gayle,"['CH Gayle', 'TM Dilshan', 'V Kohli', 'MA Agarwal', 'DT Christian', 'KK Nair', 'KB Arun Karthik', 'R Vinay Kumar', 'M Kartik', 'JD Unadkat', 'M Muralitharan']","['RT Ponting', 'SR Tendulkar', 'KD Karthik', 'RG Sharma', 'AT Rayudu', 'KA Pollard', 'Harbhajan Singh', 'JJ Bumrah', 'MG Johnson', 'JDP Oram', 'MM Patel']",VA Kulkarni,C Shamshuddin
597998,Kolkata,03-04-2013,2013,1,Kolkata Knight Riders,Delhi Daredevils,Eden Gardens,Kolkata Knight Riders,field,N,Kolkata Knight Riders,Wickets,6.0,,SP Narine,"['MS Bisla', 'G Gambhir', 'JH Kallis', 'MK Tiwary', 'EJG Morgan', 'YK Pathan', 'LR Shukla', 'R Bhatia', 'B Lee', 'SP Narine', 'L Balaji']","['UBT Chand', 'DA Warner', 'DPMD Jayawardene', 'MC Juneja', 'NV Ojha', 'J Botha', 'IK Pathan', 'AD Russell', 'S Nadeem', 'A Nehra', 'UT Yadav']",S Ravi,SJA Taufel
548381,Chennai,27-05-2012,2012,Final,Kolkata Knight Riders,Chennai Super Kings,"MA Chidambaram Stadium, Chepauk",Chennai Super Kings,bat,N,Kolkata Knight Riders,Wickets,5.0,,MS Bisla,"['MS Bisla', 'G Gambhir', 'JH Kallis', 'LR Shukla', 'YK Pathan', 'Shakib Al Hasan', 'MK Tiwary', 'R Bhatia', 'Iqbal Abdulla', 'SP Narine', 'B Lee']","['MEK Hussey', 'M Vijay', 'SK Raina', 'MS Dhoni', 'DJ Bravo', 'RA Jadeja', 'JA Morkel', 'R Ashwin', 'BW Hilfenhaus', 'SB Jakati', 'S Badrinath']",BF Bowden,SJA Taufel
548380,Chennai,25-05-2012,2012,Qualifier 2,Delhi Daredevils,Chennai Super Kings,"MA Chidambaram Stadium, Chepauk",Delhi Daredevils,field,N,Chennai Super Kings,Runs,86.0,,M Vijay,"['DPMD Jayawardene', 'DA Warner', 'V Sehwag', 'LRPL Taylor', 'AD Russell', 'NV Ojha', 'Y Venugopal Rao', 'P Negi', 'Sunny Gupta', 'UT Yadav', 'VR Aaron']","['M Vijay', 'MEK Hussey', 'SK Raina', 'MS Dhoni', 'JA Morkel', 'DJ Bravo', 'RA Jadeja', 'R Ashwin', 'BW Hilfenhaus', 'SB Jakati', 'S Badrinath']",BR Doctrove,SJA Taufel
548379,Bangalore,23-05-2012,2012,Elimination Final,Chennai Super Kings,Mumbai Indians,M Chinnaswamy Stadium,Mumbai Indians,field,N,Chennai Super Kings,Runs,38.0,,MS Dhoni,"['M Vijay', 'MEK Hussey', 'SK Raina', 'S Badrinath', 'MS Dhoni', 'RA Jadeja', 'DJ Bravo', 'JA Morkel', 'R Ashwin', 'BW Hilfenhaus', 'SB Jakati']","['SR Tendulkar', 'DR Smith', 'RG Sharma', 'KD Karthik', 'JEC Franklin', 'AT Rayudu', 'KA Pollard', 'Harbhajan Singh', 'SL Malinga', 'DS Kulkarni', 'RP Singh']",BF Bowden,HDPK Dharmasena
548378,Pune,22-05-2012,2012,Qualifier 1,Delhi Daredevils,Kolkata Knight Riders,Subrata Roy Sahara Stadium,Kolkata Knight Riders,bat,N,Kolkata Knight Riders,Runs,18.0,,YK Pathan,"['DA Warner', 'V Sehwag', 'NV Ojha', 'DPMD Jayawardene', 'Y Venugopal Rao', 'P Negi', 'LRPL Taylor', 'IK Pathan', 'M Morkel', 'UT Yadav', 'VR Aaron']","['BB McCullum', 'G Gambhir', 'JH Kallis', 'Shakib Al Hasan', 'YK Pathan', 'LR Shukla', 'DB Das', 'R Bhatia', 'Iqbal Abdulla', 'SP Narine', 'L Balaji']",BR Doctrove,SJA Taufel
548377,Jaipur,20-05-2012,2012,72,Rajasthan Royals,Mumbai Indians,Sawai Mansingh Stadium,Rajasthan Royals,bat,N,Mumbai Indians,Wickets,10.0,,DR Smith,"['R Dravid', 'AM Rahane', 'SR Watson', 'STR Binny', 'OA Shah', 'AL Menaria', 'DH Yagnik', 'GB Hogg', 'SW Tait', 'SK Trivedi', 'A Chandila']","['SR Tendulkar', 'DR Smith', 'RG Sharma', 'KD Karthik', 'JEC Franklin', 'AT Rayudu', 'KA Pollard', 'Harbhajan Singh', 'SL Malinga', 'RP Singh', 'DS Kulkarni']",HDPK Dharmasena,C Shamshuddin
548376,Hyderabad,20-05-2012,2012,71,Deccan Chargers,Royal Challengers Bangalore,"Rajiv Gandhi International Stadium, Uppal",Royal Challengers Bangalore,field,N,Deccan Chargers,Runs,9.0,,DW Steyn,"['S Dhawan', 'PA Reddy', 'KC Sangakkara', 'CL White', 'JP Duminy', 'PA Patel', 'A Ashish Reddy', 'DW Steyn', 'A Mishra', 'MS Gony', 'V Pratap Singh']","['CH Gayle', 'TM Dilshan', 'V Kohli', 'SS Tiwary', 'AB de Villiers', 'MA Agarwal', 'Z Khan', 'R Vinay Kumar', 'HV Patel', 'M Muralitharan', 'P Parameswaran']",S Ravi,SJA Taufel
548375,Pune,19-05-2012,2012,70,Pune Warriors,Kolkata Knight Riders,Subrata Roy Sahara Stadium,Kolkata Knight Riders,bat,N,Kolkata Knight Riders,Runs,34.0,,Shakib Al Hasan,"['RV Uthappa', 'JD Ryder', 'MJ Clarke', 'SC Ganguly', 'AP Majumdar', 'CJ Ferguson', 'Harpreet Singh', 'WD Parnell', 'B Kumar', 'AG Murtaza', 'A Nehra']","['BB McCullum', 'G Gambhir', 'JH Kallis', 'Shakib Al Hasan', 'MK Tiwary', 'YK Pathan', 'DB Das', 'R Bhatia', 'Iqbal Abdulla', 'SP Narine', 'L Balaji']",S Asnani,BR Doctrove
548374,Dharamsala,19-05-2012,2012,69,Kings XI Punjab,Delhi Daredevils,Himachal Pradesh Cricket Association Stadium,Delhi Daredevils,field,N,Delhi Daredevils,Wickets,6.0,,UT Yadav,"['AC Gilchrist', 'Mandeep Singh', 'PC Valthaty', 'DJ Hussey', 'SD Chitnis', 'Azhar Mahmood', 'Gurkeerat Singh', 'PP Chawla', 'RJ Harris', 'P Kumar', 'P Awana']","['UBT Chand', 'DA Warner', 'Y Venugopal Rao', 'IK Pathan', 'DPMD Jayawardene', 'NV Ojha', 'AD Russell', 'P Negi', 'VR Aaron', 'M Morkel', 'UT Yadav']",BF Bowden,VA Kulkarni
548373,Hyderabad,18-05-2012,2012,68,Deccan Chargers,Rajasthan Royals,"Rajiv Gandhi International Stadium, Uppal",Rajasthan Royals,bat,N,Deccan Chargers,Wickets,5.0,,DW Steyn,"['PA Reddy', 'S Dhawan', 'JP Duminy', 'CL White', 'CA Lynn', 'PA Patel', 'A Ashish Reddy', 'A Mishra', 'DW Steyn', 'MS Gony', 'V Pratap Singh']","['R Dravid', 'AM Rahane', 'SR Watson', 'STR Binny', 'OA Shah', 'AL Menaria', 'J Botha', 'SP Goswami', 'A Chandila', 'SW Tait', 'SK Trivedi']",S Ravi,SJA Taufel
548371,Dharamsala,17-05-2012,2012,66,Kings XI Punjab,Chennai Super Kings,Himachal Pradesh Cricket Association Stadium,Kings XI Punjab,field,N,Kings XI Punjab,Wickets,6.0,,AC Gilchrist,"['AC Gilchrist', 'Mandeep Singh', 'N Saini', 'DJ Hussey', 'SD Chitnis', 'Azhar Mahmood', 'Gurkeerat Singh', 'PP Chawla', 'RJ Harris', 'P Kumar', 'P Awana']","['M Vijay', 'MEK Hussey', 'SK Raina', 'MS Dhoni', 'DJ Bravo', 'RA Jadeja', 'JA Morkel', 'S Anirudha', 'R Ashwin', 'BW Hilfenhaus', 'VY Mahesh']",VA Kulkarni,SK Tarapore
548372,Delhi,17-05-2012,2012,67,Delhi Daredevils,Royal Challengers Bangalore,Feroz Shah Kotla,Delhi Daredevils,field,N,Royal Challengers Bangalore,Runs,21.0,,CH Gayle,"['UBT Chand', 'DA Warner', 'Y Venugopal Rao', 'DPMD Jayawardene', 'LRPL Taylor', 'NV Ojha', 'AD Russell', 'IK Pathan', 'P Negi', 'UT Yadav', 'VR Aaron']","['CH Gayle', 'TM Dilshan', 'V Kohli', 'AB de Villiers', 'SS Tiwary', 'MA Agarwal', 'R Vinay Kumar', 'Z Khan', 'HV Patel', 'P Parameswaran', 'M Muralitharan']",HDPK Dharmasena,C Shamshuddin
548370,Mumbai,16-05-2012,2012,65,Mumbai Indians,Kolkata Knight Riders,Wankhede Stadium,Mumbai Indians,field,N,Kolkata Knight Riders,Runs,32.0,,SP Narine,"['HH Gibbs', 'SR Tendulkar', 'KD Karthik', 'RG Sharma', 'AT Rayudu', 'KA Pollard', 'DR Smith', 'Harbhajan Singh', 'SL Malinga', 'RP Singh', 'MM Patel']","['G Gambhir', 'BB McCullum', 'JH Kallis', 'MK Tiwary', 'Shakib Al Hasan', 'YK Pathan', 'DB Das', 'R Bhatia', 'SP Narine', 'L Balaji', 'Iqbal Abdulla']",S Das,BR Doctrove
548369,Delhi,15-05-2012,2012,64,Delhi Daredevils,Kings XI Punjab,Feroz Shah Kotla,Kings XI Punjab,bat,N,Delhi Daredevils,Wickets,5.0,,UT Yadav,"['DA Warner', 'V Sehwag', 'Y Venugopal Rao', 'DPMD Jayawardene', 'LRPL Taylor', 'NV Ojha', 'IK Pathan', 'P Negi', 'M Morkel', 'VR Aaron', 'UT Yadav']","['Mandeep Singh', 'SE Marsh', 'N Saini', 'DJ Hussey', 'DA Miller', 'Azhar Mahmood', 'Gurkeerat Singh', 'PP Chawla', 'P Kumar', 'P Awana', 'Harmeet Singh']",HDPK Dharmasena,BNJ Oxenford
548368,Kolkata,14-05-2012,2012,63,Kolkata Knight Riders,Chennai Super Kings,Eden Gardens,Chennai Super Kings,field,N,Chennai Super Kings,Wickets,5.0,,MEK Hussey,"['G Gambhir', 'BB McCullum', 'JH Kallis', 'MK Tiwary', 'YK Pathan', 'DB Das', 'LR Shukla', 'R Bhatia', 'SP Narine', 'L Balaji', 'M de Lange']","['MEK Hussey', 'M Vijay', 'SK Raina', 'F du Plessis', 'MS Dhoni', 'DJ Bravo', 'RA Jadeja', 'S Anirudha', 'R Ashwin', 'BW Hilfenhaus', 'SB Jakati']",JD Cloete,SJA Taufel
548367,Bangalore,14-05-2012,2012,62,Royal Challengers Bangalore,Mumbai Indians,M Chinnaswamy Stadium,Mumbai Indians,field,N,Mumbai Indians,Wickets,5.0,,AT Rayudu,"['CH Gayle', 'TM Dilshan', 'V Kohli', 'SS Tiwary', 'AB de Villiers', 'MA Agarwal', 'R Vinay Kumar', 'Z Khan', 'HV Patel', 'M Muralitharan', 'KP Appanna']","['HH Gibbs', 'SR Tendulkar', 'RG Sharma', 'KD Karthik', 'AT Rayudu', 'DR Smith', 'KA Pollard', 'Harbhajan Singh', 'SL Malinga', 'RP Singh', 'MM Patel']",S Das,BR Doctrove
548366,Chandigarh,13-05-2012,2012,61,Kings XI Punjab,Deccan Chargers,"Punjab Cricket Association Stadium, Mohali",Deccan Chargers,bat,N,Kings XI Punjab,Wickets,4.0,,DJ Hussey,"['N Saini', 'Mandeep Singh', 'SE Marsh', 'Azhar Mahmood', 'DJ Hussey', 'SD Chitnis', 'PP Chawla', 'Gurkeerat Singh', 'P Kumar', 'P Awana', 'RJ Harris']","['S Dhawan', 'PA Patel', 'KC Sangakkara', 'CL White', 'DT Christian', 'PA Reddy', 'AA Jhunjhunwala', 'A Mishra', 'DW Steyn', 'MS Gony', 'TP Sudhindra']",HDPK Dharmasena,BNJ Oxenford
548365,Jaipur,13-05-2012,2012,60,Rajasthan Royals,Pune Warriors,Sawai Mansingh Stadium,Rajasthan Royals,bat,N,Rajasthan Royals,Runs,45.0,,A Chandila,"['R Dravid', 'AM Rahane', 'SR Watson', 'BJ Hodge', 'STR Binny', 'J Botha', 'SP Goswami', 'AL Menaria', 'SW Tait', 'SK Trivedi', 'A Chandila']","['SC Ganguly', 'JD Ryder', 'RV Uthappa', 'AP Majumdar', 'CJ Ferguson', 'SPD Smith', 'AD Mathews', 'B Kumar', 'M Kartik', 'R Sharma', 'A Nehra']",BF Bowden,SK Tarapore
548364,Chennai,12-05-2012,2012,59,Chennai Super Kings,Delhi Daredevils,"MA Chidambaram Stadium, Chepauk",Chennai Super Kings,field,N,Chennai Super Kings,Wickets,9.0,,BW Hilfenhaus,"['MEK Hussey', 'M Vijay', 'SK Raina', 'MS Dhoni', 'RA Jadeja', 'S Anirudha', 'DJ Bravo', 'JA Morkel', 'R Ashwin', 'BW Hilfenhaus', 'SB Jakati']","['DA Warner', 'V Sehwag', 'NV Ojha', 'DPMD Jayawardene', 'Y Venugopal Rao', 'Y Nagar', 'IK Pathan', 'RE van der Merwe', 'M Morkel', 'VR Aaron', 'UT Yadav']",S Das,BR Doctrove
548363,Kolkata,12-05-2012,2012,58,Kolkata Knight Riders,Mumbai Indians,Eden Gardens,Mumbai Indians,bat,N,Mumbai Indians,Runs,27.0,,RG Sharma,"['MS Bisla', 'G Gambhir', 'JH Kallis', 'MK Tiwary', 'YK Pathan', 'DB Das', 'Shakib Al Hasan', 'LR Shukla', 'R Bhatia', 'B Lee', 'SP Narine']","['HH Gibbs', 'SR Tendulkar', 'RG Sharma', 'KD Karthik', 'AT Rayudu', 'DR Smith', 'KA Pollard', 'Harbhajan Singh', 'SL Malinga', 'PP Ojha', 'MM Patel']",S Ravi,SJA Taufel
548362,Pune,11-05-2012,2012,57,Pune Warriors,Royal Challengers Bangalore,Subrata Roy Sahara Stadium,Pune Warriors,field,N,Royal Challengers Bangalore,Runs,35.0,,CH Gayle,"['MD Mishra', 'MJ Clarke', 'MK Pandey', 'RV Uthappa', 'AP Majumdar', 'AD Mathews', 'SPD Smith', 'B Kumar', 'AC Thomas', 'R Sharma', 'K Upadhyay']","['CH Gayle', 'TM Dilshan', 'V Kohli', 'SS Tiwary', 'AB de Villiers', 'MA Agarwal', 'R Vinay Kumar', 'Z Khan', 'HV Patel', 'M Muralitharan', 'KP Appanna']",BF Bowden,SK Tarapore
548361,Jaipur,10-05-2012,2012,56,Rajasthan Royals,Chennai Super Kings,Sawai Mansingh Stadium,Chennai Super Kings,field,N,Chennai Super Kings,Wickets,4.0,,BW Hilfenhaus,"['R Dravid', 'AM Rahane', 'SR Watson', 'STR Binny', 'BJ Hodge', 'J Botha', 'AL Menaria', 'DH Yagnik', 'SW Tait', 'SK Trivedi', 'Pankaj Singh']","['MEK Hussey', 'M Vijay', 'SK Raina', 'DJ Bravo', 'MS Dhoni', 'RA Jadeja', 'JA Morkel', 'S Anirudha', 'R Ashwin', 'BW Hilfenhaus', 'VY Mahesh']",BNJ Oxenford,C Shamshuddin
548329,Hyderabad,10-05-2012,2012,55,Deccan Chargers,Delhi Daredevils,"Rajiv Gandhi International Stadium, Uppal",Deccan Chargers,bat,N,Delhi Daredevils,Wickets,9.0,,DA Warner,"['DJ Harris', 'S Dhawan', 'KC Sangakkara', 'CL White', 'JP Duminy', 'PA Patel', 'Ankit Sharma', 'A Ashish Reddy', 'A Mishra', 'MS Gony', 'TP Sudhindra']","['V Sehwag', 'DA Warner', 'NV Ojha', 'DPMD Jayawardene', 'Y Nagar', 'AD Russell', 'Y Venugopal Rao', 'IK Pathan', 'M Morkel', 'S Nadeem', 'VR Aaron']",JD Cloete,SJA Taufel
548360,Mumbai,09-05-2012,2012,54,Mumbai Indians,Royal Challengers Bangalore,Wankhede Stadium,Royal Challengers Bangalore,field,N,Royal Challengers Bangalore,Wickets,9.0,,CH Gayle,"['JEC Franklin', 'SR Tendulkar', 'RG Sharma', 'KD Karthik', 'AT Rayudu', 'DR Smith', 'KA Pollard', 'Harbhajan Singh', 'SL Malinga', 'PP Ojha', 'RP Singh']","['TM Dilshan', 'CH Gayle', 'V Kohli', 'AB de Villiers', 'MA Agarwal', 'SS Tiwary', 'J Syed Mohammad', 'R Vinay Kumar', 'Z Khan', 'HV Patel', 'M Muralitharan']",BF Bowden,VA Kulkarni
548359,Hyderabad,08-05-2012,2012,53,Deccan Chargers,Kings XI Punjab,"Rajiv Gandhi International Stadium, Uppal",Deccan Chargers,field,N,Kings XI Punjab,Runs,25.0,,Mandeep Singh,"['DJ Harris', 'S Dhawan', 'PA Patel', 'CL White', 'KC Sangakkara', 'PA Reddy', 'AA Jhunjhunwala', 'A Ashish Reddy', 'J Theron', 'A Mishra', 'V Pratap Singh']","['Mandeep Singh', 'SE Marsh', 'N Saini', 'DJ Hussey', 'Azhar Mahmood', 'DA Miller', 'SD Chitnis', 'PP Chawla', 'RR Powar', 'P Kumar', 'P Awana']",HDPK Dharmasena,BNJ Oxenford
548358,Pune,08-05-2012,2012,52,Pune Warriors,Rajasthan Royals,Subrata Roy Sahara Stadium,Pune Warriors,bat,N,Rajasthan Royals,Wickets,7.0,,SR Watson,"['SC Ganguly', 'MJ Clarke', 'RV Uthappa', 'AP Majumdar', 'SPD Smith', 'AD Mathews', 'M Manhas', 'WD Parnell', 'B Kumar', 'M Kartik', 'A Nehra']","['R Dravid', 'AM Rahane', 'SR Watson', 'AL Menaria', 'OA Shah', 'AA Chavan', 'J Botha', 'STR Binny', 'DH Yagnik', 'SW Tait', 'SK Trivedi']",Asad Rauf,BR Doctrove
548357,Delhi,07-05-2012,2012,51,Delhi Daredevils,Kolkata Knight Riders,Feroz Shah Kotla,Delhi Daredevils,bat,N,Kolkata Knight Riders,Wickets,6.0,,JH Kallis,"['DA Warner', 'V Sehwag', 'DPMD Jayawardene', 'LRPL Taylor', 'IK Pathan', 'Y Nagar', 'NV Ojha', 'M Morkel', 'S Nadeem', 'VR Aaron', 'UT Yadav']","['BB McCullum', 'G Gambhir', 'JH Kallis', 'MK Tiwary', 'YK Pathan', 'DB Das', 'LR Shukla', 'R Bhatia', 'B Lee', 'PJ Sangwan', 'SP Narine']",JD Cloete,S Ravi
548356,Bangalore,06-05-2012,2012,50,Royal Challengers Bangalore,Deccan Chargers,M Chinnaswamy Stadium,Royal Challengers Bangalore,field,N,Royal Challengers Bangalore,Wickets,5.0,,AB de Villiers,"['TM Dilshan', 'CH Gayle', 'V Kohli', 'AUK Pathan', 'AB de Villiers', 'MA Agarwal', 'J Syed Mohammad', 'Z Khan', 'A Mithun', 'P Parameswaran', 'M Muralitharan']","['DJ Harris', 'S Dhawan', 'CL White', 'KC Sangakkara', 'PA Patel', 'PA Reddy', 'A Ashish Reddy', 'A Mishra', 'DW Steyn', 'Anand Rajan', 'V Pratap Singh']",HDPK Dharmasena,BNJ Oxenford
548355,Mumbai,06-05-2012,2012,49,Mumbai Indians,Chennai Super Kings,Wankhede Stadium,Mumbai Indians,field,N,Mumbai Indians,Wickets,2.0,,DR Smith,"['JEC Franklin', 'SR Tendulkar', 'RG Sharma', 'KD Karthik', 'AT Rayudu', 'DR Smith', 'RJ Peterson', 'Harbhajan Singh', 'SL Malinga', 'RP Singh', 'MM Patel']","['M Vijay', 'F du Plessis', 'SK Raina', 'DJ Bravo', 'MS Dhoni', 'JA Morkel', 'RA Jadeja', 'S Badrinath', 'R Ashwin', 'SB Jakati', 'BW Hilfenhaus']",Asad Rauf,S Asnani
548354,Chandigarh,05-05-2012,2012,48,Kings XI Punjab,Rajasthan Royals,"Punjab Cricket Association Stadium, Mohali",Rajasthan Royals,bat,N,Rajasthan Royals,Runs,43.0,,SR Watson,"['SE Marsh', 'Mandeep Singh', 'N Saini', 'DJ Hussey', 'Azhar Mahmood', 'Gurkeerat Singh', 'AM Nayar', 'PP Chawla', 'RJ Harris', 'P Kumar', 'P Awana']","['R Dravid', 'AM Rahane', 'SR Watson', 'AL Menaria', 'BJ Hodge', 'J Botha', 'STR Binny', 'AA Chavan', 'DH Yagnik', 'SW Tait', 'SK Trivedi']",JD Cloete,SJA Taufel
548353,Kolkata,05-05-2012,2012,47,Kolkata Knight Riders,Pune Warriors,Eden Gardens,Kolkata Knight Riders,bat,N,Kolkata Knight Riders,Runs,7.0,,SP Narine,"['G Gambhir', 'BB McCullum', 'YK Pathan', 'JH Kallis', 'DB Das', 'LR Shukla', 'MK Tiwary', 'R Bhatia', 'SP Narine', 'M de Lange', 'Iqbal Abdulla']","['RV Uthappa', 'MJ Clarke', 'MK Pandey', 'SPD Smith', 'M Manhas', 'AD Mathews', 'SC Ganguly', 'WD Parnell', 'B Kumar', 'M Kartik', 'AB Dinda']",BF Bowden,SK Tarapore
548352,Chennai,04-05-2012,2012,46,Chennai Super Kings,Deccan Chargers,"MA Chidambaram Stadium, Chepauk",Chennai Super Kings,bat,N,Chennai Super Kings,Runs,10.0,,SK Raina,"['F du Plessis', 'M Vijay', 'SK Raina', 'MS Dhoni', 'JA Morkel', 'RA Jadeja', 'DJ Bravo', 'S Badrinath', 'R Ashwin', 'SB Jakati', 'BW Hilfenhaus']","['PA Patel', 'S Dhawan', 'CL White', 'KC Sangakkara', 'DT Christian', 'A Ashish Reddy', 'AA Jhunjhunwala', 'Ankit Sharma', 'A Mishra', 'DW Steyn', 'V Pratap Singh']",HDPK Dharmasena,BNJ Oxenford
548351,Pune,03-05-2012,2012,45,Pune Warriors,Mumbai Indians,Subrata Roy Sahara Stadium,Mumbai Indians,bat,N,Mumbai Indians,Runs,1.0,,SL Malinga,"['RV Uthappa', 'JD Ryder', 'MJ Clarke', 'SC Ganguly', 'SPD Smith', 'M Manhas', 'WD Parnell', 'B Kumar', 'M Kartik', 'A Nehra', 'AB Dinda']","['JEC Franklin', 'SR Tendulkar', 'RG Sharma', 'RJ Peterson', 'KD Karthik', 'AT Rayudu', 'NLTC Perera', 'Harbhajan Singh', 'SL Malinga', 'PP Ojha', 'MM Patel']",Asad Rauf,S Asnani
548350,Bangalore,02-05-2012,2012,44,Royal Challengers Bangalore,Kings XI Punjab,M Chinnaswamy Stadium,Kings XI Punjab,field,N,Kings XI Punjab,Wickets,4.0,,Azhar Mahmood,"['MA Agarwal', 'CH Gayle', 'V Kohli', 'AB de Villiers', 'AB McDonald', 'AUK Pathan', 'SS Tiwary', 'DL Vettori', 'R Vinay Kumar', 'Z Khan', 'KP Appanna']","['Mandeep Singh', 'SE Marsh', 'N Saini', 'DJ Hussey', 'Azhar Mahmood', 'AM Nayar', 'P Dogra', 'PP Chawla', 'RJ Harris', 'P Kumar', 'P Awana']",BF Bowden,C Shamshuddin
548349,Jaipur,01-05-2012,2012,43,Rajasthan Royals,Delhi Daredevils,Sawai Mansingh Stadium,Rajasthan Royals,bat,N,Delhi Daredevils,Wickets,6.0,,P Negi,"['R Dravid', 'AM Rahane', 'SR Watson', 'OA Shah', 'BJ Hodge', 'AL Menaria', 'SP Goswami', 'AA Chavan', 'GB Hogg', 'A Singh', 'Pankaj Singh']","['DPMD Jayawardene', 'V Sehwag', 'KP Pietersen', 'LRPL Taylor', 'Y Nagar', 'NV Ojha', 'IK Pathan', 'P Negi', 'M Morkel', 'S Nadeem', 'UT Yadav']",JD Cloete,SJA Taufel
548348,Cuttack,01-05-2012,2012,42,Deccan Chargers,Pune Warriors,Barabati Stadium,Deccan Chargers,bat,N,Deccan Chargers,Runs,13.0,,KC Sangakkara,"['PA Patel', 'S Dhawan', 'CL White', 'KC Sangakkara', 'JP Duminy', 'BB Samantray', 'Ankit Sharma', 'A Ashish Reddy', 'A Mishra', 'DW Steyn', 'V Pratap Singh']","['MK Pandey', 'MJ Clarke', 'SC Ganguly', 'SPD Smith', 'RV Uthappa', 'M Manhas', 'MN Samuels', 'WD Parnell', 'M Kartik', 'B Kumar', 'A Nehra']",Aleem Dar,AK Chaudhary
548347,Chennai,30-04-2012,2012,41,Chennai Super Kings,Kolkata Knight Riders,"MA Chidambaram Stadium, Chepauk",Chennai Super Kings,bat,N,Kolkata Knight Riders,Wickets,5.0,,G Gambhir,"['F du Plessis', 'MEK Hussey', 'SK Raina', 'DJ Bravo', 'MS Dhoni', 'RA Jadeja', 'JA Morkel', 'S Badrinath', 'R Ashwin', 'SB Jakati', 'VY Mahesh']","['G Gambhir', 'BB McCullum', 'JH Kallis', 'MK Tiwary', 'YK Pathan', 'DB Das', 'LR Shukla', 'R Bhatia', 'SP Narine', 'B Lee', 'Iqbal Abdulla']",BF Bowden,C Shamshuddin
548346,Mumbai,29-04-2012,2012,40,Mumbai Indians,Deccan Chargers,Wankhede Stadium,Mumbai Indians,field,N,Mumbai Indians,Wickets,5.0,,DW Steyn,"['RE Levi', 'SR Tendulkar', 'RG Sharma', 'KD Karthik', 'JEC Franklin', 'AT Rayudu', 'RJ Peterson', 'Harbhajan Singh', 'SL Malinga', 'RP Singh', 'MM Patel']","['PA Patel', 'S Dhawan', 'IR Jaggi', 'CL White', 'JP Duminy', 'DT Christian', 'B Chipli', 'A Ashish Reddy', 'A Mishra', 'DW Steyn', 'V Pratap Singh']",AK Chaudhary,BNJ Oxenford
548345,Delhi,29-04-2012,2012,39,Delhi Daredevils,Rajasthan Royals,Feroz Shah Kotla,Delhi Daredevils,bat,N,Delhi Daredevils,Runs,1.0,,V Sehwag,"['DPMD Jayawardene', 'V Sehwag', 'KP Pietersen', 'LRPL Taylor', 'Y Nagar', 'NV Ojha', 'IK Pathan', 'AB Agarkar', 'M Morkel', 'S Nadeem', 'UT Yadav']","['R Dravid', 'AM Rahane', 'BJ Hodge', 'OA Shah', 'SP Goswami', 'AL Menaria', 'KK Cooper', 'GB Hogg', 'AA Chavan', 'A Singh', 'Pankaj Singh']",S Ravi,RJ Tucker
548344,Kolkata,28-04-2012,2012,38,Kolkata Knight Riders,Royal Challengers Bangalore,Eden Gardens,Kolkata Knight Riders,bat,N,Kolkata Knight Riders,Runs,47.0,,G Gambhir,"['BB McCullum', 'G Gambhir', 'JH Kallis', 'YK Pathan', 'MK Tiwary', 'LR Shukla', 'R Bhatia', 'DB Das', 'SP Narine', 'B Lee', 'Iqbal Abdulla']","['TM Dilshan', 'CH Gayle', 'V Kohli', 'AB de Villiers', 'SS Tiwary', 'MA Agarwal', 'DL Vettori', 'R Vinay Kumar', 'Z Khan', 'HV Patel', 'KP Appanna']",Asad Rauf,BR Doctrove
548343,Chennai,28-04-2012,2012,37,Chennai Super Kings,Kings XI Punjab,"MA Chidambaram Stadium, Chepauk",Kings XI Punjab,bat,N,Kings XI Punjab,Runs,7.0,,Mandeep Singh,"['F du Plessis', 'S Badrinath', 'SK Raina', 'WP Saha', 'RA Jadeja', 'MS Dhoni', 'DJ Bravo', 'JA Morkel', 'KMDN Kulasekara', 'R Ashwin', 'SB Jakati']","['Mandeep Singh', 'SE Marsh', 'Azhar Mahmood', 'DA Miller', 'DJ Hussey', 'Bipul Sharma', 'PP Chawla', 'N Saini', 'P Kumar', 'P Awana', 'BA Bhatt']",BF Bowden,SK Tarapore
548342,Delhi,27-04-2012,2012,36,Delhi Daredevils,Mumbai Indians,Feroz Shah Kotla,Mumbai Indians,field,N,Delhi Daredevils,Runs,37.0,,V Sehwag,"['DPMD Jayawardene', 'V Sehwag', 'KP Pietersen', 'IK Pathan', 'LRPL Taylor', 'Y Nagar', 'NV Ojha', 'M Morkel', 'S Nadeem', 'UT Yadav', 'AB Agarkar']","['AC Blizzard', 'SR Tendulkar', 'RG Sharma', 'KD Karthik', 'AT Rayudu', 'KA Pollard', 'RJ Peterson', 'Harbhajan Singh', 'SL Malinga', 'RP Singh', 'R Shukla']",Aleem Dar,BNJ Oxenford
548341,Pune,26-04-2012,2012,35,Pune Warriors,Deccan Chargers,Subrata Roy Sahara Stadium,Deccan Chargers,bat,N,Deccan Chargers,Runs,18.0,,CL White,"['MK Pandey', 'JD Ryder', 'SC Ganguly', 'RV Uthappa', 'MN Samuels', 'SPD Smith', 'M Manhas', 'AC Thomas', 'B Kumar', 'R Sharma', 'A Nehra']","['PA Patel', 'S Dhawan', 'CL White', 'KC Sangakkara', 'JP Duminy', 'IR Jaggi', 'Ankit Sharma', 'A Ashish Reddy', 'A Mishra', 'J Theron', 'MS Gony']",S Ravi,RJ Tucker
548339,Chandigarh,25-04-2012,2012,33,Kings XI Punjab,Mumbai Indians,"Punjab Cricket Association Stadium, Mohali",Kings XI Punjab,bat,N,Mumbai Indians,Wickets,4.0,,AT Rayudu,"['N Saini', 'Mandeep Singh', 'SE Marsh', 'DJ Hussey', 'DA Miller', 'SD Chitnis', 'Azhar Mahmood', 'PP Chawla', 'BA Bhatt', 'P Kumar', 'P Awana']","['JEC Franklin', 'SR Tendulkar', 'RG Sharma', 'KD Karthik', 'KA Pollard', 'AT Rayudu', 'Harbhajan Singh', 'RJ Peterson', 'RP Singh', 'MM Patel', 'CJ McKay']",Aleem Dar,BNJ Oxenford
548337,Pune,24-04-2012,2012,31,Pune Warriors,Delhi Daredevils,Subrata Roy Sahara Stadium,Pune Warriors,bat,N,Delhi Daredevils,Wickets,8.0,,V Sehwag,"['JD Ryder', 'MK Pandey', 'SC Ganguly', 'RV Uthappa', 'SPD Smith', 'LJ Wright', 'AC Thomas', 'M Manhas', 'M Kartik', 'R Sharma', 'A Nehra']","['DPMD Jayawardene', 'V Sehwag', 'KP Pietersen', 'LRPL Taylor', 'NV Ojha', 'IK Pathan', 'Y Nagar', 'M Morkel', 'P Negi', 'S Nadeem', 'UT Yadav']",S Ravi,RJ Tucker
548336,Jaipur,23-04-2012,2012,30,Rajasthan Royals,Royal Challengers Bangalore,Sawai Mansingh Stadium,Rajasthan Royals,field,N,Royal Challengers Bangalore,Runs,46.0,,AB de Villiers,"['R Dravid', 'AM Rahane', 'OA Shah', 'SP Goswami', 'BJ Hodge', 'STR Binny', 'KK Cooper', 'GB Hogg', 'Pankaj Singh', 'SK Trivedi', 'A Chandila']","['V Kohli', 'TM Dilshan', 'MA Agarwal', 'CH Gayle', 'AB de Villiers', 'SS Tiwary', 'DL Vettori', 'R Vinay Kumar', 'Z Khan', 'HV Patel', 'KP Appanna']",Asad Rauf,S Asnani
548334,Mumbai,22-04-2012,2012,28,Mumbai Indians,Kings XI Punjab,Wankhede Stadium,Mumbai Indians,bat,N,Kings XI Punjab,Wickets,6.0,,SE Marsh,"['JEC Franklin', 'SR Tendulkar', 'RG Sharma', 'KD Karthik', 'KA Pollard', 'Harbhajan Singh', 'NLTC Perera', 'AT Rayudu', 'PP Ojha', 'RP Singh', 'MM Patel']","['N Saini', 'Mandeep Singh', 'SE Marsh', 'DJ Hussey', 'Azhar Mahmood', 'DA Miller', 'SD Chitnis', 'PP Chawla', 'BA Bhatt', 'P Kumar', 'P Awana']",S Ravi,RJ Tucker
548335,Cuttack,22-04-2012,2012,29,Deccan Chargers,Kolkata Knight Riders,Barabati Stadium,Kolkata Knight Riders,field,N,Kolkata Knight Riders,Wickets,5.0,,B Lee,"['KC Sangakkara', 'S Dhawan', 'PA Patel', 'CL White', 'JP Duminy', 'IR Jaggi', 'Ankit Sharma', 'DW Steyn', 'A Mishra', 'Anand Rajan', 'V Pratap Singh']","['BB McCullum', 'G Gambhir', 'MS Bisla', 'JH Kallis', 'YK Pathan', 'MK Tiwary', 'DB Das', 'R Bhatia', 'SP Narine', 'L Balaji', 'B Lee']",BF Bowden,SK Tarapore
548333,Delhi,21-04-2012,2012,27,Delhi Daredevils,Pune Warriors,Feroz Shah Kotla,Delhi Daredevils,field,N,Pune Warriors,Runs,20.0,,SC Ganguly,"['DPMD Jayawardene', 'V Sehwag', 'KP Pietersen', 'IK Pathan', 'P Negi', 'LRPL Taylor', 'Y Nagar', 'NV Ojha', 'M Morkel', 'S Nadeem', 'UT Yadav']","['RV Uthappa', 'JD Ryder', 'SC Ganguly', 'SPD Smith', 'AD Mathews', 'MK Pandey', 'AC Thomas', 'M Manhas', 'M Kartik', 'R Sharma', 'A Nehra']",Asad Rauf,S Das
548332,Chennai,21-04-2012,2012,26,Chennai Super Kings,Rajasthan Royals,"MA Chidambaram Stadium, Chepauk",Rajasthan Royals,bat,N,Chennai Super Kings,Wickets,7.0,,F du Plessis,"['S Badrinath', 'F du Plessis', 'SK Raina', 'MS Dhoni', 'DJ Bravo', 'RA Jadeja', 'WP Saha', 'R Ashwin', 'KMDN Kulasekara', 'SB Jakati', 'DE Bollinger']","['R Dravid', 'AM Rahane', 'OA Shah', 'AL Menaria', 'BJ Hodge', 'SP Goswami', 'STR Binny', 'KK Cooper', 'GB Hogg', 'A Singh', 'SK Trivedi']",Aleem Dar,BNJ Oxenford
548331,Chandigarh,20-04-2012,2012,25,Kings XI Punjab,Royal Challengers Bangalore,"Punjab Cricket Association Stadium, Mohali",Royal Challengers Bangalore,field,N,Royal Challengers Bangalore,Wickets,5.0,,CH Gayle,"['N Saini', 'PC Valthaty', 'SE Marsh', 'DJ Hussey', 'DA Miller', 'Mandeep Singh', 'Azhar Mahmood', 'PP Chawla', 'P Awana', 'P Kumar', 'Harmeet Singh']","['MA Agarwal', 'CH Gayle', 'V Kohli', 'SS Tiwary', 'AB de Villiers', 'AB McDonald', 'DL Vettori', 'KB Arun Karthik', 'R Vinay Kumar', 'HV Patel', 'Z Khan']",S Ravi,RJ Tucker
548330,Chennai,19-04-2012,2012,24,Chennai Super Kings,Pune Warriors,"MA Chidambaram Stadium, Chepauk",Pune Warriors,field,N,Chennai Super Kings,Runs,13.0,,KMDN Kulasekara,"['F du Plessis', 'S Badrinath', 'SK Raina', 'MS Dhoni', 'DJ Bravo', 'RA Jadeja', 'WP Saha', 'KMDN Kulasekara', 'R Ashwin', 'SB Jakati', 'DE Bollinger']","['RV Uthappa', 'JD Ryder', 'SC Ganguly', 'MK Pandey', 'MN Samuels', 'SPD Smith', 'AD Mathews', 'B Kumar', 'M Kartik', 'R Sharma', 'A Nehra']",Asad Rauf,S Das
548321,Delhi,19-04-2012,2012,23,Delhi Daredevils,Deccan Chargers,Feroz Shah Kotla,Deccan Chargers,bat,N,Delhi Daredevils,Wickets,5.0,,KP Pietersen,"['NV Ojha', 'V Sehwag', 'KP Pietersen', 'DPMD Jayawardene', 'LRPL Taylor', 'IK Pathan', 'Y Nagar', 'AB Agarkar', 'M Morkel', 'UT Yadav', 'S Nadeem']","['KC Sangakkara', 'S Dhawan', 'PA Patel', 'DT Christian', 'JP Duminy', 'B Chipli', 'AA Jhunjhunwala', 'DW Steyn', 'A Mishra', 'Ankit Sharma', 'V Pratap Singh']",BF Bowden,SK Tarapore
548328,Chandigarh,18-04-2012,2012,22,Kings XI Punjab,Kolkata Knight Riders,"Punjab Cricket Association Stadium, Mohali",Kings XI Punjab,bat,N,Kolkata Knight Riders,Wickets,8.0,,G Gambhir,"['AC Gilchrist', 'PC Valthaty', 'SE Marsh', 'Mandeep Singh', 'DJ Hussey', 'P Dogra', 'AD Mascarenhas', 'PP Chawla', 'Harmeet Singh', 'P Kumar', 'BA Bhatt']","['BB McCullum', 'G Gambhir', 'MS Bisla', 'JH Kallis', 'MK Tiwary', 'YK Pathan', 'R Bhatia', 'DB Das', 'SP Narine', 'L Balaji', 'B Lee']",JD Cloete,RJ Tucker
548327,Bangalore,17-04-2012,2012,21,Royal Challengers Bangalore,Pune Warriors,M Chinnaswamy Stadium,Pune Warriors,bat,N,Royal Challengers Bangalore,Wickets,6.0,,CH Gayle,"['TM Dilshan', 'CH Gayle', 'MA Agarwal', 'V Kohli', 'SS Tiwary', 'AB de Villiers', 'DL Vettori', 'R Vinay Kumar', 'Z Khan', 'HV Patel', 'KP Appanna']","['RV Uthappa', 'JD Ryder', 'SC Ganguly', 'MN Samuels', 'SPD Smith', 'AD Mathews', 'M Manhas', 'B Kumar', 'R Sharma', 'AB Dinda', 'A Nehra']",S Asnani,S Das
548326,Jaipur,17-04-2012,2012,20,Rajasthan Royals,Deccan Chargers,Sawai Mansingh Stadium,Deccan Chargers,bat,N,Rajasthan Royals,Wickets,5.0,,BJ Hodge,"['R Dravid', 'AM Rahane', 'AL Menaria', 'OA Shah', 'BJ Hodge', 'J Botha', 'DH Yagnik', 'GB Hogg', 'A Singh', 'SK Trivedi', 'Pankaj Singh']","['KC Sangakkara', 'S Dhawan', 'DT Christian', 'JP Duminy', 'B Chipli', 'T Mishra', 'AA Jhunjhunwala', 'Ankit Sharma', 'A Mishra', 'DW Steyn', 'Anand Rajan']",Aleem Dar,BNJ Oxenford
548325,Mumbai,16-04-2012,2012,19,Mumbai Indians,Delhi Daredevils,Wankhede Stadium,Delhi Daredevils,field,N,Delhi Daredevils,Wickets,7.0,,S Nadeem,"['RE Levi', 'DJ Jacobs', 'RG Sharma', 'AT Rayudu', 'KA Pollard', 'KD Karthik', 'Harbhajan Singh', 'CJ McKay', 'RP Singh', 'PP Ojha', 'MM Patel']","['NV Ojha', 'V Sehwag', 'KP Pietersen', 'DPMD Jayawardene', 'LRPL Taylor', 'IK Pathan', 'Y Nagar', 'AB Agarkar', 'M Morkel', 'UT Yadav', 'S Nadeem']",BF Bowden,SK Tarapore
548324,Bangalore,15-04-2012,2012,18,Royal Challengers Bangalore,Rajasthan Royals,M Chinnaswamy Stadium,Rajasthan Royals,bat,N,Rajasthan Royals,Runs,59.0,,AM Rahane,"['MA Agarwal', 'CH Gayle', 'V Kohli', 'AB de Villiers', 'SS Tiwary', 'M Kaif', 'DL Vettori', 'R Vinay Kumar', 'Z Khan', 'S Aravind', 'M Muralitharan']","['R Dravid', 'AM Rahane', 'OA Shah', 'BJ Hodge', 'AL Menaria', 'J Botha', 'GB Hogg', 'SP Goswami', 'A Singh', 'SK Trivedi', 'Pankaj Singh']",JD Cloete,RJ Tucker
548323,Kolkata,15-04-2012,2012,17,Kolkata Knight Riders,Kings XI Punjab,Eden Gardens,Kolkata Knight Riders,field,N,Kings XI Punjab,Runs,2.0,,SP Narine,"['JH Kallis', 'G Gambhir', 'MS Bisla', 'MK Tiwary', 'Shakib Al Hasan', 'YK Pathan', 'DB Das', 'RN ten Doeschate', 'R Bhatia', 'SP Narine', 'JD Unadkat']","['AC Gilchrist', 'Mandeep Singh', 'SE Marsh', 'DJ Hussey', 'P Dogra', 'Bipul Sharma', 'AD Mascarenhas', 'PP Chawla', 'P Kumar', 'Harmeet Singh', 'BA Bhatt']",Asad Rauf,S Asnani
548322,Pune,14-04-2012,2012,16,Pune Warriors,Chennai Super Kings,Subrata Roy Sahara Stadium,Chennai Super Kings,bat,N,Pune Warriors,Wickets,7.0,,JD Ryder,"['RV Uthappa', 'JD Ryder', 'SC Ganguly', 'MN Samuels', 'SPD Smith', 'AD Mathews', 'M Manhas', 'R Sharma', 'M Kartik', 'AB Dinda', 'A Nehra']","['F du Plessis', 'M Vijay', 'SK Raina', 'MS Dhoni', 'RA Jadeja', 'JA Morkel', 'DJ Bravo', 'S Badrinath', 'KMDN Kulasekara', 'R Ashwin', 'VY Mahesh']",Aleem Dar,BNJ Oxenford
548320,Kolkata,13-04-2012,2012,15,Kolkata Knight Riders,Rajasthan Royals,Eden Gardens,Rajasthan Royals,bat,N,Kolkata Knight Riders,Wickets,5.0,,Shakib Al Hasan,"['JH Kallis', 'G Gambhir', 'MS Bisla', 'MK Tiwary', 'Shakib Al Hasan', 'YK Pathan', 'RN ten Doeschate', 'DB Das', 'R Bhatia', 'L Balaji', 'SP Narine']","['R Dravid', 'AM Rahane', 'AL Menaria', 'SP Goswami', 'OA Shah', 'BJ Hodge', 'J Botha', 'GB Hogg', 'AA Chavan', 'A Singh', 'SK Trivedi']",Asad Rauf,S Asnani
548319,Chandigarh,12-04-2012,2012,14,Kings XI Punjab,Pune Warriors,"Punjab Cricket Association Stadium, Mohali",Kings XI Punjab,field,N,Kings XI Punjab,Wickets,7.0,,AD Mascarenhas,"['PC Valthaty', 'AC Gilchrist', 'SE Marsh', 'Mandeep Singh', 'PP Chawla', 'DJ Hussey', 'AD Mascarenhas', 'P Awana', 'Bipul Sharma', 'Harmeet Singh', 'P Kumar']","['JD Ryder', 'SC Ganguly', 'MN Samuels', 'RV Uthappa', 'AD Mathews', 'M Manhas', 'SPD Smith', 'MK Pandey', 'R Sharma', 'A Nehra', 'AB Dinda']",VA Kulkarni,SK Tarapore
548318,Chennai,12-04-2012,2012,13,Chennai Super Kings,Royal Challengers Bangalore,"MA Chidambaram Stadium, Chepauk",Royal Challengers Bangalore,bat,N,Chennai Super Kings,Wickets,5.0,,F du Plessis,"['M Vijay', 'F du Plessis', 'SK Raina', 'MS Dhoni', 'DJ Bravo', 'JA Morkel', 'RA Jadeja', 'S Badrinath', 'R Ashwin', 'SB Jakati', 'DE Bollinger']","['MA Agarwal', 'CH Gayle', 'V Kohli', 'AB de Villiers', 'SS Tiwary', 'RR Bhatkal', 'CA Pujara', 'DL Vettori', 'R Vinay Kumar', 'Z Khan', 'M Muralitharan']",HDPK Dharmasena,RJ Tucker
548317,Mumbai,11-04-2012,2012,12,Mumbai Indians,Rajasthan Royals,Wankhede Stadium,Rajasthan Royals,field,N,Mumbai Indians,Runs,27.0,,KA Pollard,"['RE Levi', 'TL Suman', 'RG Sharma', 'AT Rayudu', 'KA Pollard', 'KD Karthik', 'JEC Franklin', 'Harbhajan Singh', 'SL Malinga', 'PP Ojha', 'MM Patel']","['R Dravid', 'AM Rahane', 'SP Goswami', 'OA Shah', 'AL Menaria', 'J Botha', 'KK Cooper', 'AA Chavan', 'GB Hogg', 'A Singh', 'SK Trivedi']",Aleem Dar,BNJ Oxenford
548316,Delhi,10-04-2012,2012,11,Delhi Daredevils,Chennai Super Kings,Feroz Shah Kotla,Delhi Daredevils,field,N,Delhi Daredevils,Wickets,8.0,,M Morkel,"['NV Ojha', 'V Sehwag', 'KP Pietersen', 'DPMD Jayawardene', 'RE van der Merwe', 'Y Venugopal Rao', 'Y Nagar', 'IK Pathan', 'M Morkel', 'UT Yadav', 'S Nadeem']","['F du Plessis', 'M Vijay', 'SK Raina', 'S Badrinath', 'RA Jadeja', 'DJ Bravo', 'MS Dhoni', 'JA Morkel', 'R Ashwin', 'SB Jakati', 'DE Bollinger']",Asad Rauf,SK Tarapore
548315,Bangalore,10-04-2012,2012,10,Royal Challengers Bangalore,Kolkata Knight Riders,M Chinnaswamy Stadium,Royal Challengers Bangalore,field,N,Kolkata Knight Riders,Runs,42.0,,L Balaji,"['CA Pujara', 'CH Gayle', 'V Kohli', 'AB de Villiers', 'SS Tiwary', 'MA Agarwal', 'DL Vettori', 'R Vinay Kumar', 'HV Patel', 'Z Khan', 'M Muralitharan']","['JH Kallis', 'G Gambhir', 'MS Bisla', 'YK Pathan', 'MK Tiwary', 'RN ten Doeschate', 'Shakib Al Hasan', 'LR Shukla', 'B Lee', 'R Bhatia', 'L Balaji']",S Ravi,RJ Tucker
548314,Visakhapatnam,09-04-2012,2012,9,Deccan Chargers,Mumbai Indians,Dr. Y.S. Rajasekhara Reddy ACA-VDCA Cricket Stadium,Deccan Chargers,bat,N,Mumbai Indians,Wickets,5.0,,RG Sharma,"['PA Patel', 'S Dhawan', 'B Chipli', 'DT Christian', 'KC Sangakkara', 'CL White', 'DB Ravi Teja', 'A Mishra', 'DW Steyn', 'Ankit Sharma', 'Anand Rajan']","['TL Suman', 'RE Levi', 'RG Sharma', 'AT Rayudu', 'KA Pollard', 'KD Karthik', 'JEC Franklin', 'Harbhajan Singh', 'SL Malinga', 'PP Ojha', 'MM Patel']",AK Chaudhary,JD Cloete
548313,Pune,08-04-2012,2012,8,Pune Warriors,Kings XI Punjab,Subrata Roy Sahara Stadium,Pune Warriors,bat,N,Pune Warriors,Runs,22.0,,MN Samuels,"['JD Ryder', 'SC Ganguly', 'MN Samuels', 'RV Uthappa', 'CJ Ferguson', 'SPD Smith', 'MK Pandey', 'R Sharma', 'M Kartik', 'AB Dinda', 'A Nehra']","['AC Gilchrist', 'PC Valthaty', 'Mandeep Singh', 'AM Nayar', 'DJ Hussey', 'PP Chawla', 'AD Mascarenhas', 'Bipul Sharma', 'JP Faulkner', 'P Kumar', 'Harmeet Singh']",S Das,SJA Taufel
548312,Jaipur,08-04-2012,2012,7,Rajasthan Royals,Kolkata Knight Riders,Sawai Mansingh Stadium,Kolkata Knight Riders,field,N,Rajasthan Royals,Runs,22.0,,BJ Hodge,"['R Dravid', 'AM Rahane', 'SP Goswami', 'AL Menaria', 'BJ Hodge', 'OA Shah', 'KK Cooper', 'J Botha', 'AA Chavan', 'A Singh', 'SK Trivedi']","['JH Kallis', 'BB McCullum', 'G Gambhir', 'MK Tiwary', 'DB Das', 'YK Pathan', 'R Bhatia', 'LR Shukla', 'B Lee', 'SP Narine', 'Iqbal Abdulla']",BF Bowden,VA Kulkarni
548311,Visakhapatnam,07-04-2012,2012,6,Deccan Chargers,Chennai Super Kings,Dr. Y.S. Rajasekhara Reddy ACA-VDCA Cricket Stadium,Deccan Chargers,field,N,Chennai Super Kings,Runs,74.0,,RA Jadeja,"['DJ Harris', 'S Dhawan', 'PA Patel', 'CL White', 'B Chipli', 'DT Christian', 'MS Gony', 'DB Ravi Teja', 'Ankit Sharma', 'DW Steyn', 'TP Sudhindra']","['M Vijay', 'F du Plessis', 'SK Raina', 'S Badrinath', 'RA Jadeja', 'MS Dhoni', 'DJ Bravo', 'JA Morkel', 'R Ashwin', 'SB Jakati', 'DE Bollinger']",JD Cloete,HDPK Dharmasena
548310,Bangalore,07-04-2012,2012,5,Royal Challengers Bangalore,Delhi Daredevils,M Chinnaswamy Stadium,Delhi Daredevils,field,N,Royal Challengers Bangalore,Runs,20.0,,AB de Villiers,"['AB McDonald', 'CA Pujara', 'V Kohli', 'AB de Villiers', 'SS Tiwary', 'MA Agarwal', 'DL Vettori', 'R Vinay Kumar', 'HV Patel', 'Z Khan', 'M Muralitharan']","['AJ Finch', 'V Sehwag', 'NV Ojha', 'Y Venugopal Rao', 'GJ Maxwell', 'Y Nagar', 'IK Pathan', 'DAJ Bracewell', 'M Morkel', 'UT Yadav', 'S Nadeem']",S Asnani,S Ravi
548309,Jaipur,06-04-2012,2012,4,Rajasthan Royals,Kings XI Punjab,Sawai Mansingh Stadium,Kings XI Punjab,field,N,Rajasthan Royals,Runs,31.0,,AM Rahane,"['R Dravid', 'AM Rahane', 'AL Menaria', 'BJ Hodge', 'OA Shah', 'KK Cooper', 'J Botha', 'AA Chavan', 'SP Goswami', 'A Singh', 'SK Trivedi']","['AC Gilchrist', 'PC Valthaty', 'SE Marsh', 'AM Nayar', 'DJ Hussey', 'Mandeep Singh', 'Bipul Sharma', 'PP Chawla', 'JP Faulkner', 'P Kumar', 'Harmeet Singh']",BF Bowden,SK Tarapore
548308,Mumbai,06-04-2012,2012,3,Mumbai Indians,Pune Warriors,Wankhede Stadium,Mumbai Indians,field,N,Pune Warriors,Runs,28.0,,SPD Smith,"['RE Levi', 'AT Rayudu', 'RG Sharma', 'JEC Franklin', 'KD Karthik', 'SA Yadav', 'KA Pollard', 'Harbhajan Singh', 'SL Malinga', 'PP Ojha', 'MM Patel']","['MK Pandey', 'SC Ganguly', 'WD Parnell', 'RV Uthappa', 'CJ Ferguson', 'SPD Smith', 'MN Samuels', 'B Kumar', 'M Kartik', 'R Sharma', 'AB Dinda']",AK Chaudhary,SJA Taufel
548307,Kolkata,05-04-2012,2012,2,Kolkata Knight Riders,Delhi Daredevils,Eden Gardens,Delhi Daredevils,field,N,Delhi Daredevils,Wickets,8.0,,IK Pathan,"['BB McCullum', 'JH Kallis', 'G Gambhir', 'MK Tiwary', 'YK Pathan', 'DB Das', 'LR Shukla', 'R Bhatia', 'B Lee', 'Iqbal Abdulla', 'M de Lange']","['AJ Finch', 'V Sehwag', 'IK Pathan', 'GJ Maxwell', 'NV Ojha', 'Y Venugopal Rao', 'M Morkel', 'Y Nagar', 'RE van der Merwe', 'UT Yadav', 'S Nadeem']",S Asnani,HDPK Dharmasena
548306,Chennai,04-04-2012,2012,1,Chennai Super Kings,Mumbai Indians,"MA Chidambaram Stadium, Chepauk",Mumbai Indians,field,N,Mumbai Indians,Wickets,8.0,,RE Levi,"['F du Plessis', 'M Vijay', 'SK Raina', 'DJ Bravo', 'JA Morkel', 'S Badrinath', 'MS Dhoni', 'RA Jadeja', 'R Ashwin', 'SB Jakati', 'DE Bollinger']","['RE Levi', 'SR Tendulkar', 'RG Sharma', 'AT Rayudu', 'JEC Franklin', 'KD Karthik', 'KA Pollard', 'Harbhajan Singh', 'SL Malinga', 'AN Ahmed', 'PP Ojha']",JD Cloete,SJA Taufel
501271,Chennai,28-05-2011,2011,Final,Chennai Super Kings,Royal Challengers Bangalore,"MA Chidambaram Stadium, Chepauk",Chennai Super Kings,bat,N,Chennai Super Kings,Runs,58.0,,M Vijay,"['MEK Hussey', 'M Vijay', 'MS Dhoni', 'SK Raina', 'JA Morkel', 'S Badrinath', 'DJ Bravo', 'WP Saha', 'R Ashwin', 'DE Bollinger', 'SB Jakati']","['MA Agarwal', 'CH Gayle', 'V Kohli', 'AB de Villiers', 'LA Pomersbach', 'SS Tiwary', 'DL Vettori', 'A Mithun', 'Z Khan', 'J Syed Mohammad', 'S Aravind']",Asad Rauf,SJA Taufel
501270,Chennai,27-05-2011,2011,Qualifier 2,Royal Challengers Bangalore,Mumbai Indians,"MA Chidambaram Stadium, Chepauk",Mumbai Indians,field,N,Royal Challengers Bangalore,Runs,43.0,,CH Gayle,"['MA Agarwal', 'CH Gayle', 'V Kohli', 'AB de Villiers', 'LA Pomersbach', 'SS Tiwary', 'DL Vettori', 'S Aravind', 'A Mithun', 'Z Khan', 'J Syed Mohammad']","['AC Blizzard', 'SR Tendulkar', 'Harbhajan Singh', 'RG Sharma', 'JEC Franklin', 'AT Rayudu', 'KA Pollard', 'R Sathish', 'SL Malinga', 'AN Ahmed', 'MM Patel']",Asad Rauf,SJA Taufel
501269,Mumbai,25-05-2011,2011,Elimination Final,Mumbai Indians,Kolkata Knight Riders,Wankhede Stadium,Mumbai Indians,field,N,Mumbai Indians,Wickets,4.0,,MM Patel,"['AC Blizzard', 'SR Tendulkar', 'RG Sharma', 'AT Rayudu', 'JEC Franklin', 'KA Pollard', 'TL Suman', 'Harbhajan Singh', 'DS Kulkarni', 'MM Patel', 'SL Malinga']","['G Gambhir', 'JH Kallis', 'SP Goswami', 'MK Tiwary', 'YK Pathan', 'RN ten Doeschate', 'Shakib Al Hasan', 'R Bhatia', 'B Lee', 'L Balaji', 'Iqbal Abdulla']",Asad Rauf,SJA Taufel
501268,Mumbai,24-05-2011,2011,Qualifier 1,Royal Challengers Bangalore,Chennai Super Kings,Wankhede Stadium,Chennai Super Kings,field,N,Chennai Super Kings,Wickets,6.0,,SK Raina,"['MA Agarwal', 'CH Gayle', 'V Kohli', 'AB de Villiers', 'LA Pomersbach', 'SS Tiwary', 'M Kaif', 'DL Vettori', 'S Aravind', 'A Mithun', 'Z Khan']","['MEK Hussey', 'M Vijay', 'SK Raina', 'S Badrinath', 'MS Dhoni', 'JA Morkel', 'DJ Bravo', 'WP Saha', 'R Ashwin', 'DE Bollinger', 'SB Jakati']",Asad Rauf,SJA Taufel
501267,Kolkata,22-05-2011,2011,70,Kolkata Knight Riders,Mumbai Indians,Eden Gardens,Mumbai Indians,field,N,Mumbai Indians,Wickets,5.0,,JEC Franklin,"['JH Kallis', 'SP Goswami', 'G Gambhir', 'MK Tiwary', 'YK Pathan', 'RN ten Doeschate', 'R Bhatia', 'Shakib Al Hasan', 'B Lee', 'L Balaji', 'Iqbal Abdulla']","['TL Suman', 'SR Tendulkar', 'Harbhajan Singh', 'RG Sharma', 'KA Pollard', 'JEC Franklin', 'AT Rayudu', 'R Sathish', 'AN Ahmed', 'RW Price', 'SL Malinga']",SK Tarapore,SJA Taufel
501266,Bangalore,22-05-2011,2011,69,Royal Challengers Bangalore,Chennai Super Kings,M Chinnaswamy Stadium,Royal Challengers Bangalore,field,N,Royal Challengers Bangalore,Wickets,8.0,,CH Gayle,"['AB de Villiers', 'CH Gayle', 'V Kohli', 'SS Tiwary', 'MA Agarwal', 'M Kaif', 'LA Pomersbach', 'DL Vettori', 'S Aravind', 'A Mithun', 'Z Khan']","['MEK Hussey', 'M Vijay', 'SK Raina', 'S Badrinath', 'WP Saha', 'MS Dhoni', 'DJ Bravo', 'JA Morkel', 'R Ashwin', 'SB Jakati', 'DE Bollinger']",K Hariharan,RE Koertzen
501265,Delhi,21-05-2011,2011,68,Delhi Daredevils,Pune Warriors,Feroz Shah Kotla,Delhi Daredevils,bat,,,NoResults,,,,"['NV Ojha', 'DA Warner', 'MS Wade', 'CA Ingram', 'Y Venugopal Rao', 'JR Hopes', 'IK Pathan', 'Y Nagar', 'VR Aaron', 'UT Yadav', 'AB Dinda']","['MK Pandey', 'JP Faulkner', 'SC Ganguly', 'RV Uthappa', 'Yuvraj Singh', 'CJ Ferguson', 'S Rana', 'MR Marsh', 'SS Mundhe', 'R Sharma', 'AC Thomas']",SS Hazare,RJ Tucker
501264,Dharamsala,21-05-2011,2011,67,Kings XI Punjab,Deccan Chargers,Himachal Pradesh Cricket Association Stadium,Kings XI Punjab,field,N,Deccan Chargers,Runs,82.0,,S Dhawan,"['PC Valthaty', 'AC Gilchrist', 'SE Marsh', 'KD Karthik', 'R McLaren', 'AM Nayar', 'Mandeep Singh', 'PP Chawla', 'RJ Harris', 'P Kumar', 'BA Bhatt']","['S Dhawan', 'DB Ravi Teja', 'JP Duminy', 'CL White', 'KH Devdhar', 'B Chipli', 'DT Christian', 'PP Ojha', 'A Mishra', 'DW Steyn', 'Anand Rajan']",Asad Rauf,AM Saheba
501263,Mumbai,20-05-2011,2011,66,Mumbai Indians,Rajasthan Royals,Wankhede Stadium,Mumbai Indians,bat,N,Rajasthan Royals,Wickets,10.0,,SR Watson,"['TL Suman', 'SR Tendulkar', 'AT Rayudu', 'RG Sharma', 'KA Pollard', 'JEC Franklin', 'Harbhajan Singh', 'A Symonds', 'DS Kulkarni', 'MM Patel', 'SL Malinga']","['SR Watson', 'R Dravid', 'J Botha', 'AL Menaria', 'AM Rahane', 'LRPL Taylor', 'PR Shah', 'AA Chavan', 'SK Warne', 'A Singh', 'SK Trivedi']",RE Koertzen,PR Reiffel
501262,Mumbai,19-05-2011,2011,65,Pune Warriors,Kolkata Knight Riders,Dr DY Patil Sports Academy,Kolkata Knight Riders,field,N,Kolkata Knight Riders,Wickets,7.0,,YK Pathan,"['JD Ryder', 'MK Pandey', 'CJ Ferguson', 'SC Ganguly', 'RV Uthappa', 'Yuvraj Singh', 'S Rana', 'WD Parnell', 'AC Thomas', 'R Sharma', 'B Kumar']","['G Gambhir', 'SP Goswami', 'MK Tiwary', 'YK Pathan', 'R Bhatia', 'JH Kallis', 'RN ten Doeschate', 'Shakib Al Hasan', 'B Lee', 'L Balaji', 'Iqbal Abdulla']",S Ravi,SJA Taufel
501261,Chennai,18-05-2011,2011,64,Chennai Super Kings,Kochi Tuskers Kerala,"MA Chidambaram Stadium, Chepauk",Chennai Super Kings,bat,N,Chennai Super Kings,Runs,11.0,,WP Saha,"['MEK Hussey', 'M Vijay', 'SK Raina', 'S Badrinath', 'WP Saha', 'MS Dhoni', 'JA Morkel', 'DJ Bravo', 'R Ashwin', 'DE Bollinger', 'SB Jakati']","['PA Patel', 'BB McCullum', 'Y Gnaneswara Rao', 'BJ Hodge', 'RA Jadeja', 'OA Shah', 'KM Jadhav', 'R Vinay Kumar', 'M Muralitharan', 'RP Singh', 'S Sreesanth']",HDPK Dharmasena,RE Koertzen
501260,Dharamsala,17-05-2011,2011,63,Kings XI Punjab,Royal Challengers Bangalore,Himachal Pradesh Cricket Association Stadium,Kings XI Punjab,bat,N,Kings XI Punjab,Runs,111.0,,AC Gilchrist,"['PC Valthaty', 'AC Gilchrist', 'SE Marsh', 'DJ Hussey', 'KD Karthik', 'Mandeep Singh', 'AM Nayar', 'SJ Srivastava', 'PP Chawla', 'P Kumar', 'RJ Harris']","['CH Gayle', 'SS Tiwary', 'V Kohli', 'AB de Villiers', 'AUK Pathan', 'M Kaif', 'KB Arun Karthik', 'JJ van der Wath', 'A Mithun', 'CK Langeveldt', 'S Aravind']",Asad Rauf,AM Saheba
501259,Mumbai,16-05-2011,2011,62,Pune Warriors,Deccan Chargers,Dr DY Patil Sports Academy,Deccan Chargers,field,N,Deccan Chargers,Wickets,6.0,,A Mishra,"['JD Ryder', 'MK Pandey', 'SC Ganguly', 'RV Uthappa', 'Yuvraj Singh', 'M Manhas', 'CJ Ferguson', 'MR Marsh', 'WD Parnell', 'B Kumar', 'R Sharma']","['S Sohal', 'S Dhawan', 'KC Sangakkara', 'JP Duminy', 'DT Christian', 'B Chipli', 'DB Ravi Teja', 'PP Ojha', 'A Mishra', 'I Sharma', 'DW Steyn']",S Ravi,SK Tarapore
501258,Indore,15-05-2011,2011,61,Kochi Tuskers Kerala,Rajasthan Royals,Holkar Cricket Stadium,Kochi Tuskers Kerala,field,N,Kochi Tuskers Kerala,Wickets,8.0,,BJ Hodge,"['BB McCullum', 'DPMD Jayawardene', 'PA Patel', 'BJ Hodge', 'OA Shah', 'RA Jadeja', 'RP Singh', 'P Parameswaran', 'P Prasanth', 'S Sreesanth', 'Y Gnaneswara Rao']","['FY Fazal', 'R Dravid', 'SR Watson', 'AM Rahane', 'AL Menaria', 'PR Shah', 'JDP Oram', 'SK Warne', 'AA Chavan', 'SW Tait', 'ND Doshi']",PR Reiffel,RJ Tucker
501257,Dharamsala,15-05-2011,2011,60,Kings XI Punjab,Delhi Daredevils,Himachal Pradesh Cricket Association Stadium,Delhi Daredevils,field,N,Kings XI Punjab,Runs,29.0,,PP Chawla,"['PC Valthaty', 'AC Gilchrist', 'SE Marsh', 'KD Karthik', 'DJ Hussey', 'Mandeep Singh', 'RJ Harris', 'PP Chawla', 'SJ Srivastava', 'P Kumar', 'BA Bhatt']","['NV Ojha', 'DA Warner', 'Y Venugopal Rao', 'S Sriram', 'IK Pathan', 'JR Hopes', 'TR Birt', 'Y Nagar', 'M Morkel', 'VR Aaron', 'AM Salvi']",Asad Rauf,SL Shastri
501255,Bangalore,14-05-2011,2011,58,Royal Challengers Bangalore,Kolkata Knight Riders,M Chinnaswamy Stadium,Royal Challengers Bangalore,field,N,Royal Challengers Bangalore,Wickets,4.0,D/L,CH Gayle,"['CH Gayle', 'LA Pomersbach', 'V Kohli', 'AB de Villiers', 'M Kaif', 'KB Arun Karthik', 'SS Tiwary', 'A Mithun', 'Z Khan', 'S Aravind', 'CK Langeveldt']","['JH Kallis', 'EJG Morgan', 'G Gambhir', 'MK Tiwary', 'YK Pathan', 'MV Boucher', 'R Bhatia', 'Iqbal Abdulla', 'B Lee', 'L Balaji', 'JD Unadkat']",RE Koertzen,RB Tiffin
501256,Mumbai,14-05-2011,2011,59,Mumbai Indians,Deccan Chargers,Wankhede Stadium,Deccan Chargers,bat,N,Deccan Chargers,Runs,10.0,,A Mishra,"['SR Tendulkar', 'AC Blizzard', 'AT Rayudu', 'RG Sharma', 'A Symonds', 'TL Suman', 'KA Pollard', 'Harbhajan Singh', 'SL Malinga', 'DS Kulkarni', 'MM Patel']","['MJ Lumb', 'S Sohal', 'KC Sangakkara', 'JP Duminy', 'B Chipli', 'DT Christian', 'S Dhawan', 'A Mishra', 'PP Ojha', 'I Sharma', 'Anand Rajan']",S Ravi,SK Tarapore
501254,Indore,13-05-2011,2011,57,Kochi Tuskers Kerala,Kings XI Punjab,Holkar Cricket Stadium,Kings XI Punjab,field,N,Kings XI Punjab,Wickets,6.0,,KD Karthik,"['BB McCullum', 'DPMD Jayawardene', 'RA Jadeja', 'BJ Hodge', 'OA Shah', 'PA Patel', 'RV Gomez', 'R Vinay Kumar', 'RP Singh', 'P Parameswaran', 'S Sreesanth']","['AC Gilchrist', 'PC Valthaty', 'SE Marsh', 'KD Karthik', 'DJ Hussey', 'Mandeep Singh', 'Bipul Sharma', 'SJ Srivastava', 'PP Chawla', 'RJ Harris', 'BA Bhatt']",S Asnani,RJ Tucker
501253,Chennai,12-05-2011,2011,56,Chennai Super Kings,Delhi Daredevils,"MA Chidambaram Stadium, Chepauk",Chennai Super Kings,bat,N,Chennai Super Kings,Runs,18.0,,MS Dhoni,"['MEK Hussey', 'M Vijay', 'SK Raina', 'S Badrinath', 'MS Dhoni', 'WP Saha', 'JA Morkel', 'DJ Bravo', 'R Ashwin', 'DE Bollinger', 'SB Jakati']","['NV Ojha', 'DA Warner', 'CA Ingram', 'IK Pathan', 'Y Venugopal Rao', 'JR Hopes', 'AB McDonald', 'Y Nagar', 'AB Agarkar', 'S Nadeem', 'VR Aaron']",AM Saheba,SL Shastri
501252,Jaipur,11-05-2011,2011,55,Rajasthan Royals,Royal Challengers Bangalore,Sawai Mansingh Stadium,Royal Challengers Bangalore,field,N,Royal Challengers Bangalore,Wickets,9.0,,S Aravind,"['SR Watson', 'R Dravid', 'AM Rahane', 'J Botha', 'LRPL Taylor', 'AL Menaria', 'AS Raut', 'DH Yagnik', 'SK Warne', 'SK Trivedi', 'Pankaj Singh']","['CH Gayle', 'TM Dilshan', 'V Kohli', 'AB de Villiers', 'KB Arun Karthik', 'M Kaif', 'SS Tiwary', 'AA Kazi', 'Z Khan', 'S Aravind', 'CK Langeveldt']",HDPK Dharmasena,K Hariharan
501251,Chandigarh,10-05-2011,2011,54,Kings XI Punjab,Mumbai Indians,"Punjab Cricket Association Stadium, Mohali",Mumbai Indians,field,N,Kings XI Punjab,Runs,76.0,,BA Bhatt,"['PC Valthaty', 'AC Gilchrist', 'SE Marsh', 'KD Karthik', 'DJ Hussey', 'Mandeep Singh', 'Bipul Sharma', 'RJ Harris', 'P Kumar', 'SJ Srivastava', 'BA Bhatt']","['AC Blizzard', 'SR Tendulkar', 'RG Sharma', 'A Symonds', 'AT Rayudu', 'TL Suman', 'KA Pollard', 'Harbhajan Singh', 'DS Kulkarni', 'SL Malinga', 'MM Patel']",SK Tarapore,RJ Tucker
501250,Hyderabad,10-05-2011,2011,53,Deccan Chargers,Pune Warriors,"Rajiv Gandhi International Stadium, Uppal",Deccan Chargers,bat,N,Pune Warriors,Wickets,6.0,,MR Marsh,"['S Dhawan', 'DB Ravi Teja', 'KC Sangakkara', 'JP Duminy', 'DT Christian', 'B Chipli', 'S Sohal', 'A Mishra', 'DW Steyn', 'I Sharma', 'PP Ojha']","['JD Ryder', 'MK Pandey', 'SC Ganguly', 'RV Uthappa', 'Yuvraj Singh', 'CJ Ferguson', 'MR Marsh', 'WD Parnell', 'SB Wagh', 'R Sharma', 'B Kumar']",Asad Rauf,AM Saheba
501249,Jaipur,09-05-2011,2011,52,Rajasthan Royals,Chennai Super Kings,Sawai Mansingh Stadium,Rajasthan Royals,field,N,Chennai Super Kings,Runs,63.0,,M Vijay,"['SR Watson', 'R Dravid', 'AM Rahane', 'LRPL Taylor', 'AL Menaria', 'J Botha', 'AS Raut', 'DH Yagnik', 'A Singh', 'SK Trivedi', 'SK Warne']","['MEK Hussey', 'M Vijay', 'SK Raina', 'MS Dhoni', 'JA Morkel', 'S Badrinath', 'DJ Bravo', 'WP Saha', 'R Ashwin', 'DE Bollinger', 'SB Jakati']",K Hariharan,SJA Taufel
501248,Chandigarh,08-05-2011,2011,51,Kings XI Punjab,Pune Warriors,"Punjab Cricket Association Stadium, Mohali",Kings XI Punjab,bat,N,Pune Warriors,Wickets,5.0,,R Sharma,"['AC Gilchrist', 'PC Valthaty', 'SE Marsh', 'KD Karthik', 'DJ Hussey', 'Mandeep Singh', 'SD Chitnis', 'RJ Harris', 'P Kumar', 'SJ Srivastava', 'BA Bhatt']","['JD Ryder', 'MK Pandey', 'RV Uthappa', 'Yuvraj Singh', 'CJ Ferguson', 'AA Jhunjhunwala', 'MR Marsh', 'SB Wagh', 'R Sharma', 'WD Parnell', 'B Kumar']",SK Tarapore,RJ Tucker
501247,Bangalore,08-05-2011,2011,50,Royal Challengers Bangalore,Kochi Tuskers Kerala,M Chinnaswamy Stadium,Kochi Tuskers Kerala,bat,N,Royal Challengers Bangalore,Wickets,9.0,,CH Gayle,"['CH Gayle', 'TM Dilshan', 'V Kohli', 'AB de Villiers', 'CA Pujara', 'M Kaif', 'SS Tiwary', 'DL Vettori', 'Z Khan', 'S Aravind', 'A Mithun']","['M Klinger', 'BB McCullum', 'PA Patel', 'DPMD Jayawardene', 'BJ Hodge', 'RA Jadeja', 'RV Gomez', 'R Vinay Kumar', 'RR Powar', 'RP Singh', 'P Parameswaran']",Aleem Dar,SS Hazare
501246,Mumbai,07-05-2011,2011,49,Mumbai Indians,Delhi Daredevils,Wankhede Stadium,Delhi Daredevils,field,N,Mumbai Indians,Runs,32.0,,AT Rayudu,"['AC Blizzard', 'SR Tendulkar', 'AT Rayudu', 'RG Sharma', 'KA Pollard', 'A Symonds', 'TL Suman', 'DS Kulkarni', 'Harbhajan Singh', 'MM Patel', 'SL Malinga']","['V Sehwag', 'DA Warner', 'CA Ingram', 'NV Ojha', 'Y Venugopal Rao', 'JR Hopes', 'IK Pathan', 'Y Nagar', 'AB Agarkar', 'M Morkel', 'S Nadeem']",K Hariharan,SJA Taufel
501245,Kolkata,07-05-2011,2011,48,Kolkata Knight Riders,Chennai Super Kings,Eden Gardens,Chennai Super Kings,bat,N,Kolkata Knight Riders,Runs,10.0,D/L,Iqbal Abdulla,"['EJG Morgan', 'JH Kallis', 'G Gambhir', 'MK Tiwary', 'YK Pathan', 'MV Boucher', 'R Bhatia', 'Iqbal Abdulla', 'B Lee', 'L Balaji', 'JD Unadkat']","['MEK Hussey', 'M Vijay', 'SK Raina', 'S Badrinath', 'JA Morkel', 'MS Dhoni', 'WP Saha', 'R Ashwin', 'DE Bollinger', 'SB Jakati', 'S Randiv']",Asad Rauf,PR Reiffel
501244,Bangalore,06-05-2011,2011,47,Royal Challengers Bangalore,Kings XI Punjab,M Chinnaswamy Stadium,Kings XI Punjab,field,N,Royal Challengers Bangalore,Runs,85.0,,CH Gayle,"['CH Gayle', 'TM Dilshan', 'V Kohli', 'AB de Villiers', 'SS Tiwary', 'AUK Pathan', 'M Kaif', 'A Mithun', 'DL Vettori', 'Z Khan', 'S Aravind']","['AC Gilchrist', 'PC Valthaty', 'AM Nayar', 'SE Marsh', 'KD Karthik', 'Sunny Singh', 'R McLaren', 'PP Chawla', 'RJ Harris', 'P Kumar', 'L Ablish']",Aleem Dar,RB Tiffin
501243,Hyderabad,05-05-2011,2011,46,Deccan Chargers,Delhi Daredevils,"Rajiv Gandhi International Stadium, Uppal",Delhi Daredevils,field,N,Delhi Daredevils,Wickets,4.0,,V Sehwag,"['S Dhawan', 'DB Ravi Teja', 'KC Sangakkara', 'JP Duminy', 'DT Christian', 'B Chipli', 'I Malhotra', 'S Sohal', 'A Mishra', 'DW Steyn', 'I Sharma']","['AJ Finch', 'V Sehwag', 'NV Ojha', 'Y Venugopal Rao', 'TR Birt', 'IK Pathan', 'JR Hopes', 'Y Nagar', 'M Morkel', 'AB Agarkar', 'AM Salvi']",Asad Rauf,AM Saheba
501242,Kochi,05-05-2011,2011,45,Kochi Tuskers Kerala,Kolkata Knight Riders,Nehru Stadium,Kolkata Knight Riders,field,N,Kochi Tuskers Kerala,Runs,17.0,,BJ Hodge,"['BB McCullum', 'M Klinger', 'PA Patel', 'DPMD Jayawardene', 'RA Jadeja', 'BJ Hodge', 'RV Gomez', 'R Vinay Kumar', 'RP Singh', 'S Sreesanth', 'P Parameswaran']","['JH Kallis', 'EJG Morgan', 'G Gambhir', 'MK Tiwary', 'YK Pathan', 'MV Boucher', 'B Lee', 'R Bhatia', 'Iqbal Abdulla', 'S Ladda', 'JD Unadkat']",S Ravi,RJ Tucker
501241,Mumbai,04-05-2011,2011,44,Pune Warriors,Mumbai Indians,Dr DY Patil Sports Academy,Pune Warriors,field,N,Mumbai Indians,Runs,21.0,,R Sharma,"['JD Ryder', 'MK Pandey', 'GC Smith', 'AA Jhunjhunwala', 'Yuvraj Singh', 'RV Uthappa', 'M Manhas', 'SB Wagh', 'R Sharma', 'JE Taylor', 'AC Thomas']","['AC Blizzard', 'SR Tendulkar', 'AT Rayudu', 'RG Sharma', 'TL Suman', 'KA Pollard', 'A Symonds', 'Harbhajan Singh', 'DS Kulkarni', 'MM Patel', 'SL Malinga']",HDPK Dharmasena,SJA Taufel
501240,Chennai,04-05-2011,2011,43,Chennai Super Kings,Rajasthan Royals,"MA Chidambaram Stadium, Chepauk",Rajasthan Royals,bat,N,Chennai Super Kings,Wickets,8.0,,MEK Hussey,"['MEK Hussey', 'M Vijay', 'SK Raina', 'JA Morkel', 'MS Dhoni', 'S Badrinath', 'S Anirudha', 'R Ashwin', 'DE Bollinger', 'SB Jakati', 'S Randiv']","['SR Watson', 'R Dravid', 'AL Menaria', 'J Botha', 'LRPL Taylor', 'AM Rahane', 'STR Binny', 'DH Yagnik', 'SK Warne', 'ND Doshi', 'SK Trivedi']",SS Hazare,RB Tiffin
501239,Hyderabad,03-05-2011,2011,42,Deccan Chargers,Kolkata Knight Riders,"Rajiv Gandhi International Stadium, Uppal",Deccan Chargers,field,N,Kolkata Knight Riders,Runs,20.0,,YK Pathan,"['S Sohal', 'S Dhawan', 'KC Sangakkara', 'CL White', 'DT Christian', 'DB Ravi Teja', 'B Chipli', 'A Mishra', 'PP Ojha', 'I Sharma', 'DW Steyn']","['EJG Morgan', 'JH Kallis', 'G Gambhir', 'YK Pathan', 'MK Tiwary', 'MV Boucher', 'R Bhatia', 'Iqbal Abdulla', 'L Balaji', 'B Lee', 'JD Unadkat']",S Asnani,RJ Tucker
501238,Delhi,02-05-2011,2011,41,Delhi Daredevils,Kochi Tuskers Kerala,Feroz Shah Kotla,Kochi Tuskers Kerala,field,N,Kochi Tuskers Kerala,Wickets,7.0,,P Parameswaran,"['DA Warner', 'V Sehwag', 'NV Ojha', 'Y Nagar', 'Y Venugopal Rao', 'TR Birt', 'IK Pathan', 'RE van der Merwe', 'M Morkel', 'AB Agarkar', 'UT Yadav']","['M Klinger', 'BB McCullum', 'PA Patel', 'DPMD Jayawardene', 'BJ Hodge', 'RA Jadeja', 'RV Gomez', 'R Vinay Kumar', 'RP Singh', 'S Sreesanth', 'P Parameswaran']",Asad Rauf,SL Shastri
501237,Mumbai,02-05-2011,2011,40,Mumbai Indians,Kings XI Punjab,Wankhede Stadium,Kings XI Punjab,field,N,Mumbai Indians,Runs,23.0,,KA Pollard,"['DJ Jacobs', 'SR Tendulkar', 'AT Rayudu', 'KA Pollard', 'RG Sharma', 'A Symonds', 'TL Suman', 'Harbhajan Singh', 'MM Patel', 'SL Malinga', 'AN Ahmed']","['PC Valthaty', 'AC Gilchrist', 'SE Marsh', 'DJ Hussey', 'KD Karthik', 'AM Nayar', 'Bipul Sharma', 'PP Chawla', 'RJ Harris', 'P Kumar', 'BA Bhatt']",HDPK Dharmasena,PR Reiffel
501235,Jaipur,01-05-2011,2011,38,Rajasthan Royals,Pune Warriors,Sawai Mansingh Stadium,Rajasthan Royals,field,N,Rajasthan Royals,Wickets,6.0,,LRPL Taylor,"['SR Watson', 'R Dravid', 'J Botha', 'AL Menaria', 'LRPL Taylor', 'AM Rahane', 'A Singh', 'SK Warne', 'STR Binny', 'DH Yagnik', 'SK Trivedi']","['JD Ryder', 'MK Pandey', 'RV Uthappa', 'Yuvraj Singh', 'Harpreet Singh', 'M Manhas', 'NL McCullum', 'R Sharma', 'M Kartik', 'JE Taylor', 'AC Thomas']",SK Tarapore,SJA Taufel
501236,Chennai,01-05-2011,2011,39,Chennai Super Kings,Deccan Chargers,"MA Chidambaram Stadium, Chepauk",Chennai Super Kings,bat,N,Chennai Super Kings,Runs,19.0,,JA Morkel,"['M Vijay', 'MEK Hussey', 'SK Raina', 'MS Dhoni', 'JA Morkel', 'S Badrinath', 'S Anirudha', 'R Ashwin', 'DE Bollinger', 'SB Jakati', 'S Randiv']","['S Sohal', 'S Dhawan', 'B Chipli', 'KC Sangakkara', 'CL White', 'JP Duminy', 'DT Christian', 'A Mishra', 'I Sharma', 'PP Ojha', 'Harmeet Singh']",Aleem Dar,RB Tiffin
501233,Kochi,30-04-2011,2011,36,Kochi Tuskers Kerala,Delhi Daredevils,Nehru Stadium,Delhi Daredevils,bat,N,Delhi Daredevils,Runs,38.0,,V Sehwag,"['BB McCullum', 'M Klinger', 'PA Patel', 'DPMD Jayawardene', 'BJ Hodge', 'RA Jadeja', 'B Akhil', 'R Vinay Kumar', 'RR Powar', 'S Sreesanth', 'RP Singh']","['DA Warner', 'V Sehwag', 'NV Ojha', 'Y Venugopal Rao', 'Y Nagar', 'TR Birt', 'IK Pathan', 'RE van der Merwe', 'M Morkel', 'AB Agarkar', 'UT Yadav']",HDPK Dharmasena,AL Hill
501234,Kolkata,30-04-2011,2011,37,Kolkata Knight Riders,Kings XI Punjab,Eden Gardens,Kolkata Knight Riders,field,N,Kolkata Knight Riders,Wickets,8.0,,Iqbal Abdulla,"['JH Kallis', 'EJG Morgan', 'G Gambhir', 'MK Tiwary', 'SP Goswami', 'YK Pathan', 'R Bhatia', 'RN ten Doeschate', 'Iqbal Abdulla', 'L Balaji', 'B Lee']","['AC Gilchrist', 'PC Valthaty', 'SE Marsh', 'KD Karthik', 'AM Nayar', 'DJ Hussey', 'Bipul Sharma', 'P Kumar', 'PP Chawla', 'BA Bhatt', 'RJ Harris']",AM Saheba,SL Shastri
501232,Bangalore,29-04-2011,2011,35,Royal Challengers Bangalore,Pune Warriors,M Chinnaswamy Stadium,Pune Warriors,field,N,Royal Challengers Bangalore,Runs,26.0,,V Kohli,"['CH Gayle', 'TM Dilshan', 'V Kohli', 'AB de Villiers', 'SS Tiwary', 'M Kaif', 'A Mithun', 'Z Khan', 'DL Vettori', 'S Aravind', 'J Syed Mohammad']","['JD Ryder', 'TD Paine', 'MK Pandey', 'Yuvraj Singh', 'RV Uthappa', 'M Manhas', 'Harpreet Singh', 'R Sharma', 'JE Taylor', 'AC Thomas', 'Kamran Khan']",Aleem Dar,SS Hazare
501231,Jaipur,29-04-2011,2011,34,Rajasthan Royals,Mumbai Indians,Sawai Mansingh Stadium,Rajasthan Royals,field,N,Rajasthan Royals,Wickets,7.0,,J Botha,"['SR Watson', 'R Dravid', 'J Botha', 'LRPL Taylor', 'AL Menaria', 'AM Rahane', 'A Singh', 'DH Yagnik', 'SK Warne', 'STR Binny', 'SK Trivedi']","['DJ Jacobs', 'SR Tendulkar', 'AT Rayudu', 'RG Sharma', 'A Symonds', 'KA Pollard', 'R Sathish', 'Harbhajan Singh', 'SL Malinga', 'AG Murtaza', 'MM Patel']",Asad Rauf,SK Tarapore
501230,Delhi,28-04-2011,2011,33,Delhi Daredevils,Kolkata Knight Riders,Feroz Shah Kotla,Delhi Daredevils,field,N,Kolkata Knight Riders,Runs,17.0,,MK Tiwary,"['DA Warner', 'V Sehwag', 'JR Hopes', 'IK Pathan', 'TR Birt', 'Y Venugopal Rao', 'NV Ojha', 'Y Nagar', 'AB Agarkar', 'M Morkel', 'UT Yadav']","['JH Kallis', 'SP Goswami', 'G Gambhir', 'MK Tiwary', 'YK Pathan', 'EJG Morgan', 'RN ten Doeschate', 'B Lee', 'L Balaji', 'Iqbal Abdulla', 'JD Unadkat']",PR Reiffel,RJ Tucker
501228,Mumbai,27-04-2011,2011,31,Pune Warriors,Chennai Super Kings,Dr DY Patil Sports Academy,Pune Warriors,bat,N,Chennai Super Kings,Wickets,8.0,,DE Bollinger,"['JD Ryder', 'MD Mishra', 'MK Pandey', 'M Manhas', 'Yuvraj Singh', 'RV Uthappa', 'MR Marsh', 'JE Taylor', 'M Kartik', 'R Sharma', 'AC Thomas']","['MEK Hussey', 'M Vijay', 'S Badrinath', 'SK Raina', 'MS Dhoni', 'S Anirudha', 'R Ashwin', 'KMDN Kulasekara', 'DE Bollinger', 'SB Jakati', 'TG Southee']",Asad Rauf,SL Shastri
501229,Kochi,27-04-2011,2011,32,Kochi Tuskers Kerala,Deccan Chargers,Nehru Stadium,Kochi Tuskers Kerala,field,N,Deccan Chargers,Runs,55.0,,I Sharma,"['BB McCullum', 'DPMD Jayawardene', 'PA Patel', 'RV Gomez', 'BJ Hodge', 'KM Jadhav', 'RA Jadeja', 'NLTC Perera', 'R Vinay Kumar', 'S Sreesanth', 'RP Singh']","['S Sohal', 'S Dhawan', 'B Chipli', 'KC Sangakkara', 'CL White', 'DT Christian', 'DB Ravi Teja', 'A Mishra', 'MS Gony', 'DW Steyn', 'I Sharma']",HDPK Dharmasena,AL Hill
501227,Delhi,26-04-2011,2011,30,Delhi Daredevils,Royal Challengers Bangalore,Feroz Shah Kotla,Royal Challengers Bangalore,field,N,Royal Challengers Bangalore,Wickets,3.0,,V Kohli,"['DA Warner', 'V Sehwag', 'JR Hopes', 'MS Wade', 'Y Venugopal Rao', 'NV Ojha', 'IK Pathan', 'Y Nagar', 'M Morkel', 'AB Dinda', 'UT Yadav']","['CH Gayle', 'TM Dilshan', 'V Kohli', 'AB de Villiers', 'SS Tiwary', 'CA Pujara', 'DL Vettori', 'A Mithun', 'J Syed Mohammad', 'Z Khan', 'S Aravind']",S Asnani,RJ Tucker
501226,Chennai,25-04-2011,2011,29,Chennai Super Kings,Pune Warriors,"MA Chidambaram Stadium, Chepauk",Pune Warriors,field,N,Chennai Super Kings,Runs,25.0,,MEK Hussey,"['M Vijay', 'MEK Hussey', 'SK Raina', 'MS Dhoni', 'JA Morkel', 'S Badrinath', 'S Anirudha', 'R Ashwin', 'DE Bollinger', 'SB Jakati', 'S Randiv']","['JD Ryder', 'MD Mishra', 'MK Pandey', 'RV Uthappa', 'Yuvraj Singh', 'M Manhas', 'NL McCullum', 'R Sharma', 'JE Taylor', 'M Kartik', 'AC Thomas']",Aleem Dar,RB Tiffin
501225,Jaipur,24-04-2011,2011,28,Rajasthan Royals,Kochi Tuskers Kerala,Sawai Mansingh Stadium,Rajasthan Royals,field,N,Rajasthan Royals,Wickets,8.0,,SK Warne,"['SR Watson', 'R Dravid', 'J Botha', 'LRPL Taylor', 'AL Menaria', 'AM Rahane', 'A Singh', 'DH Yagnik', 'SK Warne', 'STR Binny', 'SK Trivedi']","['DPMD Jayawardene', 'VVS Laxman', 'PA Patel', 'BJ Hodge', 'RA Jadeja', 'RV Gomez', 'NLTC Perera', 'KM Jadhav', 'R Vinay Kumar', 'M Muralitharan', 'RP Singh']",BR Doctrove,SK Tarapore
501224,Hyderabad,24-04-2011,2011,27,Deccan Chargers,Mumbai Indians,"Rajiv Gandhi International Stadium, Uppal",Deccan Chargers,field,N,Mumbai Indians,Runs,37.0,,SL Malinga,"['S Sohal', 'S Dhawan', 'KC Sangakkara', 'CL White', 'B Chipli', 'DT Christian', 'DB Ravi Teja', 'A Mishra', 'DW Steyn', 'I Sharma', 'PP Ojha']","['DJ Jacobs', 'SR Tendulkar', 'AT Rayudu', 'KA Pollard', 'RG Sharma', 'A Symonds', 'R Sathish', 'Harbhajan Singh', 'AN Ahmed', 'MM Patel', 'SL Malinga']",HDPK Dharmasena,AL Hill
501223,Delhi,23-04-2011,2011,26,Delhi Daredevils,Kings XI Punjab,Feroz Shah Kotla,Kings XI Punjab,field,N,Delhi Daredevils,Runs,29.0,,DA Warner,"['DA Warner', 'V Sehwag', 'Y Nagar', 'Y Venugopal Rao', 'AJ Finch', 'NV Ojha', 'IK Pathan', 'JR Hopes', 'AB Agarkar', 'M Morkel', 'VR Aaron']","['AC Gilchrist', 'PC Valthaty', 'SE Marsh', 'KD Karthik', 'DJ Hussey', 'AM Nayar', 'Sunny Singh', 'RJ Harris', 'PP Chawla', 'P Kumar', 'SJ Srivastava']",S Asnani,RE Koertzen
501222,Kolkata,22-04-2011,2011,24,Kolkata Knight Riders,Royal Challengers Bangalore,Eden Gardens,Royal Challengers Bangalore,field,N,Royal Challengers Bangalore,Wickets,9.0,,CH Gayle,"['JH Kallis', 'BJ Haddin', 'G Gambhir', 'YK Pathan', 'EJG Morgan', 'MK Tiwary', 'Shakib Al Hasan', 'R Bhatia', 'Iqbal Abdulla', 'JD Unadkat', 'L Balaji']","['TM Dilshan', 'CH Gayle', 'V Kohli', 'AB de Villiers', 'SS Tiwary', 'CA Pujara', 'Z Khan', 'AUK Pathan', 'DL Vettori', 'S Aravind', 'J Syed Mohammad']",SS Hazare,RB Tiffin
501221,Mumbai,22-04-2011,2011,25,Mumbai Indians,Chennai Super Kings,Wankhede Stadium,Chennai Super Kings,field,N,Mumbai Indians,Runs,8.0,,Harbhajan Singh,"['R Sathish', 'SR Tendulkar', 'AT Rayudu', 'RG Sharma', 'A Symonds', 'KA Pollard', 'JEC Franklin', 'Harbhajan Singh', 'AN Ahmed', 'MM Patel', 'SL Malinga']","['MEK Hussey', 'M Vijay', 'SK Raina', 'S Badrinath', 'MS Dhoni', 'S Anirudha', 'JA Morkel', 'R Ashwin', 'Joginder Sharma', 'S Randiv', 'DE Bollinger']",Asad Rauf,AM Saheba
501220,Chandigarh,21-04-2011,2011,23,Kings XI Punjab,Rajasthan Royals,"Punjab Cricket Association Stadium, Mohali",Rajasthan Royals,field,N,Kings XI Punjab,Runs,48.0,,SE Marsh,"['AC Gilchrist', 'PC Valthaty', 'SE Marsh', 'KD Karthik', 'AM Nayar', 'R McLaren', 'Sunny Singh', 'PP Chawla', 'RJ Harris', 'P Kumar', 'BA Bhatt']","['SA Asnodkar', 'R Dravid', 'SR Watson', 'STR Binny', 'LRPL Taylor', 'AL Menaria', 'AS Raut', 'DH Yagnik', 'SK Warne', 'SW Tait', 'SK Trivedi']",S Asnani,PR Reiffel
501218,Mumbai,20-04-2011,2011,21,Mumbai Indians,Pune Warriors,Wankhede Stadium,Pune Warriors,bat,N,Mumbai Indians,Wickets,7.0,,MM Patel,"['JEC Franklin', 'SR Tendulkar', 'AT Rayudu', 'RG Sharma', 'A Symonds', 'KA Pollard', 'R Sathish', 'AN Ahmed', 'AG Murtaza', 'MM Patel', 'SL Malinga']","['JD Ryder', 'TD Paine', 'M Manhas', 'RV Uthappa', 'Yuvraj Singh', 'MD Mishra', 'M Kartik', 'WD Parnell', 'R Sharma', 'SB Wagh', 'AC Thomas']",Asad Rauf,AM Saheba
501219,Kolkata,20-04-2011,2011,22,Kolkata Knight Riders,Kochi Tuskers Kerala,Eden Gardens,Kolkata Knight Riders,field,N,Kochi Tuskers Kerala,Runs,6.0,,DPMD Jayawardene,"['MS Bisla', 'JH Kallis', 'G Gambhir', 'MK Tiwary', 'EJG Morgan', 'Shakib Al Hasan', 'YK Pathan', 'R Bhatia', 'B Lee', 'Iqbal Abdulla', 'L Balaji']","['BB McCullum', 'DPMD Jayawardene', 'PA Patel', 'BJ Hodge', 'RA Jadeja', 'KM Jadhav', 'RV Gomez', 'R Vinay Kumar', 'RR Powar', 'RP Singh', 'M Muralitharan']",Aleem Dar,RB Tiffin
501216,Delhi,19-04-2011,2011,19,Delhi Daredevils,Deccan Chargers,Feroz Shah Kotla,Deccan Chargers,bat,N,Deccan Chargers,Runs,16.0,,S Sohal,"['DA Warner', 'V Sehwag', 'NV Ojha', 'AJ Finch', 'Y Venugopal Rao', 'IK Pathan', 'JR Hopes', 'Y Nagar', 'M Morkel', 'S Nadeem', 'AB Dinda']","['S Sohal', 'S Dhawan', 'KC Sangakkara', 'CL White', 'DT Christian', 'B Chipli', 'DB Ravi Teja', 'A Mishra', 'DW Steyn', 'PP Ojha', 'Harmeet Singh']",PR Reiffel,RJ Tucker
501215,Kochi,18-04-2011,2011,18,Kochi Tuskers Kerala,Chennai Super Kings,Nehru Stadium,Kochi Tuskers Kerala,field,N,Kochi Tuskers Kerala,Wickets,7.0,D/L,BB McCullum,"['BB McCullum', 'DPMD Jayawardene', 'PA Patel', 'BJ Hodge', 'RA Jadeja', 'KM Jadhav', 'NLTC Perera', 'RV Gomez', 'R Vinay Kumar', 'RP Singh', 'RR Powar']","['MEK Hussey', 'M Vijay', 'SK Raina', 'S Badrinath', 'MS Dhoni', 'JA Morkel', 'S Anirudha', 'R Ashwin', 'SB Jakati', 'TG Southee', 'DE Bollinger']",K Hariharan,AL Hill
501214,Kolkata,17-04-2011,2011,17,Kolkata Knight Riders,Rajasthan Royals,Eden Gardens,Kolkata Knight Riders,field,N,Kolkata Knight Riders,Wickets,8.0,,L Balaji,"['JH Kallis', 'MS Bisla', 'G Gambhir', 'MK Tiwary', 'YK Pathan', 'EJG Morgan', 'Shakib Al Hasan', 'Iqbal Abdulla', 'R Bhatia', 'B Lee', 'L Balaji']","['SR Watson', 'AG Paunikar', 'FY Fazal', 'AS Raut', 'AL Menaria', 'LRPL Taylor', 'AM Rahane', 'SK Warne', 'A Singh', 'SW Tait', 'SK Trivedi']",Aleem Dar,RB Tiffin
501213,Mumbai,17-04-2011,2011,16,Pune Warriors,Delhi Daredevils,Dr DY Patil Sports Academy,Delhi Daredevils,field,N,Delhi Daredevils,Wickets,3.0,,Yuvraj Singh,"['JD Ryder', 'GC Smith', 'M Manhas', 'Yuvraj Singh', 'RV Uthappa', 'MD Mishra', 'WD Parnell', 'AA Jhunjhunwala', 'R Sharma', 'SB Wagh', 'AC Thomas']","['DA Warner', 'V Sehwag', 'IK Pathan', 'NV Ojha', 'MS Wade', 'Y Venugopal Rao', 'AJ Finch', 'JR Hopes', 'S Nadeem', 'AB Dinda', 'UT Yadav']",Asad Rauf,AM Saheba
501212,Hyderabad,16-04-2011,2011,15,Deccan Chargers,Kings XI Punjab,"Rajiv Gandhi International Stadium, Uppal",Kings XI Punjab,field,N,Kings XI Punjab,Wickets,8.0,,PC Valthaty,"['S Sohal', 'S Dhawan', 'KC Sangakkara', 'JP Duminy', 'B Chipli', 'DT Christian', 'MS Gony', 'DB Ravi Teja', 'A Mishra', 'DW Steyn', 'I Sharma']","['AC Gilchrist', 'PC Valthaty', 'AM Nayar', 'KD Karthik', 'SE Marsh', 'Sunny Singh', 'R McLaren', 'P Kumar', 'RJ Harris', 'PP Chawla', 'VS Malik']",RE Koertzen,S Ravi
501211,Chennai,16-04-2011,2011,14,Chennai Super Kings,Royal Challengers Bangalore,"MA Chidambaram Stadium, Chepauk",Chennai Super Kings,bat,N,Chennai Super Kings,Runs,21.0,,MEK Hussey,"['MEK Hussey', 'M Vijay', 'SK Raina', 'MS Dhoni', 'JA Morkel', 'S Badrinath', 'S Anirudha', 'R Ashwin', 'SB Jakati', 'TG Southee', 'S Randiv']","['MA Agarwal', 'TM Dilshan', 'AUK Pathan', 'V Kohli', 'AB de Villiers', 'SS Tiwary', 'CA Pujara', 'JJ van der Wath', 'DL Vettori', 'R Ninan', 'Z Khan']",HDPK Dharmasena,AL Hill
501210,Mumbai,15-04-2011,2011,13,Mumbai Indians,Kochi Tuskers Kerala,Wankhede Stadium,Kochi Tuskers Kerala,field,N,Kochi Tuskers Kerala,Wickets,8.0,,BB McCullum,"['DJ Jacobs', 'SR Tendulkar', 'AT Rayudu', 'KA Pollard', 'RG Sharma', 'A Symonds', 'R Sathish', 'Harbhajan Singh', 'AG Murtaza', 'MM Patel', 'SL Malinga']","['BB McCullum', 'DPMD Jayawardene', 'RA Jadeja', 'BJ Hodge', 'KM Jadhav', 'PA Patel', 'NLTC Perera', 'RV Gomez', 'R Vinay Kumar', 'RP Singh', 'RR Powar']",BR Doctrove,PR Reiffel
501209,Jaipur,15-04-2011,2011,12,Rajasthan Royals,Kolkata Knight Riders,Sawai Mansingh Stadium,Kolkata Knight Riders,field,N,Kolkata Knight Riders,Wickets,9.0,,G Gambhir,"['AG Paunikar', 'R Dravid', 'AL Menaria', 'SR Watson', 'LRPL Taylor', 'J Botha', 'AS Raut', 'SK Warne', 'A Singh', 'SK Trivedi', 'ND Doshi']","['MS Bisla', 'JH Kallis', 'G Gambhir', 'MK Tiwary', 'YK Pathan', 'EJG Morgan', 'Shakib Al Hasan', 'Iqbal Abdulla', 'R Bhatia', 'B Lee', 'L Balaji']",Aleem Dar,SS Hazare
501208,Hyderabad,14-04-2011,2011,11,Deccan Chargers,Royal Challengers Bangalore,"Rajiv Gandhi International Stadium, Uppal",Royal Challengers Bangalore,field,N,Deccan Chargers,Runs,33.0,,DW Steyn,"['S Sohal', 'S Dhawan', 'KC Sangakkara', 'B Chipli', 'JP Duminy', 'DT Christian', 'DB Ravi Teja', 'A Mishra', 'DW Steyn', 'I Sharma', 'MS Gony']","['MA Agarwal', 'TM Dilshan', 'Z Khan', 'V Kohli', 'AB de Villiers', 'SS Tiwary', 'CA Pujara', 'JJ van der Wath', 'DL Vettori', 'R Ninan', 'S Aravind']",RE Koertzen,S Ravi
501207,Mumbai,13-04-2011,2011,10,Pune Warriors,Kochi Tuskers Kerala,Dr DY Patil Sports Academy,Kochi Tuskers Kerala,bat,N,Pune Warriors,Wickets,4.0,,MD Mishra,"['JD Ryder', 'GC Smith', 'M Manhas', 'Yuvraj Singh', 'RV Uthappa', 'MD Mishra', 'WD Parnell', 'R Sharma', 'M Kartik', 'SB Wagh', 'AC Thomas']","['BB McCullum', 'VVS Laxman', 'PA Patel', 'DPMD Jayawardene', 'BJ Hodge', 'RA Jadeja', 'RV Gomez', 'R Vinay Kumar', 'S Sreesanth', 'RP Singh', 'M Muralitharan']",S Asnani,PR Reiffel
501206,Chandigarh,13-04-2011,2011,9,Kings XI Punjab,Chennai Super Kings,"Punjab Cricket Association Stadium, Mohali",Kings XI Punjab,field,N,Kings XI Punjab,Wickets,6.0,,PC Valthaty,"['PC Valthaty', 'AC Gilchrist', 'SE Marsh', 'Sunny Singh', 'AM Nayar', 'KD Karthik', 'R McLaren', 'P Kumar', 'RJ Harris', 'PP Chawla', 'BA Bhatt']","['S Anirudha', 'M Vijay', 'SK Raina', 'S Badrinath', 'MS Dhoni', 'SB Styris', 'JA Morkel', 'R Ashwin', 'SB Jakati', 'TG Southee', 'S Randiv']",Asad Rauf,SL Shastri
501204,Jaipur,12-04-2011,2011,7,Rajasthan Royals,Delhi Daredevils,Sawai Mansingh Stadium,Delhi Daredevils,bat,N,Rajasthan Royals,Wickets,6.0,,SK Warne,"['AG Paunikar', 'R Dravid', 'J Botha', 'AL Menaria', 'AM Rahane', 'LRPL Taylor', 'AS Raut', 'SK Warne', 'A Singh', 'SK Trivedi', 'SW Tait']","['DA Warner', 'V Sehwag', 'AJ Finch', 'UBT Chand', 'NV Ojha', 'Y Venugopal Rao', 'IK Pathan', 'RE van der Merwe', 'M Morkel', 'S Nadeem', 'AB Dinda']",Aleem Dar,RB Tiffin
501205,Bangalore,12-04-2011,2011,8,Royal Challengers Bangalore,Mumbai Indians,M Chinnaswamy Stadium,Mumbai Indians,field,N,Mumbai Indians,Wickets,9.0,,SR Tendulkar,"['MA Agarwal', 'TM Dilshan', 'V Kohli', 'AB de Villiers', 'AUK Pathan', 'SS Tiwary', 'CA Pujara', 'Z Khan', 'DL Vettori', 'DP Nannes', 'A Mithun']","['DJ Jacobs', 'SR Tendulkar', 'AT Rayudu', 'RG Sharma', 'KA Pollard', 'JEC Franklin', 'R Sathish', 'Harbhajan Singh', 'AG Murtaza', 'MM Patel', 'SL Malinga']",HDPK Dharmasena,AL Hill
501203,Kolkata,11-04-2011,2011,6,Kolkata Knight Riders,Deccan Chargers,Eden Gardens,Kolkata Knight Riders,bat,N,Kolkata Knight Riders,Runs,9.0,,JH Kallis,"['JH Kallis', 'MS Bisla', 'G Gambhir', 'MK Tiwary', 'YK Pathan', 'EJG Morgan', 'RN ten Doeschate', 'Iqbal Abdulla', 'R Bhatia', 'L Balaji', 'JD Unadkat']","['S Dhawan', 'IR Jaggi', 'B Chipli', 'KC Sangakkara', 'JP Duminy', 'DT Christian', 'DB Ravi Teja', 'DW Steyn', 'A Mishra', 'I Sharma', 'PP Ojha']",RE Koertzen,SK Tarapore
501202,Mumbai,10-04-2011,2011,5,Pune Warriors,Kings XI Punjab,Dr DY Patil Sports Academy,Kings XI Punjab,bat,N,Pune Warriors,Wickets,7.0,,SB Wagh,"['GC Smith', 'JD Ryder', 'M Manhas', 'RV Uthappa', 'Yuvraj Singh', 'MD Mishra', 'R Sharma', 'M Kartik', 'SB Wagh', 'WD Parnell', 'AC Thomas']","['AC Gilchrist', 'SE Marsh', 'PC Valthaty', 'KD Karthik', 'AM Nayar', 'Sunny Singh', 'R McLaren', 'PP Chawla', 'P Kumar', 'NJ Rimmington', 'BA Bhatt']",BR Doctrove,PR Reiffel
501201,Delhi,10-04-2011,2011,4,Delhi Daredevils,Mumbai Indians,Feroz Shah Kotla,Delhi Daredevils,bat,N,Mumbai Indians,Wickets,8.0,,SL Malinga,"['DA Warner', 'V Sehwag', 'UBT Chand', 'AJ Finch', 'NV Ojha', 'Y Venugopal Rao', 'IK Pathan', 'RE van der Merwe', 'M Morkel', 'UT Yadav', 'AB Dinda']","['DJ Jacobs', 'SR Tendulkar', 'AT Rayudu', 'RG Sharma', 'KA Pollard', 'JEC Franklin', 'R Sathish', 'Harbhajan Singh', 'AG Murtaza', 'MM Patel', 'SL Malinga']",AM Saheba,RB Tiffin
501200,Kochi,09-04-2011,2011,3,Kochi Tuskers Kerala,Royal Challengers Bangalore,Nehru Stadium,Kochi Tuskers Kerala,bat,N,Royal Challengers Bangalore,Wickets,6.0,,AB de Villiers,"['BB McCullum', 'VVS Laxman', 'DPMD Jayawardene', 'BJ Hodge', 'RA Jadeja', 'RV Gomez', 'PA Patel', 'M Muralitharan', 'R Vinay Kumar', 'RP Singh', 'S Sreesanth']","['MA Agarwal', 'TM Dilshan', 'V Kohli', 'AB de Villiers', 'SS Tiwary', 'AUK Pathan', 'CA Pujara', 'Z Khan', 'DL Vettori', 'DP Nannes', 'A Mithun']",HDPK Dharmasena,K Hariharan
501199,Hyderabad,09-04-2011,2011,2,Deccan Chargers,Rajasthan Royals,"Rajiv Gandhi International Stadium, Uppal",Rajasthan Royals,field,N,Rajasthan Royals,Wickets,8.0,,SK Trivedi,"['S Dhawan', 'IR Jaggi', 'KC Sangakkara', 'B Chipli', 'JP Duminy', 'DT Christian', 'DB Ravi Teja', 'DW Steyn', 'A Mishra', 'I Sharma', 'PP Ojha']","['AG Paunikar', 'R Dravid', 'J Botha', 'LRPL Taylor', 'AS Raut', 'AL Menaria', 'A Singh', 'JDP Oram', 'SK Warne', 'SK Trivedi', 'STR Binny']",RE Koertzen,SK Tarapore
501198,Chennai,08-04-2011,2011,1,Chennai Super Kings,Kolkata Knight Riders,"MA Chidambaram Stadium, Chepauk",Chennai Super Kings,bat,N,Chennai Super Kings,Runs,2.0,,S Anirudha,"['S Anirudha', 'M Vijay', 'SK Raina', 'MS Dhoni', 'JA Morkel', 'SB Styris', 'S Badrinath', 'R Ashwin', 'SB Jakati', 'TG Southee', 'S Randiv']","['MS Bisla', 'JH Kallis', 'YK Pathan', 'MK Tiwary', 'EJG Morgan', 'G Gambhir', 'LR Shukla', 'R Bhatia', 'Iqbal Abdulla', 'L Balaji', 'S Ladda']",BR Doctrove,PR Reiffel
419165,Mumbai,25-04-2010,2009/10,Final,Chennai Super Kings,Mumbai Indians,Dr DY Patil Sports Academy,Chennai Super Kings,bat,N,Chennai Super Kings,Runs,22.0,,SK Raina,"['M Vijay', 'ML Hayden', 'SK Raina', 'S Badrinath', 'MS Dhoni', 'JA Morkel', 'S Anirudha', 'R Ashwin', 'SB Jakati', 'DE Bollinger', 'M Muralitharan']","['S Dhawan', 'SR Tendulkar', 'AM Nayar', 'Harbhajan Singh', 'AT Rayudu', 'SS Tiwary', 'JP Duminy', 'KA Pollard', 'Z Khan', 'SL Malinga', 'CRD Fernando']",RE Koertzen,SJA Taufel
419164,Mumbai,24-04-2010,2009/10,3rd Place Play-Off,Royal Challengers Bangalore,Deccan Chargers,Dr DY Patil Sports Academy,Deccan Chargers,bat,N,Royal Challengers Bangalore,Wickets,9.0,,A Kumble,"['JH Kallis', 'R Dravid', 'KP Pietersen', 'RV Uthappa', 'V Kohli', 'CL White', 'B Akhil', 'P Kumar', 'A Kumble', 'ND Doshi', 'DW Steyn']","['AC Gilchrist', 'MD Mishra', 'Anirudh Singh', 'RG Sharma', 'A Symonds', 'DR Smith', 'Y Venugopal Rao', 'RJ Harris', 'R Sharma', 'Harmeet Singh', 'PP Ojha']",RE Koertzen,SJA Taufel
419163,Mumbai,22-04-2010,2009/10,Semi Final,Chennai Super Kings,Deccan Chargers,Dr DY Patil Sports Academy,Chennai Super Kings,bat,N,Chennai Super Kings,Runs,38.0,,DE Bollinger,"['M Vijay', 'ML Hayden', 'SK Raina', 'S Badrinath', 'MS Dhoni', 'JA Morkel', 'S Anirudha', 'R Ashwin', 'SB Jakati', 'DE Bollinger', 'M Muralitharan']","['AC Gilchrist', 'HH Gibbs', 'TL Suman', 'RG Sharma', 'A Symonds', 'MD Mishra', 'B Sumanth', 'RJ Harris', 'Harmeet Singh', 'RP Singh', 'PP Ojha']",BR Doctrove,RB Tiffin
419162,Mumbai,21-04-2010,2009/10,Semi Final,Royal Challengers Bangalore,Mumbai Indians,Dr DY Patil Sports Academy,Mumbai Indians,bat,N,Mumbai Indians,Runs,35.0,,KA Pollard,"['JH Kallis', 'R Dravid', 'KP Pietersen', 'RV Uthappa', 'LRPL Taylor', 'V Kohli', 'MK Pandey', 'P Kumar', 'R Vinay Kumar', 'DW Steyn', 'A Kumble']","['S Dhawan', 'SR Tendulkar', 'AM Nayar', 'AT Rayudu', 'JP Duminy', 'SS Tiwary', 'KA Pollard', 'Harbhajan Singh', 'Z Khan', 'CRD Fernando', 'SL Malinga']",BR Doctrove,RB Tiffin
419161,Kolkata,19-04-2010,2009/10,56,Kolkata Knight Riders,Mumbai Indians,Eden Gardens,Mumbai Indians,bat,N,Kolkata Knight Riders,Wickets,9.0,,M Kartik,"['SC Ganguly', 'BB McCullum', 'DJ Hussey', 'MK Tiwary', 'AD Mathews', 'CA Pujara', 'WP Saha', 'JD Unadkat', 'M Kartik', 'AB Dinda', 'SE Bond']","['AP Tare', 'S Dhawan', 'SS Tiwary', 'JP Duminy', 'R Sathish', 'DJ Bravo', 'AT Rayudu', 'STR Binny', 'R McLaren', 'AG Murtaza', 'CRD Fernando']",BG Jerling,RE Koertzen
419160,Delhi,18-04-2010,2009/10,55,Delhi Daredevils,Deccan Chargers,Feroz Shah Kotla,Deccan Chargers,bat,N,Deccan Chargers,Runs,11.0,,A Symonds,"['DA Warner', 'V Sehwag', 'TM Dilshan', 'G Gambhir', 'M Manhas', 'PD Collingwood', 'KD Karthik', 'A Mishra', 'A Nehra', 'DP Nannes', 'UT Yadav']","['AC Gilchrist', 'MD Mishra', 'TL Suman', 'RG Sharma', 'A Symonds', 'MR Marsh', 'B Sumanth', 'WPUJC Vaas', 'R Sharma', 'PP Ojha', 'Harmeet Singh']",BR Doctrove,SK Tarapore
419159,Dharamsala,18-04-2010,2009/10,54,Kings XI Punjab,Chennai Super Kings,Himachal Pradesh Cricket Association Stadium,Chennai Super Kings,field,N,Chennai Super Kings,Wickets,6.0,,MS Dhoni,"['DPMD Jayawardene', 'SE Marsh', 'KC Sangakkara', 'Yuvraj Singh', 'IK Pathan', 'K Goel', 'J Theron', 'RR Powar', 'PP Chawla', 'S Sohal', 'VRV Singh']","['M Vijay', 'ML Hayden', 'SK Raina', 'S Badrinath', 'MS Dhoni', 'JA Morkel', 'JM Kemp', 'R Ashwin', 'SB Jakati', 'DE Bollinger', 'S Tyagi']",BF Bowden,AM Saheba
419158,Kolkata,17-04-2010,2009/10,53,Kolkata Knight Riders,Rajasthan Royals,Eden Gardens,Rajasthan Royals,bat,N,Kolkata Knight Riders,Wickets,8.0,,JD Unadkat,"['SC Ganguly', 'BB McCullum', 'CH Gayle', 'CA Pujara', 'MK Tiwary', 'AD Mathews', 'LR Shukla', 'JD Unadkat', 'M Kartik', 'AB Dinda', 'SE Bond']","['SR Watson', 'NV Ojha', 'YK Pathan', 'AJ Finch', 'AC Voges', 'AS Raut', 'P Dogra', 'FY Fazal', 'SK Warne', 'SK Trivedi', 'Kamran Khan']",BG Jerling,RB Tiffin
419157,Bangalore,17-04-2010,2009/10,52,Royal Challengers Bangalore,Mumbai Indians,M Chinnaswamy Stadium,Royal Challengers Bangalore,field,N,Mumbai Indians,Runs,57.0,,R McLaren,"['MK Pandey', 'JH Kallis', 'KP Pietersen', 'R Dravid', 'RV Uthappa', 'LRPL Taylor', 'V Kohli', 'DW Steyn', 'R Vinay Kumar', 'Pankaj Singh', 'A Kumble']","['R McLaren', 'SR Tendulkar', 'AT Rayudu', 'KA Pollard', 'JP Duminy', 'AM Nayar', 'SS Tiwary', 'AP Tare', 'Harbhajan Singh', 'Z Khan', 'CRD Fernando']",HDPK Dharmasena,SJA Taufel
419156,Dharamsala,16-04-2010,2009/10,51,Kings XI Punjab,Deccan Chargers,Himachal Pradesh Cricket Association Stadium,Deccan Chargers,field,N,Deccan Chargers,Wickets,5.0,,RG Sharma,"['DPMD Jayawardene', 'SE Marsh', 'KC Sangakkara', 'Yuvraj Singh', 'IK Pathan', 'K Goel', 'J Theron', 'RS Sodhi', 'PP Chawla', 'SJ Srivastava', 'VS Malik']","['AC Gilchrist', 'MD Mishra', 'TL Suman', 'RG Sharma', 'A Symonds', 'MR Marsh', 'B Sumanth', 'RP Singh', 'PP Ojha', 'RJ Harris', 'R Sharma']",M Erasmus,AM Saheba
419155,Chennai,15-04-2010,2009/10,50,Chennai Super Kings,Delhi Daredevils,"MA Chidambaram Stadium, Chepauk",Chennai Super Kings,bat,N,Delhi Daredevils,Wickets,6.0,,G Gambhir,"['M Vijay', 'ML Hayden', 'MS Dhoni', 'SK Raina', 'MEK Hussey', 'S Badrinath', 'JA Morkel', 'R Ashwin', 'L Balaji', 'DE Bollinger', 'SB Jakati']","['V Sehwag', 'DA Warner', 'TM Dilshan', 'G Gambhir', 'KD Karthik', 'M Manhas', 'PD Collingwood', 'A Mishra', 'A Nehra', 'DP Nannes', 'UT Yadav']",HDPK Dharmasena,SS Hazare
419154,Jaipur,14-04-2010,2009/10,49,Rajasthan Royals,Royal Challengers Bangalore,Sawai Mansingh Stadium,Rajasthan Royals,bat,N,Royal Challengers Bangalore,Wickets,5.0,,KP Pietersen,"['MJ Lumb', 'NV Ojha', 'AG Paunikar', 'SR Watson', 'AA Jhunjhunwala', 'YK Pathan', 'AC Voges', 'AS Raut', 'Kamran Khan', 'SK Warne', 'SK Trivedi']","['MK Pandey', 'JH Kallis', 'KP Pietersen', 'RV Uthappa', 'V Kohli', 'LRPL Taylor', 'R Dravid', 'R Vinay Kumar', 'Pankaj Singh', 'A Kumble', 'DW Steyn']",BR Doctrove,S Ravi
419153,Chennai,13-04-2010,2009/10,48,Chennai Super Kings,Kolkata Knight Riders,"MA Chidambaram Stadium, Chepauk",Kolkata Knight Riders,bat,N,Chennai Super Kings,Wickets,9.0,,R Ashwin,"['M Vijay', 'ML Hayden', 'SK Raina', 'S Anirudha', 'MS Dhoni', 'S Badrinath', 'JA Morkel', 'R Ashwin', 'SB Jakati', 'M Muralitharan', 'DE Bollinger']","['SC Ganguly', 'CH Gayle', 'BB McCullum', 'MK Tiwary', 'DJ Hussey', 'AD Mathews', 'WP Saha', 'LR Shukla', 'AB Agarkar', 'Iqbal Abdulla', 'AB Dinda']",SS Hazare,SJA Taufel
419152,Mumbai,13-04-2010,2009/10,47,Mumbai Indians,Delhi Daredevils,Brabourne Stadium,Mumbai Indians,bat,N,Mumbai Indians,Runs,39.0,,KA Pollard,"['C Madan', 'SR Tendulkar', 'SS Tiwary', 'AT Rayudu', 'JP Duminy', 'KA Pollard', 'DJ Bravo', 'Harbhajan Singh', 'AG Murtaza', 'Z Khan', 'CRD Fernando']","['DA Warner', 'V Sehwag', 'G Gambhir', 'KD Karthik', 'AB de Villiers', 'PD Collingwood', 'AB McDonald', 'A Mishra', 'PJ Sangwan', 'A Nehra', 'S Ladda']",S Asnani,DJ Harper
419151,Nagpur,12-04-2010,2009/10,46,Deccan Chargers,Royal Challengers Bangalore,"Vidarbha Cricket Association Stadium, Jamtha",Royal Challengers Bangalore,field,N,Deccan Chargers,Runs,13.0,,Harmeet Singh,"['HH Gibbs', 'AC Gilchrist', 'TL Suman', 'RG Sharma', 'MD Mishra', 'A Symonds', 'RJ Harris', 'B Sumanth', 'RP Singh', 'PP Ojha', 'Harmeet Singh']","['MK Pandey', 'JH Kallis', 'R Dravid', 'RV Uthappa', 'LRPL Taylor', 'V Kohli', 'CL White', 'R Vinay Kumar', 'DW Steyn', 'A Kumble', 'KP Appanna']",RE Koertzen,RB Tiffin
419150,Jaipur,11-04-2010,2009/10,45,Rajasthan Royals,Mumbai Indians,Sawai Mansingh Stadium,Rajasthan Royals,field,N,Mumbai Indians,Runs,37.0,,SR Tendulkar,"['MJ Lumb', 'NV Ojha', 'FY Fazal', 'SR Watson', 'AA Jhunjhunwala', 'AC Voges', 'YK Pathan', 'AS Raut', 'AP Dole', 'SK Warne', 'SK Trivedi']","['ST Jayasuriya', 'SR Tendulkar', 'AT Rayudu', 'SS Tiwary', 'JP Duminy', 'KA Pollard', 'R Sathish', 'DS Kulkarni', 'Harbhajan Singh', 'SL Malinga', 'Z Khan']",BR Doctrove,SK Tarapore
419149,Delhi,11-04-2010,2009/10,44,Delhi Daredevils,Kings XI Punjab,Feroz Shah Kotla,Delhi Daredevils,bat,N,Kings XI Punjab,Wickets,7.0,,PP Chawla,"['DA Warner', 'V Sehwag', 'G Gambhir', 'PD Collingwood', 'KD Karthik', 'DL Vettori', 'M Manhas', 'R Bhatia', 'MF Maharoof', 'A Mishra', 'A Nehra']","['DPMD Jayawardene', 'IK Pathan', 'KC Sangakkara', 'Yuvraj Singh', 'AB Barath', 'J Theron', 'K Goel', 'RS Sodhi', 'PP Chawla', 'RR Powar', 'L Ablish']",BF Bowden,AM Saheba
419148,Bangalore,10-04-2010,2009/10,43,Royal Challengers Bangalore,Kolkata Knight Riders,M Chinnaswamy Stadium,Royal Challengers Bangalore,field,N,Royal Challengers Bangalore,Wickets,7.0,,R Vinay Kumar,"['S Sriram', 'JH Kallis', 'R Dravid', 'RV Uthappa', 'LRPL Taylor', 'CL White', 'V Kohli', 'R Vinay Kumar', 'P Kumar', 'A Kumble', 'DW Steyn']","['SC Ganguly', 'CH Gayle', 'BB McCullum', 'MK Tiwary', 'AD Mathews', 'WP Saha', 'CA Pujara', 'AB Agarkar', 'AB Dinda', 'I Sharma', 'BAW Mendis']",K Hariharan,DJ Harper
419147,Nagpur,10-04-2010,2009/10,42,Deccan Chargers,Chennai Super Kings,"Vidarbha Cricket Association Stadium, Jamtha",Chennai Super Kings,bat,N,Deccan Chargers,Wickets,6.0,,RJ Harris,"['MD Mishra', 'AC Gilchrist', 'TL Suman', 'RG Sharma', 'A Symonds', 'DR Smith', 'B Sumanth', 'RP Singh', 'PP Ojha', 'RJ Harris', 'Harmeet Singh']","['M Vijay', 'ML Hayden', 'SK Raina', 'MS Dhoni', 'MEK Hussey', 'S Badrinath', 'R Ashwin', 'T Thushara', 'SB Jakati', 'DE Bollinger', 'S Tyagi']",HDPK Dharmasena,SJA Taufel
419146,Chandigarh,09-04-2010,2009/10,41,Kings XI Punjab,Mumbai Indians,"Punjab Cricket Association Stadium, Mohali",Mumbai Indians,bat,N,Kings XI Punjab,Wickets,6.0,,KC Sangakkara,"['AB Barath', 'DPMD Jayawardene', 'KC Sangakkara', 'Yuvraj Singh', 'IK Pathan', 'RS Sodhi', 'K Goel', 'PP Chawla', 'RR Powar', 'B Lee', 'L Ablish']","['S Dhawan', 'SR Tendulkar', 'AT Rayudu', 'SS Tiwary', 'JP Duminy', 'R Sathish', 'KA Pollard', 'Harbhajan Singh', 'R McLaren', 'Z Khan', 'SL Malinga']",M Erasmus,AM Saheba
419145,Bangalore,08-04-2010,2009/10,40,Royal Challengers Bangalore,Deccan Chargers,M Chinnaswamy Stadium,Deccan Chargers,field,N,Deccan Chargers,Wickets,7.0,,TL Suman,"['MK Pandey', 'JH Kallis', 'R Dravid', 'RV Uthappa', 'LRPL Taylor', 'V Kohli', 'CL White', 'P Kumar', 'R Vinay Kumar', 'A Kumble', 'DW Steyn']","['AC Gilchrist', 'MD Mishra', 'TL Suman', 'RG Sharma', 'A Symonds', 'Y Venugopal Rao', 'MR Marsh', 'RP Singh', 'PP Ojha', 'RJ Harris', 'Harmeet Singh']",S Asnani,DJ Harper
419144,Kolkata,07-04-2010,2009/10,39,Kolkata Knight Riders,Delhi Daredevils,Eden Gardens,Kolkata Knight Riders,bat,N,Kolkata Knight Riders,Runs,14.0,,SC Ganguly,"['SC Ganguly', 'CH Gayle', 'BB McCullum', 'MK Tiwary', 'AD Mathews', 'CA Pujara', 'WP Saha', 'AB Agarkar', 'Iqbal Abdulla', 'AB Dinda', 'BAW Mendis']","['DA Warner', 'V Sehwag', 'G Gambhir', 'PD Collingwood', 'KD Karthik', 'KM Jadhav', 'MF Maharoof', 'R Bhatia', 'DL Vettori', 'A Mishra', 'PJ Sangwan']",BG Jerling,RE Koertzen
419143,Jaipur,07-04-2010,2009/10,38,Rajasthan Royals,Kings XI Punjab,Sawai Mansingh Stadium,Kings XI Punjab,bat,N,Rajasthan Royals,Wickets,9.0,,MJ Lumb,"['MJ Lumb', 'NV Ojha', 'YK Pathan', 'SR Watson', 'FY Fazal', 'AA Jhunjhunwala', 'AC Voges', 'AS Raut', 'SK Warne', 'SK Trivedi', 'AP Dole']","['MS Bisla', 'DPMD Jayawardene', 'KC Sangakkara', 'Yuvraj Singh', 'IK Pathan', 'RS Bopara', 'PP Chawla', 'Bipul Sharma', 'J Theron', 'S Sreesanth', 'RR Powar']",S Ravi,SK Tarapore
419142,Chennai,06-04-2010,2009/10,37,Chennai Super Kings,Mumbai Indians,"MA Chidambaram Stadium, Chepauk",Chennai Super Kings,bat,N,Chennai Super Kings,Runs,24.0,,SK Raina,"['M Vijay', 'ML Hayden', 'SK Raina', 'MS Dhoni', 'MEK Hussey', 'S Badrinath', 'R Ashwin', 'SB Jakati', 'DE Bollinger', 'S Tyagi', 'T Thushara']","['S Dhawan', 'SR Tendulkar', 'SS Tiwary', 'AT Rayudu', 'DJ Bravo', 'KA Pollard', 'R Sathish', 'R McLaren', 'Harbhajan Singh', 'AN Ahmed', 'SL Malinga']",S Asnani,DJ Harper
419141,Nagpur,05-04-2010,2009/10,36,Deccan Chargers,Rajasthan Royals,"Vidarbha Cricket Association Stadium, Jamtha",Rajasthan Royals,bat,N,Rajasthan Royals,Runs,2.0,,SK Warne,"['VVS Laxman', 'AC Gilchrist', 'RG Sharma', 'A Symonds', 'Anirudh Singh', 'DR Smith', 'AA Bilakhia', 'RJ Harris', 'RP Singh', 'Harmeet Singh', 'PP Ojha']","['MJ Lumb', 'NV Ojha', 'FY Fazal', 'SR Watson', 'YK Pathan', 'AA Jhunjhunwala', 'AS Raut', 'SK Warne', 'M Morkel', 'AP Dole', 'SK Trivedi']",HDPK Dharmasena,SJA Taufel
419139,Kolkata,04-04-2010,2009/10,34,Kolkata Knight Riders,Kings XI Punjab,Eden Gardens,Kolkata Knight Riders,bat,N,Kings XI Punjab,Wickets,8.0,,DPMD Jayawardene,"['SC Ganguly', 'CH Gayle', 'MK Tiwary', 'AD Mathews', 'DJ Hussey', 'CA Pujara', 'WP Saha', 'AB Agarkar', 'M Kartik', 'SE Bond', 'JD Unadkat']","['MS Bisla', 'DPMD Jayawardene', 'KC Sangakkara', 'Yuvraj Singh', 'RS Bopara', 'IK Pathan', 'J Theron', 'PP Chawla', 'SJ Srivastava', 'Bipul Sharma', 'RR Powar']",S Asnani,DJ Harper
419140,Delhi,04-04-2010,2009/10,35,Delhi Daredevils,Royal Challengers Bangalore,Feroz Shah Kotla,Delhi Daredevils,bat,N,Delhi Daredevils,Runs,37.0,,PD Collingwood,"['DA Warner', 'V Sehwag', 'G Gambhir', 'PD Collingwood', 'KD Karthik', 'KM Jadhav', 'DL Vettori', 'R Bhatia', 'A Mishra', 'MF Maharoof', 'PJ Sangwan']","['JH Kallis', 'CL White', 'KP Pietersen', 'RV Uthappa', 'LRPL Taylor', 'V Kohli', 'R Dravid', 'R Vinay Kumar', 'A Mithun', 'A Kumble', 'KP Appanna']",BF Bowden,M Erasmus
419138,Mumbai,03-04-2010,2009/10,33,Mumbai Indians,Deccan Chargers,Brabourne Stadium,Mumbai Indians,bat,N,Mumbai Indians,Runs,63.0,,AT Rayudu,"['S Dhawan', 'SR Tendulkar', 'SS Tiwary', 'DJ Bravo', 'AT Rayudu', 'KA Pollard', 'R Sathish', 'R McLaren', 'Harbhajan Singh', 'Z Khan', 'SL Malinga']","['HH Gibbs', 'AC Gilchrist', 'VVS Laxman', 'A Symonds', 'RG Sharma', 'MD Mishra', 'TL Suman', 'RJ Harris', 'R Sharma', 'Jaskaran Singh', 'PP Ojha']",BR Doctrove,S Ravi
419137,Chennai,03-04-2010,2009/10,32,Chennai Super Kings,Rajasthan Royals,"MA Chidambaram Stadium, Chepauk",Chennai Super Kings,bat,N,Chennai Super Kings,Runs,23.0,,M Vijay,"['M Vijay', 'ML Hayden', 'SK Raina', 'JA Morkel', 'MS Dhoni', 'S Badrinath', 'S Anirudha', 'M Muralitharan', 'SB Jakati', 'DE Bollinger', 'S Tyagi']","['MJ Lumb', 'NV Ojha', 'YK Pathan', 'SR Watson', 'FY Fazal', 'AA Jhunjhunwala', 'AS Raut', 'S Narwal', 'SB Wagh', 'SK Warne', 'SW Tait']",RE Koertzen,RB Tiffin
419136,Chandigarh,02-04-2010,2009/10,31,Kings XI Punjab,Royal Challengers Bangalore,"Punjab Cricket Association Stadium, Mohali",Kings XI Punjab,bat,N,Royal Challengers Bangalore,Wickets,6.0,,KP Pietersen,"['SE Marsh', 'MS Bisla', 'KC Sangakkara', 'RS Bopara', 'Yuvraj Singh', 'IK Pathan', 'B Lee', 'PP Chawla', 'SJ Srivastava', 'Bipul Sharma', 'S Sreesanth']","['MK Pandey', 'JH Kallis', 'KP Pietersen', 'V Kohli', 'RV Uthappa', 'CL White', 'R Dravid', 'P Kumar', 'A Kumble', 'R Vinay Kumar', 'DW Steyn']",BF Bowden,M Erasmus
419135,Kolkata,01-04-2010,2009/10,30,Kolkata Knight Riders,Deccan Chargers,Eden Gardens,Kolkata Knight Riders,bat,N,Kolkata Knight Riders,Runs,24.0,,SC Ganguly,"['SC Ganguly', 'CH Gayle', 'CA Pujara', 'MK Tiwary', 'DJ Hussey', 'AD Mathews', 'WP Saha', 'AB Agarkar', 'M Kartik', 'SE Bond', 'MB Parmar']","['HH Gibbs', 'AC Gilchrist', 'MD Mishra', 'A Symonds', 'RG Sharma', 'TL Suman', 'Y Venugopal Rao', 'Jaskaran Singh', 'KAJ Roach', 'Harmeet Singh', 'PP Ojha']",K Hariharan,DJ Harper
419134,Delhi,31-03-2010,2009/10,29,Delhi Daredevils,Rajasthan Royals,Feroz Shah Kotla,Delhi Daredevils,bat,N,Delhi Daredevils,Runs,67.0,,KD Karthik,"['DA Warner', 'V Sehwag', 'G Gambhir', 'PD Collingwood', 'KM Jadhav', 'KD Karthik', 'AB McDonald', 'A Mishra', 'MF Maharoof', 'S Ladda', 'UT Yadav']","['MJ Lumb', 'NV Ojha', 'FY Fazal', 'AA Jhunjhunwala', 'AC Voges', 'YK Pathan', 'P Dogra', 'SK Warne', 'S Narwal', 'SW Tait', 'SK Trivedi']",HDPK Dharmasena,SJA Taufel
419133,Chennai,31-03-2010,2009/10,28,Chennai Super Kings,Royal Challengers Bangalore,"MA Chidambaram Stadium, Chepauk",Royal Challengers Bangalore,bat,N,Chennai Super Kings,Wickets,5.0,,M Vijay,"['M Vijay', 'ML Hayden', 'SK Raina', 'MS Dhoni', 'JA Morkel', 'S Badrinath', 'C Ganapathy', 'MS Gony', 'M Muralitharan', 'T Thushara', 'SB Jakati']","['MK Pandey', 'JH Kallis', 'RV Uthappa', 'V Kohli', 'KP Pietersen', 'CL White', 'R Dravid', 'P Kumar', 'A Kumble', 'DW Steyn', 'R Vinay Kumar']",BG Jerling,RE Koertzen
419132,Mumbai,30-03-2010,2009/10,27,Mumbai Indians,Kings XI Punjab,Brabourne Stadium,Mumbai Indians,field,N,Mumbai Indians,Wickets,4.0,,SL Malinga,"['S Dhawan', 'SR Tendulkar', 'KA Pollard', 'SS Tiwary', 'AT Rayudu', 'DJ Bravo', 'R Sathish', 'Harbhajan Singh', 'R McLaren', 'Z Khan', 'SL Malinga']","['RS Bopara', 'SE Marsh', 'MS Bisla', 'DPMD Jayawardene', 'Yuvraj Singh', 'IK Pathan', 'B Lee', 'K Goel', 'PP Chawla', 'VS Malik', 'SJ Srivastava']",BR Doctrove,SK Tarapore
419131,Delhi,29-03-2010,2009/10,26,Delhi Daredevils,Kolkata Knight Riders,Feroz Shah Kotla,Delhi Daredevils,bat,N,Delhi Daredevils,Runs,40.0,,DA Warner,"['DA Warner', 'V Sehwag', 'G Gambhir', 'KD Karthik', 'PD Collingwood', 'KM Jadhav', 'AB McDonald', 'A Mishra', 'DP Nannes', 'UT Yadav', 'R Bhatia']","['CH Gayle', 'SC Ganguly', 'Mandeep Singh', 'MK Tiwary', 'DJ Hussey', 'AD Mathews', 'WP Saha', 'AB Agarkar', 'M Kartik', 'CK Langeveldt', 'I Sharma']",SS Hazare,SJA Taufel
419130,Mumbai,28-03-2010,2009/10,25,Deccan Chargers,Mumbai Indians,Dr DY Patil Sports Academy,Deccan Chargers,field,N,Mumbai Indians,Runs,41.0,,Harbhajan Singh,"['AC Gilchrist', 'MD Mishra', 'HH Gibbs', 'A Symonds', 'RG Sharma', 'TL Suman', 'Y Venugopal Rao', 'Jaskaran Singh', 'KAJ Roach', 'RP Singh', 'PP Ojha']","['S Dhawan', 'SR Tendulkar', 'DJ Bravo', 'SS Tiwary', 'AT Rayudu', 'R Sathish', 'KA Pollard', 'R McLaren', 'Harbhajan Singh', 'Z Khan', 'SL Malinga']",S Das,K Hariharan
419129,Ahmedabad,28-03-2010,2009/10,24,Rajasthan Royals,Chennai Super Kings,"Sardar Patel Stadium, Motera",Rajasthan Royals,bat,N,Rajasthan Royals,Runs,17.0,,NV Ojha,"['MJ Lumb', 'NV Ojha', 'FY Fazal', 'YK Pathan', 'AC Voges', 'AA Jhunjhunwala', 'P Dogra', 'S Narwal', 'SK Warne', 'SW Tait', 'SK Trivedi']","['M Vijay', 'ML Hayden', 'SK Raina', 'MS Dhoni', 'S Badrinath', 'JA Morkel', 'KB Arun Karthik', 'T Thushara', 'Joginder Sharma', 'M Muralitharan', 'SB Jakati']",SS Hazare,SJA Taufel
419127,Chandigarh,27-03-2010,2009/10,23,Kings XI Punjab,Kolkata Knight Riders,"Punjab Cricket Association Stadium, Mohali",Kolkata Knight Riders,bat,N,Kolkata Knight Riders,Runs,39.0,,MK Tiwary,"['RS Bopara', 'Yuvraj Singh', 'MS Bisla', 'KC Sangakkara', 'DPMD Jayawardene', 'IK Pathan', 'K Goel', 'B Lee', 'PP Chawla', 'SJ Srivastava', 'VS Malik']","['CH Gayle', 'SC Ganguly', 'Mandeep Singh', 'MK Tiwary', 'DJ Hussey', 'AD Mathews', 'WP Saha', 'SE Bond', 'AB Agarkar', 'AB Dinda', 'Iqbal Abdulla']",BR Doctrove,S Ravi
419126,Ahmedabad,26-03-2010,2009/10,22,Rajasthan Royals,Deccan Chargers,"Sardar Patel Stadium, Motera",Deccan Chargers,bat,N,Rajasthan Royals,Wickets,8.0,,YK Pathan,"['MJ Lumb', 'NV Ojha', 'YK Pathan', 'FY Fazal', 'AC Voges', 'AA Jhunjhunwala', 'P Dogra', 'SK Warne', 'S Narwal', 'SK Trivedi', 'SW Tait']","['AC Gilchrist', 'VVS Laxman', 'HH Gibbs', 'A Symonds', 'RG Sharma', 'TL Suman', 'Y Venugopal Rao', 'WPUJC Vaas', 'R Sharma', 'RP Singh', 'PP Ojha']",HDPK Dharmasena,SJA Taufel
419125,Mumbai,25-03-2010,2009/10,21,Chennai Super Kings,Mumbai Indians,"Brabourne Stadium, Mumbai",Mumbai Indians,field,N,Mumbai Indians,Wickets,5.0,,SR Tendulkar,"['PA Patel', 'ML Hayden', 'SK Raina', 'S Badrinath', 'MS Dhoni', 'JA Morkel', 'NLTC Perera', 'Joginder Sharma', 'L Balaji', 'M Muralitharan', 'SB Jakati']","['S Dhawan', 'SR Tendulkar', 'SS Tiwary', 'R Sathish', 'KA Pollard', 'DJ Bravo', 'R McLaren', 'AP Tare', 'Harbhajan Singh', 'Z Khan', 'SL Malinga']",AM Saheba,BF Bowden
419128,Bangalore,25-03-2010,2009/10,20,Royal Challengers Bangalore,Delhi Daredevils,M Chinnaswamy Stadium,Royal Challengers Bangalore,field,N,Delhi Daredevils,Runs,17.0,,KM Jadhav,"['MK Pandey', 'JH Kallis', 'RV Uthappa', 'R Dravid', 'EJG Morgan', 'V Kohli', 'MV Boucher', 'R Vinay Kumar', 'P Kumar', 'DW Steyn', 'A Kumble']","['DA Warner', 'V Sehwag', 'AB de Villiers', 'KD Karthik', 'KM Jadhav', 'AB McDonald', 'M Manhas', 'A Mishra', 'DP Nannes', 'UT Yadav', 'PJ Sangwan']",BG Jerling,RE Koertzen
419124,Chandigarh,24-03-2010,2009/10,19,Kings XI Punjab,Rajasthan Royals,"Punjab Cricket Association Stadium, Mohali",Kings XI Punjab,field,N,Rajasthan Royals,Runs,31.0,,AC Voges,"['RS Bopara', 'KC Sangakkara', 'MS Bisla', 'Yuvraj Singh', 'DPMD Jayawardene', 'IK Pathan', 'M Kaif', 'PP Chawla', 'J Theron', 'S Sreesanth', 'SJ Srivastava']","['MJ Lumb', 'NV Ojha', 'FY Fazal', 'YK Pathan', 'AC Voges', 'P Dogra', 'AA Jhunjhunwala', 'SK Warne', 'MM Patel', 'SK Trivedi', 'SW Tait']",BR Doctrove,SK Tarapore
419123,Bangalore,23-03-2010,2009/10,18,Royal Challengers Bangalore,Chennai Super Kings,M Chinnaswamy Stadium,Chennai Super Kings,field,N,Royal Challengers Bangalore,Runs,36.0,,RV Uthappa,"['MK Pandey', 'JH Kallis', 'R Dravid', 'RV Uthappa', 'V Kohli', 'EJG Morgan', 'MV Boucher', 'P Kumar', 'A Kumble', 'DW Steyn', 'R Vinay Kumar']","['PA Patel', 'ML Hayden', 'GJ Bailey', 'SK Raina', 'M Vijay', 'S Badrinath', 'JA Morkel', 'R Ashwin', 'L Balaji', 'M Muralitharan', 'S Tyagi']",RE Koertzen,RB Tiffin
419122,Mumbai,22-03-2010,2009/10,17,Mumbai Indians,Kolkata Knight Riders,Brabourne Stadium,Kolkata Knight Riders,bat,N,Mumbai Indians,Wickets,7.0,,SR Tendulkar,"['S Dhawan', 'SR Tendulkar', 'SS Tiwary', 'KA Pollard', 'R Sathish', 'AP Tare', 'DJ Bravo', 'R McLaren', 'Harbhajan Singh', 'Z Khan', 'SL Malinga']","['CH Gayle', 'SC Ganguly', 'OA Shah', 'AD Mathews', 'CA Pujara', 'Mandeep Singh', 'WP Saha', 'M Kartik', 'Harpreet Singh', 'SE Bond', 'I Sharma']",SS Hazare,SJA Taufel
419121,Chennai,21-03-2010,2009/10,16,Chennai Super Kings,Kings XI Punjab,"MA Chidambaram Stadium, Chepauk",Chennai Super Kings,field,Y,Kings XI Punjab,SuperOver,,,J Theron,"['PA Patel', 'ML Hayden', 'SK Raina', 'M Vijay', 'S Badrinath', 'JA Morkel', 'MS Gony', 'R Ashwin', 'JM Kemp', 'L Balaji', 'M Muralitharan']","['RS Bopara', 'IK Pathan', 'KC Sangakkara', 'DPMD Jayawardene', 'Yuvraj Singh', 'M Kaif', 'MS Bisla', 'PP Chawla', 'J Theron', 'RR Powar', 'SJ Srivastava']",K Hariharan,DJ Harper
419120,Cuttack,21-03-2010,2009/10,15,Deccan Chargers,Delhi Daredevils,Barabati Stadium,Deccan Chargers,bat,N,Deccan Chargers,Runs,10.0,,A Symonds,"['MD Mishra', 'AC Gilchrist', 'HH Gibbs', 'A Symonds', 'RG Sharma', 'TL Suman', 'Y Venugopal Rao', 'WPUJC Vaas', 'R Sharma', 'PP Ojha', 'RP Singh']","['DA Warner', 'V Sehwag', 'AB de Villiers', 'KD Karthik', 'M Manhas', 'MC Henriques', 'Y Nagar', 'A Mishra', 'UT Yadav', 'S Ladda', 'DP Nannes']",BF Bowden,M Erasmus
419119,Mumbai,20-03-2010,2009/10,14,Mumbai Indians,Royal Challengers Bangalore,Brabourne Stadium,Mumbai Indians,bat,N,Royal Challengers Bangalore,Wickets,7.0,,JH Kallis,"['ST Jayasuriya', 'SR Tendulkar', 'AP Tare', 'SS Tiwary', 'AT Rayudu', 'DJ Bravo', 'R Sathish', 'KA Pollard', 'Harbhajan Singh', 'Z Khan', 'SL Malinga']","['MK Pandey', 'JH Kallis', 'RV Uthappa', 'V Kohli', 'EJG Morgan', 'R Dravid', 'MV Boucher', 'P Kumar', 'A Kumble', 'DW Steyn', 'R Vinay Kumar']",HDPK Dharmasena,SS Hazare
419118,Ahmedabad,20-03-2010,2009/10,13,Rajasthan Royals,Kolkata Knight Riders,"Sardar Patel Stadium, Motera",Rajasthan Royals,bat,N,Rajasthan Royals,Runs,34.0,,AA Jhunjhunwala,"['MJ Lumb', 'NV Ojha', 'FY Fazal', 'AA Jhunjhunwala', 'YK Pathan', 'AC Voges', 'P Dogra', 'SK Warne', 'MM Patel', 'SK Trivedi', 'SW Tait']","['MK Tiwary', 'BJ Hodge', 'CA Pujara', 'SC Ganguly', 'OA Shah', 'AD Mathews', 'WP Saha', 'M Kartik', 'AB Dinda', 'SE Bond', 'I Sharma']",RE Koertzen,RB Tiffin
419116,Delhi,19-03-2010,2009/10,11,Delhi Daredevils,Chennai Super Kings,Feroz Shah Kotla,Delhi Daredevils,bat,N,Chennai Super Kings,Wickets,5.0,,ML Hayden,"['DA Warner', 'V Sehwag', 'TM Dilshan', 'KD Karthik', 'AB de Villiers', 'M Manhas', 'R Bhatia', 'A Mishra', 'PJ Sangwan', 'DP Nannes', 'UT Yadav']","['PA Patel', 'ML Hayden', 'S Badrinath', 'SK Raina', 'JA Morkel', 'JM Kemp', 'M Vijay', 'R Ashwin', 'L Balaji', 'M Muralitharan', 'Joginder Sharma']",BR Doctrove,SK Tarapore
419117,Cuttack,19-03-2010,2009/10,12,Deccan Chargers,Kings XI Punjab,Barabati Stadium,Kings XI Punjab,field,N,Deccan Chargers,Runs,6.0,,A Symonds,"['AC Gilchrist', 'VVS Laxman', 'HH Gibbs', 'A Symonds', 'RG Sharma', 'Anirudh Singh', 'TL Suman', 'WPUJC Vaas', 'Jaskaran Singh', 'RP Singh', 'PP Ojha']","['RS Bopara', 'MS Bisla', 'KC Sangakkara', 'Yuvraj Singh', 'DPMD Jayawardene', 'AB Barath', 'IK Pathan', 'PP Chawla', 'Bipul Sharma', 'S Sreesanth', 'SJ Srivastava']",BF Bowden,M Erasmus
419115,Bangalore,18-03-2010,2009/10,10,Royal Challengers Bangalore,Rajasthan Royals,M Chinnaswamy Stadium,Royal Challengers Bangalore,field,N,Royal Challengers Bangalore,Wickets,10.0,,JH Kallis,"['MK Pandey', 'JH Kallis', 'RV Uthappa', 'V Kohli', 'R Dravid', 'EJG Morgan', 'MV Boucher', 'P Kumar', 'A Kumble', 'DW Steyn', 'R Vinay Kumar']","['NV Ojha', 'MJ Lumb', 'DR Martyn', 'AA Jhunjhunwala', 'YK Pathan', 'P Dogra', 'S Narwal', 'SK Warne', 'M Morkel', 'MM Patel', 'SK Trivedi']",K Hariharan,DJ Harper
419114,Delhi,17-03-2010,2009/10,9,Delhi Daredevils,Mumbai Indians,Feroz Shah Kotla,Delhi Daredevils,field,N,Mumbai Indians,Runs,98.0,,SR Tendulkar,"['TM Dilshan', 'V Sehwag', 'AB de Villiers', 'MF Maharoof', 'KD Karthik', 'M Manhas', 'A Mishra', 'PJ Sangwan', 'S Ladda', 'DP Nannes', 'G Gambhir']","['ST Jayasuriya', 'SR Tendulkar', 'AP Tare', 'SS Tiwary', 'AT Rayudu', 'KA Pollard', 'DJ Bravo', 'R Sathish', 'Harbhajan Singh', 'Z Khan', 'SL Malinga']",BR Doctrove,SK Tarapore
419113,Kolkata,16-03-2010,2009/10,8,Kolkata Knight Riders,Chennai Super Kings,Eden Gardens,Chennai Super Kings,bat,N,Chennai Super Kings,Runs,55.0,,MS Dhoni,"['BJ Hodge', 'MK Tiwary', 'SC Ganguly', 'WP Saha', 'OA Shah', 'AD Mathews', 'LR Shukla', 'RS Gavaskar', 'SE Bond', 'M Kartik', 'I Sharma']","['M Vijay', 'ML Hayden', 'SK Raina', 'S Badrinath', 'MS Dhoni', 'JM Kemp', 'JA Morkel', 'R Ashwin', 'L Balaji', 'M Muralitharan', 'MS Gony']",HDPK Dharmasena,AM Saheba
419112,Bangalore,16-03-2010,2009/10,7,Royal Challengers Bangalore,Kings XI Punjab,M Chinnaswamy Stadium,Kings XI Punjab,bat,N,Royal Challengers Bangalore,Wickets,8.0,,JH Kallis,"['MK Pandey', 'JH Kallis', 'RV Uthappa', 'V Kohli', 'R Dravid', 'EJG Morgan', 'MV Boucher', 'P Kumar', 'A Kumble', 'DW Steyn', 'R Vinay Kumar']","['RS Bopara', 'MS Bisla', 'Yuvraj Singh', 'DPMD Jayawardene', 'IK Pathan', 'KC Sangakkara', 'M Kaif', 'PP Chawla', 'Bipul Sharma', 'YA Abdulla', 'S Sreesanth']",S Das,DJ Harper
419111,Ahmedabad,15-03-2010,2009/10,6,Rajasthan Royals,Delhi Daredevils,"Sardar Patel Stadium, Motera",Delhi Daredevils,field,N,Delhi Daredevils,Wickets,6.0,,V Sehwag,"['SA Asnodkar', 'GC Smith', 'NV Ojha', 'YK Pathan', 'AA Jhunjhunwala', 'P Dogra', 'AD Mascarenhas', 'A Uniyal', 'SK Warne', 'SW Tait', 'MM Patel']","['G Gambhir', 'V Sehwag', 'TM Dilshan', 'AB de Villiers', 'KD Karthik', 'M Manhas', 'MF Maharoof', 'A Mishra', 'S Ladda', 'PJ Sangwan', 'DP Nannes']",BG Jerling,RE Koertzen
419109,Kolkata,14-03-2010,2009/10,4,Kolkata Knight Riders,Royal Challengers Bangalore,Eden Gardens,Kolkata Knight Riders,field,N,Kolkata Knight Riders,Wickets,7.0,,MK Tiwary,"['BJ Hodge', 'MK Tiwary', 'SC Ganguly', 'CA Pujara', 'OA Shah', 'RS Gavaskar', 'AD Mathews', 'WP Saha', 'M Kartik', 'CK Langeveldt', 'I Sharma']","['JH Kallis', 'SP Goswami', 'MK Pandey', 'V Kohli', 'EJG Morgan', 'R Dravid', 'RV Uthappa', 'RE van der Merwe', 'P Kumar', 'A Kumble', 'DW Steyn']",HDPK Dharmasena,AM Saheba
419110,Chennai,14-03-2010,2009/10,5,Chennai Super Kings,Deccan Chargers,"MA Chidambaram Stadium, Chepauk",Deccan Chargers,bat,N,Deccan Chargers,Runs,31.0,,WPUJC Vaas,"['M Vijay', 'ML Hayden', 'SK Raina', 'S Badrinath', 'JM Kemp', 'MS Dhoni', 'JA Morkel', 'R Ashwin', 'L Balaji', 'M Muralitharan', 'S Tyagi']","['AC Gilchrist', 'VVS Laxman', 'HH Gibbs', 'A Symonds', 'RG Sharma', 'TL Suman', 'Anirudh Singh', 'WPUJC Vaas', 'Jaskaran Singh', 'RP Singh', 'PP Ojha']",K Hariharan,DJ Harper
419108,Chandigarh,13-03-2010,2009/10,3,Kings XI Punjab,Delhi Daredevils,"Punjab Cricket Association Stadium, Mohali",Delhi Daredevils,field,N,Delhi Daredevils,Wickets,5.0,,G Gambhir,"['RS Bopara', 'MS Bisla', 'KC Sangakkara', 'Yuvraj Singh', 'DPMD Jayawardene', 'IK Pathan', 'M Kaif', 'PP Chawla', 'RR Powar', 'S Sreesanth', 'YA Abdulla']","['G Gambhir', 'V Sehwag', 'TM Dilshan', 'AB de Villiers', 'KD Karthik', 'M Manhas', 'MF Maharoof', 'A Mishra', 'PJ Sangwan', 'VY Mahesh', 'DP Nannes']",BR Doctrove,S Ravi
419107,Mumbai,13-03-2010,2009/10,2,Mumbai Indians,Rajasthan Royals,Brabourne Stadium,Mumbai Indians,bat,N,Mumbai Indians,Runs,4.0,,YK Pathan,"['ST Jayasuriya', 'SR Tendulkar', 'AP Tare', 'SS Tiwary', 'AT Rayudu', 'R Sathish', 'Harbhajan Singh', 'R McLaren', 'Z Khan', 'SL Malinga', 'AG Murtaza']","['GC Smith', 'SA Asnodkar', 'NV Ojha', 'AA Jhunjhunwala', 'YK Pathan', 'P Dogra', 'AD Mascarenhas', 'A Uniyal', 'SK Warne', 'Kamran Khan', 'SW Tait']",RE Koertzen,RB Tiffin
419106,Mumbai,12-03-2010,2009/10,1,Deccan Chargers,Kolkata Knight Riders,Dr DY Patil Sports Academy,Deccan Chargers,field,N,Kolkata Knight Riders,Runs,11.0,,AD Mathews,"['AC Gilchrist', 'VVS Laxman', 'HH Gibbs', 'A Symonds', 'RG Sharma', 'Anirudh Singh', 'TL Suman', 'WPUJC Vaas', 'Jaskaran Singh', 'RP Singh', 'PP Ojha']","['MK Tiwary', 'BJ Hodge', 'SC Ganguly', 'CA Pujara', 'OA Shah', 'AD Mathews', 'WP Saha', 'LR Shukla', 'M Kartik', 'CK Langeveldt', 'I Sharma']",RE Koertzen,RB Tiffin
392239,Johannesburg,24-05-2009,2009,Final,Royal Challengers Bangalore,Deccan Chargers,New Wanderers Stadium,Royal Challengers Bangalore,field,N,Deccan Chargers,Runs,6.0,,A Kumble,"['JH Kallis', 'MK Pandey', 'RE van der Merwe', 'R Dravid', 'LRPL Taylor', 'V Kohli', 'MV Boucher', 'RV Uthappa', 'P Kumar', 'R Vinay Kumar', 'A Kumble']","['AC Gilchrist', 'HH Gibbs', 'TL Suman', 'A Symonds', 'RG Sharma', 'Y Venugopal Rao', 'AA Bilakhia', 'RJ Harris', 'PP Ojha', 'Harmeet Singh', 'RP Singh']",RE Koertzen,SJA Taufel
392238,Johannesburg,23-05-2009,2009,Semi Final,Royal Challengers Bangalore,Chennai Super Kings,New Wanderers Stadium,Royal Challengers Bangalore,field,N,Royal Challengers Bangalore,Wickets,6.0,,MK Pandey,"['JH Kallis', 'MK Pandey', 'RE van der Merwe', 'R Dravid', 'V Kohli', 'LRPL Taylor', 'RV Uthappa', 'MV Boucher', 'P Kumar', 'R Vinay Kumar', 'A Kumble']","['PA Patel', 'ML Hayden', 'MS Dhoni', 'SK Raina', 'JA Morkel', 'JDP Oram', 'S Badrinath', 'SB Jakati', 'L Balaji', 'M Muralitharan', 'MS Gony']",RE Koertzen,SJA Taufel
392237,Centurion,22-05-2009,2009,Semi Final,Delhi Daredevils,Deccan Chargers,SuperSport Park,Deccan Chargers,field,N,Deccan Chargers,Wickets,6.0,,AC Gilchrist,"['G Gambhir', 'DA Warner', 'V Sehwag', 'TM Dilshan', 'AB de Villiers', 'KD Karthik', 'R Bhatia', 'A Mishra', 'PJ Sangwan', 'DP Nannes', 'A Nehra']","['AC Gilchrist', 'HH Gibbs', 'AA Bilakhia', 'TL Suman', 'A Symonds', 'RG Sharma', 'Y Venugopal Rao', 'RJ Harris', 'PP Ojha', 'Harmeet Singh', 'RP Singh']",BR Doctrove,DJ Harper
392236,Centurion,21-05-2009,2009,56,Royal Challengers Bangalore,Deccan Chargers,SuperSport Park,Royal Challengers Bangalore,bat,N,Royal Challengers Bangalore,Runs,12.0,,MK Pandey,"['JH Kallis', 'MK Pandey', 'RE van der Merwe', 'R Dravid', 'LRPL Taylor', 'V Kohli', 'RV Uthappa', 'MV Boucher', 'P Kumar', 'B Akhil', 'A Kumble']","['AC Gilchrist', 'HH Gibbs', 'TL Suman', 'A Symonds', 'RG Sharma', 'Y Venugopal Rao', 'AA Bilakhia', 'RJ Harris', 'Jaskaran Singh', 'RP Singh', 'PP Ojha']",IL Howell,S Ravi
392235,Centurion,21-05-2009,2009,55,Delhi Daredevils,Mumbai Indians,SuperSport Park,Delhi Daredevils,field,N,Delhi Daredevils,Wickets,4.0,,V Sehwag,"['G Gambhir', 'DA Warner', 'V Sehwag', 'TM Dilshan', 'R Bhatia', 'AB de Villiers', 'KD Karthik', 'A Mishra', 'AM Salvi', 'DP Nannes', 'PJ Sangwan']","['ST Jayasuriya', 'SR Tendulkar', 'JP Duminy', 'Mohammad Ashraful', 'AM Rahane', 'AM Nayar', 'PR Shah', 'Harbhajan Singh', 'SL Malinga', 'DS Kulkarni', 'RA Shaikh']",IL Howell,S Ravi
392234,Durban,20-05-2009,2009,54,Chennai Super Kings,Kings XI Punjab,Kingsmead,Chennai Super Kings,bat,N,Chennai Super Kings,Runs,24.0,,M Muralitharan,"['GJ Bailey', 'PA Patel', 'SK Raina', 'S Badrinath', 'MS Dhoni', 'JDP Oram', 'MS Gony', 'R Ashwin', 'T Thushara', 'L Balaji', 'M Muralitharan']","['S Sohal', 'SM Katich', 'LA Pomersbach', 'Yuvraj Singh', 'KC Sangakkara', 'WA Mota', 'IK Pathan', 'B Lee', 'PP Chawla', 'RR Powar', 'S Sreesanth']",BG Jerling,SJA Taufel
392233,Durban,20-05-2009,2009,53,Kolkata Knight Riders,Rajasthan Royals,Kingsmead,Kolkata Knight Riders,field,N,Kolkata Knight Riders,Wickets,4.0,,LR Shukla,"['BB McCullum', 'SC Ganguly', 'BJ Hodge', 'Yashpal Singh', 'DJ Hussey', 'LR Shukla', 'SS Shaikh', 'AB Agarkar', 'CK Langeveldt', 'AB Dinda', 'SS Sarkar']","['NV Ojha', 'RJ Quiney', 'SA Asnodkar', 'NK Patel', 'J Botha', 'YK Pathan', 'RA Jadeja', 'T Henderson', 'SK Warne', 'MM Patel', 'A Singh']",BG Jerling,SJA Taufel
392232,Johannesburg,19-05-2009,2009,52,Royal Challengers Bangalore,Delhi Daredevils,New Wanderers Stadium,Delhi Daredevils,bat,N,Royal Challengers Bangalore,Wickets,7.0,,JH Kallis,"['RV Uthappa', 'JH Kallis', 'R Dravid', 'LRPL Taylor', 'MV Boucher', 'V Kohli', 'RE van der Merwe', 'P Kumar', 'B Akhil', 'A Kumble', 'MK Pandey']","['G Gambhir', 'V Sehwag', 'M Manhas', 'AB de Villiers', 'KD Karthik', 'AB McDonald', 'Y Nagar', 'MF Maharoof', 'DL Vettori', 'AM Salvi', 'A Nehra']",IL Howell,RB Tiffin
392231,Centurion,18-05-2009,2009,51,Chennai Super Kings,Kolkata Knight Riders,SuperSport Park,Chennai Super Kings,bat,N,Kolkata Knight Riders,Wickets,7.0,,BJ Hodge,"['PA Patel', 'GJ Bailey', 'SK Raina', 'MS Dhoni', 'JA Morkel', 'S Badrinath', 'JDP Oram', 'SB Jakati', 'L Balaji', 'M Muralitharan', 'S Tyagi']","['BB McCullum', 'SC Ganguly', 'BJ Hodge', 'DJ Hussey', 'WP Saha', 'LR Shukla', 'AB Agarkar', 'Anureet Singh', 'M Kartik', 'AB Dinda', 'BAW Mendis']",SJA Taufel,RB Tiffin
392230,Bloemfontein,17-05-2009,2009,50,Delhi Daredevils,Rajasthan Royals,OUTsurance Oval,Delhi Daredevils,bat,N,Delhi Daredevils,Runs,14.0,,AB de Villiers,"['G Gambhir', 'V Sehwag', 'AB de Villiers', 'TM Dilshan', 'KD Karthik', 'A Mishra', 'M Manhas', 'MF Maharoof', 'AM Salvi', 'A Nehra', 'DP Nannes']","['RJ Quiney', 'GC Smith', 'NV Ojha', 'J Botha', 'RA Jadeja', 'YK Pathan', 'AS Raut', 'SK Warne', 'A Singh', 'SK Trivedi', 'MM Patel']",SS Hazare,IL Howell
392229,Johannesburg,17-05-2009,2009,49,Deccan Chargers,Kings XI Punjab,New Wanderers Stadium,Deccan Chargers,field,N,Kings XI Punjab,Runs,1.0,,Yuvraj Singh,"['AC Gilchrist', 'HH Gibbs', 'TL Suman', 'A Symonds', 'RG Sharma', 'Y Venugopal Rao', 'DB Ravi Teja', 'RJ Harris', 'RP Singh', 'Jaskaran Singh', 'PP Ojha']","['S Sohal', 'SM Katich', 'LA Pomersbach', 'Yuvraj Singh', 'KC Sangakkara', 'WA Mota', 'IK Pathan', 'B Lee', 'PP Chawla', 'RR Powar', 'S Sreesanth']",S Ravi,RB Tiffin
392227,Port Elizabeth,16-05-2009,2009,47,Chennai Super Kings,Mumbai Indians,St George's Park,Mumbai Indians,bat,N,Chennai Super Kings,Wickets,7.0,,ML Hayden,"['PA Patel', 'ML Hayden', 'SK Raina', 'S Badrinath', 'MS Dhoni', 'JDP Oram', 'JA Morkel', 'SB Jakati', 'L Balaji', 'M Muralitharan', 'S Tyagi']","['ST Jayasuriya', 'DJ Bravo', 'JP Duminy', 'SR Tendulkar', 'AM Nayar', 'Harbhajan Singh', 'YV Takawale', 'AM Rahane', 'DS Kulkarni', 'SL Malinga', 'C Nanda']",SK Tarapore,SJA Taufel
392228,Johannesburg,16-05-2009,2009,48,Deccan Chargers,Kolkata Knight Riders,New Wanderers Stadium,Deccan Chargers,field,N,Deccan Chargers,Wickets,6.0,,RG Sharma,"['AC Gilchrist', 'HH Gibbs', 'TL Suman', 'A Symonds', 'RG Sharma', 'Y Venugopal Rao', 'DB Ravi Teja', 'RJ Harris', 'Harmeet Singh', 'RP Singh', 'PP Ojha']","['BB McCullum', 'SC Ganguly', 'BJ Hodge', 'DJ Hussey', 'WP Saha', 'Mashrafe Mortaza', 'AB Agarkar', 'Yashpal Singh', 'M Kartik', 'I Sharma', 'SS Shaikh']",RE Koertzen,S Ravi
392226,Bloemfontein,15-05-2009,2009,46,Delhi Daredevils,Kings XI Punjab,OUTsurance Oval,Kings XI Punjab,field,N,Kings XI Punjab,Wickets,6.0,,B Lee,"['G Gambhir', 'V Sehwag', 'TM Dilshan', 'AB de Villiers', 'M Manhas', 'KD Karthik', 'MF Maharoof', 'DL Vettori', 'R Bhatia', 'PJ Sangwan', 'A Nehra']","['S Sohal', 'SM Katich', 'LA Pomersbach', 'Yuvraj Singh', 'KC Sangakkara', 'IK Pathan', 'B Lee', 'PP Chawla', 'RR Powar', 'WA Mota', 'S Sreesanth']",HDPK Dharmasena,IL Howell
392225,Durban,14-05-2009,2009,45,Mumbai Indians,Rajasthan Royals,Kingsmead,Rajasthan Royals,bat,N,Rajasthan Royals,Runs,2.0,,SK Warne,"['DJ Bravo', 'YV Takawale', 'AM Rahane', 'ST Jayasuriya', 'SR Tendulkar', 'JP Duminy', 'AM Nayar', 'Harbhajan Singh', 'DS Kulkarni', 'C Nanda', 'SL Malinga']","['RJ Quiney', 'GC Smith', 'YK Pathan', 'RA Jadeja', 'SD Chitnis', 'NV Ojha', 'J Botha', 'SK Warne', 'AS Raut', 'MM Patel', 'SK Trivedi']",BR Doctrove,DJ Harper
392224,Durban,14-05-2009,2009,44,Royal Challengers Bangalore,Chennai Super Kings,Kingsmead,Chennai Super Kings,bat,N,Royal Challengers Bangalore,Wickets,2.0,,LRPL Taylor,"['RV Uthappa', 'JH Kallis', 'R Dravid', 'LRPL Taylor', 'V Kohli', 'MV Boucher', 'RE van der Merwe', 'B Akhil', 'P Kumar', 'R Vinay Kumar', 'A Kumble']","['M Vijay', 'ML Hayden', 'SK Raina', 'MS Dhoni', 'JDP Oram', 'S Badrinath', 'JA Morkel', 'SB Jakati', 'L Balaji', 'M Muralitharan', 'S Tyagi']",BR Doctrove,DJ Harper
392223,Durban,13-05-2009,2009,43,Deccan Chargers,Delhi Daredevils,Kingsmead,Deccan Chargers,field,N,Delhi Daredevils,Runs,12.0,,R Bhatia,"['TL Suman', 'AC Gilchrist', 'RG Sharma', 'DB Ravi Teja', 'A Symonds', 'DR Smith', 'Y Venugopal Rao', 'WPUJC Vaas', 'RP Singh', 'PP Ojha', 'Shoaib Ahmed']","['G Gambhir', 'DA Warner', 'TM Dilshan', 'AB de Villiers', 'V Sehwag', 'KD Karthik', 'R Bhatia', 'A Mishra', 'PJ Sangwan', 'A Nehra', 'DP Nannes']",DJ Harper,SL Shastri
392222,Centurion,12-05-2009,2009,42,Kings XI Punjab,Mumbai Indians,SuperSport Park,Kings XI Punjab,bat,N,Mumbai Indians,Wickets,8.0,,Harbhajan Singh,"['S Sohal', 'SM Katich', 'IK Pathan', 'KC Sangakkara', 'Yuvraj Singh', 'WA Mota', 'LA Pomersbach', 'K Goel', 'B Lee', 'PP Chawla', 'S Sreesanth']","['ST Jayasuriya', 'DJ Bravo', 'AM Rahane', 'SR Tendulkar', 'JP Duminy', 'AM Nayar', 'Harbhajan Singh', 'RR Raje', 'YV Takawale', 'DS Kulkarni', 'SL Malinga']",SS Hazare,RE Koertzen
392221,Centurion,12-05-2009,2009,41,Royal Challengers Bangalore,Kolkata Knight Riders,SuperSport Park,Royal Challengers Bangalore,field,N,Royal Challengers Bangalore,Wickets,6.0,,LRPL Taylor,"['JD Ryder', 'JH Kallis', 'RV Uthappa', 'LRPL Taylor', 'R Dravid', 'MV Boucher', 'V Kohli', 'B Akhil', 'KP Appanna', 'R Vinay Kumar', 'A Kumble']","['BB McCullum', 'SC Ganguly', 'AN Ghosh', 'DJ Hussey', 'AD Mathews', 'WP Saha', 'Yashpal Singh', 'AB Agarkar', 'M Kartik', 'I Sharma', 'BAW Mendis']",M Erasmus,SS Hazare
392220,Kimberley,11-05-2009,2009,40,Deccan Chargers,Rajasthan Royals,De Beers Diamond Oval,Deccan Chargers,bat,N,Deccan Chargers,Runs,53.0,,DR Smith,"['TL Suman', 'AC Gilchrist', 'RG Sharma', 'A Symonds', 'DR Smith', 'WPUJC Vaas', 'Y Venugopal Rao', 'DB Ravi Teja', 'RP Singh', 'PP Ojha', 'Shoaib Ahmed']","['GC Smith', 'SA Asnodkar', 'LA Carseldine', 'NV Ojha', 'YK Pathan', 'RA Jadeja', 'AS Raut', 'M Morkel', 'SK Warne', 'SK Trivedi', 'MM Patel']",GAV Baxter,HDPK Dharmasena
392219,Johannesburg,10-05-2009,2009,39,Delhi Daredevils,Kolkata Knight Riders,New Wanderers Stadium,Delhi Daredevils,field,N,Delhi Daredevils,Wickets,7.0,,A Mishra,"['G Gambhir', 'DA Warner', 'AB de Villiers', 'TM Dilshan', 'KD Karthik', 'M Manhas', 'R Bhatia', 'A Mishra', 'PJ Sangwan', 'A Nehra', 'DP Nannes']","['BB McCullum', 'SC Ganguly', 'BJ Hodge', 'MN van Wyk', 'Yashpal Singh', 'WP Saha', 'MC Henriques', 'AB Agarkar', 'M Kartik', 'I Sharma', 'SS Sarkar']",SL Shastri,RB Tiffin
392218,Port Elizabeth,10-05-2009,2009,38,Royal Challengers Bangalore,Mumbai Indians,St George's Park,Mumbai Indians,bat,N,Mumbai Indians,Runs,16.0,,JP Duminy,"['JH Kallis', 'V Kohli', 'RV Uthappa', 'LRPL Taylor', 'R Dravid', 'MV Boucher', 'RE van der Merwe', 'R Vinay Kumar', 'A Kumble', 'KP Appanna', 'A Mithun']","['ST Jayasuriya', 'SR Tendulkar', 'AM Rahane', 'JP Duminy', 'AM Nayar', 'DJ Bravo', 'Harbhajan Singh', 'YV Takawale', 'C Nanda', 'DS Kulkarni', 'SL Malinga']",BR Doctrove,BG Jerling
392216,Kimberley,09-05-2009,2009,36,Deccan Chargers,Kings XI Punjab,De Beers Diamond Oval,Kings XI Punjab,field,N,Kings XI Punjab,Wickets,3.0,,DPMD Jayawardene,"['AC Gilchrist', 'HH Gibbs', 'TL Suman', 'RG Sharma', 'A Symonds', 'Y Venugopal Rao', 'DB Ravi Teja', 'PP Ojha', 'Shoaib Ahmed', 'RP Singh', 'RJ Harris']","['S Sohal', 'SM Katich', 'KC Sangakkara', 'Yuvraj Singh', 'DPMD Jayawardene', 'IK Pathan', 'WA Mota', 'B Lee', 'PP Chawla', 'RR Powar', 'S Sreesanth']",GAV Baxter,AM Saheba
392217,Kimberley,09-05-2009,2009,37,Chennai Super Kings,Rajasthan Royals,De Beers Diamond Oval,Rajasthan Royals,bat,N,Chennai Super Kings,Wickets,7.0,,S Badrinath,"['M Vijay', 'ML Hayden', 'SK Raina', 'S Badrinath', 'JDP Oram', 'MS Dhoni', 'JA Morkel', 'S Tyagi', 'SB Jakati', 'L Balaji', 'M Muralitharan']","['GC Smith', 'NV Ojha', 'SA Asnodkar', 'RA Jadeja', 'YK Pathan', 'LA Carseldine', 'AS Raut', 'SK Warne', 'SM Harwood', 'A Singh', 'SK Trivedi']",GAV Baxter,HDPK Dharmasena
392215,East London,08-05-2009,2009,35,Delhi Daredevils,Mumbai Indians,Buffalo Park,Mumbai Indians,bat,N,Delhi Daredevils,Wickets,7.0,,A Nehra,"['G Gambhir', 'DA Warner', 'TM Dilshan', 'AB de Villiers', 'KD Karthik', 'M Manhas', 'R Bhatia', 'A Mishra', 'PJ Sangwan', 'A Nehra', 'DP Nannes']","['L Ronchi', 'JP Duminy', 'PR Shah', 'SR Tendulkar', 'AM Nayar', 'DJ Bravo', 'Harbhajan Singh', 'AM Rahane', 'RR Raje', 'DS Kulkarni', 'SL Malinga']",M Erasmus,SK Tarapore
392214,Centurion,07-05-2009,2009,34,Chennai Super Kings,Kings XI Punjab,SuperSport Park,Chennai Super Kings,bat,N,Chennai Super Kings,Runs,12.0,D/L,ML Hayden,"['S Badrinath', 'ML Hayden', 'SK Raina', 'MS Dhoni', 'JA Morkel', 'GJ Bailey', 'S Tyagi', 'SB Jakati', 'L Balaji', 'M Muralitharan', 'MS Gony']","['S Sohal', 'SM Katich', 'K Goel', 'Yuvraj Singh', 'DPMD Jayawardene', 'KC Sangakkara', 'IK Pathan', 'S Sreesanth', 'PP Chawla', 'YA Abdulla', 'VRV Singh']",DJ Harper,TH Wijewardene
392213,Centurion,07-05-2009,2009,33,Royal Challengers Bangalore,Rajasthan Royals,SuperSport Park,Rajasthan Royals,field,N,Rajasthan Royals,Wickets,7.0,,A Singh,"['JH Kallis', 'W Jaffer', 'RV Uthappa', 'R Dravid', 'V Kohli', 'MV Boucher', 'RE van der Merwe', 'D du Preez', 'P Kumar', 'R Vinay Kumar', 'A Kumble']","['GC Smith', 'NV Ojha', 'LA Carseldine', 'YK Pathan', 'RA Jadeja', 'AS Raut', 'NK Patel', 'SK Warne', 'M Morkel', 'MM Patel', 'A Singh']",K Hariharan,DJ Harper
392212,Centurion,06-05-2009,2009,32,Deccan Chargers,Mumbai Indians,SuperSport Park,Deccan Chargers,bat,N,Deccan Chargers,Runs,19.0,,RG Sharma,"['AC Gilchrist', 'HH Gibbs', 'TL Suman', 'RG Sharma', 'DR Smith', 'Y Venugopal Rao', 'DB Ravi Teja', 'RJ Harris', 'Shoaib Ahmed', 'RP Singh', 'Harmeet Singh']","['ST Jayasuriya', 'SR Tendulkar', 'PR Shah', 'JP Duminy', 'DJ Bravo', 'AM Nayar', 'Harbhajan Singh', 'SS Tiwary', 'RR Raje', 'DS Kulkarni', 'SL Malinga']",MR Benson,HDPK Dharmasena
392211,Durban,05-05-2009,2009,31,Delhi Daredevils,Kolkata Knight Riders,Kingsmead,Kolkata Knight Riders,bat,N,Delhi Daredevils,Wickets,9.0,,G Gambhir,"['G Gambhir', 'DA Warner', 'TM Dilshan', 'AB de Villiers', 'KD Karthik', 'M Manhas', 'R Bhatia', 'A Mishra', 'PJ Sangwan', 'A Nehra', 'DP Nannes']","['MN van Wyk', 'BB McCullum', 'BJ Hodge', 'MC Henriques', 'WP Saha', 'SC Ganguly', 'Yashpal Singh', 'AB Agarkar', 'M Kartik', 'I Sharma', 'AB Dinda']",GAV Baxter,IL Howell
392210,Durban,05-05-2009,2009,30,Kings XI Punjab,Rajasthan Royals,Kingsmead,Kings XI Punjab,field,N,Rajasthan Royals,Runs,78.0,,GC Smith,"['S Sohal', 'KC Sangakkara', 'K Goel', 'SM Katich', 'DPMD Jayawardene', 'Yuvraj Singh', 'IK Pathan', 'PP Chawla', 'RR Powar', 'S Sreesanth', 'YA Abdulla']","['NV Ojha', 'GC Smith', 'YK Pathan', 'RA Jadeja', 'LA Carseldine', 'AS Raut', 'NK Patel', 'SK Warne', 'SM Harwood', 'SK Trivedi', 'A Singh']",SS Hazare,IL Howell
392209,East London,04-05-2009,2009,29,Chennai Super Kings,Deccan Chargers,Buffalo Park,Chennai Super Kings,bat,N,Chennai Super Kings,Runs,78.0,,MS Dhoni,"['M Vijay', 'ML Hayden', 'MS Dhoni', 'SK Raina', 'JA Morkel', 'JDP Oram', 'S Badrinath', 'S Tyagi', 'SB Jakati', 'L Balaji', 'M Muralitharan']","['AC Gilchrist', 'HH Gibbs', 'VVS Laxman', 'RG Sharma', 'DR Smith', 'TL Suman', 'Y Venugopal Rao', 'RJ Harris', 'RP Singh', 'Shoaib Ahmed', 'PP Ojha']",BR Doctrove,M Erasmus
392208,Johannesburg,03-05-2009,2009,28,Royal Challengers Bangalore,Mumbai Indians,New Wanderers Stadium,Mumbai Indians,bat,N,Royal Challengers Bangalore,Wickets,9.0,,JH Kallis,"['JH Kallis', 'W Jaffer', 'RV Uthappa', 'R Dravid', 'V Kohli', 'MV Boucher', 'RE van der Merwe', 'D du Preez', 'P Kumar', 'R Vinay Kumar', 'A Kumble']","['ST Jayasuriya', 'SR Tendulkar', 'AM Rahane', 'JP Duminy', 'DJ Bravo', 'AM Nayar', 'S Dhawan', 'PR Shah', 'Harbhajan Singh', 'Z Khan', 'SL Malinga']",RE Koertzen,TH Wijewardene
392207,Port Elizabeth,03-05-2009,2009,27,Kings XI Punjab,Kolkata Knight Riders,St George's Park,Kolkata Knight Riders,bat,N,Kings XI Punjab,Wickets,6.0,,DPMD Jayawardene,"['S Sohal', 'KC Sangakkara', 'SM Katich', 'DPMD Jayawardene', 'Yuvraj Singh', 'IK Pathan', 'RR Powar', 'TM Srivastava', 'VS Malik', 'PP Chawla', 'YA Abdulla']","['BB McCullum', 'CH Gayle', 'BJ Hodge', 'SC Ganguly', 'MN van Wyk', 'WP Saha', 'LR Shukla', 'AB Agarkar', 'M Kartik', 'I Sharma', 'AB Dinda']",S Asnani,MR Benson
392205,Port Elizabeth,02-05-2009,2009,25,Deccan Chargers,Rajasthan Royals,St George's Park,Deccan Chargers,bat,N,Rajasthan Royals,Wickets,3.0,,YK Pathan,"['HH Gibbs', 'AC Gilchrist', 'AA Bilakhia', 'RG Sharma', 'TL Suman', 'DR Smith', 'Y Venugopal Rao', 'Shoaib Ahmed', 'PP Ojha', 'RP Singh', 'FH Edwards']","['GC Smith', 'SA Asnodkar', 'LA Carseldine', 'NV Ojha', 'RA Jadeja', 'SK Warne', 'AS Raut', 'YK Pathan', 'SM Harwood', 'SK Trivedi', 'MM Patel']",S Asnani,BG Jerling
392206,Johannesburg,02-05-2009,2009,26,Chennai Super Kings,Delhi Daredevils,New Wanderers Stadium,Delhi Daredevils,field,N,Chennai Super Kings,Runs,18.0,,SB Jakati,"['M Vijay', 'ML Hayden', 'SK Raina', 'S Badrinath', 'JA Morkel', 'MS Dhoni', 'JDP Oram', 'SB Jakati', 'L Balaji', 'M Muralitharan', 'S Tyagi']","['G Gambhir', 'DA Warner', 'AB de Villiers', 'TM Dilshan', 'KD Karthik', 'M Manhas', 'R Bhatia', 'PJ Sangwan', 'A Mishra', 'A Nehra', 'DP Nannes']",DJ Harper,RE Koertzen
392203,East London,01-05-2009,2009,23,Kolkata Knight Riders,Mumbai Indians,Buffalo Park,Mumbai Indians,bat,N,Mumbai Indians,Runs,9.0,,JP Duminy,"['CH Gayle', 'SC Ganguly', 'BJ Hodge', 'MN van Wyk', 'LR Shukla', 'BB McCullum', 'WP Saha', 'AB Agarkar', 'M Kartik', 'I Sharma', 'AB Dinda']","['ST Jayasuriya', 'SR Tendulkar', 'Harbhajan Singh', 'AM Nayar', 'JP Duminy', 'GR Napier', 'AM Rahane', 'Z Khan', 'SS Tiwary', 'PR Shah', 'SL Malinga']",M Erasmus,SK Tarapore
392204,Durban,01-05-2009,2009,24,Royal Challengers Bangalore,Kings XI Punjab,Kingsmead,Royal Challengers Bangalore,bat,N,Royal Challengers Bangalore,Runs,8.0,,Yuvraj Singh,"['JD Ryder', 'SP Goswami', 'R Bishnoi', 'JH Kallis', 'RV Uthappa', 'V Kohli', 'MV Boucher', 'RE van der Merwe', 'P Kumar', 'A Kumble', 'KP Appanna']","['Yuvraj Singh', 'K Goel', 'SM Katich', 'KC Sangakkara', 'DPMD Jayawardene', 'IK Pathan', 'PP Chawla', 'RR Powar', 'TM Srivastava', 'VS Malik', 'YA Abdulla']",HDPK Dharmasena,S Ravi
392202,Centurion,30-04-2009,2009,22,Chennai Super Kings,Rajasthan Royals,SuperSport Park,Rajasthan Royals,field,N,Chennai Super Kings,Runs,38.0,,SK Raina,"['PA Patel', 'ML Hayden', 'SK Raina', 'S Badrinath', 'JDP Oram', 'MS Dhoni', 'JA Morkel', 'S Tyagi', 'SB Jakati', 'L Balaji', 'M Muralitharan']","['RJ Quiney', 'GC Smith', 'SA Asnodkar', 'RA Jadeja', 'YK Pathan', 'AD Mascarenhas', 'SK Warne', 'M Rawat', 'MM Patel', 'SK Trivedi', 'Kamran Khan']",GAV Baxter,RE Koertzen
392201,Centurion,30-04-2009,2009,21,Deccan Chargers,Delhi Daredevils,SuperSport Park,Delhi Daredevils,field,N,Delhi Daredevils,Wickets,6.0,,DP Nannes,"['AC Gilchrist', 'HH Gibbs', 'AA Bilakhia', 'RG Sharma', 'TL Suman', 'DR Smith', 'Y Venugopal Rao', 'Shoaib Ahmed', 'RP Singh', 'PP Ojha', 'FH Edwards']","['G Gambhir', 'V Sehwag', 'AB de Villiers', 'TM Dilshan', 'KD Karthik', 'M Manhas', 'DL Vettori', 'A Mishra', 'PJ Sangwan', 'A Nehra', 'DP Nannes']",GAV Baxter,AM Saheba
392200,Durban,29-04-2009,2009,20,Kings XI Punjab,Mumbai Indians,Kingsmead,Kings XI Punjab,bat,N,Kings XI Punjab,Runs,3.0,,KC Sangakkara,"['RS Bopara', 'K Goel', 'KC Sangakkara', 'Yuvraj Singh', 'DPMD Jayawardene', 'IK Pathan', 'WA Mota', 'PP Chawla', 'RR Powar', 'VS Malik', 'YA Abdulla']","['ST Jayasuriya', 'SR Tendulkar', 'S Dhawan', 'JP Duminy', 'DJ Bravo', 'AM Nayar', 'Harbhajan Singh', 'SS Tiwary', 'Z Khan', 'PR Shah', 'SL Malinga']",MR Benson,SL Shastri
392199,Durban,29-04-2009,2009,19,Royal Challengers Bangalore,Kolkata Knight Riders,Kingsmead,Kolkata Knight Riders,bat,N,Royal Challengers Bangalore,Wickets,5.0,,MV Boucher,"['JH Kallis', 'SP Goswami', 'KP Pietersen', 'V Kohli', 'MV Boucher', 'RE van der Merwe', 'MK Pandey', 'P Kumar', 'Pankaj Singh', 'A Kumble', 'KP Appanna']","['BB McCullum', 'CH Gayle', 'BJ Hodge', 'SC Ganguly', 'MN van Wyk', 'WP Saha', 'LR Shukla', 'AB Agarkar', 'M Kartik', 'I Sharma', 'AB Dinda']",MR Benson,TH Wijewardene
392198,Centurion,28-04-2009,2009,18,Delhi Daredevils,Rajasthan Royals,SuperSport Park,Delhi Daredevils,bat,N,Rajasthan Royals,Wickets,5.0,,YK Pathan,"['G Gambhir', 'V Sehwag', 'AB de Villiers', 'TM Dilshan', 'KD Karthik', 'DL Vettori', 'M Manhas', 'A Mishra', 'PJ Sangwan', 'A Nehra', 'DP Nannes']","['RJ Quiney', 'GC Smith', 'SA Asnodkar', 'PC Valthaty', 'RA Jadeja', 'SK Warne', 'YK Pathan', 'AD Mascarenhas', 'M Rawat', 'MM Patel', 'Kamran Khan']",GAV Baxter,RE Koertzen
392197,Port Elizabeth,27-04-2009,2009,17,Kolkata Knight Riders,Mumbai Indians,St George's Park,Mumbai Indians,bat,N,Mumbai Indians,Runs,92.0,,SR Tendulkar,"['BB McCullum', 'CH Gayle', 'BJ Hodge', 'SC Ganguly', 'Yashpal Singh', 'AN Ghosh', 'LR Shukla', 'I Sharma', 'BAW Mendis', 'AB Dinda', 'Anureet Singh']","['ST Jayasuriya', 'SR Tendulkar', 'Harbhajan Singh', 'JP Duminy', 'AM Nayar', 'DJ Bravo', 'S Dhawan', 'SS Tiwary', 'PR Shah', 'Z Khan', 'SL Malinga']",BG Jerling,RB Tiffin
392196,Durban,27-04-2009,2009,16,Chennai Super Kings,Deccan Chargers,Kingsmead,Deccan Chargers,field,N,Deccan Chargers,Wickets,6.0,,HH Gibbs,"['PA Patel', 'ML Hayden', 'SK Raina', 'MS Dhoni', 'JDP Oram', 'JA Morkel', 'S Badrinath', 'MS Gony', 'Joginder Sharma', 'L Balaji', 'M Muralitharan']","['AC Gilchrist', 'HH Gibbs', 'VVS Laxman', 'RG Sharma', 'DR Smith', 'AA Bilakhia', 'Y Venugopal Rao', 'PP Ojha', 'RP Singh', 'FH Edwards', 'Shoaib Ahmed']",IL Howell,TH Wijewardene
392194,Port Elizabeth,26-04-2009,2009,14,Royal Challengers Bangalore,Delhi Daredevils,St George's Park,Royal Challengers Bangalore,bat,N,Delhi Daredevils,Wickets,6.0,,TM Dilshan,"['JH Kallis', 'RV Uthappa', 'KP Pietersen', 'LRPL Taylor', 'V Kohli', 'MV Boucher', 'B Akhil', 'R Vinay Kumar', 'Pankaj Singh', 'A Kumble', 'KP Appanna']","['G Gambhir', 'V Sehwag', 'TM Dilshan', 'AB de Villiers', 'KD Karthik', 'M Manhas', 'A Mishra', 'DL Vettori', 'DP Nannes', 'PJ Sangwan', 'A Nehra']",S Asnani,BG Jerling
392195,Cape Town,26-04-2009,2009,15,Kings XI Punjab,Rajasthan Royals,Newlands,Kings XI Punjab,bat,N,Kings XI Punjab,Runs,27.0,,KC Sangakkara,"['RS Bopara', 'K Goel', 'KC Sangakkara', 'Yuvraj Singh', 'DPMD Jayawardene', 'IK Pathan', 'PP Chawla', 'WA Mota', 'RR Powar', 'VRV Singh', 'YA Abdulla']","['SA Asnodkar', 'GC Smith', 'RJ Quiney', 'YK Pathan', 'AD Mascarenhas', 'RA Jadeja', 'AS Raut', 'SK Warne', 'M Rawat', 'MM Patel', 'Kamran Khan']",M Erasmus,K Hariharan
392192,Durban,25-04-2009,2009,12,Deccan Chargers,Mumbai Indians,Kingsmead,Deccan Chargers,bat,N,Deccan Chargers,Runs,12.0,,PP Ojha,"['AC Gilchrist', 'HH Gibbs', 'DR Smith', 'RG Sharma', 'VVS Laxman', 'Y Venugopal Rao', 'DB Ravi Teja', 'RP Singh', 'FH Edwards', 'PP Ojha', 'Harmeet Singh']","['ST Jayasuriya', 'SR Tendulkar', 'JP Duminy', 'S Dhawan', 'DJ Bravo', 'AM Nayar', 'Harbhajan Singh', 'Z Khan', 'PR Shah', 'SL Malinga', 'DS Kulkarni']",HDPK Dharmasena,SJA Taufel
392191,Durban,24-04-2009,2009,11,Royal Challengers Bangalore,Kings XI Punjab,Kingsmead,Royal Challengers Bangalore,bat,N,Kings XI Punjab,Wickets,7.0,,RS Bopara,"['JD Ryder', 'RV Uthappa', 'JH Kallis', 'KP Pietersen', 'R Dravid', 'LRPL Taylor', 'V Kohli', 'P Kumar', 'R Vinay Kumar', 'Pankaj Singh', 'A Kumble']","['RS Bopara', 'K Goel', 'KC Sangakkara', 'Yuvraj Singh', 'DPMD Jayawardene', 'IK Pathan', 'WA Mota', 'PP Chawla', 'VRV Singh', 'RR Bose', 'YA Abdulla']",BR Doctrove,TH Wijewardene
392190,Cape Town,23-04-2009,2009,10,Kolkata Knight Riders,Rajasthan Royals,Newlands,Kolkata Knight Riders,field,Y,Rajasthan Royals,SuperOver,,,YK Pathan,"['CH Gayle', 'BB McCullum', 'LR Shukla', 'BJ Hodge', 'SC Ganguly', 'SB Bangar', 'Yashpal Singh', 'AB Agarkar', 'I Sharma', 'BAW Mendis', 'Anureet Singh']","['GC Smith', 'PC Valthaty', 'RJ Quiney', 'YK Pathan', 'RA Jadeja', 'AD Mascarenhas', 'AS Raut', 'SK Warne', 'M Rawat', 'MM Patel', 'Kamran Khan']",MR Benson,M Erasmus
392189,Durban,23-04-2009,2009,9,Chennai Super Kings,Delhi Daredevils,Kingsmead,Delhi Daredevils,bat,N,Delhi Daredevils,Runs,9.0,,AB de Villiers,"['PA Patel', 'ML Hayden', 'SK Raina', 'MS Dhoni', 'A Flintoff', 'JA Morkel', 'S Badrinath', 'MS Gony', 'Joginder Sharma', 'L Balaji', 'M Muralitharan']","['G Gambhir', 'V Sehwag', 'AB de Villiers', 'TM Dilshan', 'KD Karthik', 'MK Tiwary', 'DL Vettori', 'DP Nannes', 'AM Salvi', 'PJ Sangwan', 'A Nehra']",BR Doctrove,SJA Taufel
392188,Cape Town,22-04-2009,2009,8,Royal Challengers Bangalore,Deccan Chargers,Newlands,Deccan Chargers,bat,N,Deccan Chargers,Runs,24.0,,AC Gilchrist,"['JD Ryder', 'RV Uthappa', 'JH Kallis', 'KP Pietersen', 'R Dravid', 'V Kohli', 'R Bishnoi', 'KV Sharma', 'P Kumar', 'A Kumble', 'DW Steyn']","['AC Gilchrist', 'HH Gibbs', 'VVS Laxman', 'RG Sharma', 'SB Styris', 'Y Venugopal Rao', 'DB Ravi Teja', 'FH Edwards', 'Harmeet Singh', 'PP Ojha', 'RP Singh']",M Erasmus,AM Saheba
392186,Durban,21-04-2009,2009,6,Kings XI Punjab,Kolkata Knight Riders,Kingsmead,Kolkata Knight Riders,field,N,Kolkata Knight Riders,Runs,11.0,D/L,CH Gayle,"['RS Bopara', 'K Goel', 'IK Pathan', 'KC Sangakkara', 'Yuvraj Singh', 'DPMD Jayawardene', 'T Kohli', 'PP Chawla', 'VS Malik', 'VRV Singh', 'YA Abdulla']","['BB McCullum', 'CH Gayle', 'BJ Hodge', 'SC Ganguly', 'Yashpal Singh', 'A Chopra', 'MC Henriques', 'LR Shukla', 'I Sharma', 'M Kartik', 'AB Dinda']",DJ Harper,SD Ranade
392185,Port Elizabeth,20-04-2009,2009,5,Royal Challengers Bangalore,Chennai Super Kings,St George's Park,Chennai Super Kings,bat,N,Chennai Super Kings,Runs,92.0,,M Muralitharan,"['P Kumar', 'RV Uthappa', 'JH Kallis', 'LRPL Taylor', 'KP Pietersen', 'R Dravid', 'V Kohli', 'R Bishnoi', 'R Vinay Kumar', 'DW Steyn', 'A Kumble']","['PA Patel', 'ML Hayden', 'SK Raina', 'MS Dhoni', 'A Flintoff', 'JA Morkel', 'S Badrinath', 'Joginder Sharma', 'L Balaji', 'MS Gony', 'M Muralitharan']",BG Jerling,SJA Taufel
392184,Cape Town,19-04-2009,2009,4,Deccan Chargers,Kolkata Knight Riders,Newlands,Kolkata Knight Riders,bat,N,Deccan Chargers,Wickets,8.0,,RP Singh,"['AC Gilchrist', 'HH Gibbs', 'VVS Laxman', 'RG Sharma', 'SB Styris', 'Y Venugopal Rao', 'Harmeet Singh', 'PP Ojha', 'RP Singh', 'DB Ravi Teja', 'FH Edwards']","['BB McCullum', 'CH Gayle', 'SC Ganguly', 'BJ Hodge', 'A Chopra', 'LR Shukla', 'MC Henriques', 'AB Agarkar', 'M Kartik', 'I Sharma', 'AB Dinda']",MR Benson,BR Doctrove
392183,Cape Town,19-04-2009,2009,3,Delhi Daredevils,Kings XI Punjab,Newlands,Delhi Daredevils,field,N,Delhi Daredevils,Wickets,10.0,D/L,DL Vettori,"['G Gambhir', 'V Sehwag', 'TM Dilshan', 'AB de Villiers', 'MK Tiwary', 'KD Karthik', 'DP Nannes', 'DL Vettori', 'VY Mahesh', 'AM Salvi', 'PJ Sangwan']","['RS Bopara', 'K Goel', 'Yuvraj Singh', 'KC Sangakkara', 'DPMD Jayawardene', 'IK Pathan', 'PP Chawla', 'T Kohli', 'VS Malik', 'VRV Singh', 'YA Abdulla']",MR Benson,SD Ranade
392182,Cape Town,18-04-2009,2009,2,Royal Challengers Bangalore,Rajasthan Royals,Newlands,Royal Challengers Bangalore,bat,N,Royal Challengers Bangalore,Runs,75.0,,R Dravid,"['JD Ryder', 'RV Uthappa', 'LRPL Taylor', 'KP Pietersen', 'R Dravid', 'V Kohli', 'B Akhil', 'P Kumar', 'R Vinay Kumar', 'DW Steyn', 'A Kumble']","['GC Smith', 'SA Asnodkar', 'NK Patel', 'T Henderson', 'YK Pathan', 'AD Mascarenhas', 'RA Jadeja', 'SK Warne', 'M Rawat', 'MM Patel', 'Kamran Khan']",BR Doctrove,RB Tiffin
392181,Cape Town,18-04-2009,2009,1,Chennai Super Kings,Mumbai Indians,Newlands,Chennai Super Kings,field,N,Mumbai Indians,Runs,19.0,,SR Tendulkar,"['PA Patel', 'ML Hayden', 'SK Raina', 'A Flintoff', 'MS Dhoni', 'JDP Oram', 'S Badrinath', 'Joginder Sharma', 'T Thushara', 'MS Gony', 'R Ashwin']","['ST Jayasuriya', 'SR Tendulkar', 'S Dhawan', 'JP Duminy', 'DJ Bravo', 'AM Nayar', 'Harbhajan Singh', 'Z Khan', 'PR Shah', 'SL Malinga', 'RR Raje']",BR Doctrove,K Hariharan
336040,Mumbai,01-06-2008,2007/08,Final,Chennai Super Kings,Rajasthan Royals,Dr DY Patil Sports Academy,Rajasthan Royals,field,N,Rajasthan Royals,Wickets,3.0,,YK Pathan,"['PA Patel', 'S Vidyut', 'SK Raina', 'JA Morkel', 'MS Dhoni', 'CK Kapugedera', 'S Badrinath', 'MS Gony', 'L Balaji', 'M Muralitharan', 'M Ntini']","['NK Patel', 'SA Asnodkar', 'Kamran Akmal', 'SR Watson', 'YK Pathan', 'M Kaif', 'RA Jadeja', 'SK Warne', 'Sohail Tanvir', 'SK Trivedi', 'MM Patel']",BF Bowden,RE Koertzen
336039,Mumbai,31-05-2008,2007/08,Semi Final,Chennai Super Kings,Kings XI Punjab,Wankhede Stadium,Kings XI Punjab,bat,N,Chennai Super Kings,Wickets,9.0,,M Ntini,"['PA Patel', 'S Vidyut', 'SK Raina', 'MS Dhoni', 'CK Kapugedera', 'S Badrinath', 'JA Morkel', 'MS Gony', 'L Balaji', 'M Muralitharan', 'M Ntini']","['SE Marsh', 'JR Hopes', 'KC Sangakkara', 'Yuvraj Singh', 'DPMD Jayawardene', 'IK Pathan', 'WA Mota', 'PP Chawla', 'RR Powar', 'S Sreesanth', 'VRV Singh']",Asad Rauf,DJ Harper
336038,Mumbai,30-05-2008,2007/08,Semi Final,Delhi Daredevils,Rajasthan Royals,Wankhede Stadium,Delhi Daredevils,field,N,Rajasthan Royals,Runs,105.0,,SR Watson,"['G Gambhir', 'V Sehwag', 'S Dhawan', 'MK Tiwary', 'TM Dilshan', 'KD Karthik', 'MF Maharoof', 'A Mishra', 'VY Mahesh', 'Mohammad Asif', 'GD McGrath']","['GC Smith', 'SA Asnodkar', 'Sohail Tanvir', 'SR Watson', 'M Kaif', 'YK Pathan', 'RA Jadeja', 'SK Warne', 'M Rawat', 'MM Patel', 'SK Trivedi']",BF Bowden,RE Koertzen
336019,Chandigarh,28-05-2008,2007/08,56,Kings XI Punjab,Rajasthan Royals,"Punjab Cricket Association Stadium, Mohali",Rajasthan Royals,field,N,Kings XI Punjab,Runs,41.0,,SE Marsh,"['SE Marsh', 'JR Hopes', 'Yuvraj Singh', 'LA Pomersbach', 'KC Sangakkara', 'RR Powar', 'PP Chawla', 'IK Pathan', 'VRV Singh', 'S Sreesanth', 'WA Mota']","['M Kaif', 'NK Patel', 'Younis Khan', 'SR Watson', 'YK Pathan', 'Kamran Akmal', 'M Rawat', 'D Salunkhe', 'Pankaj Singh', 'SK Trivedi', 'MM Patel']",SJ Davis,K Hariharan
336012,Bangalore,28-05-2008,2007/08,55,Royal Challengers Bangalore,Mumbai Indians,M Chinnaswamy Stadium,Mumbai Indians,field,N,Mumbai Indians,Wickets,9.0,,CRD Fernando,"['MV Boucher', 'SP Goswami', 'Misbah-ul-Haq', 'R Dravid', 'CL White', 'V Kohli', 'B Akhil', 'P Kumar', 'R Vinay Kumar', 'A Kumble', 'DW Steyn']","['ST Jayasuriya', 'SR Tendulkar', 'RV Uthappa', 'DR Smith', 'AM Nayar', 'SM Pollock', 'MK Pandey', 'YV Takawale', 'DS Kulkarni', 'CRD Fernando', 'A Nehra']",BF Bowden,AV Jayaprakash
336037,Hyderabad,27-05-2008,2007/08,54,Deccan Chargers,Chennai Super Kings,"Rajiv Gandhi International Stadium, Uppal",Deccan Chargers,bat,N,Chennai Super Kings,Wickets,7.0,,SK Raina,"['AC Gilchrist', 'HH Gibbs', 'SB Styris', 'Y Venugopal Rao', 'DB Ravi Teja', 'Shahid Afridi', 'AS Yadav', 'RP Singh', 'PP Ojha', 'PM Sarvesh Kumar', 'DP Vijaykumar']","['PA Patel', 'SP Fleming', 'SK Raina', 'MS Dhoni', 'JA Morkel', 'S Badrinath', 'A Mukund', 'M Ntini', 'M Muralitharan', 'MS Gony', 'L Balaji']",BG Jerling,AM Saheba
336036,Jaipur,26-05-2008,2007/08,53,Rajasthan Royals,Mumbai Indians,Sawai Mansingh Stadium,Rajasthan Royals,field,N,Rajasthan Royals,Wickets,5.0,,Sohail Tanvir,"['Kamran Akmal', 'SA Asnodkar', 'YK Pathan', 'SR Watson', 'M Kaif', 'RA Jadeja', 'NK Patel', 'SK Warne', 'Sohail Tanvir', 'SK Trivedi', 'Pankaj Singh']","['ST Jayasuriya', 'SR Tendulkar', 'AM Nayar', 'RV Uthappa', 'DR Smith', 'SM Pollock', 'MK Pandey', 'YV Takawale', 'RR Raje', 'CRD Fernando', 'A Nehra']",BF Bowden,K Hariharan
336035,Kolkata,25-05-2008,2007/08,52,Kolkata Knight Riders,Kings XI Punjab,Eden Gardens,Kings XI Punjab,bat,N,Kolkata Knight Riders,Wickets,3.0,,Umar Gul,"['Salman Butt', 'SC Ganguly', 'DB Das', 'DJ Hussey', 'LR Shukla', 'WP Saha', 'A Chopra', 'Umar Gul', 'I Sharma', 'BAW Mendis', 'AB Dinda']","['SE Marsh', 'JR Hopes', 'KC Sangakkara', 'Yuvraj Singh', 'DPMD Jayawardene', 'IK Pathan', 'PP Chawla', 'TM Srivastava', 'RR Powar', 'VRV Singh', 'S Sreesanth']",SJ Davis,I Shivram
336002,Hyderabad,25-05-2008,2007/08,51,Deccan Chargers,Royal Challengers Bangalore,"Rajiv Gandhi International Stadium, Uppal",Deccan Chargers,bat,N,Royal Challengers Bangalore,Wickets,5.0,,R Vinay Kumar,"['AC Gilchrist', 'HH Gibbs', 'RG Sharma', 'LPC Silva', 'Y Venugopal Rao', 'DB Ravi Teja', 'AS Yadav', 'SB Bangar', 'WPUJC Vaas', 'RP Singh', 'DP Vijaykumar']","['JH Kallis', 'W Jaffer', 'Misbah-ul-Haq', 'R Dravid', 'CL White', 'V Kohli', 'B Akhil', 'SP Goswami', 'R Vinay Kumar', 'A Kumble', 'DW Steyn']",Asad Rauf,RE Koertzen
336033,Chennai,24-05-2008,2007/08,49,Chennai Super Kings,Rajasthan Royals,"MA Chidambaram Stadium, Chepauk",Rajasthan Royals,bat,N,Rajasthan Royals,Runs,10.0,,JA Morkel,"['PA Patel', 'SP Fleming', 'SK Raina', 'JA Morkel', 'MS Dhoni', 'S Badrinath', 'MS Gony', 'A Mukund', 'L Balaji', 'M Muralitharan', 'M Ntini']","['GC Smith', 'SA Asnodkar', 'Kamran Akmal', 'YK Pathan', 'M Kaif', 'T Kohli', 'D Salunkhe', 'SK Warne', 'Sohail Tanvir', 'Pankaj Singh', 'MM Patel']",DJ Harper,SL Shastri
336032,Delhi,24-05-2008,2007/08,50,Delhi Daredevils,Mumbai Indians,Feroz Shah Kotla,Delhi Daredevils,field,N,Delhi Daredevils,Wickets,5.0,,KD Karthik,"['G Gambhir', 'V Sehwag', 'S Dhawan', 'MK Tiwary', 'TM Dilshan', 'KD Karthik', 'MF Maharoof', 'B Geeves', 'VY Mahesh', 'A Mishra', 'GD McGrath']","['ST Jayasuriya', 'SR Tendulkar', 'DR Smith', 'RV Uthappa', 'AM Nayar', 'SM Pollock', 'SD Chitnis', 'PR Shah', 'A Nel', 'DS Kulkarni', 'A Nehra']",BF Bowden,K Hariharan
336031,Chandigarh,23-05-2008,2007/08,48,Kings XI Punjab,Deccan Chargers,"Punjab Cricket Association Stadium, Mohali",Kings XI Punjab,field,N,Kings XI Punjab,Wickets,6.0,,SE Marsh,"['SE Marsh', 'KC Sangakkara', 'Yuvraj Singh', 'LA Pomersbach', 'DPMD Jayawardene', 'PP Chawla', 'TM Srivastava', 'RR Powar', 'Gagandeep Singh', 'VRV Singh', 'S Sreesanth']","['AC Gilchrist', 'HH Gibbs', 'RG Sharma', 'Y Venugopal Rao', 'LPC Silva', 'SB Styris', 'DB Ravi Teja', 'SB Bangar', 'RP Singh', 'PP Ojha', 'DP Vijaykumar']",Asad Rauf,SJ Davis
336029,Chennai,21-05-2008,2007/08,46,Chennai Super Kings,Royal Challengers Bangalore,"MA Chidambaram Stadium, Chepauk",Royal Challengers Bangalore,bat,N,Royal Challengers Bangalore,Runs,14.0,,A Kumble,"['PA Patel', 'SP Fleming', 'MS Dhoni', 'SK Raina', 'S Badrinath', 'JA Morkel', 'S Vidyut', 'MS Gony', 'L Balaji', 'M Ntini', 'M Muralitharan']","['JH Kallis', 'SP Goswami', 'V Kohli', 'R Dravid', 'Misbah-ul-Haq', 'MV Boucher', 'B Akhil', 'P Kumar', 'R Vinay Kumar', 'A Kumble', 'DW Steyn']",DJ Harper,I Shivram
336028,Mumbai,21-05-2008,2007/08,45,Mumbai Indians,Kings XI Punjab,Wankhede Stadium,Mumbai Indians,field,N,Kings XI Punjab,Runs,1.0,,SE Marsh,"['ST Jayasuriya', 'SR Tendulkar', 'DR Smith', 'AM Nayar', 'RV Uthappa', 'SM Pollock', 'PR Shah', 'SD Chitnis', 'CRD Fernando', 'A Nehra', 'VS Yeligati']","['SE Marsh', 'JR Hopes', 'LA Pomersbach', 'Yuvraj Singh', 'DPMD Jayawardene', 'IK Pathan', 'TM Srivastava', 'PP Chawla', 'U Kaul', 'S Sreesanth', 'VRV Singh']",BF Bowden,GA Pratapkumar
336027,Kolkata,20-05-2008,2007/08,44,Kolkata Knight Riders,Rajasthan Royals,Eden Gardens,Rajasthan Royals,field,N,Rajasthan Royals,Wickets,6.0,,YK Pathan,"['Salman Butt', 'Mohammad Hafeez', 'SC Ganguly', 'DJ Hussey', 'DB Das', 'LR Shukla', 'WP Saha', 'AB Agarkar', 'Umar Gul', 'I Sharma', 'AB Dinda']","['GC Smith', 'SA Asnodkar', 'Sohail Tanvir', 'M Kaif', 'SR Watson', 'YK Pathan', 'RA Jadeja', 'SK Warne', 'M Rawat', 'SK Trivedi', 'MM Patel']",BG Jerling,RE Koertzen
336026,Bangalore,19-05-2008,2007/08,43,Royal Challengers Bangalore,Delhi Daredevils,M Chinnaswamy Stadium,Delhi Daredevils,field,N,Delhi Daredevils,Wickets,5.0,,SP Goswami,"['JH Kallis', 'B Chipli', 'SP Goswami', 'R Dravid', 'Misbah-ul-Haq', 'CL White', 'B Akhil', 'P Kumar', 'Z Khan', 'A Kumble', 'DW Steyn']","['G Gambhir', 'V Sehwag', 'AB de Villiers', 'TM Dilshan', 'S Dhawan', 'KD Karthik', 'MF Maharoof', 'R Bhatia', 'VY Mahesh', 'PJ Sangwan', 'GD McGrath']",SJ Davis,GA Pratapkumar
336025,Kolkata,18-05-2008,2007/08,41,Kolkata Knight Riders,Chennai Super Kings,Eden Gardens,Kolkata Knight Riders,bat,N,Chennai Super Kings,Runs,3.0,D/L,M Ntini,"['Salman Butt', 'Mohammad Hafeez', 'SC Ganguly', 'DB Das', 'DJ Hussey', 'LR Shukla', 'WP Saha', 'AB Agarkar', 'I Sharma', 'AB Dinda', 'Shoaib Akhtar']","['PA Patel', 'SP Fleming', 'S Vidyut', 'SK Raina', 'S Badrinath', 'MS Dhoni', 'JA Morkel', 'MS Gony', 'L Balaji', 'M Muralitharan', 'M Ntini']",Asad Rauf,K Hariharan
336024,Hyderabad,18-05-2008,2007/08,42,Deccan Chargers,Mumbai Indians,"Rajiv Gandhi International Stadium, Uppal",Deccan Chargers,field,N,Mumbai Indians,Runs,25.0,,DJ Bravo,"['AC Gilchrist', 'Shahid Afridi', 'RG Sharma', 'LPC Silva', 'Y Venugopal Rao', 'DB Ravi Teja', 'DNT Zoysa', 'H Das', 'RP Singh', 'PP Ojha', 'DP Vijaykumar']","['ST Jayasuriya', 'SR Tendulkar', 'DJ Thornely', 'AM Nayar', 'RV Uthappa', 'DJ Bravo', 'PR Shah', 'YV Takawale', 'RR Raje', 'A Nehra', 'CRD Fernando']",BR Doctrove,DJ Harper
336022,Delhi,17-05-2008,2007/08,40,Delhi Daredevils,Kings XI Punjab,Feroz Shah Kotla,Delhi Daredevils,bat,N,Kings XI Punjab,Runs,6.0,D/L,DPMD Jayawardene,"['G Gambhir', 'V Sehwag', 'S Dhawan', 'TM Dilshan', 'MF Maharoof', 'Shoaib Malik', 'PJ Sangwan', 'KD Karthik', 'A Mishra', 'R Bhatia', 'GD McGrath']","['SE Marsh', 'JR Hopes', 'Yuvraj Singh', 'LA Pomersbach', 'DPMD Jayawardene', 'IK Pathan', 'RR Powar', 'PP Chawla', 'U Kaul', 'S Sreesanth', 'VRV Singh']",AV Jayaprakash,RE Koertzen
336023,Jaipur,17-05-2008,2007/08,39,Rajasthan Royals,Royal Challengers Bangalore,Sawai Mansingh Stadium,Royal Challengers Bangalore,field,N,Rajasthan Royals,Runs,65.0,,GC Smith,"['GC Smith', 'SA Asnodkar', 'SR Watson', 'YK Pathan', 'M Kaif', 'RA Jadeja', 'SK Warne', 'Sohail Tanvir', 'M Rawat', 'SK Trivedi', 'MM Patel']","['J Arunkumar', 'V Kohli', 'Misbah-ul-Haq', 'JH Kallis', 'CL White', 'R Dravid', 'DT Patil', 'P Kumar', 'Z Khan', 'A Kumble', 'Abdur Razzak']",BF Bowden,SL Shastri
336021,Mumbai,16-05-2008,2007/08,38,Mumbai Indians,Kolkata Knight Riders,Wankhede Stadium,Mumbai Indians,field,N,Mumbai Indians,Wickets,8.0,,SM Pollock,"['ST Jayasuriya', 'SR Tendulkar', 'RV Uthappa', 'DJ Thornely', 'DJ Bravo', 'AM Nayar', 'SM Pollock', 'RV Pawar', 'YV Takawale', 'RR Raje', 'A Nehra']","['Salman Butt', 'A Chopra', 'SC Ganguly', 'DJ Hussey', 'Mohammad Hafeez', 'WP Saha', 'LR Shukla', 'AB Agarkar', 'Shoaib Akhtar', 'I Sharma', 'AB Dinda']",BR Doctrove,DJ Harper
336020,Delhi,15-05-2008,2007/08,37,Delhi Daredevils,Deccan Chargers,Feroz Shah Kotla,Deccan Chargers,field,N,Delhi Daredevils,Runs,12.0,,A Mishra,"['G Gambhir', 'V Sehwag', 'S Dhawan', 'MF Maharoof', 'TM Dilshan', 'MK Tiwary', 'KD Karthik', 'A Mishra', 'R Bhatia', 'GD McGrath', 'Mohammad Asif']","['AC Gilchrist', 'Shahid Afridi', 'HH Gibbs', 'RG Sharma', 'SB Styris', 'Y Venugopal Rao', 'DB Ravi Teja', 'RP Singh', 'PP Ojha', 'DP Vijaykumar', 'PM Sarvesh Kumar']",BG Jerling,GA Pratapkumar
336018,Mumbai,14-05-2008,2007/08,36,Mumbai Indians,Chennai Super Kings,Wankhede Stadium,Mumbai Indians,field,N,Mumbai Indians,Wickets,9.0,,ST Jayasuriya,"['ST Jayasuriya', 'SR Tendulkar', 'RV Uthappa', 'DJ Thornely', 'DJ Bravo', 'AM Nayar', 'SM Pollock', 'YV Takawale', 'RR Raje', 'A Nehra', 'DS Kulkarni']","['S Vidyut', 'SP Fleming', 'SK Raina', 'S Badrinath', 'CK Kapugedera', 'MS Dhoni', 'JA Morkel', 'Joginder Sharma', 'MS Gony', 'L Balaji', 'M Muralitharan']",BR Doctrove,AM Saheba
336017,Kolkata,13-05-2008,2007/08,35,Kolkata Knight Riders,Delhi Daredevils,Eden Gardens,Kolkata Knight Riders,bat,N,Kolkata Knight Riders,Runs,23.0,,Shoaib Akhtar,"['Salman Butt', 'A Chopra', 'SC Ganguly', 'DJ Hussey', 'T Taibu', 'LR Shukla', 'WP Saha', 'Iqbal Abdulla', 'I Sharma', 'AB Dinda', 'Shoaib Akhtar']","['G Gambhir', 'V Sehwag', 'AB de Villiers', 'MK Tiwary', 'S Dhawan', 'TM Dilshan', 'A Mishra', 'MF Maharoof', 'VY Mahesh', 'PJ Sangwan', 'GD McGrath']",Asad Rauf,IL Howell
336016,Chandigarh,12-05-2008,2007/08,34,Kings XI Punjab,Royal Challengers Bangalore,"Punjab Cricket Association Stadium, Mohali",Royal Challengers Bangalore,bat,N,Kings XI Punjab,Wickets,9.0,,SE Marsh,"['SE Marsh', 'JR Hopes', 'LA Pomersbach', 'Yuvraj Singh', 'DPMD Jayawardene', 'IK Pathan', 'TM Srivastava', 'PP Chawla', 'U Kaul', 'S Sreesanth', 'VRV Singh']","['J Arunkumar', 'V Kohli', 'Misbah-ul-Haq', 'CL White', 'R Dravid', 'MV Boucher', 'P Kumar', 'R Vinay Kumar', 'Z Khan', 'A Kumble', 'DW Steyn']",BR Doctrove,I Shivram
336015,Jaipur,11-05-2008,2007/08,33,Rajasthan Royals,Delhi Daredevils,Sawai Mansingh Stadium,Rajasthan Royals,field,N,Rajasthan Royals,Wickets,3.0,,SR Watson,"['YK Pathan', 'GC Smith', 'M Kaif', 'SR Watson', 'RA Jadeja', 'AD Mascarenhas', 'SK Warne', 'NK Patel', 'M Rawat', 'SK Trivedi', 'MM Patel']","['G Gambhir', 'V Sehwag', 'S Dhawan', 'AB de Villiers', 'KD Karthik', 'TM Dilshan', 'A Mishra', 'MF Maharoof', 'VY Mahesh', 'GD McGrath', 'PJ Sangwan']",SJ Davis,RE Koertzen
336014,Hyderabad,11-05-2008,2007/08,32,Deccan Chargers,Kolkata Knight Riders,"Rajiv Gandhi International Stadium, Uppal",Kolkata Knight Riders,bat,N,Kolkata Knight Riders,Runs,23.0,,SC Ganguly,"['AC Gilchrist', 'HH Gibbs', 'DB Ravi Teja', 'RG Sharma', 'SB Styris', 'Y Venugopal Rao', 'SB Bangar', 'WPUJC Vaas', 'RP Singh', 'DP Vijaykumar', 'PP Ojha']","['Salman Butt', 'A Chopra', 'SC Ganguly', 'DJ Hussey', 'T Taibu', 'LR Shukla', 'WP Saha', 'Umar Gul', 'I Sharma', 'AB Dinda', 'M Kartik']",IL Howell,AM Saheba
336013,Chennai,10-05-2008,2007/08,31,Chennai Super Kings,Kings XI Punjab,"MA Chidambaram Stadium, Chepauk",Kings XI Punjab,field,N,Chennai Super Kings,Runs,18.0,,L Balaji,"['S Vidyut', 'SP Fleming', 'SK Raina', 'S Badrinath', 'MS Dhoni', 'JA Morkel', 'CK Kapugedera', 'P Amarnath', 'MS Gony', 'M Muralitharan', 'L Balaji']","['SE Marsh', 'JR Hopes', 'K Goel', 'RR Sarwan', 'Yuvraj Singh', 'DPMD Jayawardene', 'IK Pathan', 'PP Chawla', 'S Sreesanth', 'VRV Singh', 'U Kaul']",AV Jayaprakash,BG Jerling
336011,Jaipur,09-05-2008,2007/08,30,Rajasthan Royals,Deccan Chargers,Sawai Mansingh Stadium,Rajasthan Royals,field,N,Rajasthan Royals,Wickets,8.0,,YK Pathan,"['GC Smith', 'YK Pathan', 'M Kaif', 'SR Watson', 'NK Patel', 'RA Jadeja', 'SK Warne', 'M Rawat', 'Sohail Tanvir', 'SK Trivedi', 'MM Patel']","['AC Gilchrist', 'HH Gibbs', 'SB Styris', 'RG Sharma', 'Shahid Afridi', 'SB Bangar', 'DB Ravi Teja', 'Y Venugopal Rao', 'RP Singh', 'PP Ojha', 'DP Vijaykumar']",MR Benson,AM Saheba
336009,Delhi,08-05-2008,2007/08,28,Delhi Daredevils,Chennai Super Kings,Feroz Shah Kotla,Chennai Super Kings,field,N,Chennai Super Kings,Wickets,4.0,,MS Dhoni,"['G Gambhir', 'V Sehwag', 'AB de Villiers', 'S Dhawan', 'Shoaib Malik', 'KD Karthik', 'MK Tiwary', 'VY Mahesh', 'GD McGrath', 'Mohammad Asif', 'PJ Sangwan']","['S Vidyut', 'SP Fleming', 'MS Dhoni', 'SK Raina', 'JA Morkel', 'CK Kapugedera', 'S Badrinath', 'MS Gony', 'P Amarnath', 'M Muralitharan', 'L Balaji']",Aleem Dar,RB Tiffin
336010,Kolkata,08-05-2008,2007/08,29,Kolkata Knight Riders,Royal Challengers Bangalore,Eden Gardens,Kolkata Knight Riders,bat,N,Kolkata Knight Riders,Runs,5.0,,SC Ganguly,"['A Chopra', 'BJ Hodge', 'SC Ganguly', 'DJ Hussey', 'T Taibu', 'LR Shukla', 'WP Saha', 'M Kartik', 'Umar Gul', 'I Sharma', 'AB Dinda']","['J Arunkumar', 'S Chanderpaul', 'MV Boucher', 'R Dravid', 'CL White', 'P Kumar', 'R Vinay Kumar', 'V Kohli', 'Z Khan', 'A Kumble', 'DW Steyn']",Asad Rauf,IL Howell
336008,Mumbai,07-05-2008,2007/08,27,Mumbai Indians,Rajasthan Royals,Dr DY Patil Sports Academy,Mumbai Indians,field,N,Mumbai Indians,Wickets,7.0,,A Nehra,"['YV Takawale', 'ST Jayasuriya', 'RV Uthappa', 'DJ Bravo', 'AM Nayar', 'DJ Thornely', 'SM Pollock', 'SS Tiwary', 'RR Raje', 'A Nehra', 'DS Kulkarni']","['GC Smith', 'SA Asnodkar', 'YK Pathan', 'SR Watson', 'M Kaif', 'RA Jadeja', 'SK Warne', 'Sohail Tanvir', 'M Rawat', 'SK Trivedi', 'MM Patel']",DJ Harper,RE Koertzen
336007,Chennai,06-05-2008,2007/08,26,Chennai Super Kings,Deccan Chargers,"MA Chidambaram Stadium, Chepauk",Deccan Chargers,field,N,Deccan Chargers,Wickets,7.0,,AC Gilchrist,"['PA Patel', 'SP Fleming', 'S Anirudha', 'SK Raina', 'S Badrinath', 'MS Dhoni', 'JA Morkel', 'Joginder Sharma', 'MS Gony', 'M Ntini', 'M Muralitharan']","['AC Gilchrist', 'HH Gibbs', 'SB Styris', 'RG Sharma', 'Shahid Afridi', 'Y Venugopal Rao', 'SB Bangar', 'AS Yadav', 'RP Singh', 'DP Vijaykumar', 'PP Ojha']",MR Benson,RB Tiffin
336006,Bangalore,05-05-2008,2007/08,25,Royal Challengers Bangalore,Kings XI Punjab,M Chinnaswamy Stadium,Kings XI Punjab,field,N,Kings XI Punjab,Wickets,6.0,,S Sreesanth,"['W Jaffer', 'V Kohli', 'CL White', 'JH Kallis', 'R Dravid', 'Misbah-ul-Haq', 'P Kumar', 'DT Patil', 'Z Khan', 'A Kumble', 'DW Steyn']","['SE Marsh', 'JR Hopes', 'RR Sarwan', 'Yuvraj Singh', 'DPMD Jayawardene', 'IK Pathan', 'PP Chawla', 'U Kaul', 'Gagandeep Singh', 'S Sreesanth', 'VRV Singh']",SJ Davis,BR Doctrove
336005,Jaipur,04-05-2008,2007/08,24,Rajasthan Royals,Chennai Super Kings,Sawai Mansingh Stadium,Chennai Super Kings,bat,N,Rajasthan Royals,Wickets,8.0,,Sohail Tanvir,"['GC Smith', 'SA Asnodkar', 'YK Pathan', 'SR Watson', 'M Rawat', 'M Kaif', 'RA Jadeja', 'SK Warne', 'Sohail Tanvir', 'SK Trivedi', 'MM Patel']","['PA Patel', 'SP Fleming', 'S Vidyut', 'SK Raina', 'S Badrinath', 'MS Dhoni', 'JA Morkel', 'Joginder Sharma', 'MS Gony', 'M Muralitharan', 'M Ntini']",Asad Rauf,AV Jayaprakash
336004,Mumbai,04-05-2008,2007/08,23,Mumbai Indians,Delhi Daredevils,Dr DY Patil Sports Academy,Delhi Daredevils,field,N,Mumbai Indians,Runs,29.0,,SM Pollock,"['YV Takawale', 'ST Jayasuriya', 'DJ Thornely', 'RV Uthappa', 'DJ Bravo', 'AM Nayar', 'SM Pollock', 'SS Tiwary', 'RR Raje', 'A Nehra', 'DS Kulkarni']","['G Gambhir', 'V Sehwag', 'S Dhawan', 'AB de Villiers', 'Shoaib Malik', 'KD Karthik', 'R Bhatia', 'PJ Sangwan', 'VY Mahesh', 'Mohammad Asif', 'GD McGrath']",IL Howell,RE Koertzen
336034,Bangalore,03-05-2008,2007/08,21,Royal Challengers Bangalore,Deccan Chargers,M Chinnaswamy Stadium,Deccan Chargers,field,N,Royal Challengers Bangalore,Runs,3.0,,P Kumar,"['B Chipli', 'W Jaffer', 'V Kohli', 'JH Kallis', 'Misbah-ul-Haq', 'R Dravid', 'MV Boucher', 'P Kumar', 'Z Khan', 'DW Steyn', 'A Kumble']","['AC Gilchrist', 'VVS Laxman', 'HH Gibbs', 'RG Sharma', 'Shahid Afridi', 'SB Styris', 'AS Yadav', 'SB Bangar', 'RP Singh', 'DP Vijaykumar', 'PP Ojha']",BR Doctrove,SL Shastri
336003,Chandigarh,03-05-2008,2007/08,22,Kings XI Punjab,Kolkata Knight Riders,"Punjab Cricket Association Stadium, Mohali",Kings XI Punjab,bat,N,Kings XI Punjab,Runs,9.0,,IK Pathan,"['SE Marsh', 'JR Hopes', 'KC Sangakkara', 'Yuvraj Singh', 'DPMD Jayawardene', 'K Goel', 'IK Pathan', 'PP Chawla', 'S Sreesanth', 'VRV Singh', 'Gagandeep Singh']","['Mohammad Hafeez', 'SC Ganguly', 'DB Das', 'BJ Hodge', 'DJ Hussey', 'LR Shukla', 'WP Saha', 'AB Agarkar', 'Umar Gul', 'I Sharma', 'AB Dinda']",DJ Harper,I Shivram
336001,Chennai,02-05-2008,2007/08,20,Chennai Super Kings,Delhi Daredevils,"MA Chidambaram Stadium, Chepauk",Chennai Super Kings,bat,N,Delhi Daredevils,Wickets,8.0,,V Sehwag,"['PA Patel', 'SP Fleming', 'S Vidyut', 'MS Dhoni', 'JA Morkel', 'SK Raina', 'S Badrinath', 'Joginder Sharma', 'M Ntini', 'MS Gony', 'M Muralitharan']","['G Gambhir', 'V Sehwag', 'AB de Villiers', 'S Dhawan', 'Shoaib Malik', 'KD Karthik', 'R Bhatia', 'VY Mahesh', 'GD McGrath', 'PJ Sangwan', 'Mohammad Asif']",BF Bowden,K Hariharan
336000,Jaipur,01-05-2008,2007/08,18,Rajasthan Royals,Kolkata Knight Riders,Sawai Mansingh Stadium,Rajasthan Royals,bat,N,Rajasthan Royals,Runs,45.0,,SA Asnodkar,"['GC Smith', 'SA Asnodkar', 'M Kaif', 'YK Pathan', 'SR Watson', 'RA Jadeja', 'SK Warne', 'Sohail Tanvir', 'M Rawat', 'SK Trivedi', 'MM Patel']","['Salman Butt', 'SC Ganguly', 'AB Agarkar', 'BJ Hodge', 'DJ Hussey', 'LR Shukla', 'DB Das', 'WP Saha', 'Umar Gul', 'I Sharma', 'AB Dinda']",RE Koertzen,GA Pratapkumar
335999,Hyderabad,01-05-2008,2007/08,19,Deccan Chargers,Kings XI Punjab,"Rajiv Gandhi International Stadium, Uppal",Kings XI Punjab,field,N,Kings XI Punjab,Wickets,7.0,,SE Marsh,"['AC Gilchrist', 'VVS Laxman', 'HH Gibbs', 'RG Sharma', 'Shahid Afridi', 'Y Venugopal Rao', 'SB Bangar', 'DNT Zoysa', 'D Kalyankrishna', 'RP Singh', 'PP Ojha']","['SE Marsh', 'RR Sarwan', 'KC Sangakkara', 'Yuvraj Singh', 'DPMD Jayawardene', 'K Goel', 'IK Pathan', 'PP Chawla', 'S Sreesanth', 'VRV Singh', 'Gagandeep Singh']",BR Doctrove,RB Tiffin
335998,Delhi,30-04-2008,2007/08,17,Delhi Daredevils,Royal Challengers Bangalore,Feroz Shah Kotla,Royal Challengers Bangalore,field,N,Delhi Daredevils,Runs,10.0,,GD McGrath,"['G Gambhir', 'V Sehwag', 'S Dhawan', 'Shoaib Malik', 'KD Karthik', 'MK Tiwary', 'R Bhatia', 'DL Vettori', 'Mohammad Asif', 'VY Mahesh', 'GD McGrath']","['P Kumar', 'W Jaffer', 'LRPL Taylor', 'JH Kallis', 'R Dravid', 'MV Boucher', 'V Kohli', 'Z Khan', 'DW Steyn', 'R Vinay Kumar', 'SB Joshi']",Aleem Dar,I Shivram
335997,Kolkata,29-04-2008,2007/08,16,Kolkata Knight Riders,Mumbai Indians,Eden Gardens,Kolkata Knight Riders,bat,N,Mumbai Indians,Wickets,7.0,,ST Jayasuriya,"['BB McCullum', 'SC Ganguly', 'RT Ponting', 'DB Das', 'DJ Hussey', 'Mohammad Hafeez', 'LR Shukla', 'AB Agarkar', 'M Kartik', 'I Sharma', 'AB Dinda']","['AM Rahane', 'ST Jayasuriya', 'MK Pandey', 'RV Uthappa', 'DJ Bravo', 'SM Pollock', 'AM Nayar', 'A Nehra', 'DS Kulkarni', 'CRD Fernando', 'PR Shah']",BF Bowden,AV Jayaprakash
335996,Bangalore,28-04-2008,2007/08,15,Royal Challengers Bangalore,Chennai Super Kings,M Chinnaswamy Stadium,Chennai Super Kings,bat,N,Chennai Super Kings,Runs,13.0,,MS Dhoni,"['B Chipli', 'W Jaffer', 'LRPL Taylor', 'JH Kallis', 'MV Boucher', 'V Kohli', 'R Dravid', 'P Kumar', 'Z Khan', 'B Akhil', 'DW Steyn']","['PA Patel', 'ML Hayden', 'MEK Hussey', 'SK Raina', 'MS Dhoni', 'JDP Oram', 'S Badrinath', 'JA Morkel', 'Joginder Sharma', 'P Amarnath', 'MS Gony']",BR Doctrove,RB Tiffin
335995,Chandigarh,27-04-2008,2007/08,13,Kings XI Punjab,Delhi Daredevils,"Punjab Cricket Association Stadium, Mohali",Delhi Daredevils,bat,N,Kings XI Punjab,Wickets,4.0,,SM Katich,"['K Goel', 'SM Katich', 'KC Sangakkara', 'DPMD Jayawardene', 'Yuvraj Singh', 'TM Srivastava', 'IK Pathan', 'B Lee', 'PP Chawla', 'S Sreesanth', 'VRV Singh']","['G Gambhir', 'V Sehwag', 'S Dhawan', 'Shoaib Malik', 'MK Tiwary', 'KD Karthik', 'R Bhatia', 'MF Maharoof', 'VY Mahesh', 'Mohammad Asif', 'GD McGrath']",RE Koertzen,I Shivram
335994,Mumbai,27-04-2008,2007/08,14,Mumbai Indians,Deccan Chargers,Dr DY Patil Sports Academy,Deccan Chargers,field,N,Deccan Chargers,Wickets,10.0,,AC Gilchrist,"['L Ronchi', 'ST Jayasuriya', 'AM Rahane', 'RV Uthappa', 'SM Pollock', 'AM Nayar', 'DJ Bravo', 'MA Khote', 'A Nehra', 'DS Kulkarni', 'SD Chitnis']","['AC Gilchrist', 'VVS Laxman', 'A Symonds', 'RG Sharma', 'Shahid Afridi', 'SB Bangar', 'AS Yadav', 'RP Singh', 'PP Ojha', 'D Kalyankrishna', 'DNT Zoysa']",Asad Rauf,SL Shastri
335993,Chennai,26-04-2008,2007/08,11,Chennai Super Kings,Kolkata Knight Riders,"MA Chidambaram Stadium, Chepauk",Kolkata Knight Riders,bat,N,Chennai Super Kings,Wickets,9.0,,JDP Oram,"['PA Patel', 'ML Hayden', 'MS Dhoni', 'MEK Hussey', 'S Badrinath', 'SK Raina', 'JDP Oram', 'Joginder Sharma', 'P Amarnath', 'MS Gony', 'M Muralitharan']","['SC Ganguly', 'BB McCullum', 'RT Ponting', 'WP Saha', 'DJ Hussey', 'Mohammad Hafeez', 'LR Shukla', 'AB Agarkar', 'M Kartik', 'I Sharma', 'AB Dinda']",BF Bowden,AV Jayaprakash
335992,Bangalore,26-04-2008,2007/08,12,Royal Challengers Bangalore,Rajasthan Royals,M Chinnaswamy Stadium,Rajasthan Royals,field,N,Rajasthan Royals,Wickets,7.0,,SR Watson,"['S Chanderpaul', 'R Dravid', 'LRPL Taylor', 'JH Kallis', 'V Kohli', 'MV Boucher', 'P Kumar', 'SB Joshi', 'Z Khan', 'R Vinay Kumar', 'A Kumble']","['GC Smith', 'M Rawat', 'YK Pathan', 'SR Watson', 'M Kaif', 'RA Jadeja', 'D Salunkhe', 'SK Warne', 'Sohail Tanvir', 'SK Trivedi', 'MM Patel']",MR Benson,IL Howell
335991,Chandigarh,25-04-2008,2007/08,10,Kings XI Punjab,Mumbai Indians,"Punjab Cricket Association Stadium, Mohali",Mumbai Indians,field,N,Kings XI Punjab,Runs,66.0,,KC Sangakkara,"['K Goel', 'IK Pathan', 'KC Sangakkara', 'Yuvraj Singh', 'RR Sarwan', 'DPMD Jayawardene', 'S Sohal', 'B Lee', 'PP Chawla', 'S Sreesanth', 'VRV Singh']","['L Ronchi', 'ST Jayasuriya', 'RV Uthappa', 'DJ Bravo', 'SS Tiwary', 'SM Pollock', 'AM Nayar', 'Harbhajan Singh', 'MA Khote', 'DS Kulkarni', 'A Nehra']",Aleem Dar,AM Saheba
335990,Hyderabad,24-04-2008,2007/08,9,Deccan Chargers,Rajasthan Royals,"Rajiv Gandhi International Stadium, Uppal",Rajasthan Royals,field,N,Rajasthan Royals,Wickets,3.0,,YK Pathan,"['AC Gilchrist', 'VVS Laxman', 'Shahid Afridi', 'A Symonds', 'RG Sharma', 'AS Yadav', 'SB Bangar', 'WPUJC Vaas', 'RP Singh', 'PP Ojha', 'D Kalyankrishna']","['Kamran Akmal', 'GC Smith', 'YK Pathan', 'SR Watson', 'M Kaif', 'RA Jadeja', 'SK Warne', 'D Salunkhe', 'Pankaj Singh', 'SK Trivedi', 'MM Patel']",Asad Rauf,MR Benson
335989,Chennai,23-04-2008,2007/08,8,Chennai Super Kings,Mumbai Indians,"MA Chidambaram Stadium, Chepauk",Mumbai Indians,field,N,Chennai Super Kings,Runs,6.0,,ML Hayden,"['PA Patel', 'ML Hayden', 'MEK Hussey', 'SK Raina', 'MS Dhoni', 'JDP Oram', 'S Badrinath', 'Joginder Sharma', 'P Amarnath', 'MS Gony', 'M Muralitharan']","['L Ronchi', 'ST Jayasuriya', 'RV Uthappa', 'SM Pollock', 'DJ Bravo', 'AM Nayar', 'MA Khote', 'Harbhajan Singh', 'A Nehra', 'VS Yeligati', 'DS Kulkarni']",DJ Harper,GA Pratapkumar
335988,Hyderabad,22-04-2008,2007/08,7,Deccan Chargers,Delhi Daredevils,"Rajiv Gandhi International Stadium, Uppal",Deccan Chargers,bat,N,Delhi Daredevils,Wickets,9.0,,V Sehwag,"['AC Gilchrist', 'Y Venugopal Rao', 'VVS Laxman', 'A Symonds', 'RG Sharma', 'Shahid Afridi', 'SB Bangar', 'AS Yadav', 'WPUJC Vaas', 'RP Singh', 'PP Ojha']","['G Gambhir', 'V Sehwag', 'S Dhawan', 'Shoaib Malik', 'KD Karthik', 'MK Tiwary', 'R Bhatia', 'MF Maharoof', 'Mohammad Asif', 'VY Mahesh', 'GD McGrath']",IL Howell,AM Saheba
335987,Jaipur,21-04-2008,2007/08,6,Rajasthan Royals,Kings XI Punjab,Sawai Mansingh Stadium,Kings XI Punjab,bat,N,Rajasthan Royals,Wickets,6.0,,SR Watson,"['M Kaif', 'Kamran Akmal', 'YK Pathan', 'SR Watson', 'DS Lehmann', 'RA Jadeja', 'Pankaj Singh', 'D Salunkhe', 'SK Warne', 'SK Trivedi', 'MM Patel']","['K Goel', 'JR Hopes', 'KC Sangakkara', 'DPMD Jayawardene', 'Yuvraj Singh', 'IK Pathan', 'S Sohal', 'B Lee', 'PP Chawla', 'WA Mota', 'S Sreesanth']",Aleem Dar,RB Tiffin
335986,Kolkata,20-04-2008,2007/08,4,Kolkata Knight Riders,Deccan Chargers,Eden Gardens,Deccan Chargers,bat,N,Kolkata Knight Riders,Wickets,5.0,,DJ Hussey,"['WP Saha', 'BB McCullum', 'RT Ponting', 'SC Ganguly', 'DJ Hussey', 'Mohammad Hafeez', 'LR Shukla', 'AB Agarkar', 'AB Dinda', 'M Kartik', 'I Sharma']","['AC Gilchrist', 'Y Venugopal Rao', 'VVS Laxman', 'A Symonds', 'RG Sharma', 'SB Styris', 'AS Yadav', 'SB Bangar', 'WPUJC Vaas', 'RP Singh', 'PP Ojha']",BF Bowden,K Hariharan
335985,Mumbai,20-04-2008,2007/08,5,Mumbai Indians,Royal Challengers Bangalore,Wankhede Stadium,Mumbai Indians,bat,N,Royal Challengers Bangalore,Wickets,5.0,,MV Boucher,"['L Ronchi', 'ST Jayasuriya', 'DJ Thornely', 'RV Uthappa', 'PR Shah', 'AM Nayar', 'SM Pollock', 'Harbhajan Singh', 'MA Khote', 'A Nehra', 'DS Kulkarni']","['S Chanderpaul', 'R Dravid', 'LRPL Taylor', 'JH Kallis', 'V Kohli', 'MV Boucher', 'B Akhil', 'P Kumar', 'Z Khan', 'SB Joshi', 'R Vinay Kumar']",SJ Davis,DJ Harper
335984,Delhi,19-04-2008,2007/08,3,Delhi Daredevils,Rajasthan Royals,Feroz Shah Kotla,Rajasthan Royals,bat,N,Delhi Daredevils,Wickets,9.0,,MF Maharoof,"['G Gambhir', 'V Sehwag', 'S Dhawan', 'MK Tiwary', 'KD Karthik', 'R Bhatia', 'M Manhas', 'DL Vettori', 'MF Maharoof', 'B Geeves', 'GD McGrath']","['T Kohli', 'YK Pathan', 'SR Watson', 'M Kaif', 'DS Lehmann', 'RA Jadeja', 'M Rawat', 'D Salunkhe', 'SK Warne', 'SK Trivedi', 'MM Patel']",Aleem Dar,GA Pratapkumar
335983,Chandigarh,19-04-2008,2007/08,2,Kings XI Punjab,Chennai Super Kings,"Punjab Cricket Association Stadium, Mohali",Chennai Super Kings,bat,N,Chennai Super Kings,Runs,33.0,,MEK Hussey,"['K Goel', 'JR Hopes', 'KC Sangakkara', 'Yuvraj Singh', 'SM Katich', 'IK Pathan', 'P Dharmani', 'B Lee', 'PP Chawla', 'WA Mota', 'S Sreesanth']","['PA Patel', 'ML Hayden', 'MEK Hussey', 'MS Dhoni', 'SK Raina', 'JDP Oram', 'S Badrinath', 'Joginder Sharma', 'P Amarnath', 'MS Gony', 'M Muralitharan']",MR Benson,SL Shastri
335982,Bangalore,18-04-2008,2007/08,1,Royal Challengers Bangalore,Kolkata Knight Riders,M Chinnaswamy Stadium,Royal Challengers Bangalore,field,N,Kolkata Knight Riders,Runs,140.0,,BB McCullum,"['R Dravid', 'W Jaffer', 'V Kohli', 'JH Kallis', 'CL White', 'MV Boucher', 'B Akhil', 'AA Noffke', 'P Kumar', 'Z Khan', 'SB Joshi']","['SC Ganguly', 'BB McCullum', 'RT Ponting', 'DJ Hussey', 'Mohammad Hafeez', 'LR Shukla', 'WP Saha', 'AB Agarkar', 'AB Dinda', 'M Kartik', 'I Sharma']",Asad Rauf,RE Koertzen
1312201,Ahmedabad,31-03-2023,2023,1.0,Chennai Super Kings,Gujarat Titans,"Narendra Modi Stadium, Ahmedabad",Gujarat Titans,field,N,Gujarat Titans,Wickets,5.0,,Rashid Khan,"['TU Deshpande', 'DP Conway', 'RD Gaikwad', 'MM Ali', 'BA Stokes', 'AT Rayudu', 'S Dube', 'RA Jadeja', 'MS Dhoni', 'MJ Santner', 'DL Chahar', 'RS Hangargekar']","['KS Williamson', 'WP Saha', 'Shubman Gill', 'B Sai Sudharsan', 'HH Pandya', 'V Shankar', 'R Tewatia', 'Rashid Khan', 'Mohammed Shami', 'J Little', 'Yash Dayal', 'AS Joseph']",Nitin Menon,HAS Khalid
1312202,Chandigarh,01-04-2023,2023,2.0,Punjab Kings,Kolkata Knight Riders,"Punjab Cricket Association IS Bindra Stadium, Mohali, Chandigarh",Kolkata Knight Riders,field,N,Punjab Kings,Runs,7.0,,Arshdeep Singh,"['P Simran Singh', 'S Dhawan', 'PBB Rajapaksa', 'JM Sharma', 'Sikandar Raza', 'SM Curran', 'M Shahrukh Khan', 'Harpreet Brar', 'RD Chahar', 'Arshdeep Singh', 'NT Ellis', 'R Dhawan']","['Mandeep Singh', 'Rahmanullah Gurbaz', 'AS Roy', 'VR Iyer', 'N Rana', 'RK Singh', 'AD Russell', 'SN Thakur', 'SP Narine', 'TG Southee', 'UT Yadav', 'CV Varun']",BNJ Oxenford,YC Barde
1312203,Lucknow,01-04-2023,2023,3.0,Lucknow Super Giants,Delhi Capitals,"Bharat Ratna Shri Atal Bihari Vajpayee Ekana Cricket Stadium, Lucknow",Delhi Capitals,field,N,Lucknow Super Giants,Runs,50.0,,MA Wood,"['KL Rahul', 'KR Mayers', 'DJ Hooda', 'KH Pandya', 'MP Stoinis', 'N Pooran', 'A Badoni', 'K Gowtham', 'Avesh Khan', 'Ravi Bishnoi', 'JD Unadkat', 'MA Wood']","['KK Ahmed', 'PP Shaw', 'DA Warner', 'MR Marsh', 'SN Khan', 'RR Rossouw', 'R Powell', 'Aman Hakim Khan', 'AR Patel', 'Kuldeep Yadav', 'C Sakariya', 'Mukesh Kumar']",AK Chaudhary,NA Patwardhan
1312204,Hyderabad,02-04-2023,2023,4.0,Rajasthan Royals,Sunrisers Hyderabad,"Rajiv Gandhi International Stadium, Uppal, Hyderabad",Sunrisers Hyderabad,field,N,Rajasthan Royals,Runs,72.0,,JC Buttler,"['NA Saini', 'YBK Jaiswal', 'JC Buttler', 'SV Samson', 'D Padikkal', 'R Parag', 'SO Hetmyer', 'R Ashwin', 'JO Holder', 'TA Boult', 'KM Asif', 'YS Chahal']","['Fazalhaq Farooqi', 'Abhishek Sharma', 'MA Agarwal', 'RA Tripathi', 'HC Brook', 'Washington Sundar', 'GD Phillips', 'Abdul Samad', 'AU Rashid', 'B Kumar', 'Umran Malik', 'T Natarajan']",KN Ananthapadmanabhan,R Pandit
1312205,Bengaluru,02-04-2023,2023,5.0,Mumbai Indians,Royal Challengers Bangalore,"M Chinnaswamy Stadium, Bengaluru",Royal Challengers Bangalore,field,N,Royal Challengers Bangalore,Wickets,8.0,,F du Plessis,"['JP Behrendorff', 'RG Sharma', 'Ishan Kishan', 'C Green', 'SA Yadav', 'Tilak Varma', 'N Wadhera', 'TH David', 'HR Shokeen', 'Arshad Khan', 'PP Chawla', 'JC Archer']","['V Kohli', 'F du Plessis', 'KD Karthik', 'GJ Maxwell', 'MG Bracewell', 'Shahbaz Ahmed', 'HV Patel', 'Akash Deep', 'RJW Topley', 'Mohammed Siraj', 'KV Sharma']",Nitin Menon,Tapan Sharma
1312206,Chennai,03-04-2023,2023,6.0,Chennai Super Kings,Lucknow Super Giants,"MA Chidambaram Stadium, Chepauk, Chennai",Lucknow Super Giants,field,N,Chennai Super Kings,Runs,12.0,,MM Ali,"['TU Deshpande', 'RD Gaikwad', 'DP Conway', 'S Dube', 'MM Ali', 'BA Stokes', 'AT Rayudu', 'RA Jadeja', 'MS Dhoni', 'MJ Santner', 'DL Chahar', 'RS Hangargekar']","['Avesh Khan', 'KL Rahul', 'KR Mayers', 'DJ Hooda', 'KH Pandya', 'MP Stoinis', 'N Pooran', 'A Badoni', 'K Gowtham', 'MA Wood', 'Yash Thakur', 'Ravi Bishnoi']",A Totre,BNJ Oxenford
1312207,Delhi,04-04-2023,2023,7.0,Delhi Capitals,Gujarat Titans,"Arun Jaitley Stadium, Delhi",Gujarat Titans,field,N,Gujarat Titans,Wickets,6.0,,B Sai Sudharsan,"['KK Ahmed', 'DA Warner', 'PP Shaw', 'MR Marsh', 'SN Khan', 'RR Rossouw', 'Abishek Porel', 'AR Patel', 'Aman Hakim Khan', 'Kuldeep Yadav', 'A Nortje', 'Mukesh Kumar']","['J Little', 'WP Saha', 'Shubman Gill', 'B Sai Sudharsan', 'HH Pandya', 'V Shankar', 'DA Miller', 'R Tewatia', 'Rashid Khan', 'AS Joseph', 'Yash Dayal', 'Mohammed Shami']",A Nand Kishore,GR Sadashiv Iyer
1312208,Guwahati,05-04-2023,2023,8.0,Punjab Kings,Rajasthan Royals,"Barsapara Cricket Stadium, Guwahati",Rajasthan Royals,field,N,Punjab Kings,Runs,5.0,,NT Ellis,"['P Simran Singh', 'S Dhawan', 'PBB Rajapaksa', 'JM Sharma', 'Sikandar Raza', 'M Shahrukh Khan', 'SM Curran', 'Harpreet Brar', 'NT Ellis', 'RD Chahar', 'Arshdeep Singh', 'R Dhawan']","['YBK Jaiswal', 'R Ashwin', 'JC Buttler', 'SV Samson', 'D Padikkal', 'R Parag', 'SO Hetmyer', 'Dhruv Jurel', 'JO Holder', 'YS Chahal', 'TA Boult', 'KM Asif']",KN Ananthapadmanabhan,MV Saidharshan Kumar
1312209,Kolkata,06-04-2023,2023,9.0,Kolkata Knight Riders,Royal Challengers Bangalore,"Eden Gardens, Kolkata",Royal Challengers Bangalore,field,N,Kolkata Knight Riders,Runs,81.0,,SN Thakur,"['Suyash Sharma', 'Rahmanullah Gurbaz', 'VR Iyer', 'Mandeep Singh', 'N Rana', 'RK Singh', 'AD Russell', 'SN Thakur', 'SP Narine', 'UT Yadav', 'TG Southee', 'CV Varun']","['Mohammed Siraj', 'V Kohli', 'F du Plessis', 'MG Bracewell', 'GJ Maxwell', 'HV Patel', 'Shahbaz Ahmed', 'KD Karthik', 'Anuj Rawat', 'DJ Willey', 'KV Sharma', 'Akash Deep']",Vinod Seshan,VK Sharma
1312210,Lucknow,07-04-2023,2023,10.0,Sunrisers Hyderabad,Lucknow Super Giants,"Bharat Ratna Shri Atal Bihari Vajpayee Ekana Cricket Stadium, Lucknow",Sunrisers Hyderabad,bat,N,Lucknow Super Giants,Wickets,5.0,,KH Pandya,"['Fazalhaq Farooqi', 'Anmolpreet Singh', 'MA Agarwal', 'RA Tripathi', 'AK Markram', 'HC Brook', 'Washington Sundar', 'Abdul Samad', 'AU Rashid', 'Umran Malik', 'B Kumar', 'T Natarajan']","['A Mishra', 'KR Mayers', 'KL Rahul', 'DJ Hooda', 'KH Pandya', 'MP Stoinis', 'R Shepherd', 'N Pooran', 'Yash Thakur', 'JD Unadkat', 'Ravi Bishnoi', 'A Badoni']",J Madanagopal,YC Barde
1312211,Guwahati,08-04-2023,2023,11.0,Rajasthan Royals,Delhi Capitals,"Barsapara Cricket Stadium, Guwahati",Delhi Capitals,field,N,Rajasthan Royals,Runs,57.0,,YBK Jaiswal,"['M Ashwin', 'YBK Jaiswal', 'JC Buttler', 'SV Samson', 'R Parag', 'SO Hetmyer', 'Dhruv Jurel', 'JO Holder', 'R Ashwin', 'YS Chahal', 'TA Boult', 'Sandeep Sharma']","['KK Ahmed', 'PP Shaw', 'DA Warner', 'MK Pandey', 'RR Rossouw', 'Lalit Yadav', 'AR Patel', 'R Powell', 'Abishek Porel', 'Kuldeep Yadav', 'A Nortje', 'Mukesh Kumar']",Navdeep Singh,MV Saidharshan Kumar
1312212,Mumbai,08-04-2023,2023,12.0,Mumbai Indians,Chennai Super Kings,"Wankhede Stadium, Mumbai",Chennai Super Kings,field,N,Chennai Super Kings,Wickets,7.0,,RA Jadeja,"['K Kartikeya', 'RG Sharma', 'Ishan Kishan', 'C Green', 'SA Yadav', 'Tilak Varma', 'Arshad Khan', 'TH David', 'T Stubbs', 'HR Shokeen', 'PP Chawla', 'JP Behrendorff']","['DL Chahar', 'DP Conway', 'RD Gaikwad', 'AM Rahane', 'S Dube', 'AT Rayudu', 'RA Jadeja', 'MS Dhoni', 'D Pretorius', 'MJ Santner', 'SSB Magala', 'TU Deshpande']",CB Gaffaney,NA Patwardhan
1312213,Ahmedabad,09-04-2023,2023,13.0,Gujarat Titans,Kolkata Knight Riders,"Narendra Modi Stadium, Ahmedabad",Gujarat Titans,bat,N,Kolkata Knight Riders,Wickets,3.0,,RK Singh,"['J Little', 'WP Saha', 'Shubman Gill', 'B Sai Sudharsan', 'A Manohar', 'V Shankar', 'DA Miller', 'R Tewatia', 'Rashid Khan', 'AS Joseph', 'Mohammed Shami', 'Yash Dayal']","['Suyash Sharma', 'Rahmanullah Gurbaz', 'N Jagadeesan', 'VR Iyer', 'N Rana', 'RK Singh', 'AD Russell', 'SP Narine', 'SN Thakur', 'UT Yadav', 'LH Ferguson', 'CV Varun']",Nitin Menon,Tapan Sharma
1312214,Hyderabad,09-04-2023,2023,14.0,Punjab Kings,Sunrisers Hyderabad,"Rajiv Gandhi International Stadium, Uppal, Hyderabad",Sunrisers Hyderabad,field,N,Sunrisers Hyderabad,Wickets,8.0,,S Dhawan,"['P Simran Singh', 'S Dhawan', 'MW Short', 'JM Sharma', 'SM Curran', 'Sikandar Raza', 'M Shahrukh Khan', 'Harpreet Brar', 'RD Chahar', 'NT Ellis', 'Mohit Rathee', 'Arshdeep Singh']","['HC Brook', 'MA Agarwal', 'RA Tripathi', 'AK Markram', 'H Klaasen', 'Washington Sundar', 'M Jansen', 'M Markande', 'B Kumar', 'Umran Malik', 'T Natarajan']",BNJ Oxenford,UV Gandhe
1312215,Bengaluru,10-04-2023,2023,15.0,Royal Challengers Bangalore,Lucknow Super Giants,"M Chinnaswamy Stadium, Bengaluru",Lucknow Super Giants,field,N,Lucknow Super Giants,Wickets,1.0,,N Pooran,"['Anuj Rawat', 'V Kohli', 'F du Plessis', 'GJ Maxwell', 'KD Karthik', 'MK Lomror', 'Shahbaz Ahmed', 'DJ Willey', 'WD Parnell', 'HV Patel', 'Mohammed Siraj', 'KV Sharma']","['A Mishra', 'KR Mayers', 'KL Rahul', 'DJ Hooda', 'KH Pandya', 'MP Stoinis', 'N Pooran', 'A Badoni', 'JD Unadkat', 'MA Wood', 'Ravi Bishnoi', 'Avesh Khan']",AK Chaudhary,A Nand Kishore
1312216,Delhi,11-04-2023,2023,16.0,Delhi Capitals,Mumbai Indians,"Arun Jaitley Stadium, Delhi",Mumbai Indians,field,N,Mumbai Indians,Wickets,6.0,,RG Sharma,"['Mukesh Kumar', 'DA Warner', 'PP Shaw', 'MK Pandey', 'YV Dhull', 'R Powell', 'Lalit Yadav', 'AR Patel', 'Abishek Porel', 'Kuldeep Yadav', 'A Nortje', 'Mustafizur Rahman']","['RP Meredith', 'RG Sharma', 'Ishan Kishan', 'Tilak Varma', 'SA Yadav', 'TH David', 'C Green', 'N Wadhera', 'HR Shokeen', 'Arshad Khan', 'JP Behrendorff', 'PP Chawla']",MA Gough,R Pandit
1312217,Chennai,12-04-2023,2023,17.0,Rajasthan Royals,Chennai Super Kings,"MA Chidambaram Stadium, Chepauk, Chennai",Chennai Super Kings,field,N,Rajasthan Royals,Runs,3.0,,R Ashwin,"['YBK Jaiswal', 'JC Buttler', 'D Padikkal', 'SV Samson', 'R Ashwin', 'SO Hetmyer', 'Dhruv Jurel', 'JO Holder', 'A Zampa', 'KR Sen', 'Sandeep Sharma', 'YS Chahal']","['RD Gaikwad', 'DP Conway', 'AM Rahane', 'S Dube', 'MM Ali', 'AT Rayudu', 'RA Jadeja', 'MS Dhoni', 'SSB Magala', 'TU Deshpande', 'M Theekshana', 'Akash Singh']",Vinod Seshan,VK Sharma
1312218,Chandigarh,13-04-2023,2023,18.0,Punjab Kings,Gujarat Titans,"Punjab Cricket Association IS Bindra Stadium, Mohali, Chandigarh",Gujarat Titans,field,N,Gujarat Titans,Wickets,6.0,,MM Sharma,"['RD Chahar', 'P Simran Singh', 'S Dhawan', 'MW Short', 'PBB Rajapaksa', 'JM Sharma', 'SM Curran', 'M Shahrukh Khan', 'Harpreet Brar', 'R Dhawan', 'K Rabada', 'Arshdeep Singh']","['WP Saha', 'Shubman Gill', 'B Sai Sudharsan', 'HH Pandya', 'DA Miller', 'R Tewatia', 'Rashid Khan', 'AS Joseph', 'Mohammed Shami', 'MM Sharma', 'J Little']",A Totre,J Madanagopal
1312219,Kolkata,14-04-2023,2023,19.0,Sunrisers Hyderabad,Kolkata Knight Riders,"Eden Gardens, Kolkata",Kolkata Knight Riders,field,N,Sunrisers Hyderabad,Runs,23.0,,HC Brook,"['Washington Sundar', 'HC Brook', 'MA Agarwal', 'RA Tripathi', 'AK Markram', 'Abhishek Sharma', 'H Klaasen', 'M Jansen', 'M Markande', 'B Kumar', 'Umran Malik', 'T Natarajan']","['Suyash Sharma', 'Rahmanullah Gurbaz', 'N Jagadeesan', 'VR Iyer', 'SP Narine', 'N Rana', 'AD Russell', 'RK Singh', 'SN Thakur', 'UT Yadav', 'LH Ferguson', 'CV Varun']",CB Gaffaney,GR Sadashiv Iyer
1312220,Bengaluru,15-04-2023,2023,20.0,Royal Challengers Bangalore,Delhi Capitals,"M Chinnaswamy Stadium, Bengaluru",Delhi Capitals,field,N,Royal Challengers Bangalore,Runs,23.0,,V Kohli,"['V Kohli', 'F du Plessis', 'MK Lomror', 'GJ Maxwell', 'HV Patel', 'Shahbaz Ahmed', 'KD Karthik', 'Anuj Rawat', 'PWH de Silva', 'WD Parnell', 'Mohammed Siraj', 'Vijaykumar Vyshak']","['DA Warner', 'PP Shaw', 'MR Marsh', 'YV Dhull', 'MK Pandey', 'Abishek Porel', 'AR Patel', 'Aman Hakim Khan', 'Lalit Yadav', 'A Nortje', 'Kuldeep Yadav', 'Mustafizur Rahman']",KN Ananthapadmanabhan,MV Saidharshan Kumar
1312221,Lucknow,15-04-2023,2023,21.0,Lucknow Super Giants,Punjab Kings,"Bharat Ratna Shri Atal Bihari Vajpayee Ekana Cricket Stadium, Lucknow",Punjab Kings,field,N,Punjab Kings,Wickets,2.0,,Sikandar Raza,"['KL Rahul', 'KR Mayers', 'DJ Hooda', 'KH Pandya', 'N Pooran', 'MP Stoinis', 'A Badoni', 'K Gowtham', 'Yudhvir Singh', 'Ravi Bishnoi', 'Avesh Khan', 'MA Wood']","['Atharva Taide', 'P Simran Singh', 'MW Short', 'Harpreet Singh', 'Sikandar Raza', 'SM Curran', 'JM Sharma', 'M Shahrukh Khan', 'Harpreet Brar', 'K Rabada', 'RD Chahar', 'Arshdeep Singh']",HAS Khalid,VK Sharma
1312222,Mumbai,16-04-2023,2023,22.0,Kolkata Knight Riders,Mumbai Indians,"Wankhede Stadium, Mumbai",Mumbai Indians,field,N,Mumbai Indians,Wickets,5.0,,VR Iyer,"['Suyash Sharma', 'Rahmanullah Gurbaz', 'N Jagadeesan', 'VR Iyer', 'N Rana', 'SN Thakur', 'RK Singh', 'AD Russell', 'SP Narine', 'UT Yadav', 'LH Ferguson', 'CV Varun']","['RP Meredith', 'RG Sharma', 'Ishan Kishan', 'SA Yadav', 'Tilak Varma', 'TH David', 'N Wadhera', 'C Green', 'Arjun Tendulkar', 'HR Shokeen', 'PP Chawla', 'D Jansen']",BNJ Oxenford,UV Gandhe
1312223,Ahmedabad,16-04-2023,2023,23.0,Gujarat Titans,Rajasthan Royals,"Narendra Modi Stadium, Ahmedabad",Rajasthan Royals,field,N,Rajasthan Royals,Wickets,3.0,,SO Hetmyer,"['Noor Ahmad', 'WP Saha', 'Shubman Gill', 'B Sai Sudharsan', 'HH Pandya', 'DA Miller', 'A Manohar', 'R Tewatia', 'Rashid Khan', 'AS Joseph', 'Mohammed Shami', 'MM Sharma']","['YS Chahal', 'YBK Jaiswal', 'JC Buttler', 'D Padikkal', 'SV Samson', 'R Parag', 'SO Hetmyer', 'Dhruv Jurel', 'R Ashwin', 'TA Boult', 'Sandeep Sharma', 'A Zampa']",AK Chaudhary,CB Gaffaney
1312224,Bengaluru,17-04-2023,2023,24.0,Chennai Super Kings,Royal Challengers Bangalore,"M Chinnaswamy Stadium, Bengaluru",Royal Challengers Bangalore,field,N,Chennai Super Kings,Runs,8.0,,DP Conway,"['RD Gaikwad', 'DP Conway', 'AM Rahane', 'S Dube', 'AT Rayudu', 'MM Ali', 'RA Jadeja', 'MS Dhoni', 'TU Deshpande', 'M Theekshana', 'M Pathirana', 'Akash Singh']","['V Kohli', 'F du Plessis', 'MK Lomror', 'GJ Maxwell', 'Shahbaz Ahmed', 'KD Karthik', 'SS Prabhudessai', 'WD Parnell', 'PWH de Silva', 'HV Patel', 'Mohammed Siraj', 'Vijaykumar Vyshak']",KN Ananthapadmanabhan,Navdeep Singh
1312225,Hyderabad,18-04-2023,2023,25.0,Mumbai Indians,Sunrisers Hyderabad,"Rajiv Gandhi International Stadium, Uppal, Hyderabad",Sunrisers Hyderabad,field,N,Mumbai Indians,Runs,14.0,,C Green,"['RP Meredith', 'RG Sharma', 'Ishan Kishan', 'C Green', 'SA Yadav', 'Tilak Varma', 'TH David', 'N Wadhera', 'Arjun Tendulkar', 'HR Shokeen', 'PP Chawla', 'JP Behrendorff']","['T Natarajan', 'HC Brook', 'MA Agarwal', 'RA Tripathi', 'AK Markram', 'Abhishek Sharma', 'H Klaasen', 'Abdul Samad', 'M Jansen', 'Washington Sundar', 'B Kumar', 'M Markande']",Nitin Menon,Vinod Seshan
1312226,Jaipur,19-04-2023,2023,26.0,Lucknow Super Giants,Rajasthan Royals,"Sawai Mansingh Stadium, Jaipur",Rajasthan Royals,field,N,Lucknow Super Giants,Runs,10.0,,MP Stoinis,"['A Mishra', 'KL Rahul', 'KR Mayers', 'A Badoni', 'DJ Hooda', 'MP Stoinis', 'N Pooran', 'KH Pandya', 'Yudhvir Singh', 'Naveen-ul-Haq', 'Ravi Bishnoi', 'Avesh Khan']","['YS Chahal', 'YBK Jaiswal', 'JC Buttler', 'SV Samson', 'D Padikkal', 'SO Hetmyer', 'R Parag', 'Dhruv Jurel', 'R Ashwin', 'JO Holder', 'TA Boult', 'Sandeep Sharma']",J Madanagopal,YC Barde
1312227,Delhi,20-04-2023,2023,28.0,Kolkata Knight Riders,Delhi Capitals,"Arun Jaitley Stadium, Delhi",Delhi Capitals,field,N,Delhi Capitals,Wickets,4.0,,I Sharma,"['JJ Roy', 'Liton Das', 'VR Iyer', 'N Rana', 'Mandeep Singh', 'RK Singh', 'SP Narine', 'AD Russell', 'AS Roy', 'UT Yadav', 'CV Varun', 'K Khejroliya']","['I Sharma', 'DA Warner', 'PP Shaw', 'MR Marsh', 'PD Salt', 'MK Pandey', 'AR Patel', 'Aman Hakim Khan', 'Lalit Yadav', 'Mukesh Kumar', 'Kuldeep Yadav', 'A Nortje']",MA Gough,R Pandit
1312228,Chandigarh,20-04-2023,2023,27.0,Royal Challengers Bangalore,Punjab Kings,"Punjab Cricket Association IS Bindra Stadium, Mohali, Chandigarh",Punjab Kings,field,N,Royal Challengers Bangalore,Runs,24.0,,Mohammed Siraj,"['Vijaykumar Vyshak', 'V Kohli', 'F du Plessis', 'GJ Maxwell', 'KD Karthik', 'MK Lomror', 'Shahbaz Ahmed', 'SS Prabhudessai', 'PWH de Silva', 'HV Patel', 'WD Parnell', 'Mohammed Siraj']","['RD Chahar', 'Atharva Taide', 'P Simran Singh', 'MW Short', 'LS Livingstone', 'Harpreet Singh', 'SM Curran', 'JM Sharma', 'M Shahrukh Khan', 'Harpreet Brar', 'NT Ellis', 'Arshdeep Singh']",AK Chaudhary,GR Sadashiv Iyer
1312229,Chennai,21-04-2023,2023,29.0,Sunrisers Hyderabad,Chennai Super Kings,"MA Chidambaram Stadium, Chepauk, Chennai",Chennai Super Kings,field,N,Chennai Super Kings,Wickets,7.0,,RA Jadeja,"['Mayank Dagar', 'HC Brook', 'Abhishek Sharma', 'RA Tripathi', 'AK Markram', 'H Klaasen', 'MA Agarwal', 'M Jansen', 'Washington Sundar', 'B Kumar', 'M Markande', 'Umran Malik']","['Akash Singh', 'RD Gaikwad', 'DP Conway', 'AM Rahane', 'AT Rayudu', 'MM Ali', 'S Dube', 'RA Jadeja', 'MS Dhoni', 'TU Deshpande', 'M Theekshana', 'M Pathirana']",HAS Khalid,VK Sharma
1312230,Lucknow,22-04-2023,2023,30.0,Gujarat Titans,Lucknow Super Giants,"Bharat Ratna Shri Atal Bihari Vajpayee Ekana Cricket Stadium, Lucknow",Gujarat Titans,bat,N,Gujarat Titans,Runs,7.0,,MM Sharma,"['J Yadav', 'WP Saha', 'Shubman Gill', 'HH Pandya', 'A Manohar', 'V Shankar', 'DA Miller', 'R Tewatia', 'Rashid Khan', 'Mohammed Shami', 'Noor Ahmad', 'MM Sharma']","['A Mishra', 'KL Rahul', 'KR Mayers', 'KH Pandya', 'N Pooran', 'A Badoni', 'MP Stoinis', 'DJ Hooda', 'PN Mankad', 'Ravi Bishnoi', 'Avesh Khan', 'Naveen-ul-Haq']",A Totre,RJ Tucker
1312231,Mumbai,22-04-2023,2023,31.0,Punjab Kings,Mumbai Indians,"Wankhede Stadium, Mumbai",Mumbai Indians,field,N,Punjab Kings,Runs,13.0,,SM Curran,"['NT Ellis', 'MW Short', 'P Simran Singh', 'Atharva Taide', 'LS Livingstone', 'Harpreet Singh', 'SM Curran', 'JM Sharma', 'M Shahrukh Khan', 'Harpreet Brar', 'Arshdeep Singh', 'RD Chahar']","['JP Behrendorff', 'RG Sharma', 'Ishan Kishan', 'C Green', 'SA Yadav', 'TH David', 'Tilak Varma', 'N Wadhera', 'JC Archer', 'Arjun Tendulkar', 'HR Shokeen', 'PP Chawla']",CB Gaffaney,GR Sadashiv Iyer
1312232,Bengaluru,23-04-2023,2023,32.0,Royal Challengers Bangalore,Rajasthan Royals,"M Chinnaswamy Stadium, Bengaluru",Rajasthan Royals,field,N,Royal Challengers Bangalore,Runs,7.0,,GJ Maxwell,"['HV Patel', 'V Kohli', 'F du Plessis', 'Shahbaz Ahmed', 'GJ Maxwell', 'MK Lomror', 'KD Karthik', 'SS Prabhudessai', 'PWH de Silva', 'DJ Willey', 'Vijaykumar Vyshak', 'Mohammed Siraj']","['YBK Jaiswal', 'JC Buttler', 'D Padikkal', 'SV Samson', 'SO Hetmyer', 'Dhruv Jurel', 'R Ashwin', 'Abdul Basith', 'JO Holder', 'TA Boult', 'Sandeep Sharma', 'YS Chahal']",MA Gough,MV Saidharshan Kumar
1312233,Kolkata,23-04-2023,2023,33.0,Chennai Super Kings,Kolkata Knight Riders,"Eden Gardens, Kolkata",Kolkata Knight Riders,field,N,Chennai Super Kings,Runs,49.0,,AM Rahane,"['Akash Singh', 'RD Gaikwad', 'DP Conway', 'AM Rahane', 'S Dube', 'RA Jadeja', 'MS Dhoni', 'MM Ali', 'AT Rayudu', 'M Pathirana', 'TU Deshpande', 'M Theekshana']","['Suyash Sharma', 'N Jagadeesan', 'SP Narine', 'VR Iyer', 'N Rana', 'JJ Roy', 'RK Singh', 'AD Russell', 'D Wiese', 'UT Yadav', 'CV Varun', 'K Khejroliya']",Nitin Menon,Tapan Sharma
1312234,Hyderabad,24-04-2023,2023,34.0,Delhi Capitals,Sunrisers Hyderabad,"Rajiv Gandhi International Stadium, Uppal, Hyderabad",Delhi Capitals,bat,N,Delhi Capitals,Runs,7.0,,AR Patel,"['Mukesh Kumar', 'DA Warner', 'PD Salt', 'MR Marsh', 'SN Khan', 'MK Pandey', 'Aman Hakim Khan', 'AR Patel', 'RV Patel', 'A Nortje', 'Kuldeep Yadav', 'I Sharma']","['T Natarajan', 'HC Brook', 'MA Agarwal', 'RA Tripathi', 'Abhishek Sharma', 'AK Markram', 'H Klaasen', 'Washington Sundar', 'M Jansen', 'M Markande', 'B Kumar', 'Umran Malik']",J Madanagopal,RJ Tucker
1312235,Ahmedabad,25-04-2023,2023,35.0,Gujarat Titans,Mumbai Indians,"Narendra Modi Stadium, Ahmedabad",Mumbai Indians,field,N,Gujarat Titans,Runs,55.0,,A Manohar,"['J Little', 'WP Saha', 'Shubman Gill', 'HH Pandya', 'V Shankar', 'DA Miller', 'A Manohar', 'R Tewatia', 'Rashid Khan', 'MM Sharma', 'Mohammed Shami', 'Noor Ahmad']","['K Kartikeya', 'RG Sharma', 'Ishan Kishan', 'C Green', 'Tilak Varma', 'SA Yadav', 'TH David', 'N Wadhera', 'PP Chawla', 'Arjun Tendulkar', 'JP Behrendorff', 'RP Meredith']",AK Chaudhary,A Nand Kishore
1312236,Bengaluru,26-04-2023,2023,36.0,Kolkata Knight Riders,Royal Challengers Bangalore,"M Chinnaswamy Stadium, Bengaluru",Royal Challengers Bangalore,field,N,Kolkata Knight Riders,Runs,21.0,,CV Varun,"['Suyash Sharma', 'JJ Roy', 'N Jagadeesan', 'VR Iyer', 'N Rana', 'AD Russell', 'RK Singh', 'D Wiese', 'SP Narine', 'VG Arora', 'UT Yadav', 'CV Varun']","['HV Patel', 'V Kohli', 'F du Plessis', 'Shahbaz Ahmed', 'GJ Maxwell', 'MK Lomror', 'KD Karthik', 'SS Prabhudessai', 'PWH de Silva', 'DJ Willey', 'Vijaykumar Vyshak', 'Mohammed Siraj']",KN Ananthapadmanabhan,R Pandit
1312237,Jaipur,27-04-2023,2023,37.0,Rajasthan Royals,Chennai Super Kings,"Sawai Mansingh Stadium, Jaipur",Rajasthan Royals,bat,N,Rajasthan Royals,Runs,32.0,,YBK Jaiswal,"['K Yadav', 'YBK Jaiswal', 'JC Buttler', 'SV Samson', 'SO Hetmyer', 'Dhruv Jurel', 'D Padikkal', 'R Ashwin', 'JO Holder', 'Sandeep Sharma', 'YS Chahal', 'A Zampa']","['Akash Singh', 'RD Gaikwad', 'DP Conway', 'AM Rahane', 'S Dube', 'AT Rayudu', 'MM Ali', 'RA Jadeja', 'MS Dhoni', 'M Pathirana', 'TU Deshpande', 'M Theekshana']",A Totre,YC Barde
1312238,Chandigarh,28-04-2023,2023,38.0,Lucknow Super Giants,Punjab Kings,"Punjab Cricket Association IS Bindra Stadium, Mohali, Chandigarh",Punjab Kings,field,N,Lucknow Super Giants,Runs,56.0,,MP Stoinis,"['A Mishra', 'KL Rahul', 'KR Mayers', 'A Badoni', 'MP Stoinis', 'N Pooran', 'DJ Hooda', 'KH Pandya', 'Naveen-ul-Haq', 'Ravi Bishnoi', 'Avesh Khan', 'Yash Thakur']","['Gurnoor Brar', 'P Simran Singh', 'S Dhawan', 'Atharva Taide', 'Sikandar Raza', 'LS Livingstone', 'SM Curran', 'JM Sharma', 'M Shahrukh Khan', 'RD Chahar', 'K Rabada', 'Arshdeep Singh']",Nitin Menon,Vinod Seshan
1312239,Kolkata,29-04-2023,2023,39.0,Kolkata Knight Riders,Gujarat Titans,"Eden Gardens, Kolkata",Gujarat Titans,field,N,Gujarat Titans,Wickets,7.0,,J Little,"['Suyash Sharma', 'N Jagadeesan', 'Rahmanullah Gurbaz', 'SN Thakur', 'VR Iyer', 'N Rana', 'RK Singh', 'AD Russell', 'D Wiese', 'SP Narine', 'Harshit Rana', 'CV Varun']","['MM Sharma', 'WP Saha', 'Shubman Gill', 'HH Pandya', 'V Shankar', 'DA Miller', 'A Manohar', 'R Tewatia', 'Rashid Khan', 'Noor Ahmad', 'Mohammed Shami', 'J Little']",NA Patwardhan,GR Sadashiv Iyer
1312240,Delhi,29-04-2023,2023,40.0,Sunrisers Hyderabad,Delhi Capitals,"Arun Jaitley Stadium, Delhi",Sunrisers Hyderabad,bat,N,Sunrisers Hyderabad,Runs,9.0,,MR Marsh,"['T Natarajan', 'Abhishek Sharma', 'MA Agarwal', 'RA Tripathi', 'AK Markram', 'HC Brook', 'H Klaasen', 'Abdul Samad', 'AJ Hosein', 'M Markande', 'B Kumar', 'Umran Malik']","['I Sharma', 'DA Warner', 'PD Salt', 'MR Marsh', 'MK Pandey', 'PK Garg', 'SN Khan', 'AR Patel', 'RV Patel', 'Kuldeep Yadav', 'A Nortje', 'Mukesh Kumar']",MA Gough,Navdeep Singh
1312241,Chennai,30-04-2023,2023,41.0,Chennai Super Kings,Punjab Kings,"MA Chidambaram Stadium, Chepauk, Chennai",Chennai Super Kings,bat,N,Punjab Kings,Wickets,4.0,,DP Conway,"['Akash Singh', 'RD Gaikwad', 'DP Conway', 'S Dube', 'MM Ali', 'RA Jadeja', 'MS Dhoni', 'AM Rahane', 'M Pathirana', 'TU Deshpande', 'M Theekshana', 'AT Rayudu']","['K Rabada', 'P Simran Singh', 'S Dhawan', 'Atharva Taide', 'LS Livingstone', 'SM Curran', 'JM Sharma', 'M Shahrukh Khan', 'Sikandar Raza', 'Harpreet Brar', 'RD Chahar', 'Arshdeep Singh']",RJ Tucker,UV Gandhe
1312242,Mumbai,30-04-2023,2023,42.0,Rajasthan Royals,Mumbai Indians,"Wankhede Stadium, Mumbai",Rajasthan Royals,bat,N,Mumbai Indians,Wickets,6.0,,YBK Jaiswal,"['KR Sen', 'YBK Jaiswal', 'JC Buttler', 'SV Samson', 'D Padikkal', 'JO Holder', 'SO Hetmyer', 'Dhruv Jurel', 'R Ashwin', 'TA Boult', 'Sandeep Sharma', 'YS Chahal']","['RG Sharma', 'Ishan Kishan', 'C Green', 'SA Yadav', 'Tilak Varma', 'TH David', 'PP Chawla', 'JC Archer', 'K Kartikeya', 'RP Meredith', 'Arshad Khan']",Vinod Seshan,VK Sharma
1312243,Lucknow,01-05-2023,2023,43.0,Royal Challengers Bangalore,Lucknow Super Giants,"Bharat Ratna Shri Atal Bihari Vajpayee Ekana Cricket Stadium, Lucknow",Royal Challengers Bangalore,bat,N,Royal Challengers Bangalore,Runs,18.0,,F du Plessis,"['V Kohli', 'F du Plessis', 'Anuj Rawat', 'GJ Maxwell', 'SS Prabhudessai', 'KD Karthik', 'MK Lomror', 'PWH de Silva', 'KV Sharma', 'Mohammed Siraj', 'JR Hazlewood', 'HV Patel']","['KR Mayers', 'A Badoni', 'KH Pandya', 'DJ Hooda', 'MP Stoinis', 'N Pooran', 'K Gowtham', 'Ravi Bishnoi', 'A Mishra', 'Naveen-ul-Haq', 'KL Rahul', 'Yash Thakur']",AK Chaudhary,GR Sadashiv Iyer
1312244,Ahmedabad,02-05-2023,2023,44.0,Delhi Capitals,Gujarat Titans,"Narendra Modi Stadium, Ahmedabad",Delhi Capitals,bat,N,Delhi Capitals,Runs,5.0,,Mohammed Shami,"['KK Ahmed', 'PD Salt', 'DA Warner', 'PK Garg', 'RR Rossouw', 'MK Pandey', 'AR Patel', 'Aman Hakim Khan', 'RV Patel', 'A Nortje', 'Kuldeep Yadav', 'I Sharma']","['MM Sharma', 'WP Saha', 'Shubman Gill', 'HH Pandya', 'V Shankar', 'DA Miller', 'A Manohar', 'R Tewatia', 'Rashid Khan', 'Noor Ahmad', 'Mohammed Shami', 'J Little']",MA Gough,R Pandit
1312245,Chandigarh,03-05-2023,2023,46.0,Punjab Kings,Mumbai Indians,"Punjab Cricket Association IS Bindra Stadium, Mohali, Chandigarh",Mumbai Indians,field,N,Mumbai Indians,Wickets,6.0,,Ishan Kishan,"['NT Ellis', 'P Simran Singh', 'S Dhawan', 'MW Short', 'LS Livingstone', 'JM Sharma', 'SM Curran', 'M Shahrukh Khan', 'Harpreet Brar', 'R Dhawan', 'RD Chahar', 'Arshdeep Singh']","['Akash Madhwal', 'RG Sharma', 'Ishan Kishan', 'C Green', 'SA Yadav', 'TH David', 'Tilak Varma', 'N Wadhera', 'PP Chawla', 'JC Archer', 'K Kartikeya', 'Arshad Khan']",J Madanagopal,RJ Tucker
1312246,Lucknow,03-05-2023,2023,45.0,Lucknow Super Giants,Chennai Super Kings,"Bharat Ratna Shri Atal Bihari Vajpayee Ekana Cricket Stadium, Lucknow",Chennai Super Kings,field,N,,,0.0,,,"['M Vohra', 'KR Mayers', 'KS Sharma', 'KH Pandya', 'MP Stoinis', 'N Pooran', 'A Badoni', 'K Gowtham', 'Naveen-ul-Haq', 'Ravi Bishnoi', 'Mohsin Khan']","['AT Rayudu', 'RD Gaikwad', 'DP Conway', 'AM Rahane', 'MM Ali', 'S Dube', 'RA Jadeja', 'MS Dhoni', 'M Pathirana', 'TU Deshpande', 'M Theekshana', 'DL Chahar']",AK Chaudhary,NA Patwardhan
1312247,Hyderabad,04-05-2023,2023,47.0,Kolkata Knight Riders,Sunrisers Hyderabad,"Rajiv Gandhi International Stadium, Uppal, Hyderabad",Kolkata Knight Riders,bat,N,Kolkata Knight Riders,Runs,5.0,,CV Varun,"['JJ Roy', 'Rahmanullah Gurbaz', 'VR Iyer', 'N Rana', 'RK Singh', 'AD Russell', 'SP Narine', 'SN Thakur', 'AS Roy', 'Harshit Rana', 'VG Arora', 'CV Varun']","['T Natarajan', 'Abhishek Sharma', 'MA Agarwal', 'RA Tripathi', 'AK Markram', 'HC Brook', 'H Klaasen', 'Abdul Samad', 'M Jansen', 'B Kumar', 'M Markande', 'Kartik Tyagi']",KN Ananthapadmanabhan,MA Gough
1312248,Jaipur,05-05-2023,2023,48.0,Rajasthan Royals,Gujarat Titans,"Sawai Mansingh Stadium, Jaipur",Rajasthan Royals,bat,N,Gujarat Titans,Wickets,9.0,,Rashid Khan,"['YBK Jaiswal', 'JC Buttler', 'SV Samson', 'D Padikkal', 'R Ashwin', 'R Parag', 'SO Hetmyer', 'Dhruv Jurel', 'TA Boult', 'A Zampa', 'Sandeep Sharma', 'YS Chahal']","['MM Sharma', 'WP Saha', 'Shubman Gill', 'HH Pandya', 'Rashid Khan', 'DA Miller', 'V Shankar', 'R Tewatia', 'A Manohar', 'Noor Ahmad', 'Mohammed Shami', 'J Little']",HAS Khalid,VK Sharma
1312249,Chennai,06-05-2023,2023,49.0,Mumbai Indians,Chennai Super Kings,"MA Chidambaram Stadium, Chepauk, Chennai",Chennai Super Kings,field,N,Chennai Super Kings,Wickets,6.0,,M Pathirana,"['R Goyal', 'C Green', 'Ishan Kishan', 'RG Sharma', 'N Wadhera', 'SA Yadav', 'T Stubbs', 'TH David', 'Arshad Khan', 'JC Archer', 'PP Chawla', 'Akash Madhwal']","['M Theekshana', 'RD Gaikwad', 'DP Conway', 'AM Rahane', 'AT Rayudu', 'S Dube', 'MS Dhoni', 'MM Ali', 'RA Jadeja', 'DL Chahar', 'M Pathirana', 'TU Deshpande']",BNJ Oxenford,Navdeep Singh
1312250,Delhi,06-05-2023,2023,50.0,Royal Challengers Bangalore,Delhi Capitals,"Arun Jaitley Stadium, Delhi",Royal Challengers Bangalore,bat,N,Delhi Capitals,Wickets,7.0,,PD Salt,"['HV Patel', 'V Kohli', 'F du Plessis', 'GJ Maxwell', 'MK Lomror', 'KD Karthik', 'Anuj Rawat', 'KM Jadhav', 'PWH de Silva', 'KV Sharma', 'Mohammed Siraj', 'JR Hazlewood']","['I Sharma', 'DA Warner', 'PD Salt', 'MR Marsh', 'RR Rossouw', 'AR Patel', 'Aman Hakim Khan', 'MK Pandey', 'Kuldeep Yadav', 'Mukesh Kumar', 'KK Ahmed', 'RV Patel']",RJ Tucker,YC Barde
1312251,Ahmedabad,07-05-2023,2023,51.0,Gujarat Titans,Lucknow Super Giants,"Narendra Modi Stadium, Ahmedabad",Lucknow Super Giants,field,N,Gujarat Titans,Runs,56.0,,Shubman Gill,"['AS Joseph', 'WP Saha', 'Shubman Gill', 'HH Pandya', 'DA Miller', 'V Shankar', 'Rashid Khan', 'R Tewatia', 'A Manohar', 'MM Sharma', 'Mohammed Shami', 'Noor Ahmad']","['Yash Thakur', 'KR Mayers', 'Q de Kock', 'DJ Hooda', 'MP Stoinis', 'N Pooran', 'A Badoni', 'Swapnil Singh', 'KH Pandya', 'Ravi Bishnoi', 'Mohsin Khan', 'Avesh Khan']",AK Chaudhary,A Nand Kishore
1312252,Jaipur,07-05-2023,2023,52.0,Rajasthan Royals,Sunrisers Hyderabad,"Sawai Mansingh Stadium, Jaipur",Rajasthan Royals,bat,N,Sunrisers Hyderabad,Wickets,4.0,,GD Phillips,"['OC McCoy', 'YBK Jaiswal', 'JC Buttler', 'SV Samson', 'SO Hetmyer', 'JE Root', 'Dhruv Jurel', 'R Ashwin', 'Sandeep Sharma', 'M Ashwin', 'K Yadav', 'YS Chahal']","['T Natarajan', 'Anmolpreet Singh', 'Abhishek Sharma', 'RA Tripathi', 'H Klaasen', 'AK Markram', 'GD Phillips', 'Abdul Samad', 'M Jansen', 'Vivrant Sharma', 'M Markande', 'B Kumar']",Nitin Menon,Vinod Seshan
1312253,Kolkata,08-05-2023,2023,53.0,Punjab Kings,Kolkata Knight Riders,"Eden Gardens, Kolkata",Punjab Kings,bat,N,Kolkata Knight Riders,Wickets,5.0,,AD Russell,"['NT Ellis', 'P Simran Singh', 'S Dhawan', 'PBB Rajapaksa', 'LS Livingstone', 'JM Sharma', 'SM Curran', 'R Dhawan', 'M Shahrukh Khan', 'Harpreet Brar', 'RD Chahar', 'Arshdeep Singh']","['Suyash Sharma', 'JJ Roy', 'Rahmanullah Gurbaz', 'N Rana', 'VR Iyer', 'AD Russell', 'RK Singh', 'SN Thakur', 'SP Narine', 'Harshit Rana', 'VG Arora', 'CV Varun']",A Totre,J Madanagopal
1312254,Mumbai,09-05-2023,2023,54.0,Royal Challengers Bangalore,Mumbai Indians,"Wankhede Stadium, Mumbai",Mumbai Indians,field,N,Mumbai Indians,Wickets,6.0,,SA Yadav,"['V Kohli', 'F du Plessis', 'Anuj Rawat', 'GJ Maxwell', 'MK Lomror', 'KD Karthik', 'KM Jadhav', 'PWH de Silva', 'JR Hazlewood', 'Mohammed Siraj', 'Vijaykumar Vyshak', 'HV Patel']","['Ishan Kishan', 'RG Sharma', 'SA Yadav', 'N Wadhera', 'TH David', 'C Green', 'CJ Jordan', 'PP Chawla', 'JP Behrendorff', 'K Kartikeya', 'Akash Madhwal']",HAS Khalid,VK Sharma
1312255,Chennai,10-05-2023,2023,55.0,Chennai Super Kings,Delhi Capitals,"MA Chidambaram Stadium, Chepauk, Chennai",Chennai Super Kings,bat,N,Chennai Super Kings,Runs,27.0,,RA Jadeja,"['M Pathirana', 'RD Gaikwad', 'DP Conway', 'AM Rahane', 'MM Ali', 'S Dube', 'AT Rayudu', 'RA Jadeja', 'MS Dhoni', 'DL Chahar', 'TU Deshpande', 'M Theekshana']","['KK Ahmed', 'DA Warner', 'PD Salt', 'MR Marsh', 'MK Pandey', 'RR Rossouw', 'RV Patel', 'AR Patel', 'Aman Hakim Khan', 'Lalit Yadav', 'Kuldeep Yadav', 'I Sharma']",CB Gaffaney,NA Patwardhan
1312256,Kolkata,11-05-2023,2023,56.0,Kolkata Knight Riders,Rajasthan Royals,"Eden Gardens, Kolkata",Rajasthan Royals,field,N,Rajasthan Royals,Wickets,9.0,,YBK Jaiswal,"['Suyash Sharma', 'JJ Roy', 'Rahmanullah Gurbaz', 'VR Iyer', 'N Rana', 'AD Russell', 'RK Singh', 'SN Thakur', 'AS Roy', 'SP Narine', 'Harshit Rana', 'CV Varun']","['YBK Jaiswal', 'JC Buttler', 'SV Samson', 'JE Root', 'Dhruv Jurel', 'SO Hetmyer', 'R Ashwin', 'Sandeep Sharma', 'KM Asif', 'TA Boult', 'YS Chahal']",RJ Tucker,MV Saidharshan Kumar
1312257,Mumbai,12-05-2023,2023,57.0,Mumbai Indians,Gujarat Titans,"Wankhede Stadium, Mumbai",Gujarat Titans,field,N,Mumbai Indians,Runs,27.0,,SA Yadav,"['Akash Madhwal', 'Ishan Kishan', 'RG Sharma', 'SA Yadav', 'N Wadhera', 'Vishnu Vinod', 'TH David', 'C Green', 'CJ Jordan', 'PP Chawla', 'JP Behrendorff', 'K Kartikeya']","['MM Sharma', 'WP Saha', 'Shubman Gill', 'HH Pandya', 'V Shankar', 'DA Miller', 'A Manohar', 'R Tewatia', 'Rashid Khan', 'Noor Ahmad', 'AS Joseph', 'Mohammed Shami']",Nitin Menon,Tapan Sharma
1312258,Hyderabad,13-05-2023,2023,58.0,Sunrisers Hyderabad,Lucknow Super Giants,"Rajiv Gandhi International Stadium, Uppal, Hyderabad",Sunrisers Hyderabad,bat,N,Lucknow Super Giants,Wickets,7.0,,PN Mankad,"['Vivrant Sharma', 'Anmolpreet Singh', 'Abhishek Sharma', 'RA Tripathi', 'AK Markram', 'H Klaasen', 'GD Phillips', 'Abdul Samad', 'B Kumar', 'T Natarajan', 'M Markande', 'Fazalhaq Farooqi']","['A Mishra', 'KR Mayers', 'Q de Kock', 'PN Mankad', 'MP Stoinis', 'N Pooran', 'KH Pandya', 'Yash Thakur', 'Ravi Bishnoi', 'Yudhvir Singh', 'Avesh Khan', 'A Badoni']",A Totre,J Madanagopal
1312259,Delhi,13-05-2023,2023,59.0,Punjab Kings,Delhi Capitals,"Arun Jaitley Stadium, Delhi",Delhi Capitals,field,N,Punjab Kings,Runs,31.0,,P Simran Singh,"['NT Ellis', 'P Simran Singh', 'S Dhawan', 'LS Livingstone', 'JM Sharma', 'SM Curran', 'Harpreet Brar', 'M Shahrukh Khan', 'Sikandar Raza', 'R Dhawan', 'RD Chahar', 'Arshdeep Singh']","['KK Ahmed', 'DA Warner', 'PD Salt', 'MR Marsh', 'RR Rossouw', 'AR Patel', 'MK Pandey', 'Aman Hakim Khan', 'P Dubey', 'Kuldeep Yadav', 'Mukesh Kumar', 'I Sharma']",CB Gaffaney,NA Patwardhan
1312260,Jaipur,14-05-2023,2023,60.0,Royal Challengers Bangalore,Rajasthan Royals,"Sawai Mansingh Stadium, Jaipur",Royal Challengers Bangalore,bat,N,Royal Challengers Bangalore,Runs,112.0,,WD Parnell,"['Shahbaz Ahmed', 'V Kohli', 'F du Plessis', 'GJ Maxwell', 'MK Lomror', 'KD Karthik', 'MG Bracewell', 'Anuj Rawat', 'WD Parnell', 'KV Sharma', 'HV Patel', 'Mohammed Siraj']","['YS Chahal', 'YBK Jaiswal', 'JC Buttler', 'SV Samson', 'JE Root', 'D Padikkal', 'SO Hetmyer', 'Dhruv Jurel', 'R Ashwin', 'A Zampa', 'Sandeep Sharma', 'KM Asif']",KN Ananthapadmanabhan,Navdeep Singh
1312261,Chennai,14-05-2023,2023,61.0,Chennai Super Kings,Kolkata Knight Riders,"MA Chidambaram Stadium, Chepauk, Chennai",Chennai Super Kings,bat,N,Kolkata Knight Riders,Wickets,6.0,,RK Singh,"['M Pathirana', 'RD Gaikwad', 'DP Conway', 'AM Rahane', 'AT Rayudu', 'S Dube', 'MM Ali', 'RA Jadeja', 'MS Dhoni', 'DL Chahar', 'TU Deshpande', 'M Theekshana']","['Suyash Sharma', 'JJ Roy', 'Rahmanullah Gurbaz', 'VR Iyer', 'N Rana', 'RK Singh', 'AD Russell', 'SN Thakur', 'SP Narine', 'VG Arora', 'Harshit Rana', 'CV Varun']",Tapan Sharma,Vinod Seshan
1312262,Ahmedabad,15-05-2023,2023,62.0,Gujarat Titans,Sunrisers Hyderabad,"Narendra Modi Stadium, Ahmedabad",Sunrisers Hyderabad,field,N,Gujarat Titans,Runs,34.0,,Shubman Gill,"['Yash Dayal', 'WP Saha', 'Shubman Gill', 'B Sai Sudharsan', 'HH Pandya', 'DA Miller', 'R Tewatia', 'MD Shanaka', 'Rashid Khan', 'Noor Ahmad', 'Mohammed Shami', 'MM Sharma']","['T Natarajan', 'Anmolpreet Singh', 'Abhishek Sharma', 'AK Markram', 'RA Tripathi', 'H Klaasen', 'Sanvir Singh', 'Abdul Samad', 'M Jansen', 'B Kumar', 'M Markande', 'Fazalhaq Farooqi']",J Madanagopal,UV Gandhe
1312263,Lucknow,16-05-2023,2023,63.0,Lucknow Super Giants,Mumbai Indians,"Bharat Ratna Shri Atal Bihari Vajpayee Ekana Cricket Stadium, Lucknow",Mumbai Indians,field,N,Lucknow Super Giants,Runs,5.0,,MP Stoinis,"['Yash Thakur', 'DJ Hooda', 'Q de Kock', 'PN Mankad', 'KH Pandya', 'MP Stoinis', 'N Pooran', 'A Badoni', 'Naveen-ul-Haq', 'Ravi Bishnoi', 'Swapnil Singh', 'Mohsin Khan']","['Akash Madhwal', 'Ishan Kishan', 'RG Sharma', 'SA Yadav', 'N Wadhera', 'TH David', 'Vishnu Vinod', 'C Green', 'CJ Jordan', 'HR Shokeen', 'PP Chawla', 'JP Behrendorff']",AK Chaudhary,A Nand Kishore
1312264,Dharamsala,17-05-2023,2023,64.0,Delhi Capitals,Punjab Kings,"Himachal Pradesh Cricket Association Stadium, Dharamsala",Punjab Kings,field,N,Delhi Capitals,Runs,15.0,,RR Rossouw,"['Mukesh Kumar', 'DA Warner', 'PP Shaw', 'RR Rossouw', 'PD Salt', 'AR Patel', 'Aman Hakim Khan', 'YV Dhull', 'Kuldeep Yadav', 'A Nortje', 'I Sharma', 'KK Ahmed']","['NT Ellis', 'P Simran Singh', 'S Dhawan', 'Atharva Taide', 'LS Livingstone', 'JM Sharma', 'M Shahrukh Khan', 'SM Curran', 'Harpreet Brar', 'RD Chahar', 'K Rabada', 'Arshdeep Singh']",KN Ananthapadmanabhan,MV Saidharshan Kumar
1312265,Hyderabad,18-05-2023,2023,65.0,Sunrisers Hyderabad,Royal Challengers Bangalore,"Rajiv Gandhi International Stadium, Uppal, Hyderabad",Royal Challengers Bangalore,field,N,Royal Challengers Bangalore,Wickets,8.0,,V Kohli,"['T Natarajan', 'Abhishek Sharma', 'RA Tripathi', 'AK Markram', 'H Klaasen', 'HC Brook', 'GD Phillips', 'Abdul Samad', 'B Kumar', 'Kartik Tyagi', 'Mayank Dagar', 'Nithish Kumar Reddy']","['V Kohli', 'F du Plessis', 'GJ Maxwell', 'MG Bracewell', 'MK Lomror', 'Anuj Rawat', 'Shahbaz Ahmed', 'HV Patel', 'WD Parnell', 'KV Sharma', 'Mohammed Siraj']",BNJ Oxenford,VK Sharma
1312266,Dharamsala,19-05-2023,2023,66.0,Punjab Kings,Rajasthan Royals,"Himachal Pradesh Cricket Association Stadium, Dharamsala",Rajasthan Royals,field,N,Rajasthan Royals,Wickets,4.0,,D Padikkal,"['NT Ellis', 'P Simran Singh', 'S Dhawan', 'Atharva Taide', 'LS Livingstone', 'SM Curran', 'JM Sharma', 'M Shahrukh Khan', 'Harpreet Brar', 'RD Chahar', 'K Rabada', 'Arshdeep Singh']","['YS Chahal', 'YBK Jaiswal', 'JC Buttler', 'D Padikkal', 'SV Samson', 'SO Hetmyer', 'R Parag', 'Dhruv Jurel', 'TA Boult', 'A Zampa', 'Navdeep Saini', 'Sandeep Sharma']",A Nand Kishore,RJ Tucker
1312267,Delhi,20-05-2023,2023,67.0,Chennai Super Kings,Delhi Capitals,"Arun Jaitley Stadium, Delhi",Chennai Super Kings,bat,N,Chennai Super Kings,Runs,77.0,,RD Gaikwad,"['M Pathirana', 'RD Gaikwad', 'DP Conway', 'S Dube', 'MS Dhoni', 'RA Jadeja', 'AM Rahane', 'MM Ali', 'AT Rayudu', 'DL Chahar', 'TU Deshpande', 'M Theekshana']","['KK Ahmed', 'PP Shaw', 'DA Warner', 'PD Salt', 'RR Rossouw', 'YV Dhull', 'AR Patel', 'Aman Hakim Khan', 'Lalit Yadav', 'A Nortje', 'Kuldeep Yadav', 'C Sakariya']",CB Gaffaney,NA Patwardhan
1312268,Kolkata,20-05-2023,2023,68.0,Lucknow Super Giants,Kolkata Knight Riders,"Eden Gardens, Kolkata",Kolkata Knight Riders,field,N,Lucknow Super Giants,Runs,1.0,,N Pooran,"['Yash Thakur', 'KS Sharma', 'Q de Kock', 'PN Mankad', 'MP Stoinis', 'KH Pandya', 'A Badoni', 'N Pooran', 'K Gowtham', 'Ravi Bishnoi', 'Naveen-ul-Haq', 'Mohsin Khan']","['Harshit Rana', 'JJ Roy', 'VR Iyer', 'N Rana', 'Rahmanullah Gurbaz', 'RK Singh', 'AD Russell', 'SN Thakur', 'SP Narine', 'VG Arora', 'CV Varun', 'Suyash Sharma']",J Madanagopal,UV Gandhe
1312269,Mumbai,21-05-2023,2023,69.0,Sunrisers Hyderabad,Mumbai Indians,"Wankhede Stadium, Mumbai",Mumbai Indians,field,N,Mumbai Indians,Wickets,8.0,,C Green,"['Kartik Tyagi', 'Vivrant Sharma', 'MA Agarwal', 'H Klaasen', 'GD Phillips', 'AK Markram', 'HC Brook', 'Sanvir Singh', 'Nithish Kumar Reddy', 'Mayank Dagar', 'B Kumar', 'Umran Malik']","['Ishan Kishan', 'RG Sharma', 'C Green', 'SA Yadav', 'TH David', 'N Wadhera', 'CJ Jordan', 'PP Chawla', 'JP Behrendorff', 'K Kartikeya', 'Akash Madhwal']",KN Ananthapadmanabhan,RJ Tucker
1312270,Bengaluru,21-05-2023,2023,70.0,Royal Challengers Bangalore,Gujarat Titans,"M Chinnaswamy Stadium, Bengaluru",Gujarat Titans,field,N,Gujarat Titans,Wickets,6.0,,Shubman Gill,"['H Sharma', 'V Kohli', 'F du Plessis', 'GJ Maxwell', 'MK Lomror', 'MG Bracewell', 'KD Karthik', 'Anuj Rawat', 'HV Patel', 'WD Parnell', 'Vijaykumar Vyshak', 'Mohammed Siraj']","['Yash Dayal', 'WP Saha', 'Shubman Gill', 'V Shankar', 'MD Shanaka', 'DA Miller', 'R Tewatia', 'HH Pandya', 'Rashid Khan', 'Noor Ahmad', 'Mohammed Shami', 'MM Sharma']",Nitin Menon,VK Sharma
1312271,Chennai,23-05-2023,2023,,Chennai Super Kings,Gujarat Titans,"MA Chidambaram Stadium, Chepauk, Chennai",Gujarat Titans,field,N,Chennai Super Kings,Runs,15.0,,RD Gaikwad,"['M Pathirana', 'RD Gaikwad', 'DP Conway', 'S Dube', 'AM Rahane', 'AT Rayudu', 'RA Jadeja', 'MS Dhoni', 'MM Ali', 'DL Chahar', 'TU Deshpande', 'M Theekshana']","['MM Sharma', 'WP Saha', 'Shubman Gill', 'HH Pandya', 'MD Shanaka', 'DA Miller', 'V Shankar', 'R Tewatia', 'Rashid Khan', 'DG Nalkande', 'Noor Ahmad', 'Mohammed Shami']",AK Chaudhary,CB Gaffaney
1312272,Chennai,24-05-2023,2023,,Mumbai Indians,Lucknow Super Giants,"MA Chidambaram Stadium, Chepauk, Chennai",Mumbai Indians,bat,N,Mumbai Indians,Runs,81.0,,Akash Madhwal,"['Ishan Kishan', 'RG Sharma', 'C Green', 'SA Yadav', 'Tilak Varma', 'TH David', 'N Wadhera', 'CJ Jordan', 'HR Shokeen', 'PP Chawla', 'JP Behrendorff', 'Akash Madhwal']","['Yash Thakur', 'KR Mayers', 'PN Mankad', 'KH Pandya', 'MP Stoinis', 'A Badoni', 'N Pooran', 'DJ Hooda', 'K Gowtham', 'Ravi Bishnoi', 'Naveen-ul-Haq', 'Mohsin Khan']",BNJ Oxenford,VK Sharma
1312273,Ahmedabad,26-05-2023,2023,,Gujarat Titans,Mumbai Indians,"Narendra Modi Stadium, Ahmedabad",Mumbai Indians,field,N,Gujarat Titans,Runs,62.0,,Shubman Gill,"['J Little', 'WP Saha', 'Shubman Gill', 'B Sai Sudharsan', 'HH Pandya', 'Rashid Khan', 'DA Miller', 'R Tewatia', 'V Shankar', 'Noor Ahmad', 'Mohammed Shami', 'MM Sharma']","['Ishan Kishan', 'Akash Madhwal', 'RG Sharma', 'N Wadhera', 'C Green', 'SA Yadav', 'Tilak Varma', 'Vishnu Vinod', 'TH David', 'CJ Jordan', 'PP Chawla', 'K Kartikeya', 'JP Behrendorff']",Nitin Menon,RJ Tucker
1312274,Ahmedabad,29-05-2023,2023,,Gujarat Titans,Chennai Super Kings,"Narendra Modi Stadium, Ahmedabad",Chennai Super Kings,field,N,Chennai Super Kings,Wickets,5.0,,DP Conway,"['WP Saha', 'Shubman Gill', 'B Sai Sudharsan', 'HH Pandya', 'Rashid Khan', 'V Shankar', 'DA Miller', 'R Tewatia', 'MM Sharma', 'Noor Ahmad', 'Mohammed Shami', 'J Little']","['RD Gaikwad', 'DP Conway', 'S Dube', 'AM Rahane', 'AT Rayudu', 'MS Dhoni', 'RA Jadeja', 'MM Ali', 'DL Chahar', 'M Pathirana', 'TU Deshpande', 'M Theekshana']",Nitin Menon,RJ Tucker
1312275,Chennai,22-03-2024,2024,1.0,Royal Challengers Bengaluru,Chennai Super Kings,"MA Chidambaram Stadium, Chepauk, Chennai",Royal Challengers Bengaluru,bat,N,Chennai Super Kings,Wickets,6.0,,Mustafizur Rahman,"['V Kohli', 'F du Plessis', 'RM Patidar', 'GJ Maxwell', 'C Green', 'Anuj Rawat', 'KD Karthik', 'KV Sharma', 'AS Joseph', 'Mayank Dagar', 'Mohammed Siraj', 'Yash Dayal']","['RD Gaikwad', 'R Ravindra', 'AM Rahane', 'DJ Mitchell', 'S Dube', 'RA Jadeja', 'Sameer Rizvi', 'MS Dhoni', 'DL Chahar', 'M Theekshana', 'TU Deshpande', 'Mustafizur Rahman']",HAS Khalid,VK Sharma
1312276,Mohali,23-03-2024,2024,2.0,Delhi Capitals,Punjab Kings,"Maharaja Yadavindra Singh International Cricket Stadium, Mullanpur",Punjab Kings,field,N,Punjab Kings,Wickets,4.0,,SM Curran,"['DA Warner', 'MR Marsh', 'SD Hope', 'RR Pant', 'RK Bhui', 'T Stubbs', 'AR Patel', 'Sumit Kumar', 'Abishek Porel', 'Kuldeep Yadav', 'KK Ahmed', 'I Sharma']","['Arshdeep Singh', 'S Dhawan', 'JM Bairstow', 'P Simran Singh', 'SM Curran', 'JM Sharma', 'LS Livingstone', 'Shashank Singh', 'Harpreet Brar', 'HV Patel', 'K Rabada', 'RD Chahar']",J Madanagopal,NA Patwardhan
1312277,Kolkata,23-03-2024,2024,3.0,Kolkata Knight Riders,Sunrisers Hyderabad,"Eden Gardens, Kolkata",Sunrisers Hyderabad,field,N,Kolkata Knight Riders,Runs,4.0,,AD Russell,"['Suyash Sharma', 'PD Salt', 'SP Narine', 'VR Iyer', 'SS Iyer', 'N Rana', 'Ramandeep Singh', 'RK Singh', 'AD Russell', 'MA Starc', 'Harshit Rana', 'CV Varun']","['T Natarajan', 'MA Agarwal', 'Abhishek Sharma', 'RA Tripathi', 'AK Markram', 'H Klaasen', 'Abdul Samad', 'Shahbaz Ahmed', 'M Jansen', 'PJ Cummins', 'B Kumar', 'M Markande']",R Pandit,YC Barde
1312278,Jaipur,24-03-2024,2024,4.0,Rajasthan Royals,Lucknow Super Giants,"Sawai Mansingh Stadium, Jaipur",Rajasthan Royals,bat,N,Rajasthan Royals,Runs,20.0,,SV Samson,"['YBK Jaiswal', 'JC Buttler', 'SV Samson', 'R Parag', 'SO Hetmyer', 'Dhruv Jurel', 'R Ashwin', 'Sandeep Sharma', 'YS Chahal', 'Avesh Khan', 'TA Boult', 'N Burger']","['Q de Kock', 'KL Rahul', 'D Padikkal', 'A Badoni', 'DJ Hooda', 'N Pooran', 'MP Stoinis', 'KH Pandya', 'Ravi Bishnoi', 'Mohsin Khan', 'Naveen-ul-Haq', 'Yash Thakur']",A Totre,HDPK Dharmasena
1312279,Ahmedabad,24-03-2024,2024,5.0,Gujarat Titans,Mumbai Indians,"Narendra Modi Stadium, Ahmedabad",Mumbai Indians,field,N,Gujarat Titans,Runs,6.0,,B Sai Sudharsan,"['MM Sharma', 'WP Saha', 'Shubman Gill', 'B Sai Sudharsan', 'Azmatullah Omarzai', 'DA Miller', 'V Shankar', 'R Tewatia', 'Rashid Khan', 'UT Yadav', 'R Sai Kishore', 'SH Johnson']","['L Wood', 'Ishan Kishan', 'RG Sharma', 'Naman Dhir', 'D Brevis', 'Tilak Varma', 'TH David', 'HH Pandya', 'G Coetzee', 'SZ Mulani', 'PP Chawla', 'JJ Bumrah']",VA Kulkarni,VK Sharma
1312280,Bengaluru,25-03-2024,2024,6.0,Punjab Kings,Royal Challengers Bengaluru,"M Chinnaswamy Stadium, Bengaluru",Royal Challengers Bengaluru,field,N,Royal Challengers Bengaluru,Wickets,4.0,,V Kohli,"['Arshdeep Singh', 'S Dhawan', 'JM Bairstow', 'P Simran Singh', 'LS Livingstone', 'SM Curran', 'JM Sharma', 'Shashank Singh', 'Harpreet Brar', 'HV Patel', 'K Rabada', 'RD Chahar']","['Yash Dayal', 'V Kohli', 'F du Plessis', 'C Green', 'RM Patidar', 'GJ Maxwell', 'Anuj Rawat', 'KD Karthik', 'MK Lomror', 'AS Joseph', 'Mayank Dagar', 'Mohammed Siraj']",AK Chaudhary,MV Saidharshan Kumar
1312281,Chennai,26-03-2024,2024,7.0,Chennai Super Kings,Gujarat Titans,"MA Chidambaram Stadium, Chepauk, Chennai",Gujarat Titans,field,N,Chennai Super Kings,Runs,63.0,,S Dube,"['M Pathirana', 'RD Gaikwad', 'R Ravindra', 'AM Rahane', 'S Dube', 'DJ Mitchell', 'Sameer Rizvi', 'RA Jadeja', 'MS Dhoni', 'DL Chahar', 'TU Deshpande', 'Mustafizur Rahman']","['MM Sharma', 'WP Saha', 'Shubman Gill', 'B Sai Sudharsan', 'V Shankar', 'DA Miller', 'Azmatullah Omarzai', 'R Tewatia', 'Rashid Khan', 'UT Yadav', 'SH Johnson', 'R Sai Kishore']",AG Wharf,Tapan Sharma
1312282,Hyderabad,27-03-2024,2024,8.0,Sunrisers Hyderabad,Mumbai Indians,"Rajiv Gandhi International Stadium, Uppal, Hyderabad",Mumbai Indians,field,N,Sunrisers Hyderabad,Runs,31.0,,Abhishek Sharma,"['Umran Malik', 'MA Agarwal', 'TM Head', 'Abhishek Sharma', 'AK Markram', 'H Klaasen', 'Abdul Samad', 'Shahbaz Ahmed', 'PJ Cummins', 'B Kumar', 'M Markande', 'JD Unadkat']","['KT Maphaka', 'RG Sharma', 'Ishan Kishan', 'Naman Dhir', 'Tilak Varma', 'HH Pandya', 'TH David', 'R Shepherd', 'G Coetzee', 'JJ Bumrah', 'PP Chawla', 'SZ Mulani']",KN Ananthapadmanabhan,UV Gandhe
1312283,Jaipur,28-03-2024,2024,9.0,Rajasthan Royals,Delhi Capitals,"Sawai Mansingh Stadium, Jaipur",Delhi Capitals,field,N,Rajasthan Royals,Runs,12.0,,R Parag,"['N Burger', 'YBK Jaiswal', 'JC Buttler', 'SV Samson', 'R Parag', 'R Ashwin', 'Dhruv Jurel', 'SO Hetmyer', 'TA Boult', 'Avesh Khan', 'Sandeep Sharma', 'YS Chahal']","['KK Ahmed', 'DA Warner', 'MR Marsh', 'RK Bhui', 'RR Pant', 'T Stubbs', 'Abishek Porel', 'AR Patel', 'Sumit Kumar', 'Kuldeep Yadav', 'A Nortje', 'Mukesh Kumar']",A Nand Kishore,Nitin Menon
1312284,Bengaluru,29-03-2024,2024,10.0,Royal Challengers Bengaluru,Kolkata Knight Riders,"M Chinnaswamy Stadium, Bengaluru",Kolkata Knight Riders,field,N,Kolkata Knight Riders,Wickets,7.0,,SP Narine,"['Vijaykumar Vyshak', 'V Kohli', 'F du Plessis', 'C Green', 'GJ Maxwell', 'RM Patidar', 'Anuj Rawat', 'KD Karthik', 'AS Joseph', 'Mayank Dagar', 'Mohammed Siraj', 'Yash Dayal']","['CV Varun', 'PD Salt', 'SP Narine', 'VR Iyer', 'SS Iyer', 'RK Singh', 'AD Russell', 'Ramandeep Singh', 'MA Starc', 'AS Roy', 'Harshit Rana', 'A Raghuvanshi']",AK Chaudhary,R Pandit
1312285,Lucknow,30-03-2024,2024,11.0,Lucknow Super Giants,Punjab Kings,"Bharat Ratna Shri Atal Bihari Vajpayee Ekana Cricket Stadium, Lucknow",Lucknow Super Giants,bat,N,Lucknow Super Giants,Runs,21.0,,MP Yadav,"['Q de Kock', 'KL Rahul', 'D Padikkal', 'MP Stoinis', 'N Pooran', 'A Badoni', 'KH Pandya', 'Ravi Bishnoi', 'Mohsin Khan', 'Naveen-ul-Haq', 'MP Yadav', 'M Siddharth']","['Arshdeep Singh', 'S Dhawan', 'JM Bairstow', 'P Simran Singh', 'JM Sharma', 'LS Livingstone', 'SM Curran', 'Shashank Singh', 'Harpreet Brar', 'HV Patel', 'K Rabada', 'RD Chahar']",J Madanagopal,Navdeep Singh
1312286,Ahmedabad,31-03-2024,2024,12.0,Sunrisers Hyderabad,Gujarat Titans,"Narendra Modi Stadium, Ahmedabad",Sunrisers Hyderabad,bat,N,Gujarat Titans,Wickets,7.0,,MM Sharma,"['TM Head', 'MA Agarwal', 'Abhishek Sharma', 'AK Markram', 'H Klaasen', 'Shahbaz Ahmed', 'Abdul Samad', 'Washington Sundar', 'PJ Cummins', 'B Kumar', 'M Markande', 'JD Unadkat']","['MM Sharma', 'WP Saha', 'Shubman Gill', 'B Sai Sudharsan', 'DA Miller', 'V Shankar', 'Azmatullah Omarzai', 'R Tewatia', 'Rashid Khan', 'UT Yadav', 'Noor Ahmad', 'DG Nalkande']",HAS Khalid,VK Sharma
1312287,Visakhapatnam,31-03-2024,2024,13.0,Delhi Capitals,Chennai Super Kings,"Dr. Y.S. Rajasekhara Reddy ACA-VDCA Cricket Stadium, Visakhapatnam",Delhi Capitals,bat,N,Delhi Capitals,Runs,20.0,,KK Ahmed,"['Rasikh Salam', 'PP Shaw', 'DA Warner', 'RR Pant', 'MR Marsh', 'T Stubbs', 'AR Patel', 'Abishek Porel', 'A Nortje', 'Mukesh Kumar', 'I Sharma', 'KK Ahmed']","['M Pathirana', 'RD Gaikwad', 'R Ravindra', 'AM Rahane', 'DJ Mitchell', 'S Dube', 'Sameer Rizvi', 'RA Jadeja', 'MS Dhoni', 'DL Chahar', 'TU Deshpande', 'Mustafizur Rahman']",HDPK Dharmasena,Vinod Seshan
1312288,Mumbai,01-04-2024,2024,14.0,Mumbai Indians,Rajasthan Royals,"Wankhede Stadium, Mumbai",Rajasthan Royals,field,N,Rajasthan Royals,Wickets,6.0,,TA Boult,"['Ishan Kishan', 'RG Sharma', 'Naman Dhir', 'D Brevis', 'Tilak Varma', 'HH Pandya', 'PP Chawla', 'TH David', 'G Coetzee', 'JJ Bumrah', 'Akash Madhwal', 'KT Maphaka']","['YS Chahal', 'YBK Jaiswal', 'JC Buttler', 'SV Samson', 'R Parag', 'R Ashwin', 'SB Dubey', 'Dhruv Jurel', 'SO Hetmyer', 'TA Boult', 'Avesh Khan', 'N Burger']",MV Saidharshan Kumar,YC Barde
1312289,Bengaluru,02-04-2024,2024,15.0,Lucknow Super Giants,Royal Challengers Bengaluru,"M Chinnaswamy Stadium, Bengaluru",Royal Challengers Bengaluru,field,N,Lucknow Super Giants,Runs,28.0,,MP Yadav,"['M Siddharth', 'Q de Kock', 'KL Rahul', 'D Padikkal', 'MP Stoinis', 'N Pooran', 'A Badoni', 'KH Pandya', 'Ravi Bishnoi', 'Yash Thakur', 'Naveen-ul-Haq', 'MP Yadav']","['Yash Dayal', 'V Kohli', 'F du Plessis', 'RM Patidar', 'GJ Maxwell', 'C Green', 'Anuj Rawat', 'MK Lomror', 'KD Karthik', 'Mayank Dagar', 'RJW Topley', 'Mohammed Siraj']",J Madanagopal,NA Patwardhan
1312290,Visakhapatnam,03-04-2024,2024,16.0,Kolkata Knight Riders,Delhi Capitals,"Dr. Y.S. Rajasekhara Reddy ACA-VDCA Cricket Stadium, Visakhapatnam",Kolkata Knight Riders,bat,N,Kolkata Knight Riders,Runs,106.0,,SP Narine,"['VG Arora', 'PD Salt', 'SP Narine', 'A Raghuvanshi', 'AD Russell', 'SS Iyer', 'RK Singh', 'VR Iyer', 'Ramandeep Singh', 'MA Starc', 'Harshit Rana', 'CV Varun']","['KK Ahmed', 'DA Warner', 'PP Shaw', 'MR Marsh', 'Abishek Porel', 'RR Pant', 'T Stubbs', 'AR Patel', 'Sumit Kumar', 'Rasikh Salam', 'A Nortje', 'I Sharma']",A Totre,UV Gandhe
1312291,Ahmedabad,04-04-2024,2024,17.0,Gujarat Titans,Punjab Kings,"Narendra Modi Stadium, Ahmedabad",Punjab Kings,field,N,Punjab Kings,Wickets,3.0,,Shashank Singh,"['MM Sharma', 'WP Saha', 'Shubman Gill', 'KS Williamson', 'B Sai Sudharsan', 'V Shankar', 'R Tewatia', 'Azmatullah Omarzai', 'Rashid Khan', 'Noor Ahmad', 'UT Yadav', 'DG Nalkande']","['Arshdeep Singh', 'S Dhawan', 'JM Bairstow', 'P Simran Singh', 'SM Curran', 'Sikandar Raza', 'Shashank Singh', 'JM Sharma', 'Ashutosh Sharma', 'Harpreet Brar', 'HV Patel', 'K Rabada']",Nitin Menon,VA Kulkarni
1312292,Hyderabad,05-04-2024,2024,18.0,Chennai Super Kings,Sunrisers Hyderabad,"Rajiv Gandhi International Stadium, Uppal, Hyderabad",Sunrisers Hyderabad,field,N,Sunrisers Hyderabad,Wickets,6.0,,Abhishek Sharma,"['Mukesh Choudhary', 'R Ravindra', 'RD Gaikwad', 'AM Rahane', 'S Dube', 'RA Jadeja', 'DJ Mitchell', 'MS Dhoni', 'MM Ali', 'DL Chahar', 'TU Deshpande', 'M Theekshana']","['T Natarajan', 'TM Head', 'Abhishek Sharma', 'AK Markram', 'Shahbaz Ahmed', 'H Klaasen', 'Nithish Kumar Reddy', 'Abdul Samad', 'PJ Cummins', 'B Kumar', 'M Markande', 'JD Unadkat']",R Pandit,YC Barde
1312293,Jaipur,06-04-2024,2024,19.0,Royal Challengers Bengaluru,Rajasthan Royals,"Sawai Mansingh Stadium, Jaipur",Rajasthan Royals,field,N,Rajasthan Royals,Wickets,6.0,,JC Buttler,"['H Sharma', 'V Kohli', 'F du Plessis', 'GJ Maxwell', 'Saurav Chauhan', 'C Green', 'RM Patidar', 'KD Karthik', 'RJW Topley', 'Mayank Dagar', 'Mohammed Siraj', 'Yash Dayal']","['YS Chahal', 'YBK Jaiswal', 'JC Buttler', 'SV Samson', 'R Parag', 'Dhruv Jurel', 'SO Hetmyer', 'R Ashwin', 'TA Boult', 'Avesh Khan', 'N Burger', 'SB Dubey']",AG Wharf,Tapan Sharma
1312294,Mumbai,07-04-2024,2024,20.0,Mumbai Indians,Delhi Capitals,"Wankhede Stadium, Mumbai",Delhi Capitals,field,N,Mumbai Indians,Runs,29.0,,R Shepherd,"['Akash Madhwal', 'RG Sharma', 'Ishan Kishan', 'SA Yadav', 'HH Pandya', 'Tilak Varma', 'TH David', 'R Shepherd', 'Mohammad Nabi', 'G Coetzee', 'PP Chawla', 'JJ Bumrah']","['KK Ahmed', 'PP Shaw', 'DA Warner', 'Abishek Porel', 'T Stubbs', 'RR Pant', 'AR Patel', 'Lalit Yadav', 'Kumar Kushagra', 'JA Richardson', 'A Nortje', 'I Sharma']",HDPK Dharmasena,UV Gandhe
1312295,Lucknow,07-04-2024,2024,21.0,Lucknow Super Giants,Gujarat Titans,"Bharat Ratna Shri Atal Bihari Vajpayee Ekana Cricket Stadium, Lucknow",Lucknow Super Giants,bat,N,Lucknow Super Giants,Runs,33.0,,Yash Thakur,"['M Siddharth', 'Q de Kock', 'KL Rahul', 'D Padikkal', 'MP Stoinis', 'N Pooran', 'A Badoni', 'KH Pandya', 'Ravi Bishnoi', 'Naveen-ul-Haq', 'Yash Thakur', 'MP Yadav']","['MM Sharma', 'B Sai Sudharsan', 'Shubman Gill', 'KS Williamson', 'BR Sharath', 'V Shankar', 'DG Nalkande', 'R Tewatia', 'Rashid Khan', 'UT Yadav', 'SH Johnson', 'Noor Ahmad']",A Nand Kishore,VK Sharma
1312296,Chennai,08-04-2024,2024,22.0,Kolkata Knight Riders,Chennai Super Kings,"MA Chidambaram Stadium, Chepauk, Chennai",Chennai Super Kings,field,N,Chennai Super Kings,Wickets,7.0,,RA Jadeja,"['PD Salt', 'SP Narine', 'A Raghuvanshi', 'SS Iyer', 'VR Iyer', 'Ramandeep Singh', 'RK Singh', 'AD Russell', 'AS Roy', 'MA Starc', 'VG Arora', 'CV Varun']","['Mustafizur Rahman', 'R Ravindra', 'RD Gaikwad', 'DJ Mitchell', 'S Dube', 'MS Dhoni', 'AM Rahane', 'Sameer Rizvi', 'RA Jadeja', 'SN Thakur', 'TU Deshpande', 'M Theekshana']",AK Chaudhary,MV Saidharshan Kumar
1312297,Mohali,09-04-2024,2024,23.0,Sunrisers Hyderabad,Punjab Kings,"Maharaja Yadavindra Singh International Cricket Stadium, Mullanpur",Punjab Kings,field,N,Sunrisers Hyderabad,Runs,2.0,,Nithish Kumar Reddy,"['TM Head', 'Abhishek Sharma', 'AK Markram', 'Nithish Kumar Reddy', 'RA Tripathi', 'H Klaasen', 'Abdul Samad', 'Shahbaz Ahmed', 'PJ Cummins', 'B Kumar', 'JD Unadkat', 'T Natarajan']","['Arshdeep Singh', 'S Dhawan', 'JM Bairstow', 'P Simran Singh', 'SM Curran', 'Sikandar Raza', 'Shashank Singh', 'JM Sharma', 'Ashutosh Sharma', 'Harpreet Brar', 'HV Patel', 'K Rabada']",Navdeep Singh,NA Patwardhan
1312298,Jaipur,10-04-2024,2024,24.0,Rajasthan Royals,Gujarat Titans,"Sawai Mansingh Stadium, Jaipur",Gujarat Titans,field,N,Gujarat Titans,Wickets,3.0,,Rashid Khan,"['KA Maharaj', 'YBK Jaiswal', 'JC Buttler', 'SV Samson', 'R Parag', 'SO Hetmyer', 'Dhruv Jurel', 'R Ashwin', 'TA Boult', 'Avesh Khan', 'KR Sen', 'YS Chahal']","['MM Sharma', 'B Sai Sudharsan', 'Shubman Gill', 'MS Wade', 'A Manohar', 'V Shankar', 'R Tewatia', 'M Shahrukh Khan', 'Rashid Khan', 'Noor Ahmad', 'UT Yadav', 'SH Johnson']",HDPK Dharmasena,Vinod Seshan
1312299,Mumbai,11-04-2024,2024,25.0,Royal Challengers Bengaluru,Mumbai Indians,"Wankhede Stadium, Mumbai",Mumbai Indians,field,N,Mumbai Indians,Wickets,7.0,,JJ Bumrah,"['V Kohli', 'F du Plessis', 'WG Jacks', 'RM Patidar', 'GJ Maxwell', 'KD Karthik', 'MK Lomror', 'Saurav Chauhan', 'Vijaykumar Vyshak', 'Akash Deep', 'RJW Topley', 'Mohammed Siraj']","['Akash Madhwal', 'Ishan Kishan', 'RG Sharma', 'SA Yadav', 'HH Pandya', 'Tilak Varma', 'TH David', 'Mohammad Nabi', 'R Shepherd', 'S Gopal', 'JJ Bumrah', 'G Coetzee']",Nitin Menon,VA Kulkarni
1312300,Lucknow,12-04-2024,2024,26.0,Lucknow Super Giants,Delhi Capitals,"Bharat Ratna Shri Atal Bihari Vajpayee Ekana Cricket Stadium, Lucknow",Lucknow Super Giants,bat,N,Delhi Capitals,Wickets,6.0,,Kuldeep Yadav,"['Q de Kock', 'KL Rahul', 'D Padikkal', 'MP Stoinis', 'N Pooran', 'DJ Hooda', 'A Badoni', 'KH Pandya', 'Arshad Khan', 'Ravi Bishnoi', 'Naveen-ul-Haq', 'Yash Thakur']","['KK Ahmed', 'PP Shaw', 'DA Warner', 'J Fraser-McGurk', 'RR Pant', 'T Stubbs', 'SD Hope', 'AR Patel', 'Kuldeep Yadav', 'Mukesh Kumar', 'I Sharma', 'Abishek Porel']",R Pandit,YC Barde
1312301,Mohali,13-04-2024,2024,27.0,Punjab Kings,Rajasthan Royals,"Maharaja Yadavindra Singh International Cricket Stadium, Mullanpur",Rajasthan Royals,field,N,Rajasthan Royals,Wickets,3.0,,SO Hetmyer,"['Atharva Taide', 'JM Bairstow', 'P Simran Singh', 'SM Curran', 'JM Sharma', 'Shashank Singh', 'LS Livingstone', 'Ashutosh Sharma', 'Harpreet Brar', 'HV Patel', 'K Rabada', 'Arshdeep Singh']","['KR Sen', 'YBK Jaiswal', 'Tanush Kotian', 'SV Samson', 'R Parag', 'Dhruv Jurel', 'SO Hetmyer', 'R Powell', 'KA Maharaj', 'TA Boult', 'Avesh Khan', 'YS Chahal']",AK Chaudhary,Tapan Sharma
1312302,Kolkata,14-04-2024,2024,28.0,Lucknow Super Giants,Kolkata Knight Riders,"Eden Gardens, Kolkata",Kolkata Knight Riders,field,N,Kolkata Knight Riders,Wickets,8.0,,PD Salt,"['Q de Kock', 'KL Rahul', 'DJ Hooda', 'A Badoni', 'MP Stoinis', 'N Pooran', 'KH Pandya', 'Arshad Khan (2)', 'Mohsin Khan', 'Ravi Bishnoi', 'S Joseph', 'Yash Thakur']","['CV Varun', 'PD Salt', 'SP Narine', 'A Raghuvanshi', 'SS Iyer', 'VR Iyer', 'AD Russell', 'Ramandeep Singh', 'MA Starc', 'VG Arora', 'Harshit Rana', 'RK Singh']",A Totre,Vinod Seshan
1312303,Mumbai,14-04-2024,2024,29.0,Chennai Super Kings,Mumbai Indians,"Wankhede Stadium, Mumbai",Mumbai Indians,field,N,Chennai Super Kings,Runs,20.0,,M Pathirana,"['AM Rahane', 'R Ravindra', 'RD Gaikwad', 'S Dube', 'DJ Mitchell', 'MS Dhoni', 'RA Jadeja', 'Sameer Rizvi', 'SN Thakur', 'TU Deshpande', 'Mustafizur Rahman', 'M Pathirana']","['Akash Madhwal', 'RG Sharma', 'Ishan Kishan', 'SA Yadav', 'Tilak Varma', 'HH Pandya', 'TH David', 'R Shepherd', 'Mohammad Nabi', 'S Gopal', 'JJ Bumrah', 'G Coetzee']",Nitin Menon,HAS Khalid
1312304,Bengaluru,15-04-2024,2024,30.0,Sunrisers Hyderabad,Royal Challengers Bengaluru,"M Chinnaswamy Stadium, Bengaluru",Royal Challengers Bengaluru,field,N,Sunrisers Hyderabad,Runs,25.0,,TM Head,"['M Markande', 'Abhishek Sharma', 'TM Head', 'H Klaasen', 'AK Markram', 'Abdul Samad', 'Shahbaz Ahmed', 'PJ Cummins', 'B Kumar', 'JD Unadkat', 'T Natarajan', 'Nithish Kumar Reddy']","['Yash Dayal', 'V Kohli', 'F du Plessis', 'WG Jacks', 'RM Patidar', 'Saurav Chauhan', 'KD Karthik', 'MK Lomror', 'Anuj Rawat', 'Vijaykumar Vyshak', 'RJW Topley', 'LH Ferguson']",AK Chaudhary,R Pandit
1312305,Kolkata,16-04-2024,2024,31.0,Kolkata Knight Riders,Rajasthan Royals,"Eden Gardens, Kolkata",Rajasthan Royals,field,N,Rajasthan Royals,Wickets,2.0,,JC Buttler,"['VG Arora', 'PD Salt', 'SP Narine', 'A Raghuvanshi', 'SS Iyer', 'AD Russell', 'RK Singh', 'VR Iyer', 'Ramandeep Singh', 'MA Starc', 'CV Varun', 'Harshit Rana']","['KR Sen', 'YBK Jaiswal', 'JC Buttler', 'SV Samson', 'R Parag', 'Dhruv Jurel', 'R Ashwin', 'SO Hetmyer', 'R Powell', 'TA Boult', 'Avesh Khan', 'YS Chahal']",MA Gough,UV Gandhe
1312306,Ahmedabad,17-04-2024,2024,32.0,Gujarat Titans,Delhi Capitals,"Narendra Modi Stadium, Ahmedabad",Delhi Capitals,field,N,Delhi Capitals,Wickets,6.0,,RR Pant,"['WP Saha', 'Shubman Gill', 'B Sai Sudharsan', 'DA Miller', 'A Manohar', 'R Tewatia', 'M Shahrukh Khan', 'Rashid Khan', 'MM Sharma', 'Noor Ahmad', 'SH Johnson', 'S Sandeep Warrier']","['KK Ahmed', 'PP Shaw', 'J Fraser-McGurk', 'Abishek Porel', 'SD Hope', 'RR Pant', 'Sumit Kumar', 'T Stubbs', 'AR Patel', 'Kuldeep Yadav', 'I Sharma', 'Mukesh Kumar']",NA Patwardhan,VK Sharma
1312307,Mohali,18-04-2024,2024,33.0,Mumbai Indians,Punjab Kings,"Maharaja Yadavindra Singh International Cricket Stadium, Mullanpur",Punjab Kings,field,N,Mumbai Indians,Runs,9.0,,JJ Bumrah,"['Akash Madhwal', 'Ishan Kishan', 'RG Sharma', 'SA Yadav', 'Tilak Varma', 'HH Pandya', 'TH David', 'R Shepherd', 'Mohammad Nabi', 'G Coetzee', 'S Gopal', 'JJ Bumrah']","['Arshdeep Singh', 'SM Curran', 'P Simran Singh', 'RR Rossouw', 'LS Livingstone', 'Harpreet Singh', 'Shashank Singh', 'JM Sharma', 'Ashutosh Sharma', 'Harpreet Brar', 'HV Patel', 'K Rabada']",A Nand Kishore,VA Kulkarni
1312308,Lucknow,19-04-2024,2024,34.0,Chennai Super Kings,Lucknow Super Giants,"Bharat Ratna Shri Atal Bihari Vajpayee Ekana Cricket Stadium, Lucknow",Lucknow Super Giants,field,N,Lucknow Super Giants,Wickets,8.0,,KL Rahul,"['AM Rahane', 'R Ravindra', 'RD Gaikwad', 'RA Jadeja', 'S Dube', 'Sameer Rizvi', 'MM Ali', 'MS Dhoni', 'DL Chahar', 'TU Deshpande', 'Mustafizur Rahman', 'M Pathirana']","['Q de Kock', 'KL Rahul', 'N Pooran', 'MP Stoinis', 'DJ Hooda', 'A Badoni', 'KH Pandya', 'MJ Henry', 'Ravi Bishnoi', 'Mohsin Khan', 'Yash Thakur']",AK Chaudhary,R Pandit
1312309,Delhi,20-04-2024,2024,35.0,Sunrisers Hyderabad,Delhi Capitals,"Arun Jaitley Stadium, Delhi",Delhi Capitals,field,N,Sunrisers Hyderabad,Runs,67.0,,TM Head,"['TM Head', 'Abhishek Sharma', 'AK Markram', 'H Klaasen', 'Nithish Kumar Reddy', 'Shahbaz Ahmed', 'Abdul Samad', 'PJ Cummins', 'Washington Sundar', 'B Kumar', 'T Natarajan', 'M Markande']","['KK Ahmed', 'PP Shaw', 'DA Warner', 'J Fraser-McGurk', 'Abishek Porel', 'T Stubbs', 'RR Pant', 'Lalit Yadav', 'AR Patel', 'A Nortje', 'Kuldeep Yadav', 'Mukesh Kumar']",J Madanagopal,Navdeep Singh
1312310,Mohali,21-04-2024,2024,37.0,Punjab Kings,Gujarat Titans,"Maharaja Yadavindra Singh International Cricket Stadium, Mullanpur",Punjab Kings,bat,N,Gujarat Titans,Wickets,3.0,,R Sai Kishore,"['SM Curran', 'P Simran Singh', 'RR Rossouw', 'JM Sharma', 'LS Livingstone', 'Shashank Singh', 'Ashutosh Sharma', 'Harpreet Singh', 'Harpreet Brar', 'HV Patel', 'K Rabada', 'Arshdeep Singh']","['S Sandeep Warrier', 'WP Saha', 'Shubman Gill', 'B Sai Sudharsan', 'DA Miller', 'Azmatullah Omarzai', 'R Tewatia', 'M Shahrukh Khan', 'Rashid Khan', 'R Sai Kishore', 'Noor Ahmad', 'MM Sharma']",A Nand Kishore,VA Kulkarni
1312311,Kolkata,21-04-2024,2024,36.0,Kolkata Knight Riders,Royal Challengers Bengaluru,"Eden Gardens, Kolkata",Royal Challengers Bengaluru,field,N,Kolkata Knight Riders,Runs,1.0,,AD Russell,"['Suyash Sharma', 'PD Salt', 'SP Narine', 'A Raghuvanshi', 'VR Iyer', 'SS Iyer', 'RK Singh', 'AD Russell', 'Ramandeep Singh', 'MA Starc', 'CV Varun', 'Harshit Rana']","['Yash Dayal', 'V Kohli', 'F du Plessis', 'WG Jacks', 'RM Patidar', 'C Green', 'SS Prabhudessai', 'MK Lomror', 'KD Karthik', 'KV Sharma', 'Mohammed Siraj', 'LH Ferguson']",A Totre,Vinod Seshan
1312312,Jaipur,22-04-2024,2024,38.0,Mumbai Indians,Rajasthan Royals,"Sawai Mansingh Stadium, Jaipur",Mumbai Indians,bat,N,Rajasthan Royals,Wickets,9.0,,Sandeep Sharma,"['N Thushara', 'RG Sharma', 'Ishan Kishan', 'SA Yadav', 'Tilak Varma', 'Mohammad Nabi', 'N Wadhera', 'HH Pandya', 'TH David', 'G Coetzee', 'PP Chawla', 'JJ Bumrah']","['YS Chahal', 'YBK Jaiswal', 'JC Buttler', 'SV Samson', 'R Powell', 'R Parag', 'SO Hetmyer', 'Dhruv Jurel', 'R Ashwin', 'TA Boult', 'Avesh Khan', 'Sandeep Sharma']",AK Chaudhary,MV Saidharshan Kumar
1312313,Chennai,23-04-2024,2024,39.0,Chennai Super Kings,Lucknow Super Giants,"MA Chidambaram Stadium, Chepauk, Chennai",Lucknow Super Giants,field,N,Lucknow Super Giants,Wickets,6.0,,MP Stoinis,"['SN Thakur', 'AM Rahane', 'RD Gaikwad', 'DJ Mitchell', 'RA Jadeja', 'S Dube', 'MS Dhoni', 'MM Ali', 'DL Chahar', 'TU Deshpande', 'Mustafizur Rahman', 'M Pathirana']","['Yash Thakur', 'Q de Kock', 'KL Rahul', 'MP Stoinis', 'D Padikkal', 'N Pooran', 'DJ Hooda', 'A Badoni', 'KH Pandya', 'MJ Henry', 'Ravi Bishnoi', 'Mohsin Khan']",NA Patwardhan,Tapan Sharma
1312314,Delhi,24-04-2024,2024,40.0,Delhi Capitals,Gujarat Titans,"Arun Jaitley Stadium, Delhi",Gujarat Titans,field,N,Delhi Capitals,Runs,4.0,,RR Pant,"['Rasikh Salam', 'PP Shaw', 'J Fraser-McGurk', 'AR Patel', 'SD Hope', 'RR Pant', 'T Stubbs', 'Abishek Porel', 'Kuldeep Yadav', 'A Nortje', 'KK Ahmed', 'Mukesh Kumar']","['S Sandeep Warrier', 'WP Saha', 'Shubman Gill', 'B Sai Sudharsan', 'Azmatullah Omarzai', 'DA Miller', 'M Shahrukh Khan', 'R Tewatia', 'Rashid Khan', 'R Sai Kishore', 'MM Sharma', 'Noor Ahmad']",KN Ananthapadmanabhan,UV Gandhe
1312315,Hyderabad,25-04-2024,2024,41.0,Royal Challengers Bengaluru,Sunrisers Hyderabad,"Rajiv Gandhi International Stadium, Uppal, Hyderabad",Royal Challengers Bengaluru,bat,N,Royal Challengers Bengaluru,Runs,35.0,,RM Patidar,"['V Kohli', 'F du Plessis', 'WG Jacks', 'RM Patidar', 'C Green', 'MK Lomror', 'KD Karthik', 'Swapnil Singh', 'KV Sharma', 'LH Ferguson', 'Yash Dayal', 'Mohammed Siraj']","['T Natarajan', 'Abhishek Sharma', 'TM Head', 'AK Markram', 'Nithish Kumar Reddy', 'H Klaasen', 'Shahbaz Ahmed', 'Abdul Samad', 'PJ Cummins', 'B Kumar', 'JD Unadkat', 'M Markande']",Nitin Menon,HAS Khalid
1312316,Kolkata,26-04-2024,2024,42.0,Kolkata Knight Riders,Punjab Kings,"Eden Gardens, Kolkata",Punjab Kings,field,N,Punjab Kings,Wickets,8.0,,JM Bairstow,"['AS Roy', 'PD Salt', 'SP Narine', 'VR Iyer', 'AD Russell', 'SS Iyer', 'RK Singh', 'Ramandeep Singh', 'A Raghuvanshi', 'CV Varun', 'Harshit Rana', 'PVD Chameera']","['Arshdeep Singh', 'P Simran Singh', 'JM Bairstow', 'RR Rossouw', 'Shashank Singh', 'SM Curran', 'JM Sharma', 'Ashutosh Sharma', 'Harpreet Brar', 'HV Patel', 'K Rabada', 'RD Chahar']",AK Chaudhary,YC Barde
1312317,Delhi,27-04-2024,2024,43.0,Delhi Capitals,Mumbai Indians,"Arun Jaitley Stadium, Delhi",Mumbai Indians,field,N,Delhi Capitals,Runs,10.0,,J Fraser-McGurk,"['Rasikh Salam', 'J Fraser-McGurk', 'Abishek Porel', 'SD Hope', 'RR Pant', 'T Stubbs', 'AR Patel', 'Kumar Kushagra', 'Kuldeep Yadav', 'LB Williams', 'KK Ahmed', 'Mukesh Kumar']","['N Thushara', 'Ishan Kishan', 'RG Sharma', 'SA Yadav', 'Tilak Varma', 'HH Pandya', 'N Wadhera', 'TH David', 'Mohammad Nabi', 'PP Chawla', 'L Wood', 'JJ Bumrah']",Navdeep Singh,NA Patwardhan
1312318,Lucknow,27-04-2024,2024,44.0,Lucknow Super Giants,Rajasthan Royals,"Bharat Ratna Shri Atal Bihari Vajpayee Ekana Cricket Stadium, Lucknow",Rajasthan Royals,field,N,Rajasthan Royals,Wickets,7.0,,SV Samson,"['A Mishra', 'Q de Kock', 'KL Rahul', 'MP Stoinis', 'DJ Hooda', 'N Pooran', 'A Badoni', 'KH Pandya', 'MJ Henry', 'Ravi Bishnoi', 'Mohsin Khan', 'Yash Thakur']","['YS Chahal', 'YBK Jaiswal', 'JC Buttler', 'SV Samson', 'R Parag', 'Dhruv Jurel', 'R Powell', 'SO Hetmyer', 'R Ashwin', 'TA Boult', 'Avesh Khan', 'Sandeep Sharma']",KN Ananthapadmanabhan,MA Gough
1312319,Chennai,28-04-2024,2024,46.0,Chennai Super Kings,Sunrisers Hyderabad,"MA Chidambaram Stadium, Chepauk, Chennai",Sunrisers Hyderabad,field,N,Chennai Super Kings,Runs,78.0,,RD Gaikwad,"['SN Thakur', 'AM Rahane', 'RD Gaikwad', 'DJ Mitchell', 'S Dube', 'MS Dhoni', 'MM Ali', 'RA Jadeja', 'DL Chahar', 'TU Deshpande', 'Mustafizur Rahman', 'M Pathirana']","['T Natarajan', 'TM Head', 'Abhishek Sharma', 'Anmolpreet Singh', 'AK Markram', 'Nithish Kumar Reddy', 'H Klaasen', 'Abdul Samad', 'Shahbaz Ahmed', 'PJ Cummins', 'B Kumar', 'JD Unadkat']",R Pandit,MV Saidharshan Kumar
1312320,Ahmedabad,28-04-2024,2024,45.0,Gujarat Titans,Royal Challengers Bengaluru,"Narendra Modi Stadium, Ahmedabad",Royal Challengers Bengaluru,field,N,Royal Challengers Bengaluru,Wickets,9.0,,WG Jacks,"['S Sandeep Warrier', 'WP Saha', 'Shubman Gill', 'B Sai Sudharsan', 'M Shahrukh Khan', 'DA Miller', 'Azmatullah Omarzai', 'R Tewatia', 'Rashid Khan', 'R Sai Kishore', 'MM Sharma', 'Noor Ahmad']","['V Kohli', 'F du Plessis', 'WG Jacks', 'RM Patidar', 'GJ Maxwell', 'C Green', 'KD Karthik', 'KV Sharma', 'Mohammed Siraj', 'Yash Dayal', 'Swapnil Singh']",Nitin Menon,VK Sharma
1312321,Kolkata,29-04-2024,2024,47.0,Delhi Capitals,Kolkata Knight Riders,"Eden Gardens, Kolkata",Delhi Capitals,bat,N,Kolkata Knight Riders,Wickets,7.0,,CV Varun,"['PP Shaw', 'J Fraser-McGurk', 'Abishek Porel', 'SD Hope', 'RR Pant', 'AR Patel', 'T Stubbs', 'Kumar Kushagra', 'Kuldeep Yadav', 'Rasikh Salam', 'LB Williams', 'KK Ahmed']","['CV Varun', 'PD Salt', 'SP Narine', 'RK Singh', 'SS Iyer', 'VR Iyer', 'AD Russell', 'Ramandeep Singh', 'MA Starc', 'VG Arora', 'Harshit Rana', 'A Raghuvanshi']",Navdeep Singh,Tapan Sharma
1312322,Lucknow,30-04-2024,2024,48.0,Mumbai Indians,Lucknow Super Giants,"Bharat Ratna Shri Atal Bihari Vajpayee Ekana Cricket Stadium, Lucknow",Lucknow Super Giants,field,N,Lucknow Super Giants,Wickets,4.0,,MP Stoinis,"['N Thushara', 'Ishan Kishan', 'RG Sharma', 'SA Yadav', 'Tilak Varma', 'HH Pandya', 'N Wadhera', 'TH David', 'Mohammad Nabi', 'G Coetzee', 'PP Chawla', 'JJ Bumrah']","['MP Yadav', 'KL Rahul', 'AA Kulkarni', 'MP Stoinis', 'DJ Hooda', 'N Pooran', 'AJ Turner', 'A Badoni', 'KH Pandya', 'Ravi Bishnoi', 'Naveen-ul-Haq', 'Mohsin Khan']",MA Gough,UV Gandhe
1312323,Chennai,01-05-2024,2024,49.0,Chennai Super Kings,Punjab Kings,"MA Chidambaram Stadium, Chepauk, Chennai",Punjab Kings,field,N,Punjab Kings,Wickets,7.0,,Harpreet Brar,"['AM Rahane', 'RD Gaikwad', 'S Dube', 'RA Jadeja', 'Sameer Rizvi', 'MM Ali', 'MS Dhoni', 'DJ Mitchell', 'DL Chahar', 'SN Thakur', 'RJ Gleeson', 'Mustafizur Rahman']","['Arshdeep Singh', 'P Simran Singh', 'JM Bairstow', 'RR Rossouw', 'Shashank Singh', 'SM Curran', 'JM Sharma', 'Ashutosh Sharma', 'Harpreet Brar', 'RD Chahar', 'HV Patel', 'K Rabada']",HAS Khalid,VK Sharma
1312324,Hyderabad,02-05-2024,2024,50.0,Sunrisers Hyderabad,Rajasthan Royals,"Rajiv Gandhi International Stadium, Uppal, Hyderabad",Sunrisers Hyderabad,bat,N,Sunrisers Hyderabad,Runs,1.0,,B Kumar,"['JD Unadkat', 'TM Head', 'Abhishek Sharma', 'Anmolpreet Singh', 'Nithish Kumar Reddy', 'H Klaasen', 'Abdul Samad', 'Shahbaz Ahmed', 'M Jansen', 'PJ Cummins', 'B Kumar', 'T Natarajan']","['YS Chahal', 'YBK Jaiswal', 'JC Buttler', 'SV Samson', 'R Parag', 'SO Hetmyer', 'R Powell', 'Dhruv Jurel', 'R Ashwin', 'TA Boult', 'Avesh Khan', 'Sandeep Sharma']",AK Chaudhary,YC Barde
1312325,Mumbai,03-05-2024,2024,51.0,Kolkata Knight Riders,Mumbai Indians,"Wankhede Stadium, Mumbai",Mumbai Indians,field,N,Kolkata Knight Riders,Runs,24.0,,VR Iyer,"['PD Salt', 'SP Narine', 'A Raghuvanshi', 'SS Iyer', 'VR Iyer', 'RK Singh', 'MK Pandey', 'AD Russell', 'Ramandeep Singh', 'MA Starc', 'VG Arora', 'CV Varun']","['N Thushara', 'Ishan Kishan', 'RG Sharma', 'Naman Dhir', 'SA Yadav', 'Tilak Varma', 'N Wadhera', 'HH Pandya', 'TH David', 'G Coetzee', 'PP Chawla', 'JJ Bumrah']",J Madanagopal,Tapan Sharma
1312326,Bengaluru,04-05-2024,2024,52.0,Gujarat Titans,Royal Challengers Bengaluru,"M Chinnaswamy Stadium, Bengaluru",Royal Challengers Bengaluru,field,N,Royal Challengers Bengaluru,Wickets,4.0,,Mohammed Siraj,"['WP Saha', 'Shubman Gill', 'B Sai Sudharsan', 'M Shahrukh Khan', 'DA Miller', 'R Tewatia', 'Rashid Khan', 'V Shankar', 'MJ Suthar', 'MM Sharma', 'Noor Ahmad', 'J Little']","['Yash Dayal', 'V Kohli', 'F du Plessis', 'WG Jacks', 'RM Patidar', 'GJ Maxwell', 'C Green', 'KD Karthik', 'Swapnil Singh', 'KV Sharma', 'Mohammed Siraj', 'Vijaykumar Vyshak']",A Totre,Vinod Seshan
1312327,Dharamsala,05-05-2024,2024,53.0,Chennai Super Kings,Punjab Kings,"Himachal Pradesh Cricket Association Stadium, Dharamsala",Punjab Kings,field,N,Chennai Super Kings,Runs,28.0,,RA Jadeja,"['Simarjeet Singh', 'AM Rahane', 'RD Gaikwad', 'DJ Mitchell', 'S Dube', 'MM Ali', 'RA Jadeja', 'MJ Santner', 'SN Thakur', 'MS Dhoni', 'TU Deshpande', 'RJ Gleeson']","['Arshdeep Singh', 'P Simran Singh', 'JM Bairstow', 'RR Rossouw', 'Shashank Singh', 'SM Curran', 'JM Sharma', 'Ashutosh Sharma', 'Harpreet Brar', 'HV Patel', 'RD Chahar', 'K Rabada']",A Nand Kishore,VA Kulkarni
1312328,Lucknow,05-05-2024,2024,54.0,Kolkata Knight Riders,Lucknow Super Giants,"Bharat Ratna Shri Atal Bihari Vajpayee Ekana Cricket Stadium, Lucknow",Lucknow Super Giants,field,N,Kolkata Knight Riders,Runs,98.0,,SP Narine,"['VG Arora', 'PD Salt', 'SP Narine', 'A Raghuvanshi', 'AD Russell', 'RK Singh', 'SS Iyer', 'Ramandeep Singh', 'VR Iyer', 'MA Starc', 'Harshit Rana', 'CV Varun']","['Yash Thakur', 'Mohsin Khan', 'KL Rahul', 'AA Kulkarni', 'MP Stoinis', 'DJ Hooda', 'N Pooran', 'A Badoni', 'AJ Turner', 'KH Pandya', 'Yudhvir Singh', 'Ravi Bishnoi', 'Naveen-ul-Haq']",MV Saidharshan Kumar,YC Barde
1312329,Mumbai,06-05-2024,2024,55.0,Sunrisers Hyderabad,Mumbai Indians,"Wankhede Stadium, Mumbai",Mumbai Indians,field,N,Mumbai Indians,Wickets,7.0,,SA Yadav,"['TM Head', 'Abhishek Sharma', 'MA Agarwal', 'Nithish Kumar Reddy', 'H Klaasen', 'M Jansen', 'Shahbaz Ahmed', 'Abdul Samad', 'PJ Cummins', 'Sanvir Singh', 'B Kumar', 'T Natarajan']","['Ishan Kishan', 'RG Sharma', 'Naman Dhir', 'SA Yadav', 'Tilak Varma', 'HH Pandya', 'TH David', 'A Kamboj', 'PP Chawla', 'JJ Bumrah', 'N Thushara']",Navdeep Singh,Tapan Sharma
1312330,Delhi,07-05-2024,2024,56.0,Delhi Capitals,Rajasthan Royals,"Arun Jaitley Stadium, Delhi",Rajasthan Royals,field,N,Delhi Capitals,Runs,20.0,,Kuldeep Yadav,"['J Fraser-McGurk', 'Abishek Porel', 'SD Hope', 'AR Patel', 'RR Pant', 'T Stubbs', 'Gulbadin Naib', 'Rasikh Salam', 'Kuldeep Yadav', 'Mukesh Kumar', 'I Sharma', 'KK Ahmed']","['YS Chahal', 'YBK Jaiswal', 'JC Buttler', 'SV Samson', 'R Parag', 'SB Dubey', 'R Powell', 'D Ferreira', 'R Ashwin', 'TA Boult', 'Avesh Khan', 'Sandeep Sharma']",KN Ananthapadmanabhan,UV Gandhe
1312331,Hyderabad,08-05-2024,2024,57.0,Lucknow Super Giants,Sunrisers Hyderabad,"Rajiv Gandhi International Stadium, Uppal, Hyderabad",Lucknow Super Giants,bat,N,Sunrisers Hyderabad,Wickets,10.0,,TM Head,"['KL Rahul', 'Q de Kock', 'MP Stoinis', 'KH Pandya', 'N Pooran', 'A Badoni', 'DJ Hooda', 'K Gowtham', 'Yash Thakur', 'Ravi Bishnoi', 'Naveen-ul-Haq']","['T Natarajan', 'Abhishek Sharma', 'TM Head', 'Nithish Kumar Reddy', 'H Klaasen', 'Abdul Samad', 'Shahbaz Ahmed', 'Sanvir Singh', 'PJ Cummins', 'B Kumar', 'JD Unadkat', 'V Viyaskanth']",MV Saidharshan Kumar,YC Barde
1312332,Dharamsala,09-05-2024,2024,58.0,Royal Challengers Bengaluru,Punjab Kings,"Himachal Pradesh Cricket Association Stadium, Dharamsala",Punjab Kings,field,N,Royal Challengers Bengaluru,Runs,60.0,,V Kohli,"['Yash Dayal', 'V Kohli', 'F du Plessis', 'WG Jacks', 'RM Patidar', 'C Green', 'KD Karthik', 'MK Lomror', 'Swapnil Singh', 'KV Sharma', 'Mohammed Siraj', 'LH Ferguson']","['V Kaverappa', 'P Simran Singh', 'JM Bairstow', 'RR Rossouw', 'Shashank Singh', 'JM Sharma', 'LS Livingstone', 'SM Curran', 'Ashutosh Sharma', 'HV Patel', 'RD Chahar', 'Arshdeep Singh']",Nitin Menon,HAS Khalid
1312333,Ahmedabad,10-05-2024,2024,59.0,Gujarat Titans,Chennai Super Kings,"Narendra Modi Stadium, Ahmedabad",Chennai Super Kings,field,N,Gujarat Titans,Runs,35.0,,Shubman Gill,"['S Sandeep Warrier', 'B Sai Sudharsan', 'Shubman Gill', 'DA Miller', 'M Shahrukh Khan', 'MS Wade', 'R Tewatia', 'Rashid Khan', 'Noor Ahmad', 'UT Yadav', 'MM Sharma', 'Kartik Tyagi']","['TU Deshpande', 'AM Rahane', 'R Ravindra', 'RD Gaikwad', 'DJ Mitchell', 'MM Ali', 'S Dube', 'RA Jadeja', 'MS Dhoni', 'MJ Santner', 'SN Thakur', 'Simarjeet Singh']",KN Ananthapadmanabhan,NA Patwardhan
1312334,Kolkata,11-05-2024,2024,60.0,Kolkata Knight Riders,Mumbai Indians,"Eden Gardens, Kolkata",Mumbai Indians,field,N,Kolkata Knight Riders,Runs,18.0,,CV Varun,"['VG Arora', 'PD Salt', 'SP Narine', 'VR Iyer', 'SS Iyer', 'N Rana', 'AD Russell', 'RK Singh', 'Ramandeep Singh', 'MA Starc', 'Harshit Rana', 'CV Varun']","['N Thushara', 'Ishan Kishan', 'RG Sharma', 'SA Yadav', 'Tilak Varma', 'HH Pandya', 'TH David', 'N Wadhera', 'Naman Dhir', 'A Kamboj', 'PP Chawla', 'JJ Bumrah']",UV Gandhe,Vinod Seshan
1312335,Chennai,12-05-2024,2024,61.0,Rajasthan Royals,Chennai Super Kings,"MA Chidambaram Stadium, Chepauk, Chennai",Rajasthan Royals,bat,N,Chennai Super Kings,Wickets,5.0,,Simarjeet Singh,"['N Burger', 'YBK Jaiswal', 'JC Buttler', 'SV Samson', 'R Parag', 'Dhruv Jurel', 'SB Dubey', 'R Ashwin', 'TA Boult', 'Avesh Khan', 'Sandeep Sharma', 'YS Chahal']","['R Ravindra', 'RD Gaikwad', 'DJ Mitchell', 'MM Ali', 'S Dube', 'RA Jadeja', 'Sameer Rizvi', 'MS Dhoni', 'SN Thakur', 'TU Deshpande', 'Simarjeet Singh', 'M Theekshana']",R Pandit,YC Barde
1312336,Bengaluru,12-05-2024,2024,62.0,Royal Challengers Bengaluru,Delhi Capitals,"M Chinnaswamy Stadium, Bengaluru",Delhi Capitals,field,N,Royal Challengers Bengaluru,Runs,47.0,,C Green,"['V Kohli', 'F du Plessis', 'WG Jacks', 'RM Patidar', 'C Green', 'MK Lomror', 'KD Karthik', 'Swapnil Singh', 'KV Sharma', 'Mohammed Siraj', 'Yash Dayal', 'LH Ferguson']","['KK Ahmed', 'DA Warner', 'J Fraser-McGurk', 'Abishek Porel', 'SD Hope', 'Kumar Kushagra', 'AR Patel', 'T Stubbs', 'Rasikh Salam', 'Kuldeep Yadav', 'Mukesh Kumar', 'I Sharma']",A Nand Kishore,VA Kulkarni
1312337,Delhi,14-05-2024,2024,64.0,Delhi Capitals,Lucknow Super Giants,"Arun Jaitley Stadium, Delhi",Lucknow Super Giants,field,N,Delhi Capitals,Runs,19.0,,I Sharma,"['I Sharma', 'J Fraser-McGurk', 'Abishek Porel', 'SD Hope', 'RR Pant', 'T Stubbs', 'AR Patel', 'Gulbadin Naib', 'Rasikh Salam', 'Mukesh Kumar', 'Kuldeep Yadav', 'KK Ahmed']","['Mohsin Khan', 'Q de Kock', 'KL Rahul', 'MP Stoinis', 'DJ Hooda', 'N Pooran', 'A Badoni', 'KH Pandya', 'Arshad Khan', 'Yudhvir Singh', 'Ravi Bishnoi', 'Naveen-ul-Haq']",A Totre,Vinod Seshan
1312338,Guwahati,15-05-2024,2024,65.0,Rajasthan Royals,Punjab Kings,"Barsapara Cricket Stadium, Guwahati",Rajasthan Royals,bat,N,Punjab Kings,Wickets,5.0,,SM Curran,"['YBK Jaiswal', 'T Kohler-Cadmore', 'SV Samson', 'R Parag', 'R Ashwin', 'Dhruv Jurel', 'R Powell', 'D Ferreira', 'TA Boult', 'Avesh Khan', 'Sandeep Sharma', 'YS Chahal']","['Arshdeep Singh', 'P Simran Singh', 'JM Bairstow', 'RR Rossouw', 'Shashank Singh', 'SM Curran', 'JM Sharma', 'Ashutosh Sharma', 'Harpreet Brar', 'HV Patel', 'NT Ellis', 'RD Chahar']",R Pandit,MV Saidharshan Kumar
1312339,Mumbai,17-05-2024,2024,67.0,Lucknow Super Giants,Mumbai Indians,"Wankhede Stadium, Mumbai",Mumbai Indians,field,N,Lucknow Super Giants,Runs,18.0,,N Pooran,"['Naveen-ul-Haq', 'KL Rahul', 'D Padikkal', 'MP Stoinis', 'DJ Hooda', 'N Pooran', 'Arshad Khan', 'A Badoni', 'KH Pandya', 'MJ Henry', 'Ravi Bishnoi', 'Mohsin Khan']","['N Thushara', 'RG Sharma', 'D Brevis', 'SA Yadav', 'Ishan Kishan', 'HH Pandya', 'N Wadhera', 'Naman Dhir', 'R Shepherd', 'A Kamboj', 'PP Chawla', 'Arjun Tendulkar']",Navdeep Singh,R Pandit
1312340,Bengaluru,18-05-2024,2024,68.0,Royal Challengers Bengaluru,Chennai Super Kings,"M Chinnaswamy Stadium, Bengaluru",Chennai Super Kings,field,N,Royal Challengers Bengaluru,Runs,27.0,,F du Plessis,"['Swapnil Singh', 'V Kohli', 'F du Plessis', 'RM Patidar', 'C Green', 'KD Karthik', 'GJ Maxwell', 'MK Lomror', 'Yash Dayal', 'KV Sharma', 'Mohammed Siraj', 'LH Ferguson']","['M Theekshana', 'RD Gaikwad', 'R Ravindra', 'DJ Mitchell', 'AM Rahane', 'S Dube', 'RA Jadeja', 'MJ Santner', 'MS Dhoni', 'SN Thakur', 'TU Deshpande', 'Simarjeet Singh']",A Totre,KN Ananthapadmanabhan
1312341,Hyderabad,19-05-2024,2024,69.0,Punjab Kings,Sunrisers Hyderabad,"Rajiv Gandhi International Stadium, Uppal, Hyderabad",Punjab Kings,bat,N,Sunrisers Hyderabad,Wickets,4.0,,Abhishek Sharma,"['Arshdeep Singh', 'Atharva Taide', 'P Simran Singh', 'RR Rossouw', 'Shashank Singh', 'JM Sharma', 'Ashutosh Sharma', 'Shivam Singh', 'R Dhawan', 'Harpreet Brar', 'HV Patel', 'RD Chahar']","['T Natarajan', 'TM Head', 'Abhishek Sharma', 'RA Tripathi', 'Nithish Kumar Reddy', 'H Klaasen', 'Shahbaz Ahmed', 'Abdul Samad', 'Sanvir Singh', 'PJ Cummins', 'B Kumar', 'V Viyaskanth']",Nitin Menon,VK Sharma
1312342,Ahmedabad,21-05-2024,2024,,Sunrisers Hyderabad,Kolkata Knight Riders,"Narendra Modi Stadium, Ahmedabad",Sunrisers Hyderabad,bat,N,Kolkata Knight Riders,Wickets,8.0,,MA Starc,"['TM Head', 'Abhishek Sharma', 'RA Tripathi', 'Nithish Kumar Reddy', 'Shahbaz Ahmed', 'H Klaasen', 'Abdul Samad', 'Sanvir Singh', 'PJ Cummins', 'B Kumar', 'V Viyaskanth', 'T Natarajan']","['Rahmanullah Gurbaz', 'SP Narine', 'VR Iyer', 'SS Iyer', 'RK Singh', 'AD Russell', 'Ramandeep Singh', 'MA Starc', 'VG Arora', 'Harshit Rana', 'CV Varun']",AK Chaudhary,R Pandit
1312343,Ahmedabad,22-05-2024,2024,,Royal Challengers Bengaluru,Rajasthan Royals,"Narendra Modi Stadium, Ahmedabad",Rajasthan Royals,field,N,Rajasthan Royals,Wickets,4.0,,R Ashwin,"['V Kohli', 'F du Plessis', 'C Green', 'RM Patidar', 'GJ Maxwell', 'MK Lomror', 'KD Karthik', 'Swapnil Singh', 'KV Sharma', 'Yash Dayal', 'Mohammed Siraj', 'LH Ferguson']","['YS Chahal', 'YBK Jaiswal', 'T Kohler-Cadmore', 'SV Samson', 'R Parag', 'Dhruv Jurel', 'SO Hetmyer', 'R Powell', 'R Ashwin', 'TA Boult', 'Avesh Khan', 'Sandeep Sharma']",KN Ananthapadmanabhan,MV Saidharshan Kumar
1312344,Chennai,24-05-2024,2024,,Sunrisers Hyderabad,Rajasthan Royals,"MA Chidambaram Stadium, Chepauk, Chennai",Rajasthan Royals,field,N,Sunrisers Hyderabad,Runs,36.0,,Shahbaz Ahmed,"['TM Head', 'Abhishek Sharma', 'RA Tripathi', 'AK Markram', 'H Klaasen', 'Nithish Kumar Reddy', 'Abdul Samad', 'Shahbaz Ahmed', 'PJ Cummins', 'JD Unadkat', 'B Kumar', 'T Natarajan']","['YS Chahal', 'YBK Jaiswal', 'T Kohler-Cadmore', 'SV Samson', 'R Parag', 'Dhruv Jurel', 'R Ashwin', 'SO Hetmyer', 'R Powell', 'TA Boult', 'Sandeep Sharma', 'Avesh Khan']",Nitin Menon,VK Sharma
1312345,Chennai,26-05-2024,2024,,Sunrisers Hyderabad,Kolkata Knight Riders,"MA Chidambaram Stadium, Chepauk, Chennai",Sunrisers Hyderabad,bat,N,Kolkata Knight Riders,Wickets,8.0,,MA Starc,"['Abhishek Sharma', 'TM Head', 'RA Tripathi', 'AK Markram', 'Nithish Kumar Reddy', 'H Klaasen', 'Shahbaz Ahmed', 'Abdul Samad', 'PJ Cummins', 'JD Unadkat', 'B Kumar', 'T Natarajan']","['Rahmanullah Gurbaz', 'SP Narine', 'VR Iyer', 'SS Iyer', 'RK Singh', 'AD Russell', 'Ramandeep Singh', 'MA Starc', 'VG Arora', 'Harshit Rana', 'CV Varun']",J Madanagopal,Nitin Menon
1312346,Kolkata,22-03-2025,2025,1.0,Kolkata Knight Riders,Royal Challengers Bengaluru,"Eden Gardens, Kolkata",Royal Challengers Bengaluru,field,N,Royal Challengers Bengaluru,Wickets,7.0,,KH Pandya,"['VG Arora', 'Q de Kock', 'SP Narine', 'AM Rahane', 'VR Iyer', 'A Raghuvanshi', 'RK Singh', 'AD Russell', 'Ramandeep Singh', 'Harshit Rana', 'SH Johnson', 'CV Varun']","['Suyash Sharma', 'PD Salt', 'V Kohli', 'D Padikkal', 'RM Patidar', 'LS Livingstone', 'JM Sharma', 'TH David', 'KH Pandya', 'Rasikh Salam', 'JR Hazlewood', 'Yash Dayal']",A Bengeri,Vinod Seshan
1312347,Chennai,23-03-2025,2025,3.0,Mumbai Indians,Chennai Super Kings,"MA Chidambaram Stadium, Chepauk, Chennai",Chennai Super Kings,field,N,Chennai Super Kings,Wickets,4.0,,Noor Ahmad,"['V Puthur', 'RG Sharma', 'RD Rickelton', 'WG Jacks', 'SA Yadav', 'Tilak Varma', 'R Minz', 'Naman Dhir', 'MJ Santner', 'DL Chahar', 'TA Boult', 'PVSN Raju']","['KK Ahmed', 'R Ravindra', 'RA Tripathi', 'RD Gaikwad', 'S Dube', 'DJ Hooda', 'SM Curran', 'RA Jadeja', 'MS Dhoni', 'R Ashwin', 'Noor Ahmad', 'NT Ellis']",KN Ananthapadmanabhan,HAS Khalid
1312348,Hyderabad,23-03-2025,2025,2.0,Sunrisers Hyderabad,Rajasthan Royals,"Rajiv Gandhi International Stadium, Uppal, Hyderabad",Rajasthan Royals,field,N,Sunrisers Hyderabad,Runs,44.0,,Ishan Kishan,"['A Zampa', 'Abhishek Sharma', 'TM Head', 'Ishan Kishan', 'Nithish Kumar Reddy', 'H Klaasen', 'Aniket Verma', 'A Manohar', 'PJ Cummins', 'Simarjeet Singh', 'HV Patel', 'Mohammed Shami']","['Fazalhaq Farooqi', 'YBK Jaiswal', 'SV Samson', 'R Parag', 'N Rana', 'Dhruv Jurel', 'SO Hetmyer', 'SB Dubey', 'JC Archer', 'M Theekshana', 'TU Deshpande', 'Sandeep Sharma']",AT Holdstock,A Totre
1312349,Visakhapatnam,24-03-2025,2025,4.0,Lucknow Super Giants,Delhi Capitals,"Dr. Y.S. Rajasekhara Reddy ACA-VDCA Cricket Stadium, Visakhapatnam",Delhi Capitals,field,N,Delhi Capitals,Wickets,1.0,,Ashutosh Sharma,"['M Siddharth', 'AK Markram', 'MR Marsh', 'N Pooran', 'RR Pant', 'DA Miller', 'A Badoni', 'SN Thakur', 'Shahbaz Ahmed', 'Ravi Bishnoi', 'DS Rathi', 'Prince Yadav']","['Mukesh Kumar', 'J Fraser-McGurk', 'F du Plessis', 'Abishek Porel', 'Sameer Rizvi', 'AR Patel', 'T Stubbs', 'Ashutosh Sharma', 'V Nigam', 'MA Starc', 'Kuldeep Yadav', 'MM Sharma']",Abhijit Bhattacharya,UV Gandhe
1312350,Ahmedabad,25-03-2025,2025,5.0,Punjab Kings,Gujarat Titans,"Narendra Modi Stadium, Ahmedabad",Gujarat Titans,field,N,Punjab Kings,Runs,11.0,,SS Iyer,"['Priyansh Arya', 'P Simran Singh', 'SS Iyer', 'Azmatullah Omarzai', 'GJ Maxwell', 'MP Stoinis', 'Shashank Singh', 'Suryansh Shedge', 'M Jansen', 'Arshdeep Singh', 'YS Chahal', 'Vijaykumar Vyshak']","['B Sai Sudharsan', 'Shubman Gill', 'JC Buttler', 'SE Rutherford', 'R Tewatia', 'M Shahrukh Khan', 'Arshad Khan', 'R Sai Kishore', 'Rashid Khan', 'K Rabada', 'Mohammed Siraj', 'M Prasidh Krishna']",A Bengeri,Vinod Seshan
1312351,Guwahati,26-03-2025,2025,6.0,Rajasthan Royals,Kolkata Knight Riders,"Barsapara Cricket Stadium, Guwahati",Kolkata Knight Riders,field,N,Kolkata Knight Riders,Wickets,8.0,,Q de Kock,"['YBK Jaiswal', 'SV Samson', 'R Parag', 'N Rana', 'PWH de Silva', 'Dhruv Jurel', 'SB Dubey', 'SO Hetmyer', 'JC Archer', 'M Theekshana', 'TU Deshpande', 'Sandeep Sharma']","['CV Varun', 'MM Ali', 'Q de Kock', 'AM Rahane', 'A Raghuvanshi', 'VR Iyer', 'RK Singh', 'AD Russell', 'Ramandeep Singh', 'SH Johnson', 'VG Arora', 'Harshit Rana']",A Totre,R Pandit
1312352,Hyderabad,27-03-2025,2025,7.0,Sunrisers Hyderabad,Lucknow Super Giants,"Rajiv Gandhi International Stadium, Uppal, Hyderabad",Lucknow Super Giants,field,N,Lucknow Super Giants,Wickets,5.0,,SN Thakur,"['TM Head', 'Abhishek Sharma', 'Ishan Kishan', 'Nithish Kumar Reddy', 'H Klaasen', 'Aniket Verma', 'A Manohar', 'PJ Cummins', 'HV Patel', 'Mohammed Shami', 'Simarjeet Singh', 'A Zampa']","['DS Rathi', 'MR Marsh', 'AK Markram', 'N Pooran', 'RR Pant', 'A Badoni', 'DA Miller', 'Abdul Samad', 'SN Thakur', 'Ravi Bishnoi', 'Prince Yadav', 'Avesh Khan']",Abhijit Bhattacharya,UV Gandhe
1312353,Chennai,28-03-2025,2025,8.0,Royal Challengers Bengaluru,Chennai Super Kings,"MA Chidambaram Stadium, Chepauk, Chennai",Chennai Super Kings,field,N,Royal Challengers Bengaluru,Runs,50.0,,RM Patidar,"['Suyash Sharma', 'PD Salt', 'V Kohli', 'D Padikkal', 'RM Patidar', 'LS Livingstone', 'JM Sharma', 'TH David', 'KH Pandya', 'B Kumar', 'JR Hazlewood', 'Yash Dayal']","['M Pathirana', 'R Ravindra', 'RA Tripathi', 'RD Gaikwad', 'DJ Hooda', 'SM Curran', 'S Dube', 'RA Jadeja', 'R Ashwin', 'MS Dhoni', 'Noor Ahmad', 'KK Ahmed']",Nitin Menon,HAS Khalid
1312354,Ahmedabad,29-03-2025,2025,9.0,Gujarat Titans,Mumbai Indians,"Narendra Modi Stadium, Ahmedabad",Mumbai Indians,field,N,Gujarat Titans,Runs,36.0,,M Prasidh Krishna,"['I Sharma', 'B Sai Sudharsan', 'Shubman Gill', 'JC Buttler', 'M Shahrukh Khan', 'SE Rutherford', 'R Tewatia', 'Rashid Khan', 'K Rabada', 'R Sai Kishore', 'Mohammed Siraj', 'M Prasidh Krishna']","['PVSN Raju', 'RG Sharma', 'RD Rickelton', 'Tilak Varma', 'SA Yadav', 'R Minz', 'HH Pandya', 'Naman Dhir', 'MJ Santner', 'DL Chahar', 'TA Boult', 'Mujeeb Ur Rahman']",A Bengeri,Vinod Seshan
1312355,Visakhapatnam,30-03-2025,2025,10.0,Sunrisers Hyderabad,Delhi Capitals,"Dr. Y.S. Rajasekhara Reddy ACA-VDCA Cricket Stadium, Visakhapatnam",Sunrisers Hyderabad,bat,N,Delhi Capitals,Wickets,7.0,,MA Starc,"['Abhishek Sharma', 'TM Head', 'Ishan Kishan', 'Nithish Kumar Reddy', 'Aniket Verma', 'H Klaasen', 'A Manohar', 'PJ Cummins', 'PWA Mulder', 'HV Patel', 'Mohammed Shami', 'Zeeshan Ansari']","['J Fraser-McGurk', 'F du Plessis', 'Abishek Porel', 'KL Rahul', 'T Stubbs', 'AR Patel', 'V Nigam', 'MA Starc', 'Kuldeep Yadav', 'MM Sharma', 'Mukesh Kumar']",Abhijit Bhattacharya,UV Gandhe
1312356,Guwahati,30-03-2025,2025,11.0,Rajasthan Royals,Chennai Super Kings,"Barsapara Cricket Stadium, Guwahati",Chennai Super Kings,field,N,Rajasthan Royals,Runs,6.0,,N Rana,"['YBK Jaiswal', 'SV Samson', 'N Rana', 'R Parag', 'Dhruv Jurel', 'PWH de Silva', 'SO Hetmyer', 'JC Archer', 'K Kartikeya', 'M Theekshana', 'TU Deshpande', 'Sandeep Sharma']","['M Pathirana', 'R Ravindra', 'RA Tripathi', 'RD Gaikwad', 'S Dube', 'V Shankar', 'RA Jadeja', 'MS Dhoni', 'J Overton', 'R Ashwin', 'Noor Ahmad', 'KK Ahmed']",AT Holdstock,A Totre
1312357,Mumbai,31-03-2025,2025,12.0,Kolkata Knight Riders,Mumbai Indians,"Wankhede Stadium, Mumbai",Mumbai Indians,field,N,Mumbai Indians,Wickets,8.0,,Ashwani Kumar,"['Q de Kock', 'SP Narine', 'AM Rahane', 'A Raghuvanshi', 'VR Iyer', 'RK Singh', 'MK Pandey', 'AD Russell', 'Ramandeep Singh', 'Harshit Rana', 'SH Johnson', 'CV Varun']","['V Puthur', 'RG Sharma', 'RD Rickelton', 'WG Jacks', 'SA Yadav', 'Tilak Varma', 'HH Pandya', 'Naman Dhir', 'MJ Santner', 'DL Chahar', 'TA Boult', 'Ashwani Kumar']",MV Saidharshan Kumar,HAS Khalid
1312358,Lucknow,01-04-2025,2025,13.0,Lucknow Super Giants,Punjab Kings,"Bharat Ratna Shri Atal Bihari Vajpayee Ekana Cricket Stadium, Lucknow",Punjab Kings,field,N,Punjab Kings,Wickets,8.0,,P Simran Singh,"['M Siddharth', 'AK Markram', 'MR Marsh', 'N Pooran', 'RR Pant', 'A Badoni', 'DA Miller', 'Abdul Samad', 'SN Thakur', 'Avesh Khan', 'Ravi Bishnoi', 'DS Rathi']","['YS Chahal', 'Priyansh Arya', 'P Simran Singh', 'SS Iyer', 'N Wadhera', 'GJ Maxwell', 'MP Stoinis', 'Shashank Singh', 'Suryansh Shedge', 'M Jansen', 'LH Ferguson', 'Arshdeep Singh']",A Bengeri,Vinod Seshan
1312359,Bengaluru,02-04-2025,2025,14.0,Royal Challengers Bengaluru,Gujarat Titans,"M Chinnaswamy Stadium, Bengaluru",Gujarat Titans,field,N,Gujarat Titans,Wickets,8.0,,Mohammed Siraj,"['Rasikh Salam', 'PD Salt', 'V Kohli', 'D Padikkal', 'RM Patidar', 'LS Livingstone', 'JM Sharma', 'KH Pandya', 'TH David', 'B Kumar', 'JR Hazlewood', 'Yash Dayal']","['I Sharma', 'B Sai Sudharsan', 'Shubman Gill', 'JC Buttler', 'SE Rutherford', 'M Shahrukh Khan', 'R Tewatia', 'Arshad Khan', 'Rashid Khan', 'R Sai Kishore', 'Mohammed Siraj', 'M Prasidh Krishna']",Abhijit Bhattacharya,UV Gandhe
1312360,Kolkata,03-04-2025,2025,15.0,Kolkata Knight Riders,Sunrisers Hyderabad,"Eden Gardens, Kolkata",Sunrisers Hyderabad,field,N,Kolkata Knight Riders,Runs,80.0,,VG Arora,"['VG Arora', 'Q de Kock', 'SP Narine', 'AM Rahane', 'A Raghuvanshi', 'VR Iyer', 'RK Singh', 'AD Russell', 'MM Ali', 'Ramandeep Singh', 'Harshit Rana', 'CV Varun']","['Zeeshan Ansari', 'TM Head', 'Abhishek Sharma', 'Ishan Kishan', 'Nithish Kumar Reddy', 'PHKD Mendis', 'H Klaasen', 'Aniket Verma', 'PJ Cummins', 'HV Patel', 'Simarjeet Singh', 'Mohammed Shami']",AT Holdstock,A Totre
1312361,Lucknow,04-04-2025,2025,16.0,Lucknow Super Giants,Mumbai Indians,"Bharat Ratna Shri Atal Bihari Vajpayee Ekana Cricket Stadium, Lucknow",Mumbai Indians,field,N,Lucknow Super Giants,Runs,12.0,,DS Rathi,"['Ravi Bishnoi', 'MR Marsh', 'AK Markram', 'N Pooran', 'RR Pant', 'A Badoni', 'DA Miller', 'Abdul Samad', 'SN Thakur', 'Akash Deep', 'Avesh Khan', 'DS Rathi']","['V Puthur', 'WG Jacks', 'RD Rickelton', 'Naman Dhir', 'SA Yadav', 'Tilak Varma', 'HH Pandya', 'MJ Santner', 'RA Bawa', 'DL Chahar', 'TA Boult', 'Ashwani Kumar']",Nitin Menon,MV Saidharshan Kumar
1312362,Chennai,05-04-2025,2025,17.0,Delhi Capitals,Chennai Super Kings,"MA Chidambaram Stadium, Chepauk, Chennai",Delhi Capitals,bat,N,Delhi Capitals,Runs,25.0,,KL Rahul,"['Mukesh Kumar', 'J Fraser-McGurk', 'KL Rahul', 'Abishek Porel', 'AR Patel', 'Sameer Rizvi', 'T Stubbs', 'Ashutosh Sharma', 'V Nigam', 'MA Starc', 'Kuldeep Yadav', 'MM Sharma']","['M Pathirana', 'R Ravindra', 'DP Conway', 'RD Gaikwad', 'V Shankar', 'S Dube', 'RA Jadeja', 'MS Dhoni', 'R Ashwin', 'Noor Ahmad', 'Mukesh Choudhary', 'KK Ahmed']",A Bengeri,P Joshi
1312363,Mohali,05-04-2025,2025,18.0,Rajasthan Royals,Punjab Kings,"Maharaja Yadavindra Singh International Cricket Stadium, Mullanpur",Punjab Kings,field,N,Rajasthan Royals,Runs,50.0,,JC Archer,"['K Kartikeya', 'YBK Jaiswal', 'SV Samson', 'R Parag', 'N Rana', 'SO Hetmyer', 'Dhruv Jurel', 'PWH de Silva', 'JC Archer', 'M Theekshana', 'Yudhvir Singh', 'Sandeep Sharma']","['YS Chahal', 'Priyansh Arya', 'P Simran Singh', 'SS Iyer', 'MP Stoinis', 'N Wadhera', 'GJ Maxwell', 'Shashank Singh', 'Suryansh Shedge', 'M Jansen', 'Arshdeep Singh', 'LH Ferguson']",K Swaroopanand,UV Gandhe
1312364,Hyderabad,06-04-2025,2025,19.0,Sunrisers Hyderabad,Gujarat Titans,"Rajiv Gandhi International Stadium, Uppal, Hyderabad",Gujarat Titans,field,N,Gujarat Titans,Wickets,7.0,,Mohammed Siraj,"['Abhishek Sharma', 'TM Head', 'Ishan Kishan', 'Nithish Kumar Reddy', 'H Klaasen', 'Aniket Verma', 'PHKD Mendis', 'PJ Cummins', 'Simarjeet Singh', 'Mohammed Shami', 'Zeeshan Ansari', 'JD Unadkat']","['I Sharma', 'B Sai Sudharsan', 'Shubman Gill', 'JC Buttler', 'Washington Sundar', 'SE Rutherford', 'R Tewatia', 'M Shahrukh Khan', 'Rashid Khan', 'R Sai Kishore', 'Mohammed Siraj', 'M Prasidh Krishna']",KN Ananthapadmanabhan,MV Saidharshan Kumar
1312365,Mumbai,07-04-2025,2025,20.0,Royal Challengers Bengaluru,Mumbai Indians,"Wankhede Stadium, Mumbai",Mumbai Indians,field,N,Royal Challengers Bengaluru,Runs,12.0,,RM Patidar,"['PD Salt', 'V Kohli', 'D Padikkal', 'RM Patidar', 'LS Livingstone', 'JM Sharma', 'TH David', 'KH Pandya', 'B Kumar', 'JR Hazlewood', 'Yash Dayal', 'Suyash Sharma']","['V Puthur', 'RG Sharma', 'RD Rickelton', 'WG Jacks', 'SA Yadav', 'Tilak Varma', 'HH Pandya', 'Naman Dhir', 'MJ Santner', 'DL Chahar', 'TA Boult', 'JJ Bumrah']",P Joshi,Vinod Seshan
1312366,Mohali,08-04-2025,2025,22.0,Punjab Kings,Chennai Super Kings,"Maharaja Yadavindra Singh International Cricket Stadium, Mullanpur",Punjab Kings,bat,N,Punjab Kings,Runs,18.0,,Priyansh Arya,"['Priyansh Arya', 'P Simran Singh', 'SS Iyer', 'MP Stoinis', 'N Wadhera', 'GJ Maxwell', 'Shashank Singh', 'M Jansen', 'YS Chahal', 'Arshdeep Singh', 'LH Ferguson', 'Yash Thakur']","['M Pathirana', 'R Ravindra', 'DP Conway', 'RD Gaikwad', 'S Dube', 'MS Dhoni', 'RA Jadeja', 'V Shankar', 'R Ashwin', 'Noor Ahmad', 'Mukesh Choudhary', 'KK Ahmed']",Abhijit Bhattacharya,UV Gandhe
1312367,Kolkata,08-04-2025,2025,21.0,Lucknow Super Giants,Kolkata Knight Riders,"Eden Gardens, Kolkata",Kolkata Knight Riders,field,N,Lucknow Super Giants,Runs,4.0,,N Pooran,"['AK Markram', 'MR Marsh', 'N Pooran', 'Abdul Samad', 'DA Miller', 'RR Pant', 'A Badoni', 'SN Thakur', 'Akash Deep', 'Avesh Khan', 'DS Rathi', 'Ravi Bishnoi']","['CV Varun', 'Q de Kock', 'SP Narine', 'AM Rahane', 'VR Iyer', 'Ramandeep Singh', 'A Raghuvanshi', 'AD Russell', 'RK Singh', 'Harshit Rana', 'VG Arora', 'SH Johnson']",AT Holdstock,A Totre
1312368,Ahmedabad,09-04-2025,2025,23.0,Gujarat Titans,Rajasthan Royals,"Narendra Modi Stadium, Ahmedabad",Rajasthan Royals,field,N,Gujarat Titans,Runs,58.0,,B Sai Sudharsan,"['K Khejroliya', 'B Sai Sudharsan', 'Shubman Gill', 'JC Buttler', 'M Shahrukh Khan', 'SE Rutherford', 'R Tewatia', 'Rashid Khan', 'Arshad Khan', 'R Sai Kishore', 'Mohammed Siraj', 'M Prasidh Krishna']","['Fazalhaq Farooqi', 'YBK Jaiswal', 'SV Samson', 'N Rana', 'R Parag', 'Dhruv Jurel', 'SO Hetmyer', 'SB Dubey', 'JC Archer', 'M Theekshana', 'TU Deshpande', 'Sandeep Sharma']",A Totre,R Pandit
1312369,Bengaluru,10-04-2025,2025,24.0,Royal Challengers Bengaluru,Delhi Capitals,"M Chinnaswamy Stadium, Bengaluru",Delhi Capitals,field,N,Delhi Capitals,Wickets,6.0,,KL Rahul,"['PD Salt', 'V Kohli', 'D Padikkal', 'RM Patidar', 'LS Livingstone', 'JM Sharma', 'KH Pandya', 'TH David', 'B Kumar', 'JR Hazlewood', 'Yash Dayal', 'Suyash Sharma']","['F du Plessis', 'J Fraser-McGurk', 'Abishek Porel', 'KL Rahul', 'AR Patel', 'T Stubbs', 'Ashutosh Sharma', 'V Nigam', 'MA Starc', 'Kuldeep Yadav', 'MM Sharma', 'Mukesh Kumar']",KN Ananthapadmanabhan,MV Saidharshan Kumar
1312370,Chennai,11-04-2025,2025,25.0,Chennai Super Kings,Kolkata Knight Riders,"MA Chidambaram Stadium, Chepauk, Chennai",Kolkata Knight Riders,field,N,Kolkata Knight Riders,Wickets,8.0,,SP Narine,"['R Ravindra', 'DP Conway', 'RA Tripathi', 'V Shankar', 'S Dube', 'R Ashwin', 'RA Jadeja', 'DJ Hooda', 'MS Dhoni', 'Noor Ahmad', 'A Kamboj', 'KK Ahmed']","['Q de Kock', 'SP Narine', 'AM Rahane', 'RK Singh', 'VR Iyer', 'AD Russell', 'Ramandeep Singh', 'VG Arora', 'MM Ali', 'Harshit Rana', 'CV Varun']",CB Gaffaney,P Joshi
1312371,Lucknow,12-04-2025,2025,26.0,Gujarat Titans,Lucknow Super Giants,"Bharat Ratna Shri Atal Bihari Vajpayee Ekana Cricket Stadium, Lucknow",Lucknow Super Giants,field,N,Lucknow Super Giants,Wickets,6.0,,AK Markram,"['M Prasidh Krishna', 'B Sai Sudharsan', 'Shubman Gill', 'JC Buttler', 'Washington Sundar', 'SE Rutherford', 'M Shahrukh Khan', 'R Tewatia', 'Rashid Khan', 'Arshad Khan', 'R Sai Kishore', 'Mohammed Siraj']","['DS Rathi', 'AK Markram', 'RR Pant', 'N Pooran', 'A Badoni', 'DA Miller', 'Abdul Samad', 'Himmat Singh', 'SN Thakur', 'Akash Deep', 'Avesh Khan', 'Ravi Bishnoi']",K Swaroopanand,UV Gandhe
1312372,Hyderabad,12-04-2025,2025,27.0,Punjab Kings,Sunrisers Hyderabad,"Rajiv Gandhi International Stadium, Uppal, Hyderabad",Punjab Kings,bat,N,Sunrisers Hyderabad,Wickets,8.0,,Abhishek Sharma,"['Yash Thakur', 'Priyansh Arya', 'P Simran Singh', 'SS Iyer', 'N Wadhera', 'Shashank Singh', 'GJ Maxwell', 'MP Stoinis', 'M Jansen', 'YS Chahal', 'Arshdeep Singh', 'LH Ferguson']","['E Malinga', 'TM Head', 'Abhishek Sharma', 'H Klaasen', 'Ishan Kishan', 'Nithish Kumar Reddy', 'Aniket Verma', 'PJ Cummins', 'HV Patel', 'Mohammed Shami', 'Zeeshan Ansari', 'A Manohar']",A Totre,K Kelkar
1312373,Jaipur,13-04-2025,2025,28.0,Rajasthan Royals,Royal Challengers Bengaluru,"Sawai Mansingh Stadium, Jaipur",Royal Challengers Bengaluru,field,N,Royal Challengers Bengaluru,Wickets,9.0,,PD Salt,"['K Kartikeya', 'YBK Jaiswal', 'SV Samson', 'R Parag', 'Dhruv Jurel', 'SO Hetmyer', 'N Rana', 'PWH de Silva', 'JC Archer', 'M Theekshana', 'Sandeep Sharma', 'TU Deshpande']","['Suyash Sharma', 'PD Salt', 'V Kohli', 'D Padikkal', 'RM Patidar', 'LS Livingstone', 'JM Sharma', 'TH David', 'KH Pandya', 'B Kumar', 'JR Hazlewood', 'Yash Dayal']",Nitin Menon,MV Saidharshan Kumar
1312374,Delhi,13-04-2025,2025,29.0,Mumbai Indians,Delhi Capitals,"Arun Jaitley Stadium, Delhi",Delhi Capitals,field,N,Mumbai Indians,Runs,12.0,,KV Sharma,"['KV Sharma', 'RG Sharma', 'RD Rickelton', 'SA Yadav', 'Tilak Varma', 'HH Pandya', 'Naman Dhir', 'WG Jacks', 'MJ Santner', 'DL Chahar', 'TA Boult', 'JJ Bumrah']","['Mukesh Kumar', 'J Fraser-McGurk', 'Abishek Porel', 'KK Nair', 'KL Rahul', 'AR Patel', 'T Stubbs', 'Ashutosh Sharma', 'V Nigam', 'MA Starc', 'Kuldeep Yadav', 'MM Sharma']",CB Gaffaney,Vinod Seshan
1312375,Lucknow,14-04-2025,2025,30.0,Lucknow Super Giants,Chennai Super Kings,"Bharat Ratna Shri Atal Bihari Vajpayee Ekana Cricket Stadium, Lucknow",Chennai Super Kings,field,N,Chennai Super Kings,Wickets,5.0,,MS Dhoni,"['Ravi Bishnoi', 'AK Markram', 'MR Marsh', 'N Pooran', 'RR Pant', 'A Badoni', 'Abdul Samad', 'DA Miller', 'SN Thakur', 'DS Rathi', 'Akash Deep', 'Avesh Khan']","['M Pathirana', 'SK Rasheed', 'R Ravindra', 'RA Tripathi', 'RA Jadeja', 'S Dube', 'V Shankar', 'MS Dhoni', 'J Overton', 'A Kamboj', 'Noor Ahmad', 'KK Ahmed']",UV Gandhe,VK Sharma
1312376,Mohali,15-04-2025,2025,31.0,Punjab Kings,Kolkata Knight Riders,"Maharaja Yadavindra Singh International Cricket Stadium, Mullanpur",Punjab Kings,bat,N,Punjab Kings,Runs,16.0,,YS Chahal,"['Priyansh Arya', 'P Simran Singh', 'SS Iyer', 'JP Inglis', 'N Wadhera', 'GJ Maxwell', 'Suryansh Shedge', 'Shashank Singh', 'M Jansen', 'XC Bartlett', 'Arshdeep Singh', 'YS Chahal']","['CV Varun', 'Q de Kock', 'SP Narine', 'AM Rahane', 'A Raghuvanshi', 'VR Iyer', 'RK Singh', 'AD Russell', 'Ramandeep Singh', 'Harshit Rana', 'VG Arora', 'A Nortje']",M Krishnadas,MV Saidharshan Kumar
1312377,Delhi,16-04-2025,2025,32.0,Delhi Capitals,Rajasthan Royals,"Arun Jaitley Stadium, Delhi",Rajasthan Royals,field,Y,,,0.0,,MA Starc,"['Mukesh Kumar', 'J Fraser-McGurk', 'Abishek Porel', 'KK Nair', 'KL Rahul', 'T Stubbs', 'AR Patel', 'Ashutosh Sharma', 'V Nigam', 'MA Starc', 'Kuldeep Yadav', 'MM Sharma']","['YBK Jaiswal', 'SV Samson', 'R Parag', 'N Rana', 'Dhruv Jurel', 'SO Hetmyer', 'PWH de Silva', 'JC Archer', 'M Theekshana', 'Sandeep Sharma', 'TU Deshpande', 'SB Dubey']",A Totre,K Kelkar
1312378,Mumbai,17-04-2025,2025,33.0,Sunrisers Hyderabad,Mumbai Indians,"Wankhede Stadium, Mumbai",Mumbai Indians,field,N,Mumbai Indians,Wickets,4.0,,WG Jacks,"['RD Chahar', 'Abhishek Sharma', 'TM Head', 'Ishan Kishan', 'Nithish Kumar Reddy', 'H Klaasen', 'Aniket Verma', 'PJ Cummins', 'HV Patel', 'Mohammed Shami', 'Zeeshan Ansari', 'E Malinga']","['KV Sharma', 'RD Rickelton', 'RG Sharma', 'WG Jacks', 'SA Yadav', 'Tilak Varma', 'HH Pandya', 'Naman Dhir', 'MJ Santner', 'DL Chahar', 'TA Boult', 'JJ Bumrah']",J Madanagopal,Vinod Seshan
1312379,Bengaluru,18-04-2025,2025,34.0,Royal Challengers Bengaluru,Punjab Kings,"M Chinnaswamy Stadium, Bengaluru",Punjab Kings,field,N,Punjab Kings,Wickets,5.0,,TH David,"['PD Salt', 'V Kohli', 'RM Patidar', 'LS Livingstone', 'JM Sharma', 'KH Pandya', 'TH David', 'MS Bhandage', 'B Kumar', 'Yash Dayal', 'JR Hazlewood', 'Suyash Sharma']","['YS Chahal', 'Priyansh Arya', 'P Simran Singh', 'SS Iyer', 'JP Inglis', 'N Wadhera', 'Shashank Singh', 'MP Stoinis', 'Harpreet Brar', 'M Jansen', 'XC Bartlett', 'Arshdeep Singh']",UV Gandhe,VK Sharma
1312380,Ahmedabad,19-04-2025,2025,35.0,Delhi Capitals,Gujarat Titans,"Narendra Modi Stadium, Ahmedabad",Gujarat Titans,field,N,Gujarat Titans,Wickets,7.0,,JC Buttler,"['Abishek Porel', 'KK Nair', 'KL Rahul', 'AR Patel', 'T Stubbs', 'Ashutosh Sharma', 'V Nigam', 'D Ferreira', 'MA Starc', 'Kuldeep Yadav', 'MM Sharma', 'Mukesh Kumar']","['I Sharma', 'B Sai Sudharsan', 'Shubman Gill', 'JC Buttler', 'SE Rutherford', 'R Tewatia', 'Rashid Khan', 'M Shahrukh Khan', 'Arshad Khan', 'R Sai Kishore', 'Mohammed Siraj', 'M Prasidh Krishna']",A Totre,K Kelkar
1312381,Jaipur,19-04-2025,2025,36.0,Lucknow Super Giants,Rajasthan Royals,"Sawai Mansingh Stadium, Jaipur",Lucknow Super Giants,bat,N,Lucknow Super Giants,Runs,2.0,,Avesh Khan,"['MR Marsh', 'AK Markram', 'N Pooran', 'RR Pant', 'A Badoni', 'DA Miller', 'Abdul Samad', 'DS Rathi', 'SN Thakur', 'Ravi Bishnoi', 'Prince Yadav', 'Avesh Khan']","['Sandeep Sharma', 'YBK Jaiswal', 'V Suryavanshi', 'N Rana', 'R Parag', 'Dhruv Jurel', 'SO Hetmyer', 'SB Dubey', 'PWH de Silva', 'JC Archer', 'M Theekshana', 'TU Deshpande']",J Madanagopal,Vinod Seshan
1312382,Mohali,20-04-2025,2025,37.0,Punjab Kings,Royal Challengers Bengaluru,"Maharaja Yadavindra Singh International Cricket Stadium, Mullanpur",Royal Challengers Bengaluru,field,N,Royal Challengers Bengaluru,Wickets,7.0,,V Kohli,"['Harpreet Brar', 'Priyansh Arya', 'P Simran Singh', 'SS Iyer', 'JP Inglis', 'N Wadhera', 'Shashank Singh', 'MP Stoinis', 'M Jansen', 'XC Bartlett', 'Arshdeep Singh', 'YS Chahal']","['Suyash Sharma', 'PD Salt', 'V Kohli', 'D Padikkal', 'RM Patidar', 'JM Sharma', 'R Shepherd', 'TH David', 'KH Pandya', 'B Kumar', 'JR Hazlewood', 'Yash Dayal']",KM Gandhi,MV Saidharshan Kumar
1312383,Mumbai,20-04-2025,2025,38.0,Chennai Super Kings,Mumbai Indians,"Wankhede Stadium, Mumbai",Mumbai Indians,field,N,Mumbai Indians,Wickets,9.0,,RG Sharma,"['R Ashwin', 'SK Rasheed', 'R Ravindra', 'A Mhatre', 'RA Jadeja', 'S Dube', 'MS Dhoni', 'J Overton', 'V Shankar', 'Noor Ahmad', 'KK Ahmed', 'M Pathirana']","['Ashwani Kumar', 'RD Rickelton', 'RG Sharma', 'SA Yadav', 'WG Jacks', 'Tilak Varma', 'HH Pandya', 'Naman Dhir', 'MJ Santner', 'DL Chahar', 'TA Boult', 'JJ Bumrah']",Abhijit Bhattacharya,VK Sharma
1312384,Kolkata,21-04-2025,2025,39.0,Gujarat Titans,Kolkata Knight Riders,"Eden Gardens, Kolkata",Kolkata Knight Riders,field,N,Gujarat Titans,Runs,39.0,,Shubman Gill,"['SE Rutherford', 'B Sai Sudharsan', 'Shubman Gill', 'JC Buttler', 'R Tewatia', 'M Shahrukh Khan', 'Rashid Khan', 'Washington Sundar', 'R Sai Kishore', 'Mohammed Siraj', 'M Prasidh Krishna', 'I Sharma']","['VG Arora', 'Rahmanullah Gurbaz', 'SP Narine', 'AM Rahane', 'VR Iyer', 'RK Singh', 'AD Russell', 'Ramandeep Singh', 'MM Ali', 'A Raghuvanshi', 'Harshit Rana', 'CV Varun']",Anish Sahasrabudhe,R Pandit
1312385,Lucknow,22-04-2025,2025,40.0,Lucknow Super Giants,Delhi Capitals,"Bharat Ratna Shri Atal Bihari Vajpayee Ekana Cricket Stadium, Lucknow",Delhi Capitals,field,N,Delhi Capitals,Wickets,8.0,,Mukesh Kumar,"['AK Markram', 'MR Marsh', 'N Pooran', 'Abdul Samad', 'DA Miller', 'A Badoni', 'RR Pant', 'SN Thakur', 'Ravi Bishnoi', 'DS Rathi', 'Avesh Khan', 'Prince Yadav']","['Abishek Porel', 'KK Nair', 'KL Rahul', 'AR Patel', 'T Stubbs', 'Ashutosh Sharma', 'V Nigam', 'MA Starc', 'PVD Chameera', 'Kuldeep Yadav', 'Mukesh Kumar']",KM Gandhi,MV Saidharshan Kumar
1312386,Hyderabad,23-04-2025,2025,41.0,Sunrisers Hyderabad,Mumbai Indians,"Rajiv Gandhi International Stadium, Uppal, Hyderabad",Mumbai Indians,field,N,Mumbai Indians,Wickets,7.0,,TA Boult,"['TM Head', 'Abhishek Sharma', 'Ishan Kishan', 'Nithish Kumar Reddy', 'H Klaasen', 'Aniket Verma', 'A Manohar', 'PJ Cummins', 'HV Patel', 'JD Unadkat', 'Zeeshan Ansari', 'E Malinga']","['V Puthur', 'RD Rickelton', 'RG Sharma', 'WG Jacks', 'SA Yadav', 'Tilak Varma', 'HH Pandya', 'Naman Dhir', 'MJ Santner', 'DL Chahar', 'TA Boult', 'JJ Bumrah']",J Madanagopal,Vinod Seshan
1312387,Bengaluru,24-04-2025,2025,42.0,Royal Challengers Bengaluru,Rajasthan Royals,"M Chinnaswamy Stadium, Bengaluru",Rajasthan Royals,field,N,Royal Challengers Bengaluru,Runs,11.0,,JR Hazlewood,"['Suyash Sharma', 'PD Salt', 'V Kohli', 'D Padikkal', 'TH David', 'RM Patidar', 'JM Sharma', 'R Shepherd', 'KH Pandya', 'B Kumar', 'JR Hazlewood', 'Yash Dayal']","['Sandeep Sharma', 'YBK Jaiswal', 'V Suryavanshi', 'N Rana', 'R Parag', 'Dhruv Jurel', 'SO Hetmyer', 'SB Dubey', 'JC Archer', 'PWH de Silva', 'TU Deshpande', 'Fazalhaq Farooqi']",MA Gough,UV Gandhe
1312388,Chennai,25-04-2025,2025,43.0,Chennai Super Kings,Sunrisers Hyderabad,"MA Chidambaram Stadium, Chepauk, Chennai",Sunrisers Hyderabad,field,N,Sunrisers Hyderabad,Wickets,5.0,,HV Patel,"['SK Rasheed', 'A Mhatre', 'SM Curran', 'RA Jadeja', 'D Brevis', 'S Dube', 'DJ Hooda', 'MS Dhoni', 'A Kamboj', 'Noor Ahmad', 'KK Ahmed', 'M Pathirana']","['Zeeshan Ansari', 'Abhishek Sharma', 'TM Head', 'Ishan Kishan', 'H Klaasen', 'Aniket Verma', 'PHKD Mendis', 'Nithish Kumar Reddy', 'PJ Cummins', 'HV Patel', 'JD Unadkat', 'Mohammed Shami']",M Krishnadas,Nitin Menon
1312389,Kolkata,26-04-2025,2025,44.0,Punjab Kings,Kolkata Knight Riders,"Eden Gardens, Kolkata",Punjab Kings,bat,N,,,0.0,,,"['Harpreet Brar', 'Priyansh Arya', 'P Simran Singh', 'SS Iyer', 'GJ Maxwell', 'M Jansen', 'JP Inglis', 'Shashank Singh', 'N Wadhera', 'Azmatullah Omarzai', 'YS Chahal', 'Arshdeep Singh']","['C Sakariya', 'Rahmanullah Gurbaz', 'SP Narine', 'VR Iyer', 'AM Rahane', 'RK Singh', 'AD Russell', 'R Powell', 'VG Arora', 'Harshit Rana', 'CV Varun', 'A Raghuvanshi']",AT Holdstock,Anish Sahasrabudhe
1312390,Mumbai,27-04-2025,2025,45.0,Mumbai Indians,Lucknow Super Giants,"Wankhede Stadium, Mumbai",Lucknow Super Giants,field,N,Mumbai Indians,Runs,54.0,,WG Jacks,"['JJ Bumrah', 'RD Rickelton', 'RG Sharma', 'WG Jacks', 'SA Yadav', 'Tilak Varma', 'HH Pandya', 'Naman Dhir', 'C Bosch', 'DL Chahar', 'TA Boult', 'KV Sharma']","['MR Marsh', 'AK Markram', 'N Pooran', 'RR Pant', 'A Badoni', 'DA Miller', 'Abdul Samad', 'Ravi Bishnoi', 'Avesh Khan', 'Prince Yadav', 'DS Rathi', 'MP Yadav']",CB Gaffaney,J Madanagopal
1312391,Delhi,27-04-2025,2025,46.0,Delhi Capitals,Royal Challengers Bengaluru,"Arun Jaitley Stadium, Delhi",Royal Challengers Bengaluru,field,N,Royal Challengers Bengaluru,Wickets,6.0,,KH Pandya,"['Abishek Porel', 'F du Plessis', 'KK Nair', 'KL Rahul', 'AR Patel', 'T Stubbs', 'Ashutosh Sharma', 'V Nigam', 'MA Starc', 'PVD Chameera', 'Kuldeep Yadav', 'Mukesh Kumar']","['Suyash Sharma', 'JG Bethell', 'V Kohli', 'D Padikkal', 'RM Patidar', 'KH Pandya', 'TH David', 'R Shepherd', 'JM Sharma', 'B Kumar', 'JR Hazlewood', 'Yash Dayal']",M Krishnadas,Nitin Menon
1312392,Jaipur,28-04-2025,2025,47.0,Gujarat Titans,Rajasthan Royals,"Sawai Mansingh Stadium, Jaipur",Rajasthan Royals,field,N,Rajasthan Royals,Wickets,8.0,,V Suryavanshi,"['I Sharma', 'B Sai Sudharsan', 'Shubman Gill', 'JC Buttler', 'Washington Sundar', 'R Tewatia', 'M Shahrukh Khan', 'Karim Janat', 'Rashid Khan', 'R Sai Kishore', 'Mohammed Siraj', 'M Prasidh Krishna']","['YBK Jaiswal', 'V Suryavanshi', 'N Rana', 'R Parag', 'Dhruv Jurel', 'SO Hetmyer', 'PWH de Silva', 'JC Archer', 'M Theekshana', 'Sandeep Sharma', 'Yudhvir Singh']",MA Gough,VK Sharma
1312393,Delhi,29-04-2025,2025,48.0,Kolkata Knight Riders,Delhi Capitals,"Arun Jaitley Stadium, Delhi",Delhi Capitals,field,N,Kolkata Knight Riders,Runs,14.0,,SP Narine,"['VG Arora', 'Rahmanullah Gurbaz', 'SP Narine', 'AM Rahane', 'A Raghuvanshi', 'VR Iyer', 'RK Singh', 'AD Russell', 'R Powell', 'AS Roy', 'Harshit Rana', 'CV Varun']","['Mukesh Kumar', 'Abishek Porel', 'F du Plessis', 'KK Nair', 'KL Rahul', 'AR Patel', 'T Stubbs', 'V Nigam', 'Ashutosh Sharma', 'MA Starc', 'PVD Chameera', 'Kuldeep Yadav']",M Krishnadas,MV Saidharshan Kumar
1312394,Chennai,30-04-2025,2025,49.0,Chennai Super Kings,Punjab Kings,"MA Chidambaram Stadium, Chepauk, Chennai",Punjab Kings,field,N,Punjab Kings,Wickets,4.0,,SS Iyer,"['SK Rasheed', 'A Mhatre', 'SM Curran', 'RA Jadeja', 'D Brevis', 'S Dube', 'MS Dhoni', 'DJ Hooda', 'A Kamboj', 'Noor Ahmad', 'KK Ahmed', 'M Pathirana']","['YS Chahal', 'Priyansh Arya', 'P Simran Singh', 'SS Iyer', 'N Wadhera', 'Shashank Singh', 'JP Inglis', 'Suryansh Shedge', 'M Jansen', 'Azmatullah Omarzai', 'Harpreet Brar', 'Arshdeep Singh']",A Totre,Anish Sahasrabudhe
1312395,Jaipur,01-05-2025,2025,50.0,Mumbai Indians,Rajasthan Royals,"Sawai Mansingh Stadium, Jaipur",Rajasthan Royals,field,N,Mumbai Indians,Runs,100.0,,RD Rickelton,"['KV Sharma', 'RD Rickelton', 'RG Sharma', 'SA Yadav', 'HH Pandya', 'WG Jacks', 'Tilak Varma', 'Naman Dhir', 'C Bosch', 'DL Chahar', 'TA Boult', 'JJ Bumrah']","['Fazalhaq Farooqi', 'YBK Jaiswal', 'V Suryavanshi', 'N Rana', 'R Parag', 'Dhruv Jurel', 'SO Hetmyer', 'SB Dubey', 'JC Archer', 'M Theekshana', 'K Kartikeya', 'Akash Madhwal']",P Joshi,Vinod Seshan
1312396,Ahmedabad,02-05-2025,2025,51.0,Gujarat Titans,Sunrisers Hyderabad,"Narendra Modi Stadium, Ahmedabad",Sunrisers Hyderabad,field,N,Gujarat Titans,Runs,38.0,,M Prasidh Krishna,"['I Sharma', 'B Sai Sudharsan', 'Shubman Gill', 'JC Buttler', 'Washington Sundar', 'M Shahrukh Khan', 'R Tewatia', 'Rashid Khan', 'Mohammed Siraj', 'G Coetzee', 'R Sai Kishore', 'M Prasidh Krishna']","['Mohammed Shami', 'TM Head', 'Abhishek Sharma', 'Ishan Kishan', 'H Klaasen', 'Aniket Verma', 'Nithish Kumar Reddy', 'PHKD Mendis', 'PJ Cummins', 'HV Patel', 'JD Unadkat', 'Zeeshan Ansari']",K Swaroopanand,VK Sharma
1312397,Bengaluru,03-05-2025,2025,52.0,Royal Challengers Bengaluru,Chennai Super Kings,"M Chinnaswamy Stadium, Bengaluru",Chennai Super Kings,field,N,Royal Challengers Bengaluru,Runs,2.0,,R Shepherd,"['Suyash Sharma', 'JG Bethell', 'V Kohli', 'D Padikkal', 'RM Patidar', 'JM Sharma', 'TH David', 'R Shepherd', 'KH Pandya', 'B Kumar', 'L Ngidi', 'Yash Dayal']","['M Pathirana', 'A Mhatre', 'SK Rasheed', 'SM Curran', 'RA Jadeja', 'D Brevis', 'MS Dhoni', 'S Dube', 'DJ Hooda', 'Noor Ahmad', 'KK Ahmed', 'A Kamboj']",M Krishnadas,Nitin Menon
1312398,Kolkata,04-05-2025,2025,53.0,Kolkata Knight Riders,Rajasthan Royals,"Eden Gardens, Kolkata",Kolkata Knight Riders,bat,N,Kolkata Knight Riders,Runs,1.0,,AD Russell,"['Harshit Rana', 'Rahmanullah Gurbaz', 'SP Narine', 'AM Rahane', 'A Raghuvanshi', 'AD Russell', 'RK Singh', 'VR Iyer', 'Ramandeep Singh', 'MM Ali', 'VG Arora', 'CV Varun']","['Akash Madhwal', 'YBK Jaiswal', 'V Suryavanshi', 'KS Rathore', 'R Parag', 'Dhruv Jurel', 'PWH de Silva', 'SO Hetmyer', 'SB Dubey', 'JC Archer', 'M Theekshana', 'Yudhvir Singh']",Anish Sahasrabudhe,R Pandit
1312399,Dharamsala,04-05-2025,2025,54.0,Punjab Kings,Lucknow Super Giants,"Himachal Pradesh Cricket Association Stadium, Dharamsala",Lucknow Super Giants,field,N,Punjab Kings,Runs,37.0,,P Simran Singh,"['Vijaykumar Vyshak', 'Priyansh Arya', 'P Simran Singh', 'JP Inglis', 'SS Iyer', 'N Wadhera', 'Shashank Singh', 'MP Stoinis', 'Azmatullah Omarzai', 'M Jansen', 'YS Chahal', 'Arshdeep Singh']","['Akash Singh', 'AK Markram', 'MR Marsh', 'N Pooran', 'RR Pant', 'A Badoni', 'DA Miller', 'Abdul Samad', 'Avesh Khan', 'Prince Yadav', 'MP Yadav', 'DS Rathi']",J Madanagopal,P Joshi
1312400,Hyderabad,05-05-2025,2025,55.0,Delhi Capitals,Sunrisers Hyderabad,"Rajiv Gandhi International Stadium, Uppal, Hyderabad",Sunrisers Hyderabad,field,N,,,0.0,,,"['KK Nair', 'F du Plessis', 'Abishek Porel', 'KL Rahul', 'AR Patel', 'T Stubbs', 'V Nigam', 'Ashutosh Sharma', 'MA Starc', 'PVD Chameera', 'Kuldeep Yadav', 'T Natarajan']","['JD Unadkat', 'Abhishek Sharma', 'Ishan Kishan', 'Sachin Baby', 'H Klaasen', 'Aniket Verma', 'A Manohar', 'PJ Cummins', 'HV Patel', 'Zeeshan Ansari', 'E Malinga', 'TM Head']",K Swaroopanand,VK Sharma
1312401,Mumbai,06-05-2025,2025,56.0,Mumbai Indians,Gujarat Titans,"Wankhede Stadium, Mumbai",Gujarat Titans,field,N,Gujarat Titans,Wickets,3.0,,Shubman Gill,"['RD Rickelton', 'RG Sharma', 'WG Jacks', 'SA Yadav', 'Tilak Varma', 'HH Pandya', 'Naman Dhir', 'C Bosch', 'DL Chahar', 'KV Sharma', 'TA Boult', 'JJ Bumrah', 'Ashwani Kumar']","['B Sai Sudharsan', 'Shubman Gill', 'JC Buttler', 'SE Rutherford', 'M Shahrukh Khan', 'R Tewatia', 'Rashid Khan', 'G Coetzee', 'Arshad Khan', 'R Sai Kishore', 'Mohammed Siraj', 'M Prasidh Krishna']",KM Gandhi,MV Saidharshan Kumar
1312402,Kolkata,07-05-2025,2025,57.0,Kolkata Knight Riders,Chennai Super Kings,"Eden Gardens, Kolkata",Kolkata Knight Riders,bat,N,Chennai Super Kings,Wickets,2.0,,Noor Ahmad,"['Harshit Rana', 'Rahmanullah Gurbaz', 'SP Narine', 'AM Rahane', 'A Raghuvanshi', 'MK Pandey', 'AD Russell', 'RK Singh', 'Ramandeep Singh', 'MM Ali', 'VG Arora', 'CV Varun']","['M Pathirana', 'A Mhatre', 'DP Conway', 'Urvil Patel', 'R Ashwin', 'RA Jadeja', 'D Brevis', 'S Dube', 'MS Dhoni', 'Noor Ahmad', 'A Kamboj', 'KK Ahmed']",AT Holdstock,Anish Sahasrabudhe
1312403,Dharamsala,08-05-2025,2025,58.0,Punjab Kings,Delhi Capitals,"Himachal Pradesh Cricket Association Stadium, Dharamsala",Punjab Kings,bat,N,,,0.0,,,"['Priyansh Arya', 'P Simran Singh', 'JP Inglis', 'SS Iyer', 'N Wadhera', 'Shashank Singh', 'MP Stoinis', 'Azmatullah Omarzai', 'M Jansen', 'YS Chahal', 'Arshdeep Singh']","['F du Plessis', 'Sameer Rizvi', 'Abishek Porel', 'KL Rahul', 'AR Patel', 'T Stubbs', 'M Tiwari', 'MA Starc', 'PVD Chameera', 'Kuldeep Yadav', 'T Natarajan']",CB Gaffaney,P Joshi
1312404,Jaipur,18-05-2025,2025,59.0,Punjab Kings,Rajasthan Royals,"Sawai Mansingh Stadium, Jaipur",Punjab Kings,bat,N,Punjab Kings,Runs,10.0,,Harpreet Brar,"['Harpreet Brar', 'Priyansh Arya', 'P Simran Singh', 'MJ Owen', 'N Wadhera', 'SS Iyer', 'Shashank Singh', 'Azmatullah Omarzai', 'M Jansen', 'XC Bartlett', 'Arshdeep Singh', 'YS Chahal']","['Fazalhaq Farooqi', 'YBK Jaiswal', 'V Suryavanshi', 'SV Samson', 'R Parag', 'Dhruv Jurel', 'SO Hetmyer', 'SB Dubey', 'PWH de Silva', 'KT Maphaka', 'TU Deshpande', 'Akash Madhwal']",A Bengeri,CB Gaffaney
1312405,Delhi,18-05-2025,2025,60.0,Delhi Capitals,Gujarat Titans,"Arun Jaitley Stadium, Delhi",Gujarat Titans,field,N,Gujarat Titans,Wickets,10.0,,B Sai Sudharsan,"['PVD Chameera', 'KL Rahul', 'F du Plessis', 'Abishek Porel', 'AR Patel', 'T Stubbs', 'Sameer Rizvi', 'Ashutosh Sharma', 'V Nigam', 'T Natarajan', 'Kuldeep Yadav', 'Mustafizur Rahman']","['M Prasidh Krishna', 'B Sai Sudharsan', 'Shubman Gill', 'SE Rutherford', 'JC Buttler', 'M Shahrukh Khan', 'R Tewatia', 'Rashid Khan', 'K Rabada', 'Arshad Khan', 'R Sai Kishore', 'Mohammed Siraj']",AT Holdstock,K Kelkar
1312406,Lucknow,19-05-2025,2025,61.0,Lucknow Super Giants,Sunrisers Hyderabad,"Bharat Ratna Shri Atal Bihari Vajpayee Ekana Cricket Stadium, Lucknow",Sunrisers Hyderabad,field,N,Sunrisers Hyderabad,Wickets,6.0,,Abhishek Sharma,"['MR Marsh', 'AK Markram', 'RR Pant', 'N Pooran', 'A Badoni', 'Abdul Samad', 'SN Thakur', 'Ravi Bishnoi', 'Akash Deep', 'Avesh Khan', 'DS Rathi', ""W O'Rourke""]","['Zeeshan Ansari', 'Atharva Taide', 'Abhishek Sharma', 'Ishan Kishan', 'H Klaasen', 'PHKD Mendis', 'Aniket Verma', 'Nithish Kumar Reddy', 'PJ Cummins', 'HV Patel', 'Harsh Dubey', 'E Malinga']",K Swaroopanand,MA Gough
1312407,Delhi,20-05-2025,2025,62.0,Chennai Super Kings,Rajasthan Royals,"Arun Jaitley Stadium, Delhi",Rajasthan Royals,field,N,Rajasthan Royals,Wickets,6.0,,Akash Madhwal,"['M Pathirana', 'A Mhatre', 'DP Conway', 'Urvil Patel', 'R Ashwin', 'RA Jadeja', 'D Brevis', 'S Dube', 'MS Dhoni', 'A Kamboj', 'Noor Ahmad', 'KK Ahmed']","['YBK Jaiswal', 'V Suryavanshi', 'SV Samson', 'R Parag', 'Dhruv Jurel', 'SO Hetmyer', 'PWH de Silva', 'KT Maphaka', 'Yudhvir Singh', 'TU Deshpande', 'Akash Madhwal']",K Kelkar,R Pandit
1312408,Mumbai,21-05-2025,2025,63.0,Mumbai Indians,Delhi Capitals,"Wankhede Stadium, Mumbai",Delhi Capitals,field,N,Mumbai Indians,Runs,59.0,,SA Yadav,"['RD Rickelton', 'RG Sharma', 'WG Jacks', 'SA Yadav', 'Tilak Varma', 'HH Pandya', 'Naman Dhir', 'MJ Santner', 'DL Chahar', 'TA Boult', 'JJ Bumrah', 'KV Sharma']","['KL Rahul', 'F du Plessis', 'Abishek Porel', 'Sameer Rizvi', 'V Nigam', 'T Stubbs', 'Ashutosh Sharma', 'M Tiwari', 'PVD Chameera', 'Kuldeep Yadav', 'Mustafizur Rahman', 'Mukesh Kumar']",A Bengeri,J Madanagopal
1312409,Ahmedabad,22-05-2025,2025,64.0,Lucknow Super Giants,Gujarat Titans,"Narendra Modi Stadium, Ahmedabad",Gujarat Titans,field,N,Lucknow Super Giants,Runs,33.0,,MR Marsh,"['AK Markram', 'MR Marsh', 'N Pooran', 'RR Pant', 'A Badoni', 'Abdul Samad', 'Himmat Singh', 'Shahbaz Ahmed', 'Avesh Khan', 'Akash Deep', ""W O'Rourke"", 'Akash Singh']","['B Sai Sudharsan', 'Shubman Gill', 'JC Buttler', 'SE Rutherford', 'M Shahrukh Khan', 'R Tewatia', 'Arshad Khan', 'Rashid Khan', 'K Rabada', 'R Sai Kishore', 'Mohammed Siraj', 'M Prasidh Krishna']",KN Ananthapadmanabhan,M Krishnadas
1312410,Lucknow,23-05-2025,2025,65.0,Sunrisers Hyderabad,Royal Challengers Bengaluru,"Bharat Ratna Shri Atal Bihari Vajpayee Ekana Cricket Stadium, Lucknow",Royal Challengers Bengaluru,field,N,Sunrisers Hyderabad,Runs,42.0,,Ishan Kishan,"['Abhishek Sharma', 'TM Head', 'Ishan Kishan', 'H Klaasen', 'Aniket Verma', 'Nithish Kumar Reddy', 'A Manohar', 'PJ Cummins', 'HV Patel', 'JD Unadkat', 'E Malinga', 'Harsh Dubey']","['PD Salt', 'V Kohli', 'MA Agarwal', 'RM Patidar', 'JM Sharma', 'R Shepherd', 'KH Pandya', 'TH David', 'B Kumar', 'Yash Dayal', 'L Ngidi', 'Suyash Sharma']",K Swaroopanand,MA Gough
1312411,Jaipur,24-05-2025,2025,66.0,Punjab Kings,Delhi Capitals,"Sawai Mansingh Stadium, Jaipur",Delhi Capitals,field,N,Delhi Capitals,Wickets,6.0,,Sameer Rizvi,"['P Dubey', 'Priyansh Arya', 'P Simran Singh', 'JP Inglis', 'SS Iyer', 'N Wadhera', 'Shashank Singh', 'MP Stoinis', 'Azmatullah Omarzai', 'M Jansen', 'Harpreet Brar', 'Arshdeep Singh']","['Mukesh Kumar', 'KL Rahul', 'F du Plessis', 'KK Nair', 'Sediqullah Atal', 'Sameer Rizvi', 'T Stubbs', 'Ashutosh Sharma', 'V Nigam', 'Kuldeep Yadav', 'MM Sharma', 'Mustafizur Rahman']",J Madanagopal,P Joshi
1312412,Ahmedabad,25-05-2025,2025,67.0,Chennai Super Kings,Gujarat Titans,"Narendra Modi Stadium, Ahmedabad",Chennai Super Kings,bat,N,Chennai Super Kings,Runs,83.0,,D Brevis,"['M Pathirana', 'A Mhatre', 'DP Conway', 'Urvil Patel', 'S Dube', 'D Brevis', 'RA Jadeja', 'MS Dhoni', 'DJ Hooda', 'Noor Ahmad', 'A Kamboj', 'KK Ahmed']","['M Prasidh Krishna', 'B Sai Sudharsan', 'Shubman Gill', 'JC Buttler', 'SE Rutherford', 'M Shahrukh Khan', 'R Tewatia', 'Rashid Khan', 'G Coetzee', 'Arshad Khan', 'R Sai Kishore', 'Mohammed Siraj']",KM Gandhi,KN Ananthapadmanabhan
1312413,Delhi,25-05-2025,2025,68.0,Sunrisers Hyderabad,Kolkata Knight Riders,"Arun Jaitley Stadium, Delhi",Sunrisers Hyderabad,bat,N,Sunrisers Hyderabad,Runs,110.0,,H Klaasen,"['Harsh Dubey', 'Abhishek Sharma', 'TM Head', 'H Klaasen', 'Ishan Kishan', 'Aniket Verma', 'Nithish Kumar Reddy', 'A Manohar', 'PJ Cummins', 'HV Patel', 'JD Unadkat', 'E Malinga']","['CV Varun', 'Q de Kock', 'SP Narine', 'AM Rahane', 'A Raghuvanshi', 'RK Singh', 'AD Russell', 'MK Pandey', 'Ramandeep Singh', 'Harshit Rana', 'VG Arora', 'A Nortje']",AT Holdstock,K Kelkar
1312414,Jaipur,26-05-2025,2025,69.0,Mumbai Indians,Punjab Kings,"Sawai Mansingh Stadium, Jaipur",Punjab Kings,field,N,Punjab Kings,Wickets,7.0,,JP Inglis,"['Ashwani Kumar', 'RD Rickelton', 'RG Sharma', 'SA Yadav', 'Tilak Varma', 'WG Jacks', 'HH Pandya', 'Naman Dhir', 'MJ Santner', 'DL Chahar', 'TA Boult', 'JJ Bumrah']","['Vijaykumar Vyshak', 'Priyansh Arya', 'P Simran Singh', 'JP Inglis', 'SS Iyer', 'N Wadhera', 'Shashank Singh', 'MP Stoinis', 'M Jansen', 'Harpreet Brar', 'KA Jamieson', 'Arshdeep Singh']",CB Gaffaney,P Joshi
1312415,Lucknow,27-05-2025,2025,70.0,Lucknow Super Giants,Royal Challengers Bengaluru,"Bharat Ratna Shri Atal Bihari Vajpayee Ekana Cricket Stadium, Lucknow",Royal Challengers Bengaluru,field,N,Royal Challengers Bengaluru,Wickets,6.0,,JM Sharma,"['Akash Singh', 'MR Marsh', 'MP Breetzke', 'RR Pant', 'N Pooran', 'Abdul Samad', 'A Badoni', 'Himmat Singh', 'Shahbaz Ahmed', 'DS Rathi', 'Avesh Khan', ""W O'Rourke""]","['Suyash Sharma', 'PD Salt', 'V Kohli', 'RM Patidar', 'LS Livingstone', 'MA Agarwal', 'JM Sharma', 'R Shepherd', 'KH Pandya', 'B Kumar', 'Yash Dayal', 'N Thushara']",MA Gough,VK Sharma
1312416,New Chandigarh,29-05-2025,2025,,Punjab Kings,Royal Challengers Bengaluru,"Maharaja Yadavindra Singh International Cricket Stadium, Mullanpur",Royal Challengers Bengaluru,field,N,Royal Challengers Bengaluru,Wickets,8.0,,Suyash Sharma,"['Priyansh Arya', 'P Simran Singh', 'JP Inglis', 'SS Iyer', 'N Wadhera', 'MP Stoinis', 'Shashank Singh', 'Musheer Khan', 'Azmatullah Omarzai', 'Harpreet Brar', 'KA Jamieson', 'Arshdeep Singh']","['Suyash Sharma', 'PD Salt', 'V Kohli', 'MA Agarwal', 'RM Patidar', 'LS Livingstone', 'JM Sharma', 'R Shepherd', 'KH Pandya', 'B Kumar', 'Yash Dayal', 'JR Hazlewood']",MA Gough,VK Sharma
1312417,New Chandigarh,30-05-2025,2025,,Mumbai Indians,Gujarat Titans,"Maharaja Yadavindra Singh International Cricket Stadium, New Chandigarh",Mumbai Indians,bat,N,Mumbai Indians,Runs,20.0,,RG Sharma,"['Ashwani Kumar', 'RG Sharma', 'JM Bairstow', 'SA Yadav', 'Tilak Varma', 'HH Pandya', 'Naman Dhir', 'MJ Santner', 'RA Bawa', 'TA Boult', 'JJ Bumrah', 'RJ Gleeson']","['Mohammed Siraj', 'B Sai Sudharsan', 'Shubman Gill', 'BKG Mendis', 'Washington Sundar', 'SE Rutherford', 'R Tewatia', 'M Shahrukh Khan', 'Rashid Khan', 'R Sai Kishore', 'G Coetzee', 'M Prasidh Krishna']",R Pandit,UV Gandhe
1312418,Ahmedabad,01-06-2025,2025,,Mumbai Indians,Punjab Kings,"Narendra Modi Stadium, Ahmedabad",Punjab Kings,field,N,Punjab Kings,Wickets,5.0,,SS Iyer,"['Ashwani Kumar', 'RG Sharma', 'JM Bairstow', 'Tilak Varma', 'SA Yadav', 'HH Pandya', 'Naman Dhir', 'RA Bawa', 'MJ Santner', 'TA Boult', 'JJ Bumrah', 'RJW Topley']","['YS Chahal', 'Priyansh Arya', 'P Simran Singh', 'JP Inglis', 'SS Iyer', 'N Wadhera', 'Shashank Singh', 'MP Stoinis', 'Azmatullah Omarzai', 'Vijaykumar Vyshak', 'KA Jamieson', 'Arshdeep Singh']",CB Gaffaney,Nitin Menon
1312419,Ahmedabad,03-06-2025,2025,,Royal Challengers Bengaluru,Punjab Kings,"Narendra Modi Stadium, Ahmedabad",Punjab Kings,field,N,Royal Challengers Bengaluru,Runs,6.0,,KH Pandya,"['Suyash Sharma', 'PD Salt', 'V Kohli', 'MA Agarwal', 'RM Patidar', 'LS Livingstone', 'JM Sharma', 'R Shepherd', 'KH Pandya', 'B Kumar', 'Yash Dayal', 'JR Hazlewood']","['YS Chahal', 'Priyansh Arya', 'P Simran Singh', 'JP Inglis', 'SS Iyer', 'N Wadhera', 'Shashank Singh', 'MP Stoinis', 'Azmatullah Omarzai', 'KA Jamieson', 'Vijaykumar Vyshak', 'Arshdeep Singh']",J Madanagopal,Nitin Menon
1312420,Bengaluru,28-03-2026,2026,1.0,Sunrisers Hyderabad,Royal Challengers Bengaluru,"M Chinnaswamy Stadium, Bengaluru",Royal Challengers Bengaluru,field,N,Royal Challengers Bengaluru,Wickets,6.0,,JA Duffy,"['TM Head', 'Abhishek Sharma', 'Ishan Kishan', 'Nithish Kumar Reddy', 'H Klaasen', 'S Arora', 'Aniket Verma', 'Harsh Dubey', 'HV Patel', 'DA Payne', 'JD Unadkat', 'E Malinga']","['JA Duffy', 'PD Salt', 'V Kohli', 'D Padikkal', 'RM Patidar', 'JM Sharma', 'TH David', 'R Shepherd', 'KH Pandya', 'B Kumar', 'Abhinandan Singh', 'Suyash Sharma']",J Madanagopal,UV Gandhe
1312421,Mumbai,29-03-2026,2026,2.0,Kolkata Knight Riders,Mumbai Indians,"Wankhede Stadium, Mumbai",Mumbai Indians,field,N,Mumbai Indians,Wickets,6.0,,SN Thakur,"['Kartik Tyagi', 'AM Rahane', 'FH Allen', 'C Green', 'A Raghuvanshi', 'RK Singh', 'Ramandeep Singh', 'AS Roy', 'SP Narine', 'CV Varun', 'VG Arora', 'B Muzarabani']","['JJ Bumrah', 'RD Rickelton', 'RG Sharma', 'SA Yadav', 'Tilak Varma', 'HH Pandya', 'Naman Dhir', 'SE Rutherford', 'SN Thakur', 'M Markande', 'AM Ghazanfar', 'TA Boult']",Anish Sahasrabudhe,MV Saidharshan Kumar
1312422,Guwahati,30-03-2026,2026,3.0,Chennai Super Kings,Rajasthan Royals,"Barsapara Cricket Stadium, Guwahati",Rajasthan Royals,field,N,Rajasthan Royals,Wickets,8.0,,N Burger,"['SV Samson', 'RD Gaikwad', 'A Mhatre', 'MW Short', 'SN Khan', 'Kartik Sharma', 'S Dube', 'J Overton', 'Noor Ahmad', 'MJ Henry', 'A Kamboj', 'KK Ahmed']","['YBK Jaiswal', 'V Suryavanshi', 'Dhruv Jurel', 'R Parag', 'SO Hetmyer', 'RA Jadeja', 'JC Archer', 'N Burger', 'Sandeep Sharma', 'Ravi Bishnoi', 'Brijesh Sharma']",HDPK Dharmasena,M Krishnadas
1312423,New Chandigarh,31-03-2026,2026,4.0,Gujarat Titans,Punjab Kings,"Maharaja Yadavindra Singh International Cricket Stadium, New Chandigarh",Punjab Kings,field,N,Punjab Kings,Wickets,3.0,,C Connolly,"['M Prasidh Krishna', 'B Sai Sudharsan', 'Shubman Gill', 'JC Buttler', 'GD Phillips', 'Washington Sundar', 'M Shahrukh Khan', 'R Tewatia', 'Rashid Khan', 'K Rabada', 'Ashok Sharma', 'Mohammed Siraj']","['YS Chahal', 'Priyansh Arya', 'P Simran Singh', 'C Connolly', 'SS Iyer', 'N Wadhera', 'Shashank Singh', 'MP Stoinis', 'M Jansen', 'XC Bartlett', 'Vijaykumar Vyshak', 'Arshdeep Singh']",Abhijit Bhattacharya,A Totre
1312424,Lucknow,01-04-2026,2026,5.0,Lucknow Super Giants,Delhi Capitals,"Bharat Ratna Shri Atal Bihari Vajpayee Ekana Cricket Stadium, Lucknow",Delhi Capitals,field,N,Delhi Capitals,Wickets,6.0,,Sameer Rizvi,"['MR Marsh', 'RR Pant', 'AK Markram', 'A Badoni', 'N Pooran', 'Abdul Samad', 'MD Choudhary', 'Shahbaz Ahmed', 'Mohammed Shami', 'A Nortje', 'Mohsin Khan', 'Prince Yadav']","['T Natarajan', 'KL Rahul', 'P Nissanka', 'N Rana', 'Sameer Rizvi', 'AR Patel', 'T Stubbs', 'V Nigam', 'DA Miller', 'L Ngidi', 'Kuldeep Yadav', 'Mukesh Kumar']",R Pandit,UV Gandhe
1312425,Kolkata,02-04-2026,2026,6.0,Sunrisers Hyderabad,Kolkata Knight Riders,"Eden Gardens, Kolkata",Kolkata Knight Riders,field,N,Sunrisers Hyderabad,Runs,65.0,,Nithish Kumar Reddy,"['TM Head', 'Abhishek Sharma', 'Ishan Kishan', 'H Klaasen', 'Aniket Verma', 'Nithish Kumar Reddy', 'S Arora', 'Harsh Dubey', 'Shivang Kumar', 'JD Unadkat', 'DA Payne', 'E Malinga']","['FH Allen', 'AM Rahane', 'A Raghuvanshi', 'C Green', 'RK Singh', 'AS Roy', 'Ramandeep Singh', 'SP Narine', 'Kartik Tyagi', 'VG Arora', 'CV Varun', 'B Muzarabani']",MV Saidharshan Kumar,Vinod Seshan
1312426,Chennai,03-04-2026,2026,7.0,Chennai Super Kings,Punjab Kings,"MA Chidambaram Stadium, Chepauk, Chennai",Punjab Kings,field,N,Punjab Kings,Wickets,5.0,,Priyansh Arya,"['RD Chahar', 'SV Samson', 'RD Gaikwad', 'A Mhatre', 'S Dube', 'Kartik Sharma', 'SN Khan', 'PR Veer', 'Noor Ahmad', 'A Kamboj', 'MJ Henry', 'KK Ahmed']","['YS Chahal', 'Priyansh Arya', 'P Simran Singh', 'C Connolly', 'SS Iyer', 'N Wadhera', 'Shashank Singh', 'MP Stoinis', 'M Jansen', 'XC Bartlett', 'Vijaykumar Vyshak', 'Arshdeep Singh']",Abhijit Bhattacharya,A Totre
1312427,Delhi,04-04-2026,2026,8.0,Mumbai Indians,Delhi Capitals,"Arun Jaitley Stadium, Delhi",Delhi Capitals,field,N,Delhi Capitals,Wickets,6.0,,Sameer Rizvi,"['M Markande', 'RD Rickelton', 'RG Sharma', 'Tilak Varma', 'SA Yadav', 'SE Rutherford', 'Naman Dhir', 'MJ Santner', 'C Bosch', 'SN Thakur', 'DL Chahar', 'JJ Bumrah']","['Mukesh Kumar', 'KL Rahul', 'P Nissanka', 'N Rana', 'Sameer Rizvi', 'DA Miller', 'T Stubbs', 'V Nigam', 'AR Patel', 'Kuldeep Yadav', 'L Ngidi', 'T Natarajan']",HDPK Dharmasena,M Krishnadas
1312428,Ahmedabad,04-04-2026,2026,9.0,Rajasthan Royals,Gujarat Titans,"Narendra Modi Stadium, Ahmedabad",Rajasthan Royals,bat,N,Rajasthan Royals,Runs,6.0,,Ravi Bishnoi,"['Ravi Bishnoi', 'YBK Jaiswal', 'V Suryavanshi', 'Dhruv Jurel', 'R Parag', 'SO Hetmyer', 'D Ferreira', 'RA Jadeja', 'JC Archer', 'N Burger', 'TU Deshpande', 'Sandeep Sharma']","['M Prasidh Krishna', 'B Sai Sudharsan', 'Kumar Kushagra', 'JC Buttler', 'GD Phillips', 'Washington Sundar', 'R Tewatia', 'M Shahrukh Khan', 'Rashid Khan', 'K Rabada', 'Ashok Sharma', 'Mohammed Siraj']",R Pandit,UV Gandhe
1312429,Bengaluru,05-04-2026,2026,11.0,Royal Challengers Bengaluru,Chennai Super Kings,"M Chinnaswamy Stadium, Bengaluru",Chennai Super Kings,field,N,Royal Challengers Bengaluru,Runs,43.0,,TH David,"['Suyash Sharma', 'PD Salt', 'V Kohli', 'D Padikkal', 'RM Patidar', 'TH David', 'JM Sharma', 'R Shepherd', 'KH Pandya', 'B Kumar', 'Abhinandan Singh', 'JA Duffy']","['KK Ahmed', 'SV Samson', 'RD Gaikwad', 'A Mhatre', 'SN Khan', 'Kartik Sharma', 'S Dube', 'PR Veer', 'J Overton', 'A Kamboj', 'Noor Ahmad', 'MJ Henry']",A Totre,KN Ananthapadmanabhan
1312430,Hyderabad,05-04-2026,2026,10.0,Sunrisers Hyderabad,Lucknow Super Giants,"Rajiv Gandhi International Stadium, Uppal, Hyderabad",Lucknow Super Giants,field,N,Lucknow Super Giants,Wickets,5.0,,Mohammed Shami,"['E Malinga', 'TM Head', 'Abhishek Sharma', 'Ishan Kishan', 'LS Livingstone', 'H Klaasen', 'Nithish Kumar Reddy', 'Aniket Verma', 'Harsh Dubey', 'Shivang Kumar', 'HV Patel', 'JD Unadkat']","['Mohammed Shami', 'AK Markram', 'MR Marsh', 'RR Pant', 'A Badoni', 'N Pooran', 'Abdul Samad', 'MD Choudhary', 'M Siddharth', 'Avesh Khan', 'DS Rathi', 'Prince Yadav']",Anish Sahasrabudhe,MV Saidharshan Kumar
1312431,Kolkata,06-04-2026,2026,12.0,Kolkata Knight Riders,Punjab Kings,"Eden Gardens, Kolkata",Kolkata Knight Riders,bat,N,,,0.0,,,"['AM Rahane', 'FH Allen', 'C Green', 'A Raghuvanshi', 'R Powell', 'RK Singh', 'Ramandeep Singh', 'AS Roy', 'Navdeep Saini', 'VG Arora', 'Kartik Tyagi']","['SS Iyer', 'P Simran Singh', 'N Wadhera', 'C Connolly', 'Shashank Singh', 'MP Stoinis', 'M Jansen', 'Vijaykumar Vyshak', 'XC Bartlett', 'Arshdeep Singh', 'YS Chahal']",A Bengeri,J Madanagopal
1312432,Guwahati,07-04-2026,2026,13.0,Rajasthan Royals,Mumbai Indians,"Barsapara Cricket Stadium, Guwahati",Mumbai Indians,field,N,Rajasthan Royals,Runs,27.0,,YBK Jaiswal,"['Ravi Bishnoi', 'YBK Jaiswal', 'V Suryavanshi', 'Dhruv Jurel', 'R Parag', 'SO Hetmyer', 'RA Jadeja', 'D Ferreira', 'JC Archer', 'N Burger', 'TU Deshpande', 'Sandeep Sharma']","['AM Ghazanfar', 'RD Rickelton', 'RG Sharma', 'SA Yadav', 'Tilak Varma', 'HH Pandya', 'Naman Dhir', 'SE Rutherford', 'SN Thakur', 'DL Chahar', 'TA Boult', 'JJ Bumrah']",HDPK Dharmasena,M Krishnadas
1312433,Delhi,08-04-2026,2026,14.0,Gujarat Titans,Delhi Capitals,"Arun Jaitley Stadium, Delhi",Delhi Capitals,field,N,Gujarat Titans,Runs,1.0,,Rashid Khan,"['M Shahrukh Khan', 'B Sai Sudharsan', 'Shubman Gill', 'JC Buttler', 'Washington Sundar', 'GD Phillips', 'R Tewatia', 'Rashid Khan', 'K Rabada', 'Mohammed Siraj', 'Ashok Sharma', 'M Prasidh Krishna']","['Mukesh Kumar', 'P Nissanka', 'KL Rahul', 'N Rana', 'Sameer Rizvi', 'DA Miller', 'AR Patel', 'T Stubbs', 'V Nigam', 'Kuldeep Yadav', 'L Ngidi', 'T Natarajan']",Anish Sahasrabudhe,Nitin Menon
1312434,Kolkata,09-04-2026,2026,15.0,Kolkata Knight Riders,Lucknow Super Giants,"Eden Gardens, Kolkata",Lucknow Super Giants,field,N,Lucknow Super Giants,Wickets,3.0,,MD Choudhary,"['VG Arora', 'AM Rahane', 'FH Allen', 'A Raghuvanshi', 'C Green', 'RK Singh', 'R Powell', 'Ramandeep Singh', 'AS Roy', 'SP Narine', 'Navdeep Saini', 'Kartik Tyagi']","['M Siddharth', 'MR Marsh', 'AK Markram', 'RR Pant', 'A Badoni', 'N Pooran', 'Abdul Samad', 'MD Choudhary', 'Mohammed Shami', 'Avesh Khan', 'DS Rathi', 'Prince Yadav']",AT Holdstock,A Totre
1312435,Guwahati,10-04-2026,2026,16.0,Royal Challengers Bengaluru,Rajasthan Royals,"Barsapara Cricket Stadium, Guwahati",Rajasthan Royals,field,N,Rajasthan Royals,Wickets,6.0,,V Suryavanshi,"['PD Salt', 'V Kohli', 'D Padikkal', 'RM Patidar', 'KH Pandya', 'JM Sharma', 'TH David', 'R Shepherd', 'VR Iyer', 'B Kumar', 'Abhinandan Singh', 'JR Hazlewood']","['Sandeep Sharma', 'YBK Jaiswal', 'V Suryavanshi', 'Dhruv Jurel', 'SO Hetmyer', 'R Parag', 'RA Jadeja', 'D Ferreira', 'Ravi Bishnoi', 'JC Archer', 'N Burger', 'Brijesh Sharma']",K Swaroopanand,HDPK Dharmasena
1312436,Chennai,11-04-2026,2026,18.0,Chennai Super Kings,Delhi Capitals,"MA Chidambaram Stadium, Chepauk, Chennai",Delhi Capitals,field,N,Chennai Super Kings,Runs,23.0,,SV Samson,"['AJ Hosein', 'SV Samson', 'RD Gaikwad', 'A Mhatre', 'S Dube', 'SN Khan', 'D Brevis', 'J Overton', 'Noor Ahmad', 'A Kamboj', 'Gurjapneet Singh', 'KK Ahmed']","['Mukesh Kumar', 'P Nissanka', 'KL Rahul', 'Sameer Rizvi', 'AR Patel', 'DA Miller', 'T Stubbs', 'Ashutosh Sharma', 'Auqib Nabi', 'Kuldeep Yadav', 'L Ngidi', 'T Natarajan']",MV Saidharshan Kumar,Vinod Seshan
1312437,New Chandigarh,11-04-2026,2026,17.0,Sunrisers Hyderabad,Punjab Kings,"Maharaja Yadavindra Singh International Cricket Stadium, New Chandigarh",Punjab Kings,field,N,Punjab Kings,Wickets,6.0,,SS Iyer,"['JD Unadkat', 'Abhishek Sharma', 'TM Head', 'Ishan Kishan', 'H Klaasen', 'Aniket Verma', 'S Arora', 'Nithish Kumar Reddy', 'Harsh Dubey', 'Shivang Kumar', 'HV Patel', 'E Malinga']","['YS Chahal', 'Priyansh Arya', 'P Simran Singh', 'C Connolly', 'SS Iyer', 'N Wadhera', 'Shashank Singh', 'MP Stoinis', 'M Jansen', 'XC Bartlett', 'Vijaykumar Vyshak', 'Arshdeep Singh']",A Bengeri,R Pandit
1312438,Mumbai,12-04-2026,2026,20.0,Royal Challengers Bengaluru,Mumbai Indians,"Wankhede Stadium, Mumbai",Mumbai Indians,field,N,Royal Challengers Bengaluru,Runs,18.0,,PD Salt,"['Rasikh Salam', 'PD Salt', 'V Kohli', 'RM Patidar', 'TH David', 'JM Sharma', 'R Shepherd', 'D Padikkal', 'KH Pandya', 'B Kumar', 'JA Duffy', 'Suyash Sharma']","['M Markande', 'RD Rickelton', 'RG Sharma', 'SA Yadav', 'Tilak Varma', 'HH Pandya', 'SE Rutherford', 'Naman Dhir', 'MJ Santner', 'SN Thakur', 'JJ Bumrah', 'TA Boult']",K Swaroopanand,VK Sharma
1312439,Lucknow,12-04-2026,2026,19.0,Lucknow Super Giants,Gujarat Titans,"Bharat Ratna Shri Atal Bihari Vajpayee Ekana Cricket Stadium, Lucknow",Gujarat Titans,field,N,Gujarat Titans,Wickets,7.0,,M Prasidh Krishna,"['AK Markram', 'MR Marsh', 'RR Pant', 'A Badoni', 'N Pooran', 'Abdul Samad', 'MD Choudhary', 'GF Linde', 'Mohammed Shami', 'Avesh Khan', 'DS Rathi', 'Prince Yadav']","['Mohammed Siraj', 'B Sai Sudharsan', 'Shubman Gill', 'JC Buttler', 'Washington Sundar', 'R Tewatia', 'GD Phillips', 'Rashid Khan', 'K Rabada', 'Ashok Sharma', 'M Prasidh Krishna', 'M Shahrukh Khan']",Abhijit Bhattacharya,KN Ananthapadmanabhan
1312440,Hyderabad,13-04-2026,2026,21.0,Sunrisers Hyderabad,Rajasthan Royals,"Rajiv Gandhi International Stadium, Uppal, Hyderabad",Rajasthan Royals,field,N,Sunrisers Hyderabad,Runs,57.0,,PP Hinge,"['Sakib Hussain', 'Abhishek Sharma', 'TM Head', 'Ishan Kishan', 'H Klaasen', 'Nithish Kumar Reddy', 'S Arora', 'Aniket Verma', 'Harsh Dubey', 'Shivang Kumar', 'PP Hinge', 'E Malinga']","['Sandeep Sharma', 'YBK Jaiswal', 'V Suryavanshi', 'Dhruv Jurel', 'LG Pretorius', 'R Parag', 'RA Jadeja', 'D Ferreira', 'JC Archer', 'TU Deshpande', 'Ravi Bishnoi', 'N Burger']",J Madanagopal,R Pandit
1312441,Chennai,14-04-2026,2026,22.0,Chennai Super Kings,Kolkata Knight Riders,"MA Chidambaram Stadium, Chepauk, Chennai",Kolkata Knight Riders,field,N,Chennai Super Kings,Runs,32.0,,Noor Ahmad,"['AJ Hosein', 'SV Samson', 'RD Gaikwad', 'A Mhatre', 'D Brevis', 'SN Khan', 'S Dube', 'J Overton', 'Noor Ahmad', 'A Kamboj', 'Gurjapneet Singh', 'KK Ahmed']","['CV Varun', 'FH Allen', 'SP Narine', 'AM Rahane', 'A Raghuvanshi', 'RK Singh', 'C Green', 'R Powell', 'Ramandeep Singh', 'AS Roy', 'VG Arora', 'Kartik Tyagi']",Nitin Menon,MV Saidharshan Kumar
1312442,Bengaluru,15-04-2026,2026,23.0,Lucknow Super Giants,Royal Challengers Bengaluru,"M Chinnaswamy Stadium, Bengaluru",Royal Challengers Bengaluru,field,N,Royal Challengers Bengaluru,Wickets,5.0,,JR Hazlewood,"['MR Marsh', 'AK Markram', 'RR Pant', 'N Pooran', 'A Badoni', 'Abdul Samad', 'MD Choudhary', 'GF Linde', 'Mohammed Shami', 'Avesh Khan', 'DS Rathi', 'Prince Yadav']","['Suyash Sharma', 'PD Salt', 'V Kohli', 'D Padikkal', 'RM Patidar', 'JM Sharma', 'TH David', 'R Shepherd', 'KH Pandya', 'B Kumar', 'Rasikh Salam', 'JR Hazlewood']",AT Holdstock,Bhavesh Patel
1312443,Mumbai,16-04-2026,2026,24.0,Mumbai Indians,Punjab Kings,"Wankhede Stadium, Mumbai",Punjab Kings,field,N,Punjab Kings,Wickets,7.0,,Arshdeep Singh,"['AM Ghazanfar', 'RD Rickelton', 'Q de Kock', 'SA Yadav', 'Naman Dhir', 'HH Pandya', 'SE Rutherford', 'Tilak Varma', 'Mayank Rawat', 'SN Thakur', 'DL Chahar', 'JJ Bumrah']","['Priyansh Arya', 'P Simran Singh', 'C Connolly', 'SS Iyer', 'MP Stoinis', 'Shashank Singh', 'M Jansen', 'XC Bartlett', 'Vijaykumar Vyshak', 'Arshdeep Singh', 'YS Chahal']",HDPK Dharmasena,M Krishnadas
1312444,Ahmedabad,17-04-2026,2026,25.0,Kolkata Knight Riders,Gujarat Titans,"Narendra Modi Stadium, Ahmedabad",Kolkata Knight Riders,bat,N,Gujarat Titans,Wickets,5.0,,Shubman Gill,"['CV Varun', 'TL Seifert', 'AM Rahane', 'A Raghuvanshi', 'C Green', 'R Powell', 'AS Roy', 'RK Singh', 'Ramandeep Singh', 'SP Narine', 'Kartik Tyagi', 'VG Arora']","['M Prasidh Krishna', 'B Sai Sudharsan', 'Shubman Gill', 'JC Buttler', 'Washington Sundar', 'GD Phillips', 'R Tewatia', 'M Shahrukh Khan', 'Rashid Khan', 'Ashok Sharma', 'K Rabada', 'Mohammed Siraj']",R Pandit,UV Gandhe
1312445,Bengaluru,18-04-2026,2026,26.0,Royal Challengers Bengaluru,Delhi Capitals,"M Chinnaswamy Stadium, Bengaluru",Delhi Capitals,field,N,Delhi Capitals,Wickets,6.0,,T Stubbs,"['PD Salt', 'V Kohli', 'D Padikkal', 'RM Patidar', 'TH David', 'JM Sharma', 'R Shepherd', 'KH Pandya', 'Rasikh Salam', 'B Kumar', 'Suyash Sharma', 'JR Hazlewood']","['Mukesh Kumar', 'P Nissanka', 'KL Rahul', 'KK Nair', 'Sameer Rizvi', 'T Stubbs', 'AR Patel', 'DA Miller', 'Auqib Nabi', 'L Ngidi', 'Kuldeep Yadav', 'T Natarajan']",Abhijit Bhattacharya,Bhavesh Patel
1312446,Hyderabad,18-04-2026,2026,27.0,Sunrisers Hyderabad,Chennai Super Kings,"Rajiv Gandhi International Stadium, Uppal, Hyderabad",Chennai Super Kings,field,N,Sunrisers Hyderabad,Runs,10.0,,E Malinga,"['Abhishek Sharma', 'TM Head', 'Ishan Kishan', 'H Klaasen', 'Aniket Verma', 'Nithish Kumar Reddy', 'S Arora', 'LS Livingstone', 'Shivang Kumar', 'PP Hinge', 'Sakib Hussain', 'E Malinga']","['Gurjapneet Singh', 'SV Samson', 'RD Gaikwad', 'A Mhatre', 'MW Short', 'SN Khan', 'D Brevis', 'S Dube', 'J Overton', 'A Kamboj', 'Noor Ahmad', 'Mukesh Choudhary']",Anish Sahasrabudhe,Vinod Seshan
1312447,Kolkata,19-04-2026,2026,28.0,Rajasthan Royals,Kolkata Knight Riders,"Eden Gardens, Kolkata",Rajasthan Royals,bat,N,Kolkata Knight Riders,Wickets,4.0,,CV Varun,"['Yash Raj Punja', 'YBK Jaiswal', 'V Suryavanshi', 'Dhruv Jurel', 'R Parag', 'SO Hetmyer', 'D Ferreira', 'RA Jadeja', 'JC Archer', 'Ravi Bishnoi', 'Brijesh Sharma', 'N Burger']","['CV Varun', 'TL Seifert', 'AM Rahane', 'A Raghuvanshi', 'C Green', 'R Powell', 'RK Singh', 'Ramandeep Singh', 'AS Roy', 'SP Narine', 'VG Arora', 'Kartik Tyagi']",HDPK Dharmasena,M Krishnadas
1312448,New Chandigarh,19-04-2026,2026,29.0,Punjab Kings,Lucknow Super Giants,"Maharaja Yadavindra Singh International Cricket Stadium, New Chandigarh",Lucknow Super Giants,field,N,Punjab Kings,Runs,54.0,,Priyansh Arya,"['Vijaykumar Vyshak', 'Priyansh Arya', 'P Simran Singh', 'C Connolly', 'SS Iyer', 'MP Stoinis', 'N Wadhera', 'Shashank Singh', 'M Jansen', 'XC Bartlett', 'Arshdeep Singh', 'YS Chahal']","['Mohsin Khan', 'MR Marsh', 'A Badoni', 'RR Pant', 'N Pooran', 'AK Markram', 'MD Choudhary', 'Himmat Singh', 'Mohammed Shami', 'Avesh Khan', 'Prince Yadav', 'M Siddharth']",J Madanagopal,K Kelkar
1312449,Ahmedabad,20-04-2026,2026,30.0,Mumbai Indians,Gujarat Titans,"Narendra Modi Stadium, Ahmedabad",Gujarat Titans,field,N,Mumbai Indians,Runs,99.0,,Tilak Varma,"['Q de Kock', 'DV Malewar', 'Naman Dhir', 'SA Yadav', 'Tilak Varma', 'HH Pandya', 'SE Rutherford', 'MJ Santner', 'Krish Bhagat', 'JJ Bumrah', 'AM Ghazanfar', 'Ashwani Kumar']","['M Prasidh Krishna', 'B Sai Sudharsan', 'Shubman Gill', 'JC Buttler', 'Washington Sundar', 'GD Phillips', 'R Tewatia', 'M Shahrukh Khan', 'Rashid Khan', 'K Rabada', 'Ashok Sharma', 'Mohammed Siraj']",Abhijit Bhattacharya,KN Ananthapadmanabhan
1312450,Hyderabad,21-04-2026,2026,31.0,Sunrisers Hyderabad,Delhi Capitals,"Rajiv Gandhi International Stadium, Uppal, Hyderabad",Delhi Capitals,field,N,Sunrisers Hyderabad,Runs,47.0,,Abhishek Sharma,"['D Madushanka', 'Abhishek Sharma', 'TM Head', 'Ishan Kishan', 'H Klaasen', 'S Arora', 'Aniket Verma', 'Nithish Kumar Reddy', 'Shivang Kumar', 'Harsh Dubey', 'Sakib Hussain', 'E Malinga']","['Mukesh Kumar', 'P Nissanka', 'KL Rahul', 'N Rana', 'Sameer Rizvi', 'DA Miller', 'T Stubbs', 'Ashutosh Sharma', 'AR Patel', 'Kuldeep Yadav', 'L Ngidi', 'T Natarajan']",Anish Sahasrabudhe,Vinod Seshan
1312451,Lucknow,22-04-2026,2026,32.0,Rajasthan Royals,Lucknow Super Giants,"Bharat Ratna Shri Atal Bihari Vajpayee Ekana Cricket Stadium, Lucknow",Lucknow Super Giants,field,N,Rajasthan Royals,Runs,40.0,,RA Jadeja,"['YBK Jaiswal', 'V Suryavanshi', 'Dhruv Jurel', 'R Parag', 'SO Hetmyer', 'RA Jadeja', 'D Ferreira', 'SB Dubey', 'JC Archer', 'N Burger', 'Brijesh Sharma', 'Ravi Bishnoi']","['Prince Yadav', 'MR Marsh', 'A Badoni', 'RR Pant', 'AK Markram', 'N Pooran', 'Himmat Singh', 'MD Choudhary', 'Mohammed Shami', 'MP Yadav', 'DS Rathi', 'Mohsin Khan']",AK Argal,VK Sharma
1312452,Mumbai,23-04-2026,2026,33.0,Chennai Super Kings,Mumbai Indians,"Wankhede Stadium, Mumbai",Mumbai Indians,field,N,Chennai Super Kings,Runs,103.0,,SV Samson,"['SV Samson', 'RD Gaikwad', 'SN Khan', 'S Dube', 'D Brevis', 'Kartik Sharma', 'J Overton', 'AJ Hosein', 'Noor Ahmad', 'A Kamboj', 'Mukesh Choudhary', 'Gurjapneet Singh']","['MJ Santner', 'AM Ghazanfar', 'Q de Kock', 'DV Malewar', 'Naman Dhir', 'SA Yadav', 'Tilak Varma', 'HH Pandya', 'SE Rutherford', 'SN Thakur', 'Krish Bhagat', 'Ashwani Kumar', 'JJ Bumrah']",AT Holdstock,P Joshi
1312453,Bengaluru,24-04-2026,2026,34.0,Gujarat Titans,Royal Challengers Bengaluru,"M Chinnaswamy Stadium, Bengaluru",Royal Challengers Bengaluru,field,N,Royal Challengers Bengaluru,Wickets,5.0,,V Kohli,"['R Tewatia', 'B Sai Sudharsan', 'Shubman Gill', 'JC Buttler', 'Washington Sundar', 'JO Holder', 'M Shahrukh Khan', 'Rashid Khan', 'MJ Suthar', 'K Rabada', 'Mohammed Siraj', 'M Prasidh Krishna']","['Suyash Sharma', 'JG Bethell', 'V Kohli', 'D Padikkal', 'RM Patidar', 'JM Sharma', 'TH David', 'KH Pandya', 'R Shepherd', 'B Kumar', 'JR Hazlewood', 'Rasikh Salam']",Amit Rana,J Madanagopal
1312454,Delhi,25-04-2026,2026,35.0,Delhi Capitals,Punjab Kings,"Arun Jaitley Stadium, Delhi",Delhi Capitals,bat,N,Punjab Kings,Wickets,6.0,,KL Rahul,"['Auqib Nabi', 'V Nigam', 'P Nissanka', 'KL Rahul', 'N Rana', 'DA Miller', 'Sameer Rizvi', 'AR Patel', 'T Stubbs', 'L Ngidi', 'Kuldeep Yadav', 'T Natarajan', 'Mukesh Kumar']","['YS Chahal', 'Priyansh Arya', 'P Simran Singh', 'C Connolly', 'SS Iyer', 'N Wadhera', 'Shashank Singh', 'MP Stoinis', 'M Jansen', 'XC Bartlett', 'Vijaykumar Vyshak', 'Arshdeep Singh']",AK Argal,VK Sharma
1312455,Jaipur,25-04-2026,2026,36.0,Rajasthan Royals,Sunrisers Hyderabad,"Sawai Mansingh Stadium, Jaipur",Sunrisers Hyderabad,field,N,Sunrisers Hyderabad,Wickets,5.0,,Ishan Kishan,"['Ravi Bishnoi', 'YBK Jaiswal', 'V Suryavanshi', 'Dhruv Jurel', 'R Parag', 'D Ferreira', 'SO Hetmyer', 'RA Jadeja', 'JC Archer', 'TU Deshpande', 'N Burger', 'Brijesh Sharma']","['Sakib Hussain', 'TM Head', 'Abhishek Sharma', 'Ishan Kishan', 'H Klaasen', 'Nithish Kumar Reddy', 'S Arora', 'Aniket Verma', 'PJ Cummins', 'Shivang Kumar', 'E Malinga', 'PP Hinge']",KM Gandhi,Nitin Menon
1312456,Lucknow,26-04-2026,2026,38.0,Kolkata Knight Riders,Lucknow Super Giants,"Bharat Ratna Shri Atal Bihari Vajpayee Ekana Cricket Stadium, Lucknow",Lucknow Super Giants,field,Y,,,0.0,,RK Singh,"['CV Varun', 'AM Rahane', 'TL Seifert', 'A Raghuvanshi', 'C Green', 'R Powell', 'RK Singh', 'AS Roy', 'Ramandeep Singh', 'SP Narine', 'VG Arora', 'Kartik Tyagi']","['Mohsin Khan', 'AK Markram', 'MR Marsh', 'RR Pant', 'N Pooran', 'A Badoni', 'MD Choudhary', 'Himmat Singh', 'GF Linde', 'Mohammed Shami', 'Prince Yadav', 'DS Rathi']",A Bengeri,K Kelkar
1312457,Chennai,26-04-2026,2026,37.0,Chennai Super Kings,Gujarat Titans,"MA Chidambaram Stadium, Chepauk, Chennai",Gujarat Titans,field,N,Gujarat Titans,Wickets,8.0,,K Rabada,"['SV Samson', 'RD Gaikwad', 'Urvil Patel', 'SN Khan', 'D Brevis', 'S Dube', 'Kartik Sharma', 'J Overton', 'AJ Hosein', 'Noor Ahmad', 'A Kamboj', 'Gurjapneet Singh']","['B Sai Sudharsan', 'Shubman Gill', 'JC Buttler', 'Washington Sundar', 'M Shahrukh Khan', 'JO Holder', 'Rashid Khan', 'Arshad Khan', 'K Rabada', 'Mohammed Siraj', 'MJ Suthar']",AT Holdstock,KN Ananthapadmanabhan
1312458,Delhi,27-04-2026,2026,39.0,Delhi Capitals,Royal Challengers Bengaluru,"Arun Jaitley Stadium, Delhi",Royal Challengers Bengaluru,field,N,Royal Challengers Bengaluru,Wickets,9.0,,JR Hazlewood,"['SU Parakh', 'KL Rahul', 'N Rana', 'Sameer Rizvi', 'T Stubbs', 'AR Patel', 'Abishek Porel', 'DA Miller', 'KA Jamieson', 'Kuldeep Yadav', 'PVD Chameera', 'T Natarajan']","['Suyash Sharma', 'JG Bethell', 'V Kohli', 'D Padikkal', 'RM Patidar', 'JM Sharma', 'TH David', 'R Shepherd', 'KH Pandya', 'B Kumar', 'JR Hazlewood', 'Rasikh Salam']",AK Argal,SJ Nogajski
1312459,New Chandigarh,28-04-2026,2026,40.0,Punjab Kings,Rajasthan Royals,"Maharaja Yadavindra Singh International Cricket Stadium, New Chandigarh",Rajasthan Royals,field,N,Rajasthan Royals,Wickets,6.0,,D Ferreira,"['Harpreet Brar', 'P Simran Singh', 'Priyansh Arya', 'C Connolly', 'SS Iyer', 'MP Stoinis', 'Suryansh Shedge', 'N Wadhera', 'M Jansen', 'LH Ferguson', 'Arshdeep Singh', 'YS Chahal']","['Yash Raj Punja', 'YBK Jaiswal', 'V Suryavanshi', 'Dhruv Jurel', 'R Parag', 'D Ferreira', 'SB Dubey', 'RA Jadeja', 'MD Shanaka', 'JC Archer', 'N Burger', 'Brijesh Sharma']",Nitin Menon,TM Srivastava
1312460,Mumbai,29-04-2026,2026,41.0,Mumbai Indians,Sunrisers Hyderabad,"Wankhede Stadium, Mumbai",Mumbai Indians,bat,N,Sunrisers Hyderabad,Wickets,6.0,,H Klaasen,"['SN Thakur', 'WG Jacks', 'RD Rickelton', 'SA Yadav', 'Naman Dhir', 'HH Pandya', 'Tilak Varma', 'R Minz', 'TA Boult', 'JJ Bumrah', 'AM Ghazanfar', 'Ashwani Kumar']","['Sakib Hussain', 'Aniket Verma', 'Abhishek Sharma', 'TM Head', 'Ishan Kishan', 'H Klaasen', 'Nithish Kumar Reddy', 'S Arora', 'PJ Cummins', 'Harsh Dubey', 'PP Hinge', 'E Malinga']",A Bengeri,J Madanagopal
1312461,Ahmedabad,30-04-2026,2026,42.0,Royal Challengers Bengaluru,Gujarat Titans,"Narendra Modi Stadium, Ahmedabad",Gujarat Titans,field,N,Gujarat Titans,Wickets,4.0,,JO Holder,"['JG Bethell', 'V Kohli', 'D Padikkal', 'RM Patidar', 'JM Sharma', 'TH David', 'KH Pandya', 'R Shepherd', 'VR Iyer', 'B Kumar', 'JR Hazlewood', 'Suyash Sharma']","['Mohammed Siraj', 'B Sai Sudharsan', 'Shubman Gill', 'JC Buttler', 'Washington Sundar', 'M Shahrukh Khan', 'R Tewatia', 'JO Holder', 'Rashid Khan', 'Arshad Khan', 'K Rabada', 'MJ Suthar']",AT Holdstock,KN Ananthapadmanabhan
1312462,Jaipur,01-05-2026,2026,43.0,Rajasthan Royals,Delhi Capitals,"Sawai Mansingh Stadium, Jaipur",Rajasthan Royals,bat,N,Delhi Capitals,Wickets,7.0,,KL Rahul,"['TU Deshpande', 'YBK Jaiswal', 'V Suryavanshi', 'Dhruv Jurel', 'R Parag', 'RA Jadeja', 'D Ferreira', 'SB Dubey', 'JC Archer', 'Ravi Bishnoi', 'N Burger', 'Brijesh Sharma']","['P Nissanka', 'KL Rahul', 'N Rana', 'T Stubbs', 'Ashutosh Sharma', 'Sameer Rizvi', 'AR Patel', 'KA Jamieson', 'MA Starc', 'Kuldeep Yadav', 'T Natarajan']",SJ Nogajski,VK Sharma
1312463,Chennai,02-05-2026,2026,44.0,Mumbai Indians,Chennai Super Kings,"MA Chidambaram Stadium, Chepauk, Chennai",Mumbai Indians,bat,N,Chennai Super Kings,Wickets,8.0,,RD Gaikwad,"['Raghu Sharma', 'WG Jacks', 'RD Rickelton', 'Naman Dhir', 'SA Yadav', 'Tilak Varma', 'HH Pandya', 'R Minz', 'Krish Bhagat', 'TA Boult', 'JJ Bumrah', 'AM Ghazanfar']","['Mukesh Choudhary', 'SV Samson', 'RD Gaikwad', 'Urvil Patel', 'Kartik Sharma', 'D Brevis', 'S Dube', 'J Overton', 'RS Ghosh', 'PR Veer', 'Noor Ahmad', 'A Kamboj']",KM Gandhi,Nitin Menon
1312464,Ahmedabad,03-05-2026,2026,46.0,Punjab Kings,Gujarat Titans,"Narendra Modi Stadium, Ahmedabad",Gujarat Titans,field,N,Gujarat Titans,Wickets,4.0,,JO Holder,"['Priyansh Arya', 'P Simran Singh', 'C Connolly', 'SS Iyer', 'N Wadhera', 'Suryansh Shedge', 'MP Stoinis', 'M Jansen', 'XC Bartlett', 'Vijaykumar Vyshak', 'Arshdeep Singh', 'YS Chahal']","['Mohammed Siraj', 'B Sai Sudharsan', 'Shubman Gill', 'JC Buttler', 'N Sindhu', 'Washington Sundar', 'R Tewatia', 'JO Holder', 'Arshad Khan', 'Rashid Khan', 'K Rabada', 'MJ Suthar']",KN Ananthapadmanabhan,P Joshi
1312465,Hyderabad,03-05-2026,2026,45.0,Sunrisers Hyderabad,Kolkata Knight Riders,"Rajiv Gandhi International Stadium, Uppal, Hyderabad",Sunrisers Hyderabad,bat,N,Kolkata Knight Riders,Wickets,7.0,,CV Varun,"['Sakib Hussain', 'Abhishek Sharma', 'TM Head', 'Ishan Kishan', 'H Klaasen', 'R Smaran', 'Aniket Verma', 'S Arora', 'PJ Cummins', 'Shivang Kumar', 'HV Patel', 'E Malinga']","['VG Arora', 'AM Rahane', 'FH Allen', 'A Raghuvanshi', 'RK Singh', 'C Green', 'R Powell', 'MK Pandey', 'SP Narine', 'AS Roy', 'Kartik Tyagi', 'CV Varun']",A Bengeri,J Madanagopal
1312466,Mumbai,04-05-2026,2026,47.0,Lucknow Super Giants,Mumbai Indians,"Wankhede Stadium, Mumbai",Mumbai Indians,field,N,Mumbai Indians,Wickets,6.0,,RD Rickelton,"['M Siddharth', 'MR Marsh', 'JP Inglis', 'N Pooran', 'RR Pant', 'AK Markram', 'Akshat Raghuwanshi', 'Himmat Singh', 'Mohammed Shami', 'Mohsin Khan', 'Avesh Khan', 'Prince Yadav']","['Raghu Sharma', 'RD Rickelton', 'RG Sharma', 'Tilak Varma', 'SA Yadav', 'Naman Dhir', 'WG Jacks', 'RA Bawa', 'C Bosch', 'DL Chahar', 'JJ Bumrah', 'AM Ghazanfar']",AK Argal,SJ Nogajski
1312467,Delhi,05-05-2026,2026,48.0,Delhi Capitals,Chennai Super Kings,"Arun Jaitley Stadium, Delhi",Delhi Capitals,bat,N,Chennai Super Kings,Wickets,8.0,,SV Samson,"['P Nissanka', 'KL Rahul', 'N Rana', 'KK Nair', 'AR Patel', 'T Stubbs', 'Sameer Rizvi', 'Ashutosh Sharma', 'MA Starc', 'L Ngidi', 'Kuldeep Yadav', 'T Natarajan']","['SV Samson', 'RD Gaikwad', 'Urvil Patel', 'Kartik Sharma', 'D Brevis', 'J Overton', 'AJ Hosein', 'Noor Ahmad', 'A Kamboj', 'Mukesh Choudhary', 'Gurjapneet Singh']",KM Gandhi,TM Srivastava
1312468,Hyderabad,06-05-2026,2026,49.0,Sunrisers Hyderabad,Punjab Kings,"Rajiv Gandhi International Stadium, Uppal, Hyderabad",Punjab Kings,field,N,Sunrisers Hyderabad,Runs,33.0,,PJ Cummins,"['Harsh Dubey', 'Abhishek Sharma', 'TM Head', 'Ishan Kishan', 'H Klaasen', 'Nithish Kumar Reddy', 'S Arora', 'R Smaran', 'PJ Cummins', 'Shivang Kumar', 'E Malinga', 'Sakib Hussain']","['YS Chahal', 'Priyansh Arya', 'P Simran Singh', 'C Connolly', 'SS Iyer', 'MP Stoinis', 'Suryansh Shedge', 'Shashank Singh', 'M Jansen', 'Vijaykumar Vyshak', 'LH Ferguson', 'Arshdeep Singh']",J Madanagopal,K Kelkar
1312469,Lucknow,07-05-2026,2026,50.0,Lucknow Super Giants,Royal Challengers Bengaluru,"Bharat Ratna Shri Atal Bihari Vajpayee Ekana Cricket Stadium, Lucknow",Royal Challengers Bengaluru,field,N,Lucknow Super Giants,Runs,9.0,,MR Marsh,"['MP Yadav', 'MR Marsh', 'AA Kulkarni', 'N Pooran', 'RR Pant', 'AK Markram', 'Akshat Raghuwanshi', 'Himmat Singh', 'Shahbaz Ahmed', 'DS Rathi', 'Mohammed Shami', 'Prince Yadav']","['Suyash Sharma', 'JG Bethell', 'V Kohli', 'D Padikkal', 'RM Patidar', 'JM Sharma', 'TH David', 'KH Pandya', 'R Shepherd', 'B Kumar', 'JR Hazlewood', 'Rasikh Salam']",A Totre,P Joshi
1312470,Delhi,08-05-2026,2026,51.0,Delhi Capitals,Kolkata Knight Riders,"Arun Jaitley Stadium, Delhi",Kolkata Knight Riders,field,N,Kolkata Knight Riders,Wickets,8.0,,FH Allen,"['Kuldeep Yadav', 'P Nissanka', 'KL Rahul', 'N Rana', 'Sameer Rizvi', 'T Stubbs', 'AR Patel', 'Ashutosh Sharma', 'V Nigam', 'MA Starc', 'L Ngidi', 'Mukesh Kumar']","['CV Varun', 'AM Rahane', 'FH Allen', 'A Raghuvanshi', 'C Green', 'R Powell', 'MK Pandey', 'RK Singh', 'SP Narine', 'AS Roy', 'Kartik Tyagi', 'VG Arora']",Nitin Menon,R Pandit
1312471,Jaipur,09-05-2026,2026,52.0,Gujarat Titans,Rajasthan Royals,"Sawai Mansingh Stadium, Jaipur",Rajasthan Royals,field,N,Gujarat Titans,Runs,77.0,,Rashid Khan,"['R Sai Kishore', 'B Sai Sudharsan', 'Shubman Gill', 'JC Buttler', 'Washington Sundar', 'JO Holder', 'R Tewatia', 'N Sindhu', 'Rashid Khan', 'Arshad Khan', 'K Rabada', 'Mohammed Siraj']","['Yash Raj Punja', 'YBK Jaiswal', 'V Suryavanshi', 'Dhruv Jurel', 'SO Hetmyer', 'RA Jadeja', 'D Ferreira', 'SB Dubey', 'MD Shanaka', 'JC Archer', 'TU Deshpande', 'Brijesh Sharma']",HAS Khalid,VK Sharma
1312472,Raipur,10-05-2026,2026,54.0,Mumbai Indians,Royal Challengers Bengaluru,"Shaheed Veer Narayan Singh International Stadium, Raipur",Royal Challengers Bengaluru,field,N,Royal Challengers Bengaluru,Wickets,2.0,,B Kumar,"['Raghu Sharma', 'RD Rickelton', 'RG Sharma', 'Naman Dhir', 'SA Yadav', 'Tilak Varma', 'WG Jacks', 'RA Bawa', 'C Bosch', 'DL Chahar', 'JJ Bumrah', 'AM Ghazanfar']","['Suyash Sharma', 'JG Bethell', 'V Kohli', 'D Padikkal', 'RM Patidar', 'KH Pandya', 'JM Sharma', 'TH David', 'R Shepherd', 'Rasikh Salam', 'B Kumar', 'JR Hazlewood']",R Pandit,TM Srivastava
1312473,Chennai,10-05-2026,2026,53.0,Lucknow Super Giants,Chennai Super Kings,"MA Chidambaram Stadium, Chepauk, Chennai",Chennai Super Kings,field,N,Chennai Super Kings,Wickets,5.0,,J Overton,"['JP Inglis', 'MR Marsh', 'N Pooran', 'RR Pant', 'AK Markram', 'Akshat Raghuwanshi', 'Shahbaz Ahmed', 'Himmat Singh', 'Mohammed Shami', 'Avesh Khan', 'Prince Yadav', 'DS Rathi']","['Mukesh Choudhary', 'SV Samson', 'RD Gaikwad', 'Urvil Patel', 'Kartik Sharma', 'D Brevis', 'S Dube', 'PR Veer', 'J Overton', 'AJ Hosein', 'Noor Ahmad', 'A Kamboj']",Amit Rana,K Kelkar
1312474,Dharamsala,11-05-2026,2026,55.0,Punjab Kings,Delhi Capitals,"Himachal Pradesh Cricket Association Stadium, Dharamsala",Delhi Capitals,field,N,Delhi Capitals,Wickets,3.0,,M Tiwari,"['Yash Thakur', 'Priyansh Arya', 'P Simran Singh', 'SS Iyer', 'C Connolly', 'MP Stoinis', 'Shashank Singh', 'Suryansh Shedge', 'M Jansen', 'BJ Dwarshuis', 'Arshdeep Singh', 'YS Chahal']","['Mukesh Kumar', 'KL Rahul', 'Abishek Porel', 'SU Parakh', 'T Stubbs', 'AR Patel', 'DA Miller', 'Ashutosh Sharma', 'M Tiwari', 'Auqib Nabi', 'MA Starc', 'L Ngidi']",Bhavesh Patel,KN Ananthapadmanabhan
1312475,Ahmedabad,12-05-2026,2026,56.0,Gujarat Titans,Sunrisers Hyderabad,"Narendra Modi Stadium, Ahmedabad",Sunrisers Hyderabad,field,N,Gujarat Titans,Runs,82.0,,K Rabada,"['M Prasidh Krishna', 'B Sai Sudharsan', 'Shubman Gill', 'JC Buttler', 'N Sindhu', 'Washington Sundar', 'JO Holder', 'R Tewatia', 'Rashid Khan', 'Arshad Khan', 'K Rabada', 'Mohammed Siraj']","['Sakib Hussain', 'TM Head', 'Abhishek Sharma', 'Ishan Kishan', 'R Smaran', 'H Klaasen', 'S Arora', 'Nithish Kumar Reddy', 'PJ Cummins', 'Shivang Kumar', 'PP Hinge', 'E Malinga']",HAS Khalid,VK Sharma
1312476,Raipur,13-05-2026,2026,57.0,Kolkata Knight Riders,Royal Challengers Bengaluru,"Shaheed Veer Narayan Singh International Stadium, Raipur",Royal Challengers Bengaluru,field,N,Royal Challengers Bengaluru,Wickets,6.0,,V Kohli,"['SR Dubey', 'AM Rahane', 'FH Allen', 'A Raghuvanshi', 'C Green', 'RK Singh', 'R Powell', 'MK Pandey', 'SP Narine', 'AS Roy', 'Kartik Tyagi', 'VG Arora']","['JA Duffy', 'JG Bethell', 'V Kohli', 'D Padikkal', 'RM Patidar', 'TH David', 'JM Sharma', 'VR Iyer', 'KH Pandya', 'B Kumar', 'Rasikh Salam', 'JR Hazlewood']",Nitin Menon,R Pandit
1312477,Dharamsala,14-05-2026,2026,58.0,Punjab Kings,Mumbai Indians,"Himachal Pradesh Cricket Association Stadium, Dharamsala",Mumbai Indians,field,N,Mumbai Indians,Wickets,6.0,,Tilak Varma,"['Priyansh Arya', 'P Simran Singh', 'C Connolly', 'SS Iyer', 'Suryansh Shedge', 'Shashank Singh', 'Azmatullah Omarzai', 'M Jansen', 'Vishnu Vinod', 'XC Bartlett', 'Arshdeep Singh', 'YS Chahal']","['Raghu Sharma', 'RG Sharma', 'RD Rickelton', 'Naman Dhir', 'Tilak Varma', 'SE Rutherford', 'WG Jacks', 'RA Bawa', 'C Bosch', 'DL Chahar', 'SN Thakur', 'JJ Bumrah']",Bhavesh Patel,KN Ananthapadmanabhan
1312478,Lucknow,15-05-2026,2026,59.0,Chennai Super Kings,Lucknow Super Giants,"Bharat Ratna Shri Atal Bihari Vajpayee Ekana Cricket Stadium, Lucknow",Lucknow Super Giants,field,N,Lucknow Super Giants,Wickets,7.0,,MR Marsh,"['Gurjapneet Singh', 'SV Samson', 'RD Gaikwad', 'Urvil Patel', 'Kartik Sharma', 'D Brevis', 'S Dube', 'PR Veer', 'A Kamboj', 'Noor Ahmad', 'SH Johnson', 'Mukesh Choudhary']","['Prince Yadav', 'MR Marsh', 'JP Inglis', 'N Pooran', 'Abdul Samad', 'MD Choudhary', 'AK Markram', 'RR Pant', 'Shahbaz Ahmed', 'Mohammed Shami', 'MP Yadav', 'Akash Singh']",T Ematty,UV Gandhe
1312479,Kolkata,16-05-2026,2026,60.0,Kolkata Knight Riders,Gujarat Titans,"Eden Gardens, Kolkata",Gujarat Titans,field,N,Kolkata Knight Riders,Runs,29.0,,SP Narine,"['M Pathirana', 'AM Rahane', 'FH Allen', 'A Raghuvanshi', 'C Green', 'MK Pandey', 'RK Singh', 'SP Narine', 'AS Roy', 'CV Varun', 'SR Dubey', 'Kartik Tyagi']","['Mohammed Siraj', 'B Sai Sudharsan', 'Shubman Gill', 'N Sindhu', 'JC Buttler', 'R Tewatia', 'JO Holder', 'Washington Sundar', 'Rashid Khan', 'K Rabada', 'Arshad Khan', 'R Sai Kishore']",K Swaroopanand,VK Sharma
1312480,Dharamsala,17-05-2026,2026,61.0,Royal Challengers Bengaluru,Punjab Kings,"Himachal Pradesh Cricket Association Stadium, Dharamsala",Punjab Kings,field,N,Royal Challengers Bengaluru,Runs,23.0,,VR Iyer,"['Rasikh Salam', 'JG Bethell', 'V Kohli', 'D Padikkal', 'VR Iyer', 'TH David', 'JM Sharma', 'R Shepherd', 'KH Pandya', 'B Kumar', 'Suyash Sharma', 'JR Hazlewood']","['YS Chahal', 'Priyansh Arya', 'P Simran Singh', 'C Connolly', 'SS Iyer', 'Suryansh Shedge', 'MP Stoinis', 'Shashank Singh', 'Azmatullah Omarzai', 'Harpreet Brar', 'LH Ferguson', 'Arshdeep Singh']",AT Holdstock,KN Ananthapadmanabhan
1312481,Delhi,17-05-2026,2026,62.0,Rajasthan Royals,Delhi Capitals,"Arun Jaitley Stadium, Delhi",Delhi Capitals,field,N,Delhi Capitals,Wickets,5.0,,MA Starc,"['YBK Jaiswal', 'V Suryavanshi', 'Dhruv Jurel', 'R Parag', 'D Ferreira', 'Ravi Singh', 'SB Dubey', 'MD Shanaka', 'JC Archer', 'AF Milne', 'Brijesh Sharma', 'Yash Raj Punja']","['Mukesh Kumar', 'Abishek Porel', 'KL Rahul', 'SU Parakh', 'AR Patel', 'T Stubbs', 'DA Miller', 'Ashutosh Sharma', 'M Tiwari', 'MA Starc', 'L Ngidi', 'T Vijay']",Amit Rana,K Kelkar
1312482,Chennai,18-05-2026,2026,63.0,Chennai Super Kings,Sunrisers Hyderabad,"MA Chidambaram Stadium, Chepauk, Chennai",Chennai Super Kings,bat,N,Sunrisers Hyderabad,Wickets,5.0,,Ishan Kishan,"['Mukesh Choudhary', 'SV Samson', 'RD Gaikwad', 'Urvil Patel', 'Kartik Sharma', 'D Brevis', 'S Dube', 'PR Veer', 'AJ Hosein', 'Noor Ahmad', 'A Kamboj', 'SH Johnson']","['Sakib Hussain', 'Abhishek Sharma', 'TM Head', 'Ishan Kishan', 'H Klaasen', 'Nithish Kumar Reddy', 'S Arora', 'R Smaran', 'PJ Cummins', 'Shivang Kumar', 'E Malinga', 'PP Hinge']",Nitin Menon,TM Srivastava
1312483,Jaipur,19-05-2026,2026,64.0,Lucknow Super Giants,Rajasthan Royals,"Sawai Mansingh Stadium, Jaipur",Rajasthan Royals,field,N,Rajasthan Royals,Wickets,7.0,,V Suryavanshi,"['DS Rathi', 'MR Marsh', 'JP Inglis', 'N Pooran', 'RR Pant', 'Abdul Samad', 'A Badoni', 'Shahbaz Ahmed', 'Mohsin Khan', 'MP Yadav', 'Akash Singh', 'Prince Yadav']","['Yash Raj Punja', 'YBK Jaiswal', 'V Suryavanshi', 'Dhruv Jurel', 'LG Pretorius', 'D Ferreira', 'SB Dubey', 'MD Shanaka', 'JC Archer', 'Sandeep Sharma', 'SS Mishra', 'Brijesh Sharma']",AT Holdstock,P Joshi
1312484,Kolkata,20-05-2026,2026,65.0,Mumbai Indians,Kolkata Knight Riders,"Eden Gardens, Kolkata",Kolkata Knight Riders,field,N,Kolkata Knight Riders,Wickets,4.0,,MK Pandey,"['AM Ghazanfar', 'RD Rickelton', 'RG Sharma', 'Naman Dhir', 'SA Yadav', 'Tilak Varma', 'HH Pandya', 'WG Jacks', 'C Bosch', 'DL Chahar', 'JJ Bumrah', 'Raghu Sharma']","['CV Varun', 'A Raghuvanshi', 'AM Rahane', 'FH Allen', 'MK Pandey', 'C Green', 'R Powell', 'RK Singh', 'T Dahiya', 'AS Roy', 'SP Narine', 'Kartik Tyagi', 'SR Dubey']",K Swaroopanand,HAS Khalid
1312485,Ahmedabad,21-05-2026,2026,66.0,Gujarat Titans,Chennai Super Kings,"Narendra Modi Stadium, Ahmedabad",Chennai Super Kings,field,N,Gujarat Titans,Runs,89.0,,Mohammed Siraj,"['M Prasidh Krishna', 'B Sai Sudharsan', 'Shubman Gill', 'JC Buttler', 'R Tewatia', 'Washington Sundar', 'N Sindhu', 'JO Holder', 'Rashid Khan', 'K Rabada', 'Arshad Khan', 'Mohammed Siraj']","['Gurjapneet Singh', 'SV Samson', 'MW Short', 'RD Gaikwad', 'Urvil Patel', 'Kartik Sharma', 'D Brevis', 'S Dube', 'A Kamboj', 'Noor Ahmad', 'Mukesh Choudhary', 'SH Johnson']",KM Gandhi,Nitin Menon
1312486,Hyderabad,22-05-2026,2026,67.0,Sunrisers Hyderabad,Royal Challengers Bengaluru,"Rajiv Gandhi International Stadium, Uppal, Hyderabad",Sunrisers Hyderabad,bat,N,Sunrisers Hyderabad,Runs,55.0,,Ishan Kishan,"['HV Patel', 'Abhishek Sharma', 'TM Head', 'Ishan Kishan', 'H Klaasen', 'Nithish Kumar Reddy', 'S Arora', 'R Smaran', 'PJ Cummins', 'Shivang Kumar', 'E Malinga', 'Sakib Hussain']","['Suyash Sharma', 'VR Iyer', 'V Kohli', 'D Padikkal', 'RM Patidar', 'KH Pandya', 'TH David', 'JM Sharma', 'R Shepherd', 'B Kumar', 'JR Hazlewood', 'Rasikh Salam']",Amit Rana,J Madanagopal
1312487,Lucknow,23-05-2026,2026,68.0,Lucknow Super Giants,Punjab Kings,"Bharat Ratna Shri Atal Bihari Vajpayee Ekana Cricket Stadium, Lucknow",Punjab Kings,field,N,Punjab Kings,Wickets,7.0,,SS Iyer,"['DS Rathi', 'JP Inglis', 'AA Kulkarni', 'N Pooran', 'A Badoni', 'RR Pant', 'Abdul Samad', 'MD Choudhary', 'Arjun Tendulkar', 'Mohammed Shami', 'Prince Yadav', 'Mohsin Khan']","['YS Chahal', 'Priyansh Arya', 'P Simran Singh', 'C Connolly', 'SS Iyer', 'Suryansh Shedge', 'Shashank Singh', 'Azmatullah Omarzai', 'M Jansen', 'Vijaykumar Vyshak', 'Arshdeep Singh', 'MP Stoinis']",KM Gandhi,Vinod Seshan
1312488,Mumbai,24-05-2026,2026,69.0,Rajasthan Royals,Mumbai Indians,"Wankhede Stadium, Mumbai",Mumbai Indians,field,N,Rajasthan Royals,Runs,30.0,,JC Archer,"['YBK Jaiswal', 'V Suryavanshi', 'Dhruv Jurel', 'R Parag', 'MD Shanaka', 'D Ferreira', 'JC Archer', 'SB Dubey', 'RA Jadeja', 'N Burger', 'Yash Raj Punja', 'Brijesh Sharma']","['Raghu Sharma', 'RG Sharma', 'RD Rickelton', 'Naman Dhir', 'SA Yadav', 'Tilak Varma', 'WG Jacks', 'HH Pandya', 'C Bosch', 'SN Thakur', 'DL Chahar', 'AM Ghazanfar']",R Pandit,T Ematty
1312489,Kolkata,24-05-2026,2026,70.0,Delhi Capitals,Kolkata Knight Riders,"Eden Gardens, Kolkata",Kolkata Knight Riders,field,N,Delhi Capitals,Runs,40.0,,Kuldeep Yadav,"['Kuldeep Yadav', 'Abishek Porel', 'KL Rahul', 'SU Parakh', 'AR Patel', 'DA Miller', 'Ashutosh Sharma', 'T Stubbs', 'M Tiwari', 'Auqib Nabi', 'L Ngidi', 'MA Starc']","['SP Narine', 'AM Rahane', 'FH Allen', 'MK Pandey', 'C Green', 'R Powell', 'RK Singh', 'T Dahiya', 'AS Roy', 'Kartik Tyagi', 'CV Varun', 'SR Dubey']",K Swaroopanand,HAS Khalid
1312490,Dharamsala,26-05-2026,2026,,Royal Challengers Bengaluru,Gujarat Titans,"Himachal Pradesh Cricket Association Stadium, Dharamsala",Gujarat Titans,field,N,Royal Challengers Bengaluru,Runs,92.0,,RM Patidar,"['R Shepherd', 'VR Iyer', 'V Kohli', 'D Padikkal', 'RM Patidar', 'KH Pandya', 'TH David', 'JM Sharma', 'B Kumar', 'JR Hazlewood', 'JA Duffy', 'Rasikh Salam']","['K Khejroliya', 'B Sai Sudharsan', 'Shubman Gill', 'JC Buttler', 'N Sindhu', 'Washington Sundar', 'JO Holder', 'R Tewatia', 'Rashid Khan', 'K Rabada', 'Mohammed Siraj', 'M Prasidh Krishna']",J Madanagopal,VK Sharma
1312491,New Chandigarh,27-05-2026,2026,,Rajasthan Royals,Sunrisers Hyderabad,"Maharaja Yadavindra Singh International Cricket Stadium, New Chandigarh",Sunrisers Hyderabad,field,N,Rajasthan Royals,Runs,47.0,,V Suryavanshi,"['YBK Jaiswal', 'V Suryavanshi', 'Dhruv Jurel', 'R Parag', 'D Ferreira', 'MD Shanaka', 'RA Jadeja', 'JC Archer', 'N Burger', 'SS Mishra', 'Brijesh Sharma', 'Yash Raj Punja']","['PP Hinge', 'Abhishek Sharma', 'TM Head', 'Ishan Kishan', 'R Smaran', 'H Klaasen', 'Nithish Kumar Reddy', 'Salil Arora', 'PJ Cummins', 'Shivang Kumar', 'E Malinga', 'Sakib Hussain']",AT Holdstock,UV Gandhe
1312492,New Chandigarh,29-05-2026,2026,,Rajasthan Royals,Gujarat Titans,"Maharaja Yadavindra Singh International Cricket Stadium, New Chandigarh",Rajasthan Royals,bat,N,Gujarat Titans,Wickets,7.0,,Shubman Gill,"['TU Deshpande', 'YBK Jaiswal', 'V Suryavanshi', 'Dhruv Jurel', 'RA Jadeja', 'R Parag', 'MD Shanaka', 'JC Archer', 'D Ferreira', 'N Burger', 'Brijesh Sharma', 'Yash Raj Punja']","['Mohammed Siraj', 'B Sai Sudharsan', 'Shubman Gill', 'JC Buttler', 'Washington Sundar', 'R Tewatia', 'JO Holder', 'N Sindhu', 'Rashid Khan', 'R Sai Kishore', 'K Rabada', 'M Prasidh Krishna']",R Pandit,SJ Nogajski
1312493,Ahmedabad,31-05-2026,2026,,Gujarat Titans,Royal Challengers Bengaluru,"Narendra Modi Stadium, Ahmedabad",Royal Challengers Bengaluru,field,N,Royal Challengers Bengaluru,Wickets,5.0,,V Kohli,"['M Prasidh Krishna', 'B Sai Sudharsan', 'Shubman Gill', 'N Sindhu', 'JC Buttler', 'Washington Sundar', 'Arshad Khan', 'R Tewatia', 'JO Holder', 'Rashid Khan', 'K Rabada', 'Mohammed Siraj']","['JA Duffy', 'VR Iyer', 'V Kohli', 'D Padikkal', 'RM Patidar', 'KH Pandya', 'TH David', 'JM Sharma', 'R Shepherd', 'B Kumar', 'JR Hazlewood', 'Rasikh Salam']",KN Ananthapadmanabhan,Nitin Menon
1312494,Hyderabad,25-03-2023,2023,1,Delhi Capitals,Sunrisers Hyderabad,"Rajiv Gandhi International Stadium, Hyderabad",Delhi Capitals,field,N,Sunrisers Hyderabad,Wickets,3.0,,Shivam Dube,[],[],Nitin Menon,KN Ananthapadmanabhan
1312495,Mohali,26-03-2023,2023,2,Rajasthan Royals,Chennai Super Kings,"Punjab Cricket Association IS Bindra Stadium, Mohali",Rajasthan Royals,field,N,Chennai Super Kings,Runs,18.0,,Glenn Maxwell,[],[],Nitin Menon,KN Ananthapadmanabhan
1312496,Pune,26-03-2023,2023,3,Gujarat Titans,Delhi Capitals,"Maharashtra Cricket Association Stadium, Pune",Gujarat Titans,field,N,Delhi Capitals,Runs,37.0,,Rishabh Pant,[],[],Nitin Menon,KN Ananthapadmanabhan
1312497,Ahmedabad,27-03-2023,2023,4,Delhi Capitals,Royal Challengers Bangalore,"Narendra Modi Stadium, Ahmedabad",Royal Challengers Bangalore,bat,N,Royal Challengers Bangalore,Wickets,9.0,,Suryakumar Yadav,[],[],Nitin Menon,KN Ananthapadmanabhan
1312498,Jaipur,27-03-2023,2023,5,Royal Challengers Bangalore,Punjab Kings,"Sawai Mansingh Stadium, Jaipur",Royal Challengers Bangalore,bat,N,Punjab Kings,Runs,2.0,,Sunil Narine,[],[],Nitin Menon,KN Ananthapadmanabhan
1312499,Chennai,28-03-2023,2023,6,Sunrisers Hyderabad,Kolkata Knight Riders,"MA Chidambaram Stadium, Chennai",Kolkata Knight Riders,bat,N,Kolkata Knight Riders,Wickets,6.0,,Axar Patel,[],[],Nitin Menon,KN Ananthapadmanabhan
1312500,Mohali,28-03-2023,2023,7,Gujarat Titans,Royal Challengers Bangalore,"Punjab Cricket Association IS Bindra Stadium, Mohali",Royal Challengers Bangalore,field,N,Gujarat Titans,Wickets,9.0,,K L Rahul,[],[],Nitin Menon,KN Ananthapadmanabhan
1312501,Ahmedabad,29-03-2023,2023,8,Sunrisers Hyderabad,Delhi Capitals,"Narendra Modi Stadium, Ahmedabad",Delhi Capitals,field,N,Delhi Capitals,Wickets,9.0,,Phil Salt,[],[],Nitin Menon,KN Ananthapadmanabhan
1312502,Pune,29-03-2023,2023,9,Delhi Capitals,Sunrisers Hyderabad,"Maharashtra Cricket Association Stadium, Pune",Sunrisers Hyderabad,field,N,Sunrisers Hyderabad,Runs,80.0,,Hardik Pandya,[],[],Nitin Menon,KN Ananthapadmanabhan
1312503,Pune,30-03-2023,2023,10,Sunrisers Hyderabad,Royal Challengers Bangalore,"Maharashtra Cricket Association Stadium, Pune",Royal Challengers Bangalore,bat,N,Royal Challengers Bangalore,Wickets,3.0,,Hardik Pandya,[],[],Nitin Menon,KN Ananthapadmanabhan
1312504,Kolkata,30-03-2023,2023,11,Mumbai Indians,Punjab Kings,"Eden Gardens, Kolkata",Mumbai Indians,field,N,Punjab Kings,Wickets,4.0,,Suryakumar Yadav,[],[],Nitin Menon,KN Ananthapadmanabhan
1312505,Delhi,31-03-2023,2023,12,Rajasthan Royals,Royal Challengers Bangalore,"Arun Jaitley Stadium, Delhi",Royal Challengers Bangalore,bat,N,Rajasthan Royals,Wickets,3.0,,Marcus Stoinis,[],[],Nitin Menon,KN Ananthapadmanabhan
1312506,Jaipur,31-03-2023,2023,13,Delhi Capitals,Lucknow Super Giants,"Sawai Mansingh Stadium, Jaipur",Delhi Capitals,field,N,Delhi Capitals,Runs,11.0,,Sanju Samson,[],[],Nitin Menon,KN Ananthapadmanabhan
1312507,Mumbai,01-04-2023,2023,14,Royal Challengers Bangalore,Chennai Super Kings,"Wankhede Stadium, Mumbai",Royal Challengers Bangalore,bat,N,Royal Challengers Bangalore,Runs,73.0,,Mitchell Starc,[],[],Nitin Menon,KN Ananthapadmanabhan
1312508,Mohali,01-04-2023,2023,15,Sunrisers Hyderabad,Delhi Capitals,"Punjab Cricket Association IS Bindra Stadium, Mohali",Delhi Capitals,field,N,Delhi Capitals,Wickets,5.0,,Jasprit Bumrah,[],[],Nitin Menon,KN Ananthapadmanabhan
1312509,Jaipur,02-04-2023,2023,16,Chennai Super Kings,Royal Challengers Bangalore,"Sawai Mansingh Stadium, Jaipur",Chennai Super Kings,bat,N,Chennai Super Kings,Runs,24.0,,Jos Buttler,[],[],Nitin Menon,KN Ananthapadmanabhan
1312510,Pune,02-04-2023,2023,17,Royal Challengers Bangalore,Mumbai Indians,"Maharashtra Cricket Association Stadium, Pune",Mumbai Indians,field,N,Royal Challengers Bangalore,Wickets,8.0,,T Natarajan,[],[],Nitin Menon,KN Ananthapadmanabhan
1312511,Chennai,03-04-2023,2023,18,Rajasthan Royals,Sunrisers Hyderabad,"MA Chidambaram Stadium, Chennai",Sunrisers Hyderabad,field,N,Rajasthan Royals,Wickets,9.0,,Kuldeep Yadav,[],[],Nitin Menon,KN Ananthapadmanabhan
1312512,Chennai,03-04-2023,2023,19,Chennai Super Kings,Lucknow Super Giants,"MA Chidambaram Stadium, Chennai",Chennai Super Kings,field,N,Lucknow Super Giants,Wickets,7.0,,K L Rahul,[],[],Nitin Menon,KN Ananthapadmanabhan
1312513,Chennai,04-04-2023,2023,20,Punjab Kings,Mumbai Indians,"MA Chidambaram Stadium, Chennai",Mumbai Indians,bat,N,Mumbai Indians,Wickets,7.0,,Ravindra Jadeja,[],[],Nitin Menon,KN Ananthapadmanabhan
1312514,Mumbai,04-04-2023,2023,21,Gujarat Titans,Kolkata Knight Riders,"Wankhede Stadium, Mumbai",Gujarat Titans,field,N,Gujarat Titans,Runs,66.0,,K L Rahul,[],[],Nitin Menon,KN Ananthapadmanabhan
1312515,Jaipur,05-04-2023,2023,22,Sunrisers Hyderabad,Delhi Capitals,"Sawai Mansingh Stadium, Jaipur",Delhi Capitals,bat,N,Delhi Capitals,Runs,71.0,,Hardik Pandya,[],[],Nitin Menon,KN Ananthapadmanabhan
1312516,Pune,05-04-2023,2023,23,Royal Challengers Bangalore,Punjab Kings,"Maharashtra Cricket Association Stadium, Pune",Royal Challengers Bangalore,bat,N,Punjab Kings,Runs,54.0,,Mitchell Starc,[],[],Nitin Menon,KN Ananthapadmanabhan
1312517,Chennai,06-04-2023,2023,24,Kolkata Knight Riders,Sunrisers Hyderabad,"MA Chidambaram Stadium, Chennai",Sunrisers Hyderabad,bat,N,Kolkata Knight Riders,Wickets,8.0,,Trent Boult,[],[],Nitin Menon,KN Ananthapadmanabhan
1312518,Mohali,06-04-2023,2023,25,Delhi Capitals,Gujarat Titans,"Punjab Cricket Association IS Bindra Stadium, Mohali",Delhi Capitals,bat,N,Delhi Capitals,Wickets,9.0,,Mohammed Shami,[],[],Nitin Menon,KN Ananthapadmanabhan
1312519,Bengaluru,07-04-2023,2023,26,Chennai Super Kings,Delhi Capitals,"M.Chinnaswamy Stadium, Bengaluru",Delhi Capitals,bat,N,Chennai Super Kings,Runs,8.0,,Marcus Stoinis,[],[],Nitin Menon,KN Ananthapadmanabhan
1312520,Pune,07-04-2023,2023,27,Gujarat Titans,Chennai Super Kings,"Maharashtra Cricket Association Stadium, Pune",Gujarat Titans,bat,N,Gujarat Titans,Wickets,4.0,,Travis Head,[],[],Nitin Menon,KN Ananthapadmanabhan
1312521,Mumbai,08-04-2023,2023,28,Kolkata Knight Riders,Chennai Super Kings,"Wankhede Stadium, Mumbai",Kolkata Knight Riders,bat,N,Kolkata Knight Riders,Runs,30.0,,Sunil Narine,[],[],Nitin Menon,KN Ananthapadmanabhan
1312522,Pune,08-04-2023,2023,29,Punjab Kings,Mumbai Indians,"Maharashtra Cricket Association Stadium, Pune",Punjab Kings,bat,N,Punjab Kings,Wickets,4.0,,Hardik Pandya,[],[],Nitin Menon,KN Ananthapadmanabhan
1312523,Mohali,09-04-2023,2023,30,Delhi Capitals,Royal Challengers Bangalore,"Punjab Cricket Association IS Bindra Stadium, Mohali",Royal Challengers Bangalore,bat,N,Royal Challengers Bangalore,Wickets,4.0,,Ruturaj Gaikwad,[],[],Nitin Menon,KN Ananthapadmanabhan
1312524,Mumbai,09-04-2023,2023,31,Gujarat Titans,Delhi Capitals,"Wankhede Stadium, Mumbai",Gujarat Titans,field,N,Delhi Capitals,Wickets,6.0,,Mohammed Shami,[],[],Nitin Menon,KN Ananthapadmanabhan
1312525,Mohali,10-04-2023,2023,32,Royal Challengers Bangalore,Punjab Kings,"Punjab Cricket Association IS Bindra Stadium, Mohali",Royal Challengers Bangalore,field,N,Punjab Kings,Runs,72.0,,Sai Sudharsan,[],[],Nitin Menon,KN Ananthapadmanabhan
1312526,Mohali,10-04-2023,2023,33,Sunrisers Hyderabad,Mumbai Indians,"Punjab Cricket Association IS Bindra Stadium, Mohali",Mumbai Indians,bat,N,Sunrisers Hyderabad,Wickets,9.0,,Harshal Patel,[],[],Nitin Menon,KN Ananthapadmanabhan
1312527,Mohali,11-04-2023,2023,34,Mumbai Indians,Punjab Kings,"Punjab Cricket Association IS Bindra Stadium, Mohali",Punjab Kings,bat,N,Mumbai Indians,Wickets,6.0,,T Natarajan,[],[],Nitin Menon,KN Ananthapadmanabhan
1312528,Mumbai,11-04-2023,2023,35,Mumbai Indians,Chennai Super Kings,"Wankhede Stadium, Mumbai",Mumbai Indians,bat,N,Mumbai Indians,Runs,14.0,,Piyush Chawla,[],[],Nitin Menon,KN Ananthapadmanabhan
1312529,Mumbai,12-04-2023,2023,36,Delhi Capitals,Gujarat Titans,"Wankhede Stadium, Mumbai",Gujarat Titans,bat,N,Delhi Capitals,Runs,70.0,,Varun Chakravarthy,[],[],Nitin Menon,KN Ananthapadmanabhan
1312530,Pune,12-04-2023,2023,37,Chennai Super Kings,Rajasthan Royals,"Maharashtra Cricket Association Stadium, Pune",Chennai Super Kings,field,N,Rajasthan Royals,Runs,26.0,,Shreyas Iyer,[],[],Nitin Menon,KN Ananthapadmanabhan
1312531,Bengaluru,13-04-2023,2023,38,Rajasthan Royals,Lucknow Super Giants,"M.Chinnaswamy Stadium, Bengaluru",Rajasthan Royals,field,N,Lucknow Super Giants,Runs,49.0,,Rinku Singh,[],[],Nitin Menon,KN Ananthapadmanabhan
1312532,Mumbai,13-04-2023,2023,39,Mumbai Indians,Lucknow Super Giants,"Wankhede Stadium, Mumbai",Lucknow Super Giants,field,N,Mumbai Indians,Wickets,3.0,,Yuzvendra Chahal,[],[],Nitin Menon,KN Ananthapadmanabhan
1312533,Mohali,14-04-2023,2023,40,Kolkata Knight Riders,Gujarat Titans,"Punjab Cricket Association IS Bindra Stadium, Mohali",Kolkata Knight Riders,field,N,Kolkata Knight Riders,Runs,77.0,,Sanju Samson,[],[],Nitin Menon,KN Ananthapadmanabhan
1312534,Delhi,14-04-2023,2023,41,Lucknow Super Giants,Kolkata Knight Riders,"Arun Jaitley Stadium, Delhi",Kolkata Knight Riders,field,N,Lucknow Super Giants,Wickets,2.0,,Axar Patel,[],[],Nitin Menon,KN Ananthapadmanabhan
1312535,Chennai,15-04-2023,2023,42,Gujarat Titans,Kolkata Knight Riders,"MA Chidambaram Stadium, Chennai",Kolkata Knight Riders,field,N,Kolkata Knight Riders,Runs,34.0,,Shubman Gill,[],[],Nitin Menon,KN Ananthapadmanabhan
1312536,Mumbai,15-04-2023,2023,43,Sunrisers Hyderabad,Delhi Capitals,"Wankhede Stadium, Mumbai",Delhi Capitals,bat,N,Delhi Capitals,Runs,8.0,,Bhuvneshwar Kumar,[],[],Nitin Menon,KN Ananthapadmanabhan
1312537,Hyderabad,16-04-2023,2023,44,Royal Challengers Bangalore,Mumbai Indians,"Rajiv Gandhi International Stadium, Hyderabad",Mumbai Indians,bat,N,Mumbai Indians,Wickets,3.0,,MS Dhoni,[],[],Nitin Menon,KN Ananthapadmanabhan
1312538,Mumbai,16-04-2023,2023,45,Rajasthan Royals,Royal Challengers Bangalore,"Wankhede Stadium, Mumbai",Royal Challengers Bangalore,bat,N,Rajasthan Royals,Wickets,4.0,,Heinrich Klaasen,[],[],Nitin Menon,KN Ananthapadmanabhan
1312539,Pune,17-04-2023,2023,46,Delhi Capitals,Kolkata Knight Riders,"Maharashtra Cricket Association Stadium, Pune",Delhi Capitals,bat,N,Kolkata Knight Riders,Wickets,7.0,,Trent Boult,[],[],Nitin Menon,KN Ananthapadmanabhan
1312540,Chennai,17-04-2023,2023,47,Chennai Super Kings,Royal Challengers Bangalore,"MA Chidambaram Stadium, Chennai",Chennai Super Kings,bat,N,Chennai Super Kings,Wickets,6.0,,Rishabh Pant,[],[],Nitin Menon,KN Ananthapadmanabhan
1312541,Pune,18-04-2023,2023,48,Kolkata Knight Riders,Punjab Kings,"Maharashtra Cricket Association Stadium, Pune",Punjab Kings,field,N,Kolkata Knight Riders,Wickets,1.0,,Travis Head,[],[],Nitin Menon,KN Ananthapadmanabhan
1312542,Mohali,18-04-2023,2023,49,Sunrisers Hyderabad,Punjab Kings,"Punjab Cricket Association IS Bindra Stadium, Mohali",Sunrisers Hyderabad,bat,N,Sunrisers Hyderabad,Wickets,8.0,,Mitchell Starc,[],[],Nitin Menon,KN Ananthapadmanabhan
1312543,Delhi,19-04-2023,2023,50,Kolkata Knight Riders,Chennai Super Kings,"Arun Jaitley Stadium, Delhi",Chennai Super Kings,field,N,Kolkata Knight Riders,Wickets,4.0,,Ravi Bishnoi,[],[],Nitin Menon,KN Ananthapadmanabhan
1312544,Mohali,19-04-2023,2023,51,Chennai Super Kings,Lucknow Super Giants,"Punjab Cricket Association IS Bindra Stadium, Mohali",Lucknow Super Giants,bat,N,Chennai Super Kings,Wickets,8.0,,Bhuvneshwar Kumar,[],[],Nitin Menon,KN Ananthapadmanabhan
1312545,Kolkata,20-04-2023,2023,52,Rajasthan Royals,Punjab Kings,"Eden Gardens, Kolkata",Punjab Kings,field,N,Rajasthan Royals,Runs,50.0,,Devon Conway,[],[],Nitin Menon,KN Ananthapadmanabhan
1312546,Ahmedabad,20-04-2023,2023,53,Chennai Super Kings,Punjab Kings,"Narendra Modi Stadium, Ahmedabad",Chennai Super Kings,field,N,Punjab Kings,Wickets,6.0,,Ruturaj Gaikwad,[],[],Nitin Menon,KN Ananthapadmanabhan
1312547,Delhi,21-04-2023,2023,54,Lucknow Super Giants,Rajasthan Royals,"Arun Jaitley Stadium, Delhi",Rajasthan Royals,field,N,Rajasthan Royals,Runs,20.0,,Shreyas Iyer,[],[],Nitin Menon,KN Ananthapadmanabhan
1312548,Hyderabad,21-04-2023,2023,55,Mumbai Indians,Kolkata Knight Riders,"Rajiv Gandhi International Stadium, Hyderabad",Kolkata Knight Riders,bat,N,Kolkata Knight Riders,Runs,6.0,,Dinesh Karthik,[],[],Nitin Menon,KN Ananthapadmanabhan
1312549,Ahmedabad,22-04-2023,2023,56,Delhi Capitals,Gujarat Titans,"Narendra Modi Stadium, Ahmedabad",Delhi Capitals,field,N,Gujarat Titans,Wickets,8.0,,Rashid Khan,[],[],Nitin Menon,KN Ananthapadmanabhan
1312550,Kolkata,22-04-2023,2023,57,Rajasthan Royals,Royal Challengers Bangalore,"Eden Gardens, Kolkata",Royal Challengers Bangalore,field,N,Rajasthan Royals,Runs,62.0,,Ravi Bishnoi,[],[],Nitin Menon,KN Ananthapadmanabhan
1312551,Kolkata,23-04-2023,2023,58,Sunrisers Hyderabad,Delhi Capitals,"Eden Gardens, Kolkata",Delhi Capitals,bat,N,Sunrisers Hyderabad,Wickets,1.0,,Mitchell Starc,[],[],Nitin Menon,KN Ananthapadmanabhan
1312552,Ahmedabad,23-04-2023,2023,59,Delhi Capitals,Gujarat Titans,"Narendra Modi Stadium, Ahmedabad",Gujarat Titans,field,N,Delhi Capitals,Runs,65.0,,Suryakumar Yadav,[],[],Nitin Menon,KN Ananthapadmanabhan
1312553,Hyderabad,24-04-2023,2023,60,Punjab Kings,Rajasthan Royals,"Rajiv Gandhi International Stadium, Hyderabad",Punjab Kings,bat,N,Rajasthan Royals,Runs,67.0,,Marcus Stoinis,[],[],Nitin Menon,KN Ananthapadmanabhan
1312554,Ahmedabad,24-04-2023,2023,61,Delhi Capitals,Kolkata Knight Riders,"Narendra Modi Stadium, Ahmedabad",Delhi Capitals,field,N,Kolkata Knight Riders,Runs,64.0,,Harshal Patel,[],[],Nitin Menon,KN Ananthapadmanabhan
1312555,Mumbai,25-04-2023,2023,62,Rajasthan Royals,Sunrisers Hyderabad,"Wankhede Stadium, Mumbai",Rajasthan Royals,field,N,Rajasthan Royals,Wickets,5.0,,Arshdeep Singh,[],[],Nitin Menon,KN Ananthapadmanabhan
1312556,Ahmedabad,25-04-2023,2023,63,Punjab Kings,Rajasthan Royals,"Narendra Modi Stadium, Ahmedabad",Punjab Kings,field,N,Rajasthan Royals,Runs,66.0,,Devon Conway,[],[],Nitin Menon,KN Ananthapadmanabhan
1312557,Jaipur,26-04-2023,2023,64,Sunrisers Hyderabad,Lucknow Super Giants,"Sawai Mansingh Stadium, Jaipur",Lucknow Super Giants,bat,N,Lucknow Super Giants,Wickets,2.0,,Hardik Pandya,[],[],Nitin Menon,KN Ananthapadmanabhan
1312558,Hyderabad,26-04-2023,2023,65,Delhi Capitals,Mumbai Indians,"Rajiv Gandhi International Stadium, Hyderabad",Delhi Capitals,bat,N,Mumbai Indians,Runs,59.0,,Rinku Singh,[],[],Nitin Menon,KN Ananthapadmanabhan
1312559,Mohali,27-04-2023,2023,66,Lucknow Super Giants,Sunrisers Hyderabad,"Punjab Cricket Association IS Bindra Stadium, Mohali",Lucknow Super Giants,field,N,Lucknow Super Giants,Runs,26.0,,Shubman Gill,[],[],Nitin Menon,KN Ananthapadmanabhan
1312560,Bengaluru,27-04-2023,2023,67,Mumbai Indians,Kolkata Knight Riders,"M.Chinnaswamy Stadium, Bengaluru",Mumbai Indians,bat,N,Kolkata Knight Riders,Runs,2.0,,Yuzvendra Chahal,[],[],Nitin Menon,KN Ananthapadmanabhan
1312561,Jaipur,28-04-2023,2023,68,Sunrisers Hyderabad,Chennai Super Kings,"Sawai Mansingh Stadium, Jaipur",Sunrisers Hyderabad,field,N,Sunrisers Hyderabad,Runs,80.0,,Kuldeep Yadav,[],[],Nitin Menon,KN Ananthapadmanabhan
1312562,Bengaluru,28-04-2023,2023,69,Chennai Super Kings,Royal Challengers Bangalore,"M.Chinnaswamy Stadium, Bengaluru",Royal Challengers Bangalore,bat,N,Chennai Super Kings,Wickets,7.0,,Abhishek Sharma,[],[],Nitin Menon,KN Ananthapadmanabhan
1312563,Pune,29-04-2023,2023,70,Sunrisers Hyderabad,Gujarat Titans,"Maharashtra Cricket Association Stadium, Pune",Gujarat Titans,field,N,Gujarat Titans,Wickets,2.0,,Axar Patel,[],[],Nitin Menon,KN Ananthapadmanabhan
1312564,Mumbai,30-04-2023,2023,Qualifier 1,Gujarat Titans,Chennai Super Kings,"Wankhede Stadium, Mumbai",Chennai Super Kings,bat,N,Gujarat Titans,Runs,60.0,,MS Dhoni,[],[],Nitin Menon,CB Gaffaney
1312565,Kolkata,01-05-2023,2023,Eliminator,Mumbai Indians,Lucknow Super Giants,"Eden Gardens, Kolkata",Mumbai Indians,field,N,Mumbai Indians,Wickets,8.0,,Nicholas Pooran,[],[],Nitin Menon,CB Gaffaney
1312566,Bengaluru,02-05-2023,2023,Qualifier 2,Chennai Super Kings,Mumbai Indians,"M.Chinnaswamy Stadium, Bengaluru",Chennai Super Kings,field,N,Chennai Super Kings,Wickets,7.0,,Hardik Pandya,[],[],Nitin Menon,CB Gaffaney
1312567,Ahmedabad,03-05-2023,2023,Final,Gujarat Titans,Chennai Super Kings,"Narendra Modi Stadium, Ahmedabad",Gujarat Titans,bat,N,Chennai Super Kings,Wickets,3.0,,Mohammed Shami,[],[],Nitin Menon,CB Gaffaney
1312568,Jaipur,25-03-2024,2024,1,Mumbai Indians,Delhi Capitals,"Sawai Mansingh Stadium, Jaipur",Mumbai Indians,field,N,Delhi Capitals,Wickets,3.0,,Dinesh Karthik,[],[],Nitin Menon,KN Ananthapadmanabhan
1312569,Ahmedabad,26-03-2024,2024,2,Lucknow Super Giants,Delhi Capitals,"Narendra Modi Stadium, Ahmedabad",Lucknow Super Giants,bat,N,Delhi Capitals,Runs,30.0,,Glenn Maxwell,[],[],Nitin Menon,KN Ananthapadmanabhan
1312570,Chennai,26-03-2024,2024,3,Chennai Super Kings,Gujarat Titans,"MA Chidambaram Stadium, Chennai",Gujarat Titans,field,N,Gujarat Titans,Runs,35.0,,Marcus Stoinis,[],[],Nitin Menon,KN Ananthapadmanabhan
1312571,Bengaluru,27-03-2024,2024,4,Delhi Capitals,Rajasthan Royals,"M.Chinnaswamy Stadium, Bengaluru",Rajasthan Royals,field,N,Rajasthan Royals,Wickets,8.0,,Trent Boult,[],[],Nitin Menon,KN Ananthapadmanabhan
1312572,Kolkata,27-03-2024,2024,5,Delhi Capitals,Kolkata Knight Riders,"Eden Gardens, Kolkata",Kolkata Knight Riders,field,N,Delhi Capitals,Wickets,7.0,,Sai Sudharsan,[],[],Nitin Menon,KN Ananthapadmanabhan
1312573,Jaipur,28-03-2024,2024,6,Sunrisers Hyderabad,Gujarat Titans,"Sawai Mansingh Stadium, Jaipur",Sunrisers Hyderabad,field,N,Sunrisers Hyderabad,Wickets,4.0,,MS Dhoni,[],[],Nitin Menon,KN Ananthapadmanabhan
1312574,Mohali,28-03-2024,2024,7,Chennai Super Kings,Royal Challengers Bangalore,"Punjab Cricket Association IS Bindra Stadium, Mohali",Chennai Super Kings,field,N,Chennai Super Kings,Wickets,3.0,,Mohit Sharma,[],[],Nitin Menon,KN Ananthapadmanabhan
1312575,Hyderabad,29-03-2024,2024,8,Lucknow Super Giants,Kolkata Knight Riders,"Rajiv Gandhi International Stadium, Hyderabad",Kolkata Knight Riders,bat,N,Kolkata Knight Riders,Runs,4.0,,Shubman Gill,[],[],Nitin Menon,KN Ananthapadmanabhan
1312576,Ahmedabad,29-03-2024,2024,9,Sunrisers Hyderabad,Mumbai Indians,"Narendra Modi Stadium, Ahmedabad",Mumbai Indians,bat,N,Mumbai Indians,Runs,49.0,,Wanindu Hasaranga,[],[],Nitin Menon,KN Ananthapadmanabhan
1312577,Mohali,30-03-2024,2024,10,Sunrisers Hyderabad,Lucknow Super Giants,"Punjab Cricket Association IS Bindra Stadium, Mohali",Lucknow Super Giants,bat,N,Lucknow Super Giants,Runs,35.0,,Rashid Khan,[],[],Nitin Menon,KN Ananthapadmanabhan
1312578,Mumbai,30-03-2024,2024,11,Lucknow Super Giants,Royal Challengers Bangalore,"Wankhede Stadium, Mumbai",Royal Challengers Bangalore,bat,N,Lucknow Super Giants,Runs,68.0,,Sunil Narine,[],[],Nitin Menon,KN Ananthapadmanabhan
1312579,Ahmedabad,31-03-2024,2024,12,Lucknow Super Giants,Chennai Super Kings,"Narendra Modi Stadium, Ahmedabad",Chennai Super Kings,bat,N,Lucknow Super Giants,Wickets,7.0,,Ravi Bishnoi,[],[],Nitin Menon,KN Ananthapadmanabhan
1312580,Chennai,31-03-2024,2024,13,Rajasthan Royals,Gujarat Titans,"MA Chidambaram Stadium, Chennai",Rajasthan Royals,bat,N,Rajasthan Royals,Runs,39.0,,Ruturaj Gaikwad,[],[],Nitin Menon,KN Ananthapadmanabhan
1312581,Pune,01-04-2024,2024,14,Kolkata Knight Riders,Royal Challengers Bangalore,"Maharashtra Cricket Association Stadium, Pune",Royal Challengers Bangalore,field,N,Royal Challengers Bangalore,Wickets,4.0,,Avesh Khan,[],[],Nitin Menon,KN Ananthapadmanabhan
1312582,Hyderabad,01-04-2024,2024,15,Kolkata Knight Riders,Delhi Capitals,"Rajiv Gandhi International Stadium, Hyderabad",Kolkata Knight Riders,bat,N,Kolkata Knight Riders,Runs,37.0,,Rashid Khan,[],[],Nitin Menon,KN Ananthapadmanabhan
1312583,Hyderabad,02-04-2024,2024,16,Lucknow Super Giants,Mumbai Indians,"Rajiv Gandhi International Stadium, Hyderabad",Mumbai Indians,field,N,Mumbai Indians,Wickets,5.0,,Avesh Khan,[],[],Nitin Menon,KN Ananthapadmanabhan
1312584,Kolkata,02-04-2024,2024,17,Sunrisers Hyderabad,Kolkata Knight Riders,"Eden Gardens, Kolkata",Sunrisers Hyderabad,field,N,Kolkata Knight Riders,Wickets,7.0,,Sunil Narine,[],[],Nitin Menon,KN Ananthapadmanabhan
1312585,Delhi,03-04-2024,2024,18,Kolkata Knight Riders,Punjab Kings,"Arun Jaitley Stadium, Delhi",Kolkata Knight Riders,field,N,Punjab Kings,Wickets,9.0,,Varun Chakravarthy,[],[],Nitin Menon,KN Ananthapadmanabhan
1312586,Jaipur,03-04-2024,2024,19,Kolkata Knight Riders,Chennai Super Kings,"Sawai Mansingh Stadium, Jaipur",Chennai Super Kings,field,N,Chennai Super Kings,Runs,50.0,,Virat Kohli,[],[],Nitin Menon,KN Ananthapadmanabhan
1312587,Bengaluru,04-04-2024,2024,20,Punjab Kings,Lucknow Super Giants,"M.Chinnaswamy Stadium, Bengaluru",Punjab Kings,bat,N,Punjab Kings,Runs,42.0,,Virat Kohli,[],[],Nitin Menon,KN Ananthapadmanabhan
1312588,Delhi,04-04-2024,2024,21,Chennai Super Kings,Gujarat Titans,"Arun Jaitley Stadium, Delhi",Chennai Super Kings,bat,N,Chennai Super Kings,Runs,67.0,,Jos Buttler,[],[],Nitin Menon,KN Ananthapadmanabhan
1312589,Ahmedabad,05-04-2024,2024,22,Sunrisers Hyderabad,Punjab Kings,"Narendra Modi Stadium, Ahmedabad",Sunrisers Hyderabad,bat,N,Punjab Kings,Runs,80.0,,Virat Kohli,[],[],Nitin Menon,KN Ananthapadmanabhan
1312590,Mumbai,05-04-2024,2024,23,Mumbai Indians,Kolkata Knight Riders,"Wankhede Stadium, Mumbai",Mumbai Indians,bat,N,Mumbai Indians,Wickets,3.0,,Axar Patel,[],[],Nitin Menon,KN Ananthapadmanabhan
1312591,Pune,06-04-2024,2024,24,Royal Challengers Bangalore,Gujarat Titans,"Maharashtra Cricket Association Stadium, Pune",Gujarat Titans,field,N,Royal Challengers Bangalore,Wickets,6.0,,Rinku Singh,[],[],Nitin Menon,KN Ananthapadmanabhan
1312592,Bengaluru,06-04-2024,2024,25,Royal Challengers Bangalore,Delhi Capitals,"M.Chinnaswamy Stadium, Bengaluru",Delhi Capitals,bat,N,Royal Challengers Bangalore,Wickets,8.0,,Mitchell Starc,[],[],Nitin Menon,KN Ananthapadmanabhan
1312593,Ahmedabad,07-04-2024,2024,26,Sunrisers Hyderabad,Punjab Kings,"Narendra Modi Stadium, Ahmedabad",Sunrisers Hyderabad,bat,N,Sunrisers Hyderabad,Runs,11.0,,Kuldeep Yadav,[],[],Nitin Menon,KN Ananthapadmanabhan
1312594,Mumbai,07-04-2024,2024,27,Chennai Super Kings,Lucknow Super Giants,"Wankhede Stadium, Mumbai",Lucknow Super Giants,field,N,Chennai Super Kings,Runs,69.0,,Jos Buttler,[],[],Nitin Menon,KN Ananthapadmanabhan
1312595,Pune,08-04-2024,2024,28,Sunrisers Hyderabad,Delhi Capitals,"Maharashtra Cricket Association Stadium, Pune",Sunrisers Hyderabad,field,N,Sunrisers Hyderabad,Runs,68.0,,Wanindu Hasaranga,[],[],Nitin Menon,KN Ananthapadmanabhan
1312596,Hyderabad,08-04-2024,2024,29,Rajasthan Royals,Lucknow Super Giants,"Rajiv Gandhi International Stadium, Hyderabad",Rajasthan Royals,field,N,Rajasthan Royals,Wickets,4.0,,Nicholas Pooran,[],[],Nitin Menon,KN Ananthapadmanabhan
1312597,Chennai,09-04-2024,2024,30,Chennai Super Kings,Kolkata Knight Riders,"MA Chidambaram Stadium, Chennai",Kolkata Knight Riders,field,N,Chennai Super Kings,Runs,40.0,,K L Rahul,[],[],Nitin Menon,KN Ananthapadmanabhan
1312598,Jaipur,09-04-2024,2024,31,Gujarat Titans,Delhi Capitals,"Sawai Mansingh Stadium, Jaipur",Delhi Capitals,field,N,Gujarat Titans,Runs,38.0,,Mohit Sharma,[],[],Nitin Menon,KN Ananthapadmanabhan
1312599,Bengaluru,10-04-2024,2024,32,Lucknow Super Giants,Rajasthan Royals,"M.Chinnaswamy Stadium, Bengaluru",Lucknow Super Giants,field,N,Lucknow Super Giants,Wickets,8.0,,Dinesh Karthik,[],[],Nitin Menon,KN Ananthapadmanabhan
1312600,Delhi,10-04-2024,2024,33,Gujarat Titans,Rajasthan Royals,"Arun Jaitley Stadium, Delhi",Rajasthan Royals,bat,N,Rajasthan Royals,Runs,4.0,,Virat Kohli,[],[],Nitin Menon,KN Ananthapadmanabhan
1312601,Jaipur,11-04-2024,2024,34,Gujarat Titans,Mumbai Indians,"Sawai Mansingh Stadium, Jaipur",Mumbai Indians,bat,N,Mumbai Indians,Wickets,5.0,,Heinrich Klaasen,[],[],Nitin Menon,KN Ananthapadmanabhan
1312602,Jaipur,11-04-2024,2024,35,Sunrisers Hyderabad,Royal Challengers Bangalore,"Sawai Mansingh Stadium, Jaipur",Sunrisers Hyderabad,field,N,Royal Challengers Bangalore,Wickets,9.0,,Yashasvi Jaiswal,[],[],Nitin Menon,KN Ananthapadmanabhan
1312603,Mohali,12-04-2024,2024,36,Lucknow Super Giants,Punjab Kings,"Punjab Cricket Association IS Bindra Stadium, Mohali",Punjab Kings,field,N,Punjab Kings,Runs,79.0,,Sai Sudharsan,[],[],Nitin Menon,KN Ananthapadmanabhan
1312604,Bengaluru,12-04-2024,2024,37,Punjab Kings,Lucknow Super Giants,"M.Chinnaswamy Stadium, Bengaluru",Lucknow Super Giants,field,N,Punjab Kings,Runs,24.0,,Sanju Samson,[],[],Nitin Menon,KN Ananthapadmanabhan
1312605,Kolkata,13-04-2024,2024,38,Lucknow Super Giants,Chennai Super Kings,"Eden Gardens, Kolkata",Lucknow Super Giants,bat,N,Lucknow Super Giants,Wickets,7.0,,Kagiso Rabada,[],[],Nitin Menon,KN Ananthapadmanabhan
1312606,Chennai,13-04-2024,2024,39,Mumbai Indians,Sunrisers Hyderabad,"MA Chidambaram Stadium, Chennai",Sunrisers Hyderabad,field,N,Sunrisers Hyderabad,Runs,53.0,,Shreyas Iyer,[],[],Nitin Menon,KN Ananthapadmanabhan
1312607,Chennai,14-04-2024,2024,40,Rajasthan Royals,Sunrisers Hyderabad,"MA Chidambaram Stadium, Chennai",Rajasthan Royals,bat,N,Rajasthan Royals,Wickets,5.0,,Rohit Sharma,[],[],Nitin Menon,KN Ananthapadmanabhan
1312608,Mohali,14-04-2024,2024,41,Delhi Capitals,Royal Challengers Bangalore,"Punjab Cricket Association IS Bindra Stadium, Mohali",Royal Challengers Bangalore,field,N,Royal Challengers Bangalore,Runs,13.0,,Glenn Maxwell,[],[],Nitin Menon,KN Ananthapadmanabhan
1312609,Bengaluru,15-04-2024,2024,42,Kolkata Knight Riders,Gujarat Titans,"M.Chinnaswamy Stadium, Bengaluru",Gujarat Titans,field,N,Kolkata Knight Riders,Wickets,8.0,,T Natarajan,[],[],Nitin Menon,KN Ananthapadmanabhan
1312610,Jaipur,15-04-2024,2024,43,Mumbai Indians,Lucknow Super Giants,"Sawai Mansingh Stadium, Jaipur",Mumbai Indians,bat,N,Lucknow Super Giants,Runs,41.0,,Harshal Patel,[],[],Nitin Menon,KN Ananthapadmanabhan
1312611,Bengaluru,16-04-2024,2024,44,Mumbai Indians,Royal Challengers Bangalore,"M.Chinnaswamy Stadium, Bengaluru",Royal Challengers Bangalore,bat,N,Mumbai Indians,Wickets,1.0,,Heinrich Klaasen,[],[],Nitin Menon,KN Ananthapadmanabhan
1312612,Mohali,16-04-2024,2024,45,Gujarat Titans,Delhi Capitals,"Punjab Cricket Association IS Bindra Stadium, Mohali",Gujarat Titans,bat,N,Gujarat Titans,Wickets,6.0,,Hardik Pandya,[],[],Nitin Menon,KN Ananthapadmanabhan
1312613,Chennai,17-04-2024,2024,46,Delhi Capitals,Mumbai Indians,"MA Chidambaram Stadium, Chennai",Delhi Capitals,bat,N,Mumbai Indians,Runs,46.0,,Rashid Khan,[],[],Nitin Menon,KN Ananthapadmanabhan
1312614,Delhi,17-04-2024,2024,47,Chennai Super Kings,Lucknow Super Giants,"Arun Jaitley Stadium, Delhi",Chennai Super Kings,field,N,Lucknow Super Giants,Runs,64.0,,Ravindra Jadeja,[],[],Nitin Menon,KN Ananthapadmanabhan
1312615,Bengaluru,18-04-2024,2024,48,Gujarat Titans,Kolkata Knight Riders,"M.Chinnaswamy Stadium, Bengaluru",Kolkata Knight Riders,bat,N,Gujarat Titans,Wickets,6.0,,Devon Conway,[],[],Nitin Menon,KN Ananthapadmanabhan
1312616,Ahmedabad,18-04-2024,2024,49,Sunrisers Hyderabad,Royal Challengers Bangalore,"Narendra Modi Stadium, Ahmedabad",Sunrisers Hyderabad,field,N,Sunrisers Hyderabad,Wickets,1.0,,Bhuvneshwar Kumar,[],[],Nitin Menon,KN Ananthapadmanabhan
1312617,Ahmedabad,19-04-2024,2024,50,Royal Challengers Bangalore,Mumbai Indians,"Narendra Modi Stadium, Ahmedabad",Royal Challengers Bangalore,bat,N,Royal Challengers Bangalore,Runs,11.0,,Wanindu Hasaranga,[],[],Nitin Menon,KN Ananthapadmanabhan
1312618,Kolkata,19-04-2024,2024,51,Punjab Kings,Delhi Capitals,"Eden Gardens, Kolkata",Delhi Capitals,field,N,Delhi Capitals,Wickets,5.0,,Jos Buttler,[],[],Nitin Menon,KN Ananthapadmanabhan
1312619,Jaipur,20-04-2024,2024,52,Royal Challengers Bangalore,Sunrisers Hyderabad,"Sawai Mansingh Stadium, Jaipur",Sunrisers Hyderabad,field,N,Sunrisers Hyderabad,Wickets,2.0,,Quinton de Kock,[],[],Nitin Menon,KN Ananthapadmanabhan
1312620,Delhi,20-04-2024,2024,53,Mumbai Indians,Chennai Super Kings,"Arun Jaitley Stadium, Delhi",Chennai Super Kings,bat,N,Mumbai Indians,Wickets,2.0,,Yashasvi Jaiswal,[],[],Nitin Menon,KN Ananthapadmanabhan
1312621,Jaipur,21-04-2024,2024,54,Delhi Capitals,Lucknow Super Giants,"Sawai Mansingh Stadium, Jaipur",Delhi Capitals,field,N,Lucknow Super Giants,Wickets,7.0,,Shubman Gill,[],[],Nitin Menon,KN Ananthapadmanabhan
1312622,Bengaluru,21-04-2024,2024,55,Delhi Capitals,Mumbai Indians,"M.Chinnaswamy Stadium, Bengaluru",Mumbai Indians,bat,N,Delhi Capitals,Wickets,2.0,,Wanindu Hasaranga,[],[],Nitin Menon,KN Ananthapadmanabhan
1312623,Pune,22-04-2024,2024,56,Rajasthan Royals,Lucknow Super Giants,"Maharashtra Cricket Association Stadium, Pune",Rajasthan Royals,field,N,Lucknow Super Giants,Runs,49.0,,Trent Boult,[],[],Nitin Menon,KN Ananthapadmanabhan
1312624,Ahmedabad,22-04-2024,2024,57,Mumbai Indians,Gujarat Titans,"Narendra Modi Stadium, Ahmedabad",Mumbai Indians,field,N,Gujarat Titans,Runs,56.0,,Hardik Pandya,[],[],Nitin Menon,KN Ananthapadmanabhan
1312625,Mumbai,23-04-2024,2024,58,Mumbai Indians,Delhi Capitals,"Wankhede Stadium, Mumbai",Delhi Capitals,field,N,Delhi Capitals,Runs,2.0,,Trent Boult,[],[],Nitin Menon,KN Ananthapadmanabhan
1312626,Mumbai,23-04-2024,2024,59,Lucknow Super Giants,Chennai Super Kings,"Wankhede Stadium, Mumbai",Chennai Super Kings,bat,N,Chennai Super Kings,Wickets,9.0,,Ravi Bishnoi,[],[],Nitin Menon,KN Ananthapadmanabhan
1312627,Mohali,24-04-2024,2024,60,Sunrisers Hyderabad,Kolkata Knight Riders,"Punjab Cricket Association IS Bindra Stadium, Mohali",Kolkata Knight Riders,bat,N,Sunrisers Hyderabad,Runs,49.0,,Ravindra Jadeja,[],[],Nitin Menon,KN Ananthapadmanabhan
1312628,Delhi,24-04-2024,2024,61,Gujarat Titans,Punjab Kings,"Arun Jaitley Stadium, Delhi",Punjab Kings,bat,N,Punjab Kings,Runs,54.0,,Wanindu Hasaranga,[],[],Nitin Menon,KN Ananthapadmanabhan
1312629,Jaipur,25-04-2024,2024,62,Gujarat Titans,Lucknow Super Giants,"Sawai Mansingh Stadium, Jaipur",Gujarat Titans,bat,N,Gujarat Titans,Wickets,4.0,,Rohit Sharma,[],[],Nitin Menon,KN Ananthapadmanabhan
1312630,Delhi,25-04-2024,2024,63,Rajasthan Royals,Kolkata Knight Riders,"Arun Jaitley Stadium, Delhi",Rajasthan Royals,bat,N,Rajasthan Royals,Runs,60.0,,Jos Buttler,[],[],Nitin Menon,KN Ananthapadmanabhan
1312631,Jaipur,26-04-2024,2024,64,Royal Challengers Bangalore,Sunrisers Hyderabad,"Sawai Mansingh Stadium, Jaipur",Sunrisers Hyderabad,field,N,Royal Challengers Bangalore,Runs,54.0,,Sanju Samson,[],[],Nitin Menon,KN Ananthapadmanabhan
1312632,Pune,26-04-2024,2024,65,Kolkata Knight Riders,Delhi Capitals,"Maharashtra Cricket Association Stadium, Pune",Delhi Capitals,field,N,Kolkata Knight Riders,Wickets,9.0,,Shubman Gill,[],[],Nitin Menon,KN Ananthapadmanabhan
1312633,Bengaluru,27-04-2024,2024,66,Chennai Super Kings,Royal Challengers Bangalore,"M.Chinnaswamy Stadium, Bengaluru",Chennai Super Kings,bat,N,Royal Challengers Bangalore,Runs,4.0,,Ruturaj Gaikwad,[],[],Nitin Menon,KN Ananthapadmanabhan
1312634,Jaipur,27-04-2024,2024,67,Kolkata Knight Riders,Chennai Super Kings,"Sawai Mansingh Stadium, Jaipur",Chennai Super Kings,bat,N,Chennai Super Kings,Runs,23.0,,Dinesh Karthik,[],[],Nitin Menon,KN Ananthapadmanabhan
1312635,Chennai,28-04-2024,2024,68,Chennai Super Kings,Kolkata Knight Riders,"MA Chidambaram Stadium, Chennai",Chennai Super Kings,bat,N,Chennai Super Kings,Runs,56.0,,Yashasvi Jaiswal,[],[],Nitin Menon,KN Ananthapadmanabhan
1312636,Kolkata,28-04-2024,2024,69,Lucknow Super Giants,Kolkata Knight Riders,"Eden Gardens, Kolkata",Kolkata Knight Riders,bat,N,Kolkata Knight Riders,Wickets,2.0,,Yashasvi Jaiswal,[],[],Nitin Menon,KN Ananthapadmanabhan
1312637,Ahmedabad,29-04-2024,2024,70,Kolkata Knight Riders,Gujarat Titans,"Narendra Modi Stadium, Ahmedabad",Kolkata Knight Riders,field,N,Gujarat Titans,Wickets,4.0,,Trent Boult,[],[],Nitin Menon,KN Ananthapadmanabhan
1312638,Mumbai,30-04-2024,2024,Qualifier 1,Kolkata Knight Riders,Sunrisers Hyderabad,"Wankhede Stadium, Mumbai",Kolkata Knight Riders,field,N,Kolkata Knight Riders,Runs,37.0,,Devon Conway,[],[],Nitin Menon,CB Gaffaney
1312639,Kolkata,01-05-2024,2024,Eliminator,Rajasthan Royals,Royal Challengers Bangalore,"Eden Gardens, Kolkata",Royal Challengers Bangalore,field,N,Rajasthan Royals,Wickets,3.0,,Shreyas Iyer,[],[],Nitin Menon,CB Gaffaney
1312640,Bengaluru,02-05-2024,2024,Qualifier 2,Sunrisers Hyderabad,Rajasthan Royals,"M.Chinnaswamy Stadium, Bengaluru",Rajasthan Royals,bat,N,Sunrisers Hyderabad,Runs,45.0,,MS Dhoni,[],[],Nitin Menon,CB Gaffaney
1312641,Ahmedabad,03-05-2024,2024,Final,Kolkata Knight Riders,Sunrisers Hyderabad,"Narendra Modi Stadium, Ahmedabad",Kolkata Knight Riders,bat,N,Kolkata Knight Riders,Wickets,5.0,,Wanindu Hasaranga,[],[],Nitin Menon,CB Gaffaney
1312642,Delhi,25-03-2025,2025,1,Mumbai Indians,Chennai Super Kings,"Arun Jaitley Stadium, Delhi",Chennai Super Kings,field,N,Chennai Super Kings,Runs,8.0,,Sunil Narine,[],[],Nitin Menon,KN Ananthapadmanabhan
1312643,Ahmedabad,26-03-2025,2025,2,Sunrisers Hyderabad,Delhi Capitals,"Narendra Modi Stadium, Ahmedabad",Sunrisers Hyderabad,bat,N,Sunrisers Hyderabad,Runs,61.0,,Virat Kohli,[],[],Nitin Menon,KN Ananthapadmanabhan
1312644,Mumbai,26-03-2025,2025,3,Mumbai Indians,Punjab Kings,"Wankhede Stadium, Mumbai",Mumbai Indians,field,N,Punjab Kings,Runs,73.0,,Devon Conway,[],[],Nitin Menon,KN Ananthapadmanabhan
1312645,Ahmedabad,27-03-2025,2025,4,Mumbai Indians,Sunrisers Hyderabad,"Narendra Modi Stadium, Ahmedabad",Sunrisers Hyderabad,bat,N,Mumbai Indians,Wickets,9.0,,Rinku Singh,[],[],Nitin Menon,KN Ananthapadmanabhan
1312646,Delhi,27-03-2025,2025,5,Kolkata Knight Riders,Rajasthan Royals,"Arun Jaitley Stadium, Delhi",Kolkata Knight Riders,field,N,Kolkata Knight Riders,Wickets,8.0,,Glenn Maxwell,[],[],Nitin Menon,KN Ananthapadmanabhan
1312647,Mohali,28-03-2025,2025,6,Punjab Kings,Royal Challengers Bangalore,"Punjab Cricket Association IS Bindra Stadium, Mohali",Punjab Kings,field,N,Punjab Kings,Wickets,9.0,,Bhuvneshwar Kumar,[],[],Nitin Menon,KN Ananthapadmanabhan
1312648,Hyderabad,28-03-2025,2025,7,Sunrisers Hyderabad,Chennai Super Kings,"Rajiv Gandhi International Stadium, Hyderabad",Chennai Super Kings,field,N,Chennai Super Kings,Runs,1.0,,Hardik Pandya,[],[],Nitin Menon,KN Ananthapadmanabhan
1312649,Mumbai,29-03-2025,2025,8,Gujarat Titans,Mumbai Indians,"Wankhede Stadium, Mumbai",Mumbai Indians,field,N,Gujarat Titans,Wickets,4.0,,Mitchell Starc,[],[],Nitin Menon,KN Ananthapadmanabhan
1312650,Ahmedabad,29-03-2025,2025,9,Chennai Super Kings,Sunrisers Hyderabad,"Narendra Modi Stadium, Ahmedabad",Chennai Super Kings,bat,N,Chennai Super Kings,Wickets,8.0,,Mitchell Starc,[],[],Nitin Menon,KN Ananthapadmanabhan
1312651,Kolkata,30-03-2025,2025,10,Royal Challengers Bangalore,Sunrisers Hyderabad,"Eden Gardens, Kolkata",Sunrisers Hyderabad,field,N,Sunrisers Hyderabad,Runs,51.0,,Piyush Chawla,[],[],Nitin Menon,KN Ananthapadmanabhan
1312652,Ahmedabad,30-03-2025,2025,11,Royal Challengers Bangalore,Punjab Kings,"Narendra Modi Stadium, Ahmedabad",Punjab Kings,bat,N,Punjab Kings,Runs,39.0,,Jos Buttler,[],[],Nitin Menon,KN Ananthapadmanabhan
1312653,Bengaluru,31-03-2025,2025,12,Punjab Kings,Delhi Capitals,"M.Chinnaswamy Stadium, Bengaluru",Punjab Kings,field,N,Punjab Kings,Runs,54.0,,Shivam Dube,[],[],Nitin Menon,KN Ananthapadmanabhan
1312654,Delhi,31-03-2025,2025,13,Royal Challengers Bangalore,Lucknow Super Giants,"Arun Jaitley Stadium, Delhi",Royal Challengers Bangalore,bat,N,Lucknow Super Giants,Wickets,2.0,,Rishabh Pant,[],[],Nitin Menon,KN Ananthapadmanabhan
1312655,Bengaluru,01-04-2025,2025,14,Gujarat Titans,Sunrisers Hyderabad,"M.Chinnaswamy Stadium, Bengaluru",Sunrisers Hyderabad,bat,N,Sunrisers Hyderabad,Wickets,2.0,,Jasprit Bumrah,[],[],Nitin Menon,KN Ananthapadmanabhan
1312656,Delhi,01-04-2025,2025,15,Chennai Super Kings,Kolkata Knight Riders,"Arun Jaitley Stadium, Delhi",Chennai Super Kings,bat,N,Kolkata Knight Riders,Wickets,9.0,,Travis Head,[],[],Nitin Menon,KN Ananthapadmanabhan
1312657,Ahmedabad,02-04-2025,2025,16,Royal Challengers Bangalore,Rajasthan Royals,"Narendra Modi Stadium, Ahmedabad",Royal Challengers Bangalore,bat,N,Royal Challengers Bangalore,Wickets,4.0,,Kagiso Rabada,[],[],Nitin Menon,KN Ananthapadmanabhan
1312658,Chennai,02-04-2025,2025,17,Mumbai Indians,Royal Challengers Bangalore,"MA Chidambaram Stadium, Chennai",Royal Challengers Bangalore,field,N,Mumbai Indians,Wickets,2.0,,Travis Head,[],[],Nitin Menon,KN Ananthapadmanabhan
1312659,Jaipur,03-04-2025,2025,18,Gujarat Titans,Sunrisers Hyderabad,"Sawai Mansingh Stadium, Jaipur",Gujarat Titans,field,N,Sunrisers Hyderabad,Runs,28.0,,Mohammed Shami,[],[],Nitin Menon,KN Ananthapadmanabhan
1312660,Mohali,03-04-2025,2025,19,Kolkata Knight Riders,Royal Challengers Bangalore,"Punjab Cricket Association IS Bindra Stadium, Mohali",Kolkata Knight Riders,bat,N,Royal Challengers Bangalore,Wickets,6.0,,Rohit Sharma,[],[],Nitin Menon,KN Ananthapadmanabhan
1312661,Bengaluru,04-04-2025,2025,20,Mumbai Indians,Gujarat Titans,"M.Chinnaswamy Stadium, Bengaluru",Mumbai Indians,field,N,Mumbai Indians,Runs,68.0,,Nicholas Pooran,[],[],Nitin Menon,KN Ananthapadmanabhan
1312662,Chennai,04-04-2025,2025,21,Kolkata Knight Riders,Gujarat Titans,"MA Chidambaram Stadium, Chennai",Kolkata Knight Riders,bat,N,Kolkata Knight Riders,Runs,44.0,,Shubman Gill,[],[],Nitin Menon,KN Ananthapadmanabhan
1312663,Ahmedabad,05-04-2025,2025,22,Chennai Super Kings,Kolkata Knight Riders,"Narendra Modi Stadium, Ahmedabad",Kolkata Knight Riders,field,N,Kolkata Knight Riders,Runs,68.0,,Devon Conway,[],[],Nitin Menon,KN Ananthapadmanabhan
1312664,Kolkata,05-04-2025,2025,23,Sunrisers Hyderabad,Mumbai Indians,"Eden Gardens, Kolkata",Sunrisers Hyderabad,field,N,Mumbai Indians,Wickets,5.0,,Wanindu Hasaranga,[],[],Nitin Menon,KN Ananthapadmanabhan
1312665,Pune,06-04-2025,2025,24,Punjab Kings,Chennai Super Kings,"Maharashtra Cricket Association Stadium, Pune",Chennai Super Kings,bat,N,Chennai Super Kings,Runs,55.0,,Shivam Dube,[],[],Nitin Menon,KN Ananthapadmanabhan
1312666,Bengaluru,06-04-2025,2025,25,Royal Challengers Bangalore,Gujarat Titans,"M.Chinnaswamy Stadium, Bengaluru",Gujarat Titans,bat,N,Royal Challengers Bangalore,Wickets,6.0,,Ruturaj Gaikwad,[],[],Nitin Menon,KN Ananthapadmanabhan
1312667,Jaipur,07-04-2025,2025,26,Punjab Kings,Lucknow Super Giants,"Sawai Mansingh Stadium, Jaipur",Punjab Kings,field,N,Punjab Kings,Runs,3.0,,Sunil Narine,[],[],Nitin Menon,KN Ananthapadmanabhan
1312668,Chennai,07-04-2025,2025,27,Gujarat Titans,Kolkata Knight Riders,"MA Chidambaram Stadium, Chennai",Gujarat Titans,field,N,Kolkata Knight Riders,Wickets,9.0,,Nicholas Pooran,[],[],Nitin Menon,KN Ananthapadmanabhan
1312669,Delhi,08-04-2025,2025,28,Rajasthan Royals,Kolkata Knight Riders,"Arun Jaitley Stadium, Delhi",Rajasthan Royals,bat,N,Kolkata Knight Riders,Runs,13.0,,Shubman Gill,[],[],Nitin Menon,KN Ananthapadmanabhan
1312670,Mohali,08-04-2025,2025,29,Chennai Super Kings,Gujarat Titans,"Punjab Cricket Association IS Bindra Stadium, Mohali",Chennai Super Kings,bat,N,Gujarat Titans,Wickets,1.0,,Kagiso Rabada,[],[],Nitin Menon,KN Ananthapadmanabhan
1312671,Kolkata,09-04-2025,2025,30,Mumbai Indians,Kolkata Knight Riders,"Eden Gardens, Kolkata",Mumbai Indians,field,N,Kolkata Knight Riders,Wickets,9.0,,Wanindu Hasaranga,[],[],Nitin Menon,KN Ananthapadmanabhan
1312672,Hyderabad,09-04-2025,2025,31,Mumbai Indians,Chennai Super Kings,"Rajiv Gandhi International Stadium, Hyderabad",Mumbai Indians,bat,N,Chennai Super Kings,Runs,34.0,,Piyush Chawla,[],[],Nitin Menon,KN Ananthapadmanabhan
1312673,Kolkata,10-04-2025,2025,32,Lucknow Super Giants,Chennai Super Kings,"Eden Gardens, Kolkata",Chennai Super Kings,bat,N,Chennai Super Kings,Runs,7.0,,Suryakumar Yadav,[],[],Nitin Menon,KN Ananthapadmanabhan
1312674,Pune,10-04-2025,2025,33,Sunrisers Hyderabad,Punjab Kings,"Maharashtra Cricket Association Stadium, Pune",Sunrisers Hyderabad,field,N,Sunrisers Hyderabad,Runs,3.0,,Travis Head,[],[],Nitin Menon,KN Ananthapadmanabhan
1312675,Kolkata,11-04-2025,2025,34,Delhi Capitals,Punjab Kings,"Eden Gardens, Kolkata",Punjab Kings,bat,N,Punjab Kings,Runs,27.0,,Sanju Samson,[],[],Nitin Menon,KN Ananthapadmanabhan
1312676,Chennai,11-04-2025,2025,35,Gujarat Titans,Mumbai Indians,"MA Chidambaram Stadium, Chennai",Gujarat Titans,field,N,Mumbai Indians,Wickets,4.0,,Jos Buttler,[],[],Nitin Menon,KN Ananthapadmanabhan
1312677,Bengaluru,12-04-2025,2025,36,Gujarat Titans,Mumbai Indians,"M.Chinnaswamy Stadium, Bengaluru",Mumbai Indians,bat,N,Mumbai Indians,Wickets,6.0,,Bhuvneshwar Kumar,[],[],Nitin Menon,KN Ananthapadmanabhan
1312678,Bengaluru,12-04-2025,2025,37,Sunrisers Hyderabad,Rajasthan Royals,"M.Chinnaswamy Stadium, Bengaluru",Sunrisers Hyderabad,bat,N,Sunrisers Hyderabad,Runs,61.0,,Bhuvneshwar Kumar,[],[],Nitin Menon,KN Ananthapadmanabhan
1312679,Chennai,13-04-2025,2025,38,Rajasthan Royals,Chennai Super Kings,"MA Chidambaram Stadium, Chennai",Rajasthan Royals,field,N,Rajasthan Royals,Runs,20.0,,Ruturaj Gaikwad,[],[],Nitin Menon,KN Ananthapadmanabhan
1312680,Bengaluru,13-04-2025,2025,39,Lucknow Super Giants,Gujarat Titans,"M.Chinnaswamy Stadium, Bengaluru",Lucknow Super Giants,bat,N,Lucknow Super Giants,Runs,36.0,,Mohit Sharma,[],[],Nitin Menon,KN Ananthapadmanabhan
1312681,Pune,14-04-2025,2025,40,Delhi Capitals,Kolkata Knight Riders,"Maharashtra Cricket Association Stadium, Pune",Delhi Capitals,bat,N,Delhi Capitals,Wickets,7.0,,Mohit Sharma,[],[],Nitin Menon,KN Ananthapadmanabhan
1312682,Hyderabad,14-04-2025,2025,41,Mumbai Indians,Sunrisers Hyderabad,"Rajiv Gandhi International Stadium, Hyderabad",Sunrisers Hyderabad,bat,N,Mumbai Indians,Runs,10.0,,Phil Salt,[],[],Nitin Menon,KN Ananthapadmanabhan
1312683,Mumbai,15-04-2025,2025,42,Punjab Kings,Delhi Capitals,"Wankhede Stadium, Mumbai",Punjab Kings,bat,N,Delhi Capitals,Wickets,2.0,,Varun Chakravarthy,[],[],Nitin Menon,KN Ananthapadmanabhan
1312684,Mohali,15-04-2025,2025,43,Mumbai Indians,Rajasthan Royals,"Punjab Cricket Association IS Bindra Stadium, Mohali",Mumbai Indians,bat,N,Mumbai Indians,Wickets,3.0,,Kagiso Rabada,[],[],Nitin Menon,KN Ananthapadmanabhan
1312685,Mohali,16-04-2025,2025,44,Rajasthan Royals,Punjab Kings,"Punjab Cricket Association IS Bindra Stadium, Mohali",Rajasthan Royals,bat,N,Punjab Kings,Runs,55.0,,Varun Chakravarthy,[],[],Nitin Menon,KN Ananthapadmanabhan
1312686,Kolkata,16-04-2025,2025,45,Royal Challengers Bangalore,Gujarat Titans,"Eden Gardens, Kolkata",Gujarat Titans,field,N,Royal Challengers Bangalore,Runs,78.0,,Virat Kohli,[],[],Nitin Menon,KN Ananthapadmanabhan
1312687,Pune,17-04-2025,2025,46,Delhi Capitals,Chennai Super Kings,"Maharashtra Cricket Association Stadium, Pune",Delhi Capitals,field,N,Chennai Super Kings,Runs,46.0,,Avesh Khan,[],[],Nitin Menon,KN Ananthapadmanabhan
1312688,Mohali,17-04-2025,2025,47,Punjab Kings,Mumbai Indians,"Punjab Cricket Association IS Bindra Stadium, Mohali",Mumbai Indians,field,N,Mumbai Indians,Wickets,5.0,,Trent Boult,[],[],Nitin Menon,KN Ananthapadmanabhan
1312689,Pune,18-04-2025,2025,48,Lucknow Super Giants,Punjab Kings,"Maharashtra Cricket Association Stadium, Pune",Lucknow Super Giants,field,N,Lucknow Super Giants,Wickets,4.0,,Phil Salt,[],[],Nitin Menon,KN Ananthapadmanabhan
1312690,Jaipur,18-04-2025,2025,49,Kolkata Knight Riders,Royal Challengers Bangalore,"Sawai Mansingh Stadium, Jaipur",Royal Challengers Bangalore,field,N,Royal Challengers Bangalore,Runs,25.0,,Faf du Plessis,[],[],Nitin Menon,KN Ananthapadmanabhan
1312691,Jaipur,19-04-2025,2025,50,Rajasthan Royals,Gujarat Titans,"Sawai Mansingh Stadium, Jaipur",Rajasthan Royals,bat,N,Rajasthan Royals,Wickets,3.0,,Harshal Patel,[],[],Nitin Menon,KN Ananthapadmanabhan
1312692,Mohali,19-04-2025,2025,51,Chennai Super Kings,Kolkata Knight Riders,"Punjab Cricket Association IS Bindra Stadium, Mohali",Kolkata Knight Riders,field,N,Chennai Super Kings,Wickets,1.0,,Rishabh Pant,[],[],Nitin Menon,KN Ananthapadmanabhan
1312693,Pune,20-04-2025,2025,52,Mumbai Indians,Lucknow Super Giants,"Maharashtra Cricket Association Stadium, Pune",Lucknow Super Giants,field,N,Lucknow Super Giants,Wickets,7.0,,Hardik Pandya,[],[],Nitin Menon,KN Ananthapadmanabhan
1312694,Jaipur,20-04-2025,2025,53,Kolkata Knight Riders,Gujarat Titans,"Sawai Mansingh Stadium, Jaipur",Gujarat Titans,field,N,Gujarat Titans,Runs,76.0,,Suryakumar Yadav,[],[],Nitin Menon,KN Ananthapadmanabhan
1312695,Hyderabad,21-04-2025,2025,54,Kolkata Knight Riders,Chennai Super Kings,"Rajiv Gandhi International Stadium, Hyderabad",Chennai Super Kings,bat,N,Chennai Super Kings,Wickets,5.0,,Heinrich Klaasen,[],[],Nitin Menon,KN Ananthapadmanabhan
1312696,Mohali,21-04-2025,2025,55,Mumbai Indians,Chennai Super Kings,"Punjab Cricket Association IS Bindra Stadium, Mohali",Chennai Super Kings,bat,N,Chennai Super Kings,Wickets,5.0,,Shivam Dube,[],[],Nitin Menon,KN Ananthapadmanabhan
1312697,Jaipur,22-04-2025,2025,56,Chennai Super Kings,Mumbai Indians,"Sawai Mansingh Stadium, Jaipur",Mumbai Indians,field,N,Mumbai Indians,Wickets,3.0,,Avesh Khan,[],[],Nitin Menon,KN Ananthapadmanabhan
1312698,Kolkata,22-04-2025,2025,57,Kolkata Knight Riders,Mumbai Indians,"Eden Gardens, Kolkata",Mumbai Indians,bat,N,Kolkata Knight Riders,Runs,12.0,,Sanju Samson,[],[],Nitin Menon,KN Ananthapadmanabhan
1312699,Delhi,23-04-2025,2025,58,Kolkata Knight Riders,Sunrisers Hyderabad,"Arun Jaitley Stadium, Delhi",Sunrisers Hyderabad,field,N,Kolkata Knight Riders,Runs,27.0,,Yuzvendra Chahal,[],[],Nitin Menon,KN Ananthapadmanabhan
1312700,Ahmedabad,23-04-2025,2025,59,Punjab Kings,Lucknow Super Giants,"Narendra Modi Stadium, Ahmedabad",Lucknow Super Giants,bat,N,Punjab Kings,Runs,45.0,,Mohit Sharma,[],[],Nitin Menon,KN Ananthapadmanabhan
1312701,Mohali,24-04-2025,2025,60,Mumbai Indians,Delhi Capitals,"Punjab Cricket Association IS Bindra Stadium, Mohali",Delhi Capitals,field,N,Delhi Capitals,Runs,19.0,,Mitchell Starc,[],[],Nitin Menon,KN Ananthapadmanabhan
1312702,Mumbai,24-04-2025,2025,61,Mumbai Indians,Lucknow Super Giants,"Wankhede Stadium, Mumbai",Lucknow Super Giants,bat,N,Mumbai Indians,Runs,13.0,,Shubman Gill,[],[],Nitin Menon,KN Ananthapadmanabhan
1312703,Jaipur,25-04-2025,2025,62,Rajasthan Royals,Kolkata Knight Riders,"Sawai Mansingh Stadium, Jaipur",Kolkata Knight Riders,field,N,Kolkata Knight Riders,Runs,3.0,,Abhishek Sharma,[],[],Nitin Menon,KN Ananthapadmanabhan
1312704,Ahmedabad,25-04-2025,2025,63,Mumbai Indians,Delhi Capitals,"Narendra Modi Stadium, Ahmedabad",Mumbai Indians,bat,N,Delhi Capitals,Wickets,1.0,,Avesh Khan,[],[],Nitin Menon,KN Ananthapadmanabhan
1312705,Mohali,26-04-2025,2025,64,Delhi Capitals,Sunrisers Hyderabad,"Punjab Cricket Association IS Bindra Stadium, Mohali",Delhi Capitals,field,N,Delhi Capitals,Wickets,9.0,,Shreyas Iyer,[],[],Nitin Menon,KN Ananthapadmanabhan
1312706,Mohali,26-04-2025,2025,65,Punjab Kings,Chennai Super Kings,"Punjab Cricket Association IS Bindra Stadium, Mohali",Chennai Super Kings,bat,N,Punjab Kings,Wickets,1.0,,Shreyas Iyer,[],[],Nitin Menon,KN Ananthapadmanabhan
1312707,Hyderabad,27-04-2025,2025,66,Royal Challengers Bangalore,Punjab Kings,"Rajiv Gandhi International Stadium, Hyderabad",Punjab Kings,field,N,Punjab Kings,Runs,23.0,,Quinton de Kock,[],[],Nitin Menon,KN Ananthapadmanabhan
1312708,Pune,27-04-2025,2025,67,Gujarat Titans,Royal Challengers Bangalore,"Maharashtra Cricket Association Stadium, Pune",Gujarat Titans,field,N,Gujarat Titans,Wickets,3.0,,Virat Kohli,[],[],Nitin Menon,KN Ananthapadmanabhan
1312709,Jaipur,28-04-2025,2025,68,Lucknow Super Giants,Royal Challengers Bangalore,"Sawai Mansingh Stadium, Jaipur",Royal Challengers Bangalore,bat,N,Royal Challengers Bangalore,Wickets,7.0,,Faf du Plessis,[],[],Nitin Menon,KN Ananthapadmanabhan
1312710,Kolkata,28-04-2025,2025,69,Chennai Super Kings,Sunrisers Hyderabad,"Eden Gardens, Kolkata",Sunrisers Hyderabad,field,N,Chennai Super Kings,Runs,56.0,,Virat Kohli,[],[],Nitin Menon,KN Ananthapadmanabhan
1312711,Hyderabad,29-04-2025,2025,70,Sunrisers Hyderabad,Kolkata Knight Riders,"Rajiv Gandhi International Stadium, Hyderabad",Sunrisers Hyderabad,field,N,Kolkata Knight Riders,Runs,38.0,,Bhuvneshwar Kumar,[],[],Nitin Menon,KN Ananthapadmanabhan
1312712,Mumbai,30-04-2025,2025,Qualifier 1,Royal Challengers Bangalore,Chennai Super Kings,"Wankhede Stadium, Mumbai",Royal Challengers Bangalore,bat,N,Royal Challengers Bangalore,Wickets,4.0,,Abhishek Sharma,[],[],Nitin Menon,CB Gaffaney
1312713,Kolkata,01-05-2025,2025,Eliminator,Mumbai Indians,Gujarat Titans,"Eden Gardens, Kolkata",Gujarat Titans,bat,N,Mumbai Indians,Wickets,2.0,,Ruturaj Gaikwad,[],[],Nitin Menon,CB Gaffaney
1312714,Bengaluru,02-05-2025,2025,Qualifier 2,Chennai Super Kings,Mumbai Indians,"M.Chinnaswamy Stadium, Bengaluru",Mumbai Indians,bat,N,Chennai Super Kings,Runs,60.0,,Nicholas Pooran,[],[],Nitin Menon,CB Gaffaney
1312715,Ahmedabad,03-05-2025,2025,Final,Royal Challengers Bangalore,Chennai Super Kings,"Narendra Modi Stadium, Ahmedabad",Royal Challengers Bangalore,bat,N,Royal Challengers Bangalore,Wickets,3.0,,Shivam Dube,[],[],Nitin Menon,CB Gaffaney
1312716,Mumbai,25-03-2026,2026,1,Chennai Super Kings,Royal Challengers Bangalore,"Wankhede Stadium, Mumbai",Royal Challengers Bangalore,field,N,Chennai Super Kings,Runs,17.0,,Heinrich Klaasen,[],[],Nitin Menon,KN Ananthapadmanabhan
1312717,Ahmedabad,26-03-2026,2026,2,Rajasthan Royals,Sunrisers Hyderabad,"Narendra Modi Stadium, Ahmedabad",Rajasthan Royals,bat,N,Sunrisers Hyderabad,Runs,14.0,,Mohammed Shami,[],[],Nitin Menon,KN Ananthapadmanabhan
1312718,Mohali,26-03-2026,2026,3,Mumbai Indians,Kolkata Knight Riders,"Punjab Cricket Association IS Bindra Stadium, Mohali",Kolkata Knight Riders,bat,N,Mumbai Indians,Runs,65.0,,Rashid Khan,[],[],Nitin Menon,KN Ananthapadmanabhan
1312719,Mumbai,27-03-2026,2026,4,Lucknow Super Giants,Gujarat Titans,"Wankhede Stadium, Mumbai",Gujarat Titans,bat,N,Lucknow Super Giants,Wickets,8.0,,Travis Head,[],[],Nitin Menon,KN Ananthapadmanabhan
1312720,Bengaluru,27-03-2026,2026,5,Lucknow Super Giants,Rajasthan Royals,"M.Chinnaswamy Stadium, Bengaluru",Rajasthan Royals,field,N,Lucknow Super Giants,Wickets,8.0,,Nicholas Pooran,[],[],Nitin Menon,KN Ananthapadmanabhan
1312721,Pune,28-03-2026,2026,6,Kolkata Knight Riders,Gujarat Titans,"Maharashtra Cricket Association Stadium, Pune",Gujarat Titans,field,N,Kolkata Knight Riders,Wickets,8.0,,Shreyas Iyer,[],[],Nitin Menon,KN Ananthapadmanabhan
1312722,Bengaluru,28-03-2026,2026,7,Mumbai Indians,Punjab Kings,"M.Chinnaswamy Stadium, Bengaluru",Punjab Kings,bat,N,Mumbai Indians,Runs,23.0,,Rohit Sharma,[],[],Nitin Menon,KN Ananthapadmanabhan
1312723,Bengaluru,29-03-2026,2026,8,Kolkata Knight Riders,Punjab Kings,"M.Chinnaswamy Stadium, Bengaluru",Punjab Kings,bat,N,Punjab Kings,Wickets,3.0,,Sanju Samson,[],[],Nitin Menon,KN Ananthapadmanabhan
1312724,Chennai,29-03-2026,2026,9,Chennai Super Kings,Punjab Kings,"MA Chidambaram Stadium, Chennai",Chennai Super Kings,bat,N,Punjab Kings,Wickets,9.0,,Sunil Narine,[],[],Nitin Menon,KN Ananthapadmanabhan
1312725,Kolkata,30-03-2026,2026,10,Kolkata Knight Riders,Punjab Kings,"Eden Gardens, Kolkata",Punjab Kings,field,N,Kolkata Knight Riders,Wickets,2.0,,Piyush Chawla,[],[],Nitin Menon,KN Ananthapadmanabhan
1312726,Mohali,30-03-2026,2026,11,Royal Challengers Bangalore,Kolkata Knight Riders,"Punjab Cricket Association IS Bindra Stadium, Mohali",Royal Challengers Bangalore,bat,N,Royal Challengers Bangalore,Wickets,7.0,,Devon Conway,[],[],Nitin Menon,KN Ananthapadmanabhan
1312727,Delhi,31-03-2026,2026,12,Lucknow Super Giants,Royal Challengers Bangalore,"Arun Jaitley Stadium, Delhi",Lucknow Super Giants,field,N,Lucknow Super Giants,Wickets,8.0,,Quinton de Kock,[],[],Nitin Menon,KN Ananthapadmanabhan
1312728,Jaipur,31-03-2026,2026,13,Sunrisers Hyderabad,Mumbai Indians,"Sawai Mansingh Stadium, Jaipur",Mumbai Indians,field,N,Sunrisers Hyderabad,Runs,18.0,,T Natarajan,[],[],Nitin Menon,KN Ananthapadmanabhan
1312729,Hyderabad,01-04-2026,2026,14,Chennai Super Kings,Mumbai Indians,"Rajiv Gandhi International Stadium, Hyderabad",Mumbai Indians,field,N,Mumbai Indians,Wickets,4.0,,Ruturaj Gaikwad,[],[],Nitin Menon,KN Ananthapadmanabhan
1312730,Chennai,01-04-2026,2026,15,Punjab Kings,Chennai Super Kings,"MA Chidambaram Stadium, Chennai",Chennai Super Kings,bat,N,Punjab Kings,Wickets,3.0,,Sai Sudharsan,[],[],Nitin Menon,KN Ananthapadmanabhan
1312731,Kolkata,02-04-2026,2026,16,Gujarat Titans,Delhi Capitals,"Eden Gardens, Kolkata",Gujarat Titans,bat,N,Delhi Capitals,Wickets,2.0,,Marcus Stoinis,[],[],Nitin Menon,KN Ananthapadmanabhan
1312732,Ahmedabad,02-04-2026,2026,17,Royal Challengers Bangalore,Chennai Super Kings,"Narendra Modi Stadium, Ahmedabad",Royal Challengers Bangalore,field,N,Chennai Super Kings,Wickets,7.0,,Rinku Singh,[],[],Nitin Menon,KN Ananthapadmanabhan
1312733,Delhi,03-04-2026,2026,18,Lucknow Super Giants,Delhi Capitals,"Arun Jaitley Stadium, Delhi",Delhi Capitals,field,N,Delhi Capitals,Wickets,3.0,,Faf du Plessis,[],[],Nitin Menon,KN Ananthapadmanabhan
1312734,Bengaluru,03-04-2026,2026,19,Lucknow Super Giants,Royal Challengers Bangalore,"M.Chinnaswamy Stadium, Bengaluru",Royal Challengers Bangalore,field,N,Royal Challengers Bangalore,Runs,61.0,,Hardik Pandya,[],[],Nitin Menon,KN Ananthapadmanabhan
1312735,Mohali,04-04-2026,2026,20,Rajasthan Royals,Chennai Super Kings,"Punjab Cricket Association IS Bindra Stadium, Mohali",Chennai Super Kings,bat,N,Chennai Super Kings,Runs,53.0,,Bhuvneshwar Kumar,[],[],Nitin Menon,KN Ananthapadmanabhan
1312736,Ahmedabad,04-04-2026,2026,21,Mumbai Indians,Chennai Super Kings,"Narendra Modi Stadium, Ahmedabad",Mumbai Indians,field,N,Chennai Super Kings,Runs,24.0,,Marcus Stoinis,[],[],Nitin Menon,KN Ananthapadmanabhan
1312737,Bengaluru,05-04-2026,2026,22,Chennai Super Kings,Gujarat Titans,"M.Chinnaswamy Stadium, Bengaluru",Gujarat Titans,field,N,Gujarat Titans,Runs,18.0,,Axar Patel,[],[],Nitin Menon,KN Ananthapadmanabhan
1312738,Mumbai,05-04-2026,2026,23,Royal Challengers Bangalore,Chennai Super Kings,"Wankhede Stadium, Mumbai",Chennai Super Kings,bat,N,Royal Challengers Bangalore,Wickets,2.0,,Devon Conway,[],[],Nitin Menon,KN Ananthapadmanabhan
1312739,Bengaluru,06-04-2026,2026,24,Punjab Kings,Sunrisers Hyderabad,"M.Chinnaswamy Stadium, Bengaluru",Sunrisers Hyderabad,bat,N,Punjab Kings,Runs,12.0,,Rishabh Pant,[],[],Nitin Menon,KN Ananthapadmanabhan
1312740,Bengaluru,06-04-2026,2026,25,Rajasthan Royals,Mumbai Indians,"M.Chinnaswamy Stadium, Bengaluru",Mumbai Indians,field,N,Mumbai Indians,Wickets,2.0,,Rishabh Pant,[],[],Nitin Menon,KN Ananthapadmanabhan
1312741,Kolkata,07-04-2026,2026,26,Rajasthan Royals,Mumbai Indians,"Eden Gardens, Kolkata",Rajasthan Royals,field,N,Mumbai Indians,Runs,11.0,,Rishabh Pant,[],[],Nitin Menon,KN Ananthapadmanabhan
1312742,Pune,07-04-2026,2026,27,Sunrisers Hyderabad,Mumbai Indians,"Maharashtra Cricket Association Stadium, Pune",Sunrisers Hyderabad,field,N,Sunrisers Hyderabad,Wickets,1.0,,Rashid Khan,[],[],Nitin Menon,KN Ananthapadmanabhan
1312743,Bengaluru,08-04-2026,2026,28,Sunrisers Hyderabad,Royal Challengers Bangalore,"M.Chinnaswamy Stadium, Bengaluru",Sunrisers Hyderabad,bat,N,Sunrisers Hyderabad,Runs,40.0,,Rohit Sharma,[],[],Nitin Menon,KN Ananthapadmanabhan
1312744,Mumbai,08-04-2026,2026,29,Gujarat Titans,Delhi Capitals,"Wankhede Stadium, Mumbai",Delhi Capitals,bat,N,Delhi Capitals,Runs,19.0,,Shivam Dube,[],[],Nitin Menon,KN Ananthapadmanabhan
1312745,Jaipur,09-04-2026,2026,30,Mumbai Indians,Chennai Super Kings,"Sawai Mansingh Stadium, Jaipur",Chennai Super Kings,field,N,Chennai Super Kings,Runs,31.0,,Shreyas Iyer,[],[],Nitin Menon,KN Ananthapadmanabhan
1312746,Ahmedabad,09-04-2026,2026,31,Lucknow Super Giants,Mumbai Indians,"Narendra Modi Stadium, Ahmedabad",Mumbai Indians,field,N,Mumbai Indians,Wickets,7.0,,Marcus Stoinis,[],[],Nitin Menon,KN Ananthapadmanabhan
1312747,Hyderabad,10-04-2026,2026,32,Delhi Capitals,Royal Challengers Bangalore,"Rajiv Gandhi International Stadium, Hyderabad",Royal Challengers Bangalore,field,N,Royal Challengers Bangalore,Runs,26.0,,Sanju Samson,[],[],Nitin Menon,KN Ananthapadmanabhan
1312748,Jaipur,10-04-2026,2026,33,Lucknow Super Giants,Rajasthan Royals,"Sawai Mansingh Stadium, Jaipur",Lucknow Super Giants,field,N,Lucknow Super Giants,Wickets,1.0,,Hardik Pandya,[],[],Nitin Menon,KN Ananthapadmanabhan
1312749,Hyderabad,11-04-2026,2026,34,Kolkata Knight Riders,Punjab Kings,"Rajiv Gandhi International Stadium, Hyderabad",Punjab Kings,bat,N,Punjab Kings,Runs,65.0,,Varun Chakravarthy,[],[],Nitin Menon,KN Ananthapadmanabhan
1312750,Chennai,11-04-2026,2026,35,Mumbai Indians,Chennai Super Kings,"MA Chidambaram Stadium, Chennai",Mumbai Indians,bat,N,Mumbai Indians,Runs,44.0,,Wanindu Hasaranga,[],[],Nitin Menon,KN Ananthapadmanabhan
1312751,Mohali,12-04-2026,2026,36,Mumbai Indians,Gujarat Titans,"Punjab Cricket Association IS Bindra Stadium, Mohali",Gujarat Titans,field,N,Gujarat Titans,Wickets,5.0,,Ruturaj Gaikwad,[],[],Nitin Menon,KN Ananthapadmanabhan
1312752,Delhi,12-04-2026,2026,37,Delhi Capitals,Punjab Kings,"Arun Jaitley Stadium, Delhi",Delhi Capitals,bat,N,Punjab Kings,Wickets,6.0,,Hardik Pandya,[],[],Nitin Menon,KN Ananthapadmanabhan
1312753,Ahmedabad,13-04-2026,2026,38,Lucknow Super Giants,Gujarat Titans,"Narendra Modi Stadium, Ahmedabad",Gujarat Titans,field,N,Gujarat Titans,Runs,53.0,,K L Rahul,[],[],Nitin Menon,KN Ananthapadmanabhan
1312754,Mumbai,13-04-2026,2026,39,Royal Challengers Bangalore,Chennai Super Kings,"Wankhede Stadium, Mumbai",Royal Challengers Bangalore,field,N,Chennai Super Kings,Runs,22.0,,Arshdeep Singh,[],[],Nitin Menon,KN Ananthapadmanabhan
1312755,Jaipur,14-04-2026,2026,40,Chennai Super Kings,Kolkata Knight Riders,"Sawai Mansingh Stadium, Jaipur",Chennai Super Kings,bat,N,Kolkata Knight Riders,Runs,1.0,,Sanju Samson,[],[],Nitin Menon,KN Ananthapadmanabhan
1312756,Ahmedabad,14-04-2026,2026,41,Delhi Capitals,Royal Challengers Bangalore,"Narendra Modi Stadium, Ahmedabad",Delhi Capitals,field,N,Royal Challengers Bangalore,Wickets,6.0,,Virat Kohli,[],[],Nitin Menon,KN Ananthapadmanabhan
1312757,Jaipur,15-04-2026,2026,42,Rajasthan Royals,Royal Challengers Bangalore,"Sawai Mansingh Stadium, Jaipur",Rajasthan Royals,field,N,Rajasthan Royals,Runs,17.0,,Ruturaj Gaikwad,[],[],Nitin Menon,KN Ananthapadmanabhan
1312758,Bengaluru,15-04-2026,2026,43,Mumbai Indians,Rajasthan Royals,"M.Chinnaswamy Stadium, Bengaluru",Rajasthan Royals,field,N,Rajasthan Royals,Wickets,9.0,,Ruturaj Gaikwad,[],[],Nitin Menon,KN Ananthapadmanabhan
1312759,Pune,16-04-2026,2026,44,Chennai Super Kings,Delhi Capitals,"Maharashtra Cricket Association Stadium, Pune",Chennai Super Kings,bat,N,Delhi Capitals,Wickets,7.0,,Hardik Pandya,[],[],Nitin Menon,KN Ananthapadmanabhan
1312760,Delhi,16-04-2026,2026,45,Kolkata Knight Riders,Royal Challengers Bangalore,"Arun Jaitley Stadium, Delhi",Royal Challengers Bangalore,field,N,Kolkata Knight Riders,Runs,32.0,,Sanju Samson,[],[],Nitin Menon,KN Ananthapadmanabhan
1312761,Kolkata,17-04-2026,2026,46,Gujarat Titans,Kolkata Knight Riders,"Eden Gardens, Kolkata",Gujarat Titans,field,N,Kolkata Knight Riders,Runs,13.0,,Axar Patel,[],[],Nitin Menon,KN Ananthapadmanabhan
1312762,Mohali,17-04-2026,2026,47,Chennai Super Kings,Gujarat Titans,"Punjab Cricket Association IS Bindra Stadium, Mohali",Chennai Super Kings,field,N,Chennai Super Kings,Runs,70.0,,Ravi Bishnoi,[],[],Nitin Menon,KN Ananthapadmanabhan
1312763,Delhi,18-04-2026,2026,48,Gujarat Titans,Delhi Capitals,"Arun Jaitley Stadium, Delhi",Gujarat Titans,field,N,Delhi Capitals,Wickets,9.0,,Shubman Gill,[],[],Nitin Menon,KN Ananthapadmanabhan
1312764,Jaipur,18-04-2026,2026,49,Sunrisers Hyderabad,Chennai Super Kings,"Sawai Mansingh Stadium, Jaipur",Sunrisers Hyderabad,field,N,Chennai Super Kings,Wickets,6.0,,Harshal Patel,[],[],Nitin Menon,KN Ananthapadmanabhan
1312765,Bengaluru,19-04-2026,2026,50,Gujarat Titans,Lucknow Super Giants,"M.Chinnaswamy Stadium, Bengaluru",Lucknow Super Giants,bat,N,Lucknow Super Giants,Runs,16.0,,Quinton de Kock,[],[],Nitin Menon,KN Ananthapadmanabhan
1312766,Mohali,19-04-2026,2026,51,Gujarat Titans,Lucknow Super Giants,"Punjab Cricket Association IS Bindra Stadium, Mohali",Gujarat Titans,bat,N,Gujarat Titans,Runs,21.0,,Rishabh Pant,[],[],Nitin Menon,KN Ananthapadmanabhan
1312767,Pune,20-04-2026,2026,52,Mumbai Indians,Sunrisers Hyderabad,"Maharashtra Cricket Association Stadium, Pune",Sunrisers Hyderabad,bat,N,Sunrisers Hyderabad,Wickets,2.0,,Jos Buttler,[],[],Nitin Menon,KN Ananthapadmanabhan
1312768,Hyderabad,20-04-2026,2026,53,Chennai Super Kings,Mumbai Indians,"Rajiv Gandhi International Stadium, Hyderabad",Mumbai Indians,field,N,Chennai Super Kings,Wickets,5.0,,Jasprit Bumrah,[],[],Nitin Menon,KN Ananthapadmanabhan
1312769,Jaipur,21-04-2026,2026,54,Delhi Capitals,Kolkata Knight Riders,"Sawai Mansingh Stadium, Jaipur",Delhi Capitals,field,N,Kolkata Knight Riders,Wickets,9.0,,Bhuvneshwar Kumar,[],[],Nitin Menon,KN Ananthapadmanabhan
1312770,Mumbai,21-04-2026,2026,55,Chennai Super Kings,Kolkata Knight Riders,"Wankhede Stadium, Mumbai",Chennai Super Kings,field,N,Chennai Super Kings,Wickets,6.0,,Abhishek Sharma,[],[],Nitin Menon,KN Ananthapadmanabhan
1312771,Ahmedabad,22-04-2026,2026,56,Delhi Capitals,Rajasthan Royals,"Narendra Modi Stadium, Ahmedabad",Delhi Capitals,field,N,Delhi Capitals,Wickets,9.0,,Dinesh Karthik,[],[],Nitin Menon,KN Ananthapadmanabhan
1312772,Kolkata,22-04-2026,2026,57,Lucknow Super Giants,Royal Challengers Bangalore,"Eden Gardens, Kolkata",Lucknow Super Giants,bat,N,Lucknow Super Giants,Runs,36.0,,Rinku Singh,[],[],Nitin Menon,KN Ananthapadmanabhan
1312773,Ahmedabad,23-04-2026,2026,58,Delhi Capitals,Royal Challengers Bangalore,"Narendra Modi Stadium, Ahmedabad",Delhi Capitals,field,N,Royal Challengers Bangalore,Wickets,1.0,,Jasprit Bumrah,[],[],Nitin Menon,KN Ananthapadmanabhan
1312774,Delhi,23-04-2026,2026,59,Kolkata Knight Riders,Lucknow Super Giants,"Arun Jaitley Stadium, Delhi",Kolkata Knight Riders,field,N,Lucknow Super Giants,Runs,19.0,,Hardik Pandya,[],[],Nitin Menon,KN Ananthapadmanabhan
1312775,Mumbai,24-04-2026,2026,60,Chennai Super Kings,Gujarat Titans,"Wankhede Stadium, Mumbai",Gujarat Titans,bat,N,Gujarat Titans,Wickets,9.0,,Rashid Khan,[],[],Nitin Menon,KN Ananthapadmanabhan
1312776,Ahmedabad,24-04-2026,2026,61,Gujarat Titans,Royal Challengers Bangalore,"Narendra Modi Stadium, Ahmedabad",Gujarat Titans,field,N,Royal Challengers Bangalore,Wickets,9.0,,Wanindu Hasaranga,[],[],Nitin Menon,KN Ananthapadmanabhan
1312777,Mohali,25-04-2026,2026,62,Delhi Capitals,Kolkata Knight Riders,"Punjab Cricket Association IS Bindra Stadium, Mohali",Kolkata Knight Riders,bat,N,Kolkata Knight Riders,Runs,23.0,,Wanindu Hasaranga,[],[],Nitin Menon,KN Ananthapadmanabhan
1312778,Mohali,25-04-2026,2026,63,Kolkata Knight Riders,Rajasthan Royals,"Punjab Cricket Association IS Bindra Stadium, Mohali",Rajasthan Royals,field,N,Rajasthan Royals,Wickets,3.0,,Arshdeep Singh,[],[],Nitin Menon,KN Ananthapadmanabhan
1312779,Pune,26-04-2026,2026,64,Royal Challengers Bangalore,Chennai Super Kings,"Maharashtra Cricket Association Stadium, Pune",Chennai Super Kings,bat,N,Chennai Super Kings,Runs,80.0,,Kagiso Rabada,[],[],Nitin Menon,KN Ananthapadmanabhan
1312780,Delhi,26-04-2026,2026,65,Sunrisers Hyderabad,Gujarat Titans,"Arun Jaitley Stadium, Delhi",Sunrisers Hyderabad,field,N,Gujarat Titans,Runs,44.0,,Shreyas Iyer,[],[],Nitin Menon,KN Ananthapadmanabhan
1312781,Kolkata,27-04-2026,2026,66,Rajasthan Royals,Gujarat Titans,"Eden Gardens, Kolkata",Gujarat Titans,bat,N,Rajasthan Royals,Wickets,2.0,,Quinton de Kock,[],[],Nitin Menon,KN Ananthapadmanabhan
1312782,Chennai,27-04-2026,2026,67,Delhi Capitals,Chennai Super Kings,"MA Chidambaram Stadium, Chennai",Delhi Capitals,field,N,Chennai Super Kings,Wickets,1.0,,Jasprit Bumrah,[],[],Nitin Menon,KN Ananthapadmanabhan
1312783,Mohali,28-04-2026,2026,68,Punjab Kings,Kolkata Knight Riders,"Punjab Cricket Association IS Bindra Stadium, Mohali",Punjab Kings,bat,N,Kolkata Knight Riders,Runs,72.0,,Rinku Singh,[],[],Nitin Menon,KN Ananthapadmanabhan
1312784,Pune,28-04-2026,2026,69,Rajasthan Royals,Delhi Capitals,"Maharashtra Cricket Association Stadium, Pune",Delhi Capitals,field,N,Delhi Capitals,Wickets,7.0,,Rinku Singh,[],[],Nitin Menon,KN Ananthapadmanabhan
1312785,Hyderabad,29-04-2026,2026,70,Sunrisers Hyderabad,Delhi Capitals,"Rajiv Gandhi International Stadium, Hyderabad",Sunrisers Hyderabad,bat,N,Sunrisers Hyderabad,Wickets,3.0,,K L Rahul,[],[],Nitin Menon,KN Ananthapadmanabhan
1312786,Mumbai,30-04-2026,2026,Qualifier 1,Royal Challengers Bangalore,Mumbai Indians,"Wankhede Stadium, Mumbai",Royal Challengers Bangalore,bat,N,Royal Challengers Bangalore,Wickets,6.0,,Sunil Narine,[],[],Nitin Menon,CB Gaffaney
1312787,Kolkata,01-05-2026,2026,Eliminator,Kolkata Knight Riders,Rajasthan Royals,"Eden Gardens, Kolkata",Kolkata Knight Riders,bat,N,Kolkata Knight Riders,Runs,12.0,,Hardik Pandya,[],[],Nitin Menon,CB Gaffaney
1312788,Bengaluru,02-05-2026,2026,Qualifier 2,Mumbai Indians,Kolkata Knight Riders,"M.Chinnaswamy Stadium, Bengaluru",Mumbai Indians,bat,N,Mumbai Indians,Runs,46.0,,Faf du Plessis,[],[],Nitin Menon,CB Gaffaney
1312789,Ahmedabad,03-05-2026,2026,Final,Royal Challengers Bangalore,Mumbai Indians,"Narendra Modi Stadium, Ahmedabad",Royal Challengers Bangalore,field,N,Royal Challengers Bangalore,Runs,41.0,,Phil Salt,[],[],Nitin Menon,CB Gaffaney
